trade_id,entry_time,exit_time,direction,entry_price,exit_price,exit_reason,holding_candles,spread_pct,fees_pct,cost_total_pct,pnl_gross_pct,pnl_net_pct,mae_pct,mfe_pct,ema50_at_entry,ema100_at_entry,stoch_k_at_entry,stoch_d_at_entry,volatility_regime,trend_regime,split,month,spec_hash
0,2025-05-30 12:22:00,2025-05-30 12:29:00,SHORT,105422.1,105501.16657500001,SL,7,5e-05,0.0008,0.0008500000000000001,-0.0007500000000000414,-0.0016000000000000415,0.0012293437524009791,0.0015816417999641938,105682.08154456395,105759.58408018052,69.24128153139749,79.08691464488743,Low,Trending,train,2025-05,c555ac9efd53
1,2025-05-30 13:31:00,2025-05-30 13:32:00,SHORT,105536.25,105615.4021875,SL,1,5e-05,0.0008,0.0008500000000000001,-0.0007500000000000331,-0.0016000000000000333,0.0009152305487450664,0.0008789397008136518,105646.5820140277,105694.07536050762,70.29471077630322,78.36477324506464,High,Ranging,train,2025-05,c555ac9efd53
2,2025-05-30 14:10:00,2025-05-30 14:21:00,SHORT,105632.3,105421.03540000001,TP,11,5e-05,0.0008,0.0008500000000000001,0.0019999999999999523,0.0011499999999999523,0.0007061287125244505,0.0023954794130205265,105656.77880246396,105677.17073573745,54.63663906137895,74.54311698091102,Medium,Ranging,train,2025-05,c555ac9efd53
3,2025-05-30 14:35:00,2025-05-30 14:37:00,SHORT,105358.38,105437.39878500001,SL,2,5e-05,0.0008,0.0008500000000000001,-0.000750000000000071,-0.001600000000000071,0.0024741268800829914,0.0002687019295474899,105473.05540392663,105559.92702365012,72.90701960709642,82.09309320282317,Low,Trending,train,2025-05,c555ac9efd53
4,2025-05-30 14:59:00,2025-05-30 15:04:00,SHORT,105380.96,105459.99572,SL,5,5e-05,0.0008,0.0008500000000000001,-0.0007499999999999986,-0.0015999999999999986,0.0011296158243386052,0.0008525259211911815,105426.80824754709,105500.764949413,56.30344914639411,71.01940253282706,Medium,Trending,train,2025-05,c555ac9efd53
5,2025-05-30 15:42:00,2025-05-30 15:57:00,LONG,105641.51,105562.27886749999,SL,15,5e-05,0.0008,0.0008500000000000001,-0.0007500000000000436,-0.0016000000000000437,0.0007623897083636309,0.0011238006726711988,105565.51715068828,105548.68306859696,59.30652145664538,30.52298783481991,Low,Ranging,train,2025-05,c555ac9efd53
6,2025-05-31 12:12:00,2025-05-31 12:13:00,SHORT,103734.25,103812.0506875,SL,1,5e-05,0.0008,0.0008500000000000001,-0.0007499999999999921,-0.001599999999999992,0.001867657017812393,0.0,104816.8131678025,105138.67381369007,96.12418290854168,95.53568404014004,Low,Trending,train,2025-05,c555ac9efd53
7,2025-05-31 12:14:00,2025-05-31 12:44:00,SHORT,103872.01,103872.51,MAX_HOLD,30,5e-05,0.0008,0.0008500000000000001,-4.813616295670027e-06,-0.00085481361629567,0.0002943045003173327,0.0013109402619627584,104743.66863356161,105088.75548945948,86.2024784689803,90.98777309297678,Low,Trending,train,2025-05,c555ac9efd53
8,2025-05-31 12:50:00,2025-05-31 12:58:00,SHORT,103924.52,104002.46339,SL,8,5e-05,0.0008,0.0008500000000000001,-0.0007500000000000035,-0.0016000000000000035,0.0008416685494433957,0.00033149058566733905,104060.54844625309,104448.54190696712,57.610847459529786,75.0468294304441,Low,Trending,train,2025-05,c555ac9efd53
9,2025-05-31 13:00:00,2025-05-31 13:03:00,SHORT,104033.95,104111.9754625,SL,3,5e-05,0.0008,0.0008500000000000001,-0.0007500000000000853,-0.0016000000000000853,0.0011347257313598388,0.00040909722258933426,104033.44865215356,104363.07071221306,75.08492379810384,85.89549015058647,Medium,Trending,train,2025-05,c555ac9efd53
10,2025-05-31 14:24:00,2025-05-31 14:29:00,LONG,104369.29,104291.01303249999,SL,5,5e-05,0.0008,0.0008500000000000001,-0.000750000000000017,-0.0016000000000000172,0.0008842639439244398,0.0009575613669500131,104249.54366176848,104242.82070299756,49.670005186202026,26.39693397052763,Medium,Ranging,train,2025-05,c555ac9efd53
11,2025-05-31 14:32:00,2025-05-31 14:55:00,LONG,104352.77,104561.47554,TP,23,5e-05,0.0008,0.0008500000000000001,0.001999999999999956,0.0011499999999999557,0.0006201081197941022,0.0021206911900853507,104279.56835970584,104260.27775118605,32.33279578282887,26.765773558324344,Medium,Ranging,train,2025-05,c555ac9efd53
12,2025-06-01 12:15:00,2025-06-01 12:33:00,SHORT,104175.18,103966.82964,TP,18,5e-05,0.0008,0.0008500000000000001,0.001999999999999969,0.0011499999999999688,7.516185717175383e-05,0.002611754546524299,104355.69389221436,104407.04984723256,94.93116256311151,97.17384696366615,Low,Ranging,train,2025-06,c555ac9efd53
13,2025-06-01 12:45:00,2025-06-01 13:06:00,SHORT,103942.1,104020.05657500001,SL,21,5e-05,0.0008,0.0008500000000000001,-0.0007500000000000364,-0.0016000000000000365,0.0008386399736006704,0.0008170895142584916,104086.69708592769,104215.83298477966,73.7857337615646,82.04971659817078,Medium,Ranging,train,2025-06,c555ac9efd53
14,2025-06-01 13:30:00,2025-06-01 13:48:00,LONG,104189.58,104397.95916,TP,18,5e-05,0.0008,0.0008500000000000001,0.001999999999999969,0.0011499999999999688,9.597888766574652e-08,0.0022560797346529056,104142.97698556949,104161.08820192733,6.019751074047508,3.134910717902485,Low,Ranging,train,2025-06,c555ac9efd53
15,2025-06-01 13:57:00,2025-06-01 14:06:00,LONG,104291.78,104500.36356,TP,9,5e-05,0.0008,0.0008500000000000001,0.001999999999999992,0.0011499999999999917,0.0004121130160017973,0.0026293539145654738,104246.6446037414,104217.867818279,2.7895646797408737,1.8622358044815133,Medium,Ranging,train,2025-06,c555ac9efd53
16,2025-06-01 14:44:00,2025-06-01 14:51:00,LONG,104657.01,104578.51724249999,SL,7,5e-05,0.0008,0.0008500000000000001,-0.0007500000000000362,-0.0016000000000000363,0.0008819285014925266,0.0011139244279958099,104569.33300935215,104455.26547016547,42.92621032136841,25.446600364352292,Medium,Trending,train,2025-06,c555ac9efd53
17,2025-06-01 14:53:00,2025-06-01 15:06:00,LONG,104616.8,104538.3374,SL,13,5e-05,0.0008,0.0008500000000000001,-0.0007499999999999897,-0.0015999999999999899,0.0010878749875736751,0.00039955341780672805,104592.70899283921,104487.07755896,26.563896336011926,18.66104530473814,Medium,Ranging,train,2025-06,c555ac9efd53
18,2025-06-01 15:42:00,2025-06-01 15:59:00,LONG,104726.42,104715.1,EOD,17,5e-05,0.0008,0.0008500000000000001,-0.00010809115789494603,-0.0009580911578949461,0.0007255093795815414,0.0006548490820177157,104675.41128617844,104604.06035219852,33.80489700738243,22.12119829603284,Low,Ranging,train,2025-06,c555ac9efd53
19,2025-06-02 12:31:00,2025-06-02 12:38:00,SHORT,104059.37,104137.4145275,SL,7,5e-05,0.0008,0.0008500000000000001,-0.0007500000000000892,-0.0016000000000000892,0.0008358689851765438,3.113607164823972e-05,104173.28673455745,104322.62654068151,97.85446576227805,99.01155821119124,Low,Trending,train,2025-06,c555ac9efd53
20,2025-06-02 13:17:00,2025-06-02 13:24:00,SHORT,104096.04,103887.84792,TP,7,5e-05,0.0008,0.0008500000000000001,0.001999999999999937,0.001149999999999937,4.6303394442353285e-05,0.0022949960440377384,104148.85013617795,104217.30897572082,59.789928640832976,73.67314637564293,Low,Ranging,train,2025-06,c555ac9efd53
21,2025-06-02 13:45:00,2025-06-02 13:46:00,LONG,104217.76,104139.59667999999,SL,1,5e-05,0.0008,0.0008500000000000001,-0.0007500000000000666,-0.0016000000000000666,0.0013044801577005406,0.0003439912736562926,104171.11341415103,104193.33813611558,25.632029937701645,17.610649183643215,High,Ranging,train,2025-06,c555ac9efd53
22,2025-06-02 14:06:00,2025-06-02 14:07:00,SHORT,103884.0,103961.913,SL,1,5e-05,0.0008,0.0008500000000000001,-0.0007500000000000045,-0.0016000000000000046,0.0011166300874051827,0.00040391205575455704,104010.25841196372,104088.88075874574,55.940605063684266,72.52492733671822,High,Ranging,train,2025-06,c555ac9efd53
23,2025-06-02 14:11:00,2025-06-02 14:12:00,SHORT,103964.92,104042.89369,SL,1,5e-05,0.0008,0.0008500000000000001,-0.0007499999999999894,-0.0015999999999999895,0.0014263465022625722,0.0002396962359995877,104011.97965933573,104082.38678396089,57.1868959066397,72.431330806363,High,Ranging,train,2025-06,c555ac9efd53
24,2025-06-02 15:00:00,2025-06-02 15:06:00,SHORT,104176.61,103968.25678,TP,6,5e-05,0.0008,0.0008500000000000001,0.0020000000000000434,0.0011500000000000433,0.0002969956499832575,0.002342752370229725,104221.84971216066,104202.88118248073,82.88524731395593,81.81309484716162,High,Ranging,train,2025-06,c555ac9efd53
25,2025-06-02 15:33:00,2025-06-02 15:34:00,LONG,104380.95,104302.6642875,SL,1,5e-05,0.0008,0.0008500000000000001,-0.0007500000000000091,-0.0016000000000000092,0.0012094160859811172,0.0,104255.03197354221,104221.80967780297,16.95295545665373,18.693634874579054,Medium,Ranging,train,2025-06,c555ac9efd53
26,2025-06-02 15:37:00,2025-06-02 15:51:00,LONG,104267.75,104476.2855,TP,14,5e-05,0.0008,0.0008500000000000001,0.0019999999999999823,0.0011499999999999822,0.00018030503199697808,0.002455792898571204,104255.2509292079,104224.47888333729,17.361360628359535,11.752521891844568,Low,Ranging,train,2025-06,c555ac9efd53
27,2025-06-03 12:36:00,2025-06-03 13:06:00,LONG,105300.0,105395.68,MAX_HOLD,30,5e-05,0.0008,0.0008500000000000001,0.0009086419753085756,5.8641975308575556e-05,0.0004178537511870845,0.0010714150047484044,105103.4113859256,104828.84947539998,9.701003225136091,5.382717670860258,Low,Trending,train,2025-06,c555ac9efd53
28,2025-06-03 13:24:00,2025-06-03 13:31:00,LONG,105419.31,105340.24551749999,SL,7,5e-05,0.0008,0.0008500000000000001,-0.0007500000000000512,-0.0016000000000000513,0.0009004042997435503,0.00043198916782900734,105337.7271559675,105161.33048995608,66.55674495213628,39.68775608458562,Low,Ranging,train,2025-06,c555ac9efd53
29,2025-06-03 15:06:00,2025-06-03 15:09:00,LONG,106572.39,106492.4607075,SL,3,5e-05,0.0008,0.0008500000000000001,-0.0007500000000000424,-0.0016000000000000424,0.0012804442126146032,0.000260667889685113,106161.30718661111,105867.55165922559,48.467464958692794,27.606261969339993,High,Trending,train,2025-06,c555ac9efd53
30,2025-06-03 15:36:00,2025-06-03 15:46:00,LONG,106663.41,106583.4124425,SL,10,5e-05,0.0008,0.0008500000000000001,-0.0007499999999999901,-0.0015999999999999903,0.0007747736548081429,0.0007711172931748572,106479.94090331667,106201.88744735389,31.559004627101288,22.897376209366517,Medium,Trending,train,2025-06,c555ac9efd53
31,2025-06-04 12:01:00,2025-06-04 12:03:00,SHORT,105014.72,105093.48104,SL,2,5e-05,0.0008,0.0008500000000000001,-0.000749999999999977,-0.001599999999999977,0.0008120766307808928,2.932922165579974e-05,106422.80107167605,106290.82726343862,28.75822220605826,57.88380477433409,Medium,Ranging,train,2025-06,c555ac9efd53
32,2025-06-04 12:12:00,2025-06-04 12:22:00,SHORT,105134.79,104924.52041999999,TP,10,5e-05,0.0008,0.0008500000000000001,0.0020000000000000707,0.0011500000000000707,0.00021382075333969353,0.002073528657830581,105957.30954030174,106058.32118843192,90.22653277132252,88.40696872992042,Low,Ranging,train,2025-06,c555ac9efd53
33,2025-06-04 12:44:00,2025-06-04 12:52:00,SHORT,104964.49,105043.21336750001,SL,8,5e-05,0.0008,0.0008500000000000001,-0.0007500000000000238,-0.0016000000000000237,0.0008981132571595357,9.565139601029023e-05,105250.94947258453,105551.2067352395,85.31428958647992,91.56827332721156,Low,Trending,train,2025-06,c555ac9efd53
34,2025-06-04 12:57:00,2025-06-04 13:21:00,SHORT,105046.21,105124.9946575,SL,24,5e-05,0.0008,0.0008500000000000001,-0.000750000000000003,-0.0016000000000000031,0.0007653774467445725,0.0015647399368336078,105158.27029439011,105429.65950169701,80.41535196972616,85.65468248952027,Low,Ranging,train,2025-06,c555ac9efd53
35,2025-06-04 14:19:00,2025-06-04 14:31:00,SHORT,104626.65,104705.1199875,SL,12,5e-05,0.0008,0.0008500000000000001,-0.000750000000000075,-0.001600000000000075,0.0009687780312186291,0.000828182876924705,104718.11991552236,104913.9434166838,89.21151597158926,92.98180202814024,Medium,Ranging,train,2025-06,c555ac9efd53
36,2025-06-04 14:35:00,2025-06-04 14:40:00,SHORT,104645.31,104723.7939825,SL,5,5e-05,0.0008,0.0008500000000000001,-0.0007500000000000861,-0.0016000000000000862,0.0009222582454962321,0.0005780478838467839,104690.14966680687,104843.41459556513,41.24843034795961,63.42102632012833,Low,Ranging,train,2025-06,c555ac9efd53
37,2025-06-04 15:52:00,2025-06-04 15:58:00,LONG,105405.43,105326.37592749999,SL,6,5e-05,0.0008,0.0008500000000000001,-0.0007500000000000267,-0.0016000000000000267,0.0014653894016654727,0.0007546100803346484,105310.67428454125,105170.1040158032,34.2474196943164,25.94286778592927,Low,Ranging,train,2025-06,c555ac9efd53
38,2025-06-05 12:12:00,2025-06-05 12:13:00,SHORT,104993.14,105071.884855,SL,1,5e-05,0.0008,0.0008500000000000001,-0.0007499999999999732,-0.0015999999999999734,0.0015416245289930426,0.00012515103367705184,105155.476313032,105129.27850667527,90.86211059922304,88.25286916016911,Low,Ranging,train,2025-06,c555ac9efd53
39,2025-06-05 12:15:00,2025-06-05 12:16:00,SHORT,105104.09,105182.9180675,SL,1,5e-05,0.0008,0.0008500000000000001,-0.0007499999999999879,-0.001599999999999988,0.000817855898852332,4.833303822907126e-05,105151.30897325993,105128.67978737137,85.68944641285952,91.93023849957062,Medium,Ranging,train,2025-06,c555ac9efd53
40,2025-06-05 13:21:00,2025-06-05 13:22:00,LONG,105765.14,105685.81614499999,SL,1,5e-05,0.0008,0.0008500000000000001,-0.0007500000000000912,-0.0016000000000000914,0.000910980687965863,0.0,105659.54106677603,105505.9878126759,20.96101389054002,16.968557812977348,High,Ranging,train,2025-06,c555ac9efd53
41,2025-06-05 13:26:00,2025-06-05 13:31:00,LONG,105688.0,105608.734,SL,5,5e-05,0.0008,0.0008500000000000001,-0.0007500000000000308,-0.0016000000000000309,0.0019658807054727507,0.0002921807584589041,105661.88050061441,105521.81790691172,18.270089810502757,10.938368324386046,Low,Ranging,train,2025-06,c555ac9efd53
42,2025-06-05 14:31:00,2025-06-05 14:37:00,SHORT,104186.98,104265.120235,SL,6,5e-05,0.0008,0.0008500000000000001,-0.0007499999999999898,-0.0015999999999999899,0.0010576177560766454,0.0016867750653679634,104462.3639823796,104783.67665354472,74.93597010613524,84.74772823435093,Medium,Trending,train,2025-06,c555ac9efd53
43,2025-06-05 15:38:00,2025-06-05 15:46:00,LONG,104720.73,104642.1894525,SL,8,5e-05,0.0008,0.0008500000000000001,-0.0007500000000000065,-0.0016000000000000066,0.0009710589297840297,0.000643807582319167,104614.9010848105,104638.32297039805,29.2019633093347,23.1397712936042,Low,Ranging,train,2025-06,c555ac9efd53
44,2025-06-06 12:50:00,2025-06-06 13:04:00,SHORT,103878.97,103956.8792275,SL,14,5e-05,0.0008,0.0008500000000000001,-0.0007500000000000026,-0.0016000000000000027,0.0007569385795797229,0.0012101583217469945,104005.91143849562,104184.5215850414,84.34007034570213,88.9635950868704,Medium,Ranging,train,2025-06,c555ac9efd53
45,2025-06-06 13:08:00,2025-06-06 13:13:00,SHORT,103913.47,103991.40510250001,SL,5,5e-05,0.0008,0.0008500000000000001,-0.0007500000000000665,-0.0016000000000000666,0.0013138816363268287,0.00014319606495678236,103944.21844000502,104093.44056446484,77.16151543143833,85.65819070056257,Low,Ranging,train,2025-06,c555ac9efd53
46,2025-06-06 15:12:00,2025-06-06 15:14:00,LONG,104810.54,105020.16107999999,TP,2,5e-05,0.0008,0.0008500000000000001,0.001999999999999973,0.001149999999999973,0.0,0.003501651646866902,104667.44764474672,104513.9860560999,44.28941619779599,27.43503588947677,High,Ranging,train,2025-06,c555ac9efd53
47,2025-06-06 15:26:00,2025-06-06 15:27:00,LONG,104955.9,104877.183075,SL,1,5e-05,0.0008,0.0008500000000000001,-0.000750000000000006,-0.001600000000000006,0.001782653476364752,0.0,104806.5408880298,104632.26427750748,26.890147405934957,25.009264297762172,High,Trending,train,2025-06,c555ac9efd53
48,2025-06-06 15:31:00,2025-06-06 15:36:00,LONG,104844.86,104766.22635499999,SL,5,5e-05,0.0008,0.0008500000000000001,-0.0007500000000000857,-0.0016000000000000857,0.0017316061083013788,0.0010600424284032562,104812.85099638173,104652.01839697246,53.43036066613953,33.010268544577286,High,Ranging,train,2025-06,c555ac9efd53
49,2025-06-07 12:54:00,2025-06-07 13:00:00,LONG,105475.13,105396.02365250001,SL,6,5e-05,0.0008,0.0008500000000000001,-0.0007499999999999749,-0.001599999999999975,0.0009000225930037494,8.191504480723956e-05,105338.21274217042,105161.56286196862,46.36034381503628,27.41678552181399,Low,Trending,train,2025-06,c555ac9efd53
50,2025-06-07 13:05:00,2025-06-07 13:22:00,LONG,105360.54,105571.26108,TP,17,5e-05,0.0008,0.0008500000000000001,0.0020000000000000287,0.0011500000000000286,0.00048386236441077396,0.0020124232468817396,105359.32457160579,105208.6077749117,9.518825845355439,10.629908310384732,Low,Ranging,train,2025-06,c555ac9efd53
51,2025-06-07 13:31:00,2025-06-07 13:53:00,LONG,105558.13,105769.24626,TP,22,5e-05,0.0008,0.0008500000000000001,0.001999999999999955,0.0011499999999999549,0.00016862746621224638,0.0022913441153229537,105449.98711856836,105322.73551274746,64.69615543612709,38.23128626766081,High,Ranging,train,2025-06,c555ac9efd53
52,2025-06-07 14:02:00,2025-06-07 14:07:00,LONG,105606.05,105526.8454625,SL,5,5e-05,0.0008,0.0008500000000000001,-0.0007500000000000152,-0.0016000000000000153,0.001004109139580622,8.673745490910315e-05,105588.50708417746,105470.45028725547,13.87460217595546,11.989376994717238,High,Ranging,train,2025-06,c555ac9efd53
53,2025-06-07 14:45:00,2025-06-07 14:51:00,LONG,105540.0,105460.845,SL,6,5e-05,0.0008,0.0008500000000000001,-0.000749999999999989,-0.001599999999999989,0.0010677468258480417,0.0,105534.11162603609,105500.34862554543,12.104722171839304,10.704122565526438,High,Ranging,train,2025-06,c555ac9efd53
54,2025-06-07 15:46:00,2025-06-07 15:59:00,LONG,105476.42,105558.11,EOD,13,5e-05,0.0008,0.0008500000000000001,0.0007744858993128733,-7.551410068712676e-05,0.0001632592384155735,0.0008885398271955112,105461.55544596341,105467.21449177703,24.679938333668662,16.42499124903982,Medium,Ranging,train,2025-06,c555ac9efd53
55,2025-06-08 12:24:00,2025-06-08 12:36:00,LONG,105609.98,105530.77251499999,SL,12,5e-05,0.0008,0.0008500000000000001,-0.0007500000000000594,-0.0016000000000000595,0.0008496356120888947,0.0009429980007572301,105606.10247279085,105558.24653549585,15.117815505205632,9.181678648119023,Low,Ranging,train,2025-06,c555ac9efd53
56,2025-06-08 13:12:00,2025-06-08 13:18:00,LONG,105712.83,105633.5453775,SL,6,5e-05,0.0008,0.0008500000000000001,-0.0007499999999999598,-0.00159999999999996,0.0008027407836872836,0.0002668550260171055,105668.05826713773,105624.87048292089,56.780540696138786,33.58307526578128,Medium,Ranging,train,2025-06,c555ac9efd53
57,2025-06-08 14:41:00,2025-06-08 14:48:00,SHORT,105719.99,105799.27999250001,SL,7,5e-05,0.0008,0.0008500000000000001,-0.0007500000000000874,-0.0016000000000000875,0.0007568105142650388,0.0002123534063899518,105732.27774413614,105720.69888861896,75.31225465921948,83.08094357583754,Low,Ranging,train,2025-06,c555ac9efd53
58,2025-06-08 15:19:00,2025-06-08 15:49:00,LONG,105929.71,105970.38,MAX_HOLD,30,5e-05,0.0008,0.0008500000000000001,0.0003839338368810625,-0.0004660661631189376,0.0,0.0012293057349065395,105874.59258993709,105815.08830767991,24.426200983884502,15.717152566202627,Medium,Trending,train,2025-06,c555ac9efd53
59,2025-06-08 15:53:00,2025-06-08 15:59:00,LONG,105968.15,105984.52,EOD,6,5e-05,0.0008,0.0008500000000000001,0.00015448037924612157,-0.0006955196207538785,0.00018165835677984377,0.0002545104354468882,105953.0433557966,105896.80937365291,19.08942317831415,12.82488720121627,Medium,Ranging,train,2025-06,c555ac9efd53
60,2025-06-09 12:12:00,2025-06-09 12:37:00,LONG,107574.85,107789.9997,TP,25,5e-05,0.0008,0.0008500000000000001,0.0019999999999999484,0.0011499999999999484,0.0003219153919341245,0.002074369613343585,106656.44047785645,106313.02368682905,8.955946234818583,6.623882186571838,Medium,Trending,train,2025-06,c555ac9efd53
61,2025-06-09 12:52:00,2025-06-09 13:14:00,LONG,107718.96,107638.17078,SL,22,5e-05,0.0008,0.0008500000000000001,-0.0007500000000000559,-0.0016000000000000558,0.0008453479313206535,0.0016193992218267589,107514.1561381272,107083.45364158876,12.665521191295147,8.242921931073054,Medium,Trending,train,2025-06,c555ac9efd53
62,2025-06-09 13:15:00,2025-06-09 13:25:00,LONG,107651.17,107570.4316225,SL,10,5e-05,0.0008,0.0008500000000000001,-0.0007500000000000492,-0.0016000000000000493,0.001047643049304516,0.00020389931665393968,107640.27549259677,107321.70654027983,21.21227808032015,13.111967995874217,Low,Ranging,train,2025-06,c555ac9efd53
63,2025-06-09 14:05:00,2025-06-09 14:09:00,SHORT,107215.99,107296.4019925,SL,4,5e-05,0.0008,0.0008500000000000001,-0.0007499999999999788,-0.0015999999999999788,0.0008731906500140076,0.0008134980612500165,107337.59490878049,107331.82519628969,88.78681782736481,88.86048110646546,High,Ranging,train,2025-06,c555ac9efd53
64,2025-06-09 15:23:00,2025-06-09 15:37:00,LONG,107836.0,107755.12299999999,SL,14,5e-05,0.0008,0.0008500000000000001,-0.0007500000000000712,-0.0016000000000000714,0.0008514781705553524,0.0014280945138914647,107727.55766024982,107630.39013480212,50.94708928892078,31.696487920844294,Medium,Ranging,train,2025-06,c555ac9efd53
65,2025-06-09 15:46:00,2025-06-09 15:58:00,LONG,107800.08,107719.22994,SL,12,5e-05,0.0008,0.0008500000000000001,-0.0007499999999999725,-0.0015999999999999725,0.0014594608835169858,0.0005876619015495282,107778.90882407878,107700.41381251042,60.58069621214997,39.75118203149965,Low,Ranging,train,2025-06,c555ac9efd53
66,2025-06-10 12:01:00,2025-06-10 12:06:00,LONG,109570.56,109488.38208,SL,5,5e-05,0.0008,0.0008500000000000001,-0.0007500000000000174,-0.0016000000000000174,0.0009190424873250359,0.00042812594916009824,107913.98356273583,107790.1814187187,66.33725104533123,33.113779490402834,Medium,Ranging,train,2025-06,c555ac9efd53
67,2025-06-10 12:13:00,2025-06-10 12:43:00,LONG,109445.87,109534.14,MAX_HOLD,30,5e-05,0.0008,0.0008500000000000001,0.0008065174135854015,-4.348258641459859e-05,0.0001541401242458518,0.0014788132252044398,108518.7635780831,108155.64508483482,18.403169731200748,15.420511221392948,Low,Ranging,train,2025-06,c555ac9efd53
68,2025-06-10 13:08:00,2025-06-10 13:31:00,LONG,109682.4,109600.13819999999,SL,23,5e-05,0.0008,0.0008500000000000001,-0.0007500000000000684,-0.0016000000000000684,0.0008520965989073165,0.0019912948659037686,109482.38161355694,109108.97453508708,62.838304777727735,39.22308601869235,Low,Ranging,train,2025-06,c555ac9efd53
69,2025-06-10 13:56:00,2025-06-10 13:58:00,SHORT,109166.13,109248.00459750001,SL,2,5e-05,0.0008,0.0008500000000000001,-0.0007500000000000514,-0.0016000000000000515,0.0013987855024264126,9.453481588114358e-05,109350.49970046614,109286.65684809262,79.37465096387466,83.65045023418554,Medium,Ranging,train,2025-06,c555ac9efd53
70,2025-06-10 14:15:00,2025-06-10 14:28:00,SHORT,109085.76,108867.58847999999,TP,13,5e-05,0.0008,0.0008500000000000001,0.002000000000000032,0.001150000000000032,0.0001305394947975358,0.0037690528992967934,109241.78422209636,109244.80114839681,53.47272290314603,69.23558369304466,High,Ranging,train,2025-06,c555ac9efd53
71,2025-06-10 15:49:00,2025-06-10 15:52:00,SHORT,108785.58,108867.169185,SL,3,5e-05,0.0008,0.0008500000000000001,-0.0007500000000000401,-0.0016000000000000402,0.0007546036892021581,0.0005714911847691418,108798.94747684644,108863.30588760707,80.90039800469835,86.02242782186319,Medium,Ranging,train,2025-06,c555ac9efd53
72,2025-06-11 12:21:00,2025-06-11 12:22:00,LONG,109172.4,109090.5207,SL,1,5e-05,0.0008,0.0008500000000000001,-0.0007500000000000048,-0.0016000000000000048,0.0010186640579486377,0.0,109090.84892894521,109016.77694585435,7.56319087372287,7.12861407884323,High,Ranging,train,2025-06,c555ac9efd53
73,2025-06-11 12:24:00,2025-06-11 12:30:00,LONG,109126.92,109345.17384,TP,6,5e-05,0.0008,0.0008500000000000001,0.0020000000000000447,0.0011500000000000446,0.00012948225790670767,0.006308892434607347,109091.99478150543,109021.66103682858,26.511964291975563,15.077735387466282,Low,Ranging,train,2025-06,c555ac9efd53
74,2025-06-11 12:42:00,2025-06-11 12:49:00,LONG,109727.12,109644.82466,SL,7,5e-05,0.0008,0.0008500000000000001,-0.0007499999999999722,-0.001599999999999972,0.0014096788469431533,0.0010253618248616141,109344.9407225686,109187.72005698181,67.94291041498856,41.84272622867555,Medium,Ranging,train,2025-06,c555ac9efd53
75,2025-06-11 12:56:00,2025-06-11 13:26:00,LONG,109634.25,109853.5185,TP,30,5e-05,0.0008,0.0008500000000000001,0.0020000000000000508,0.0011500000000000507,0.0007353541434359732,0.0020198979789618396,109482.0061104793,109305.56792164904,26.29284017317796,15.989675563913545,Medium,Ranging,train,2025-06,c555ac9efd53
76,2025-06-11 14:31:00,2025-06-11 14:38:00,LONG,110226.64,110143.97002,SL,7,5e-05,0.0008,0.0008500000000000001,-0.0007500000000000548,-0.001600000000000055,0.002700617563957252,0.0015002725293993843,109978.75298192186,109806.96674512044,33.979215564727696,22.961494806619708,Medium,Trending,train,2025-06,c555ac9efd53
77,2025-06-11 15:26:00,2025-06-11 15:27:00,SHORT,109684.49,109766.7533675,SL,1,5e-05,0.0008,0.0008500000000000001,-0.0007499999999999643,-0.0015999999999999643,0.0009540090855142729,0.0,109858.44814067546,109854.48129166114,49.444990502496154,68.58684092286335,Medium,Ranging,train,2025-06,c555ac9efd53
78,2025-06-11 15:32:00,2025-06-11 15:47:00,SHORT,109807.36,109889.71552,SL,15,5e-05,0.0008,0.0008500000000000001,-0.0007499999999999757,-0.0015999999999999758,0.0014929782484525839,0.0011001084080338778,109847.97774564344,109849.3586844746,65.7106804372572,73.93308840225127,Low,Ranging,train,2025-06,c555ac9efd53
79,2025-06-12 12:26:00,2025-06-12 12:30:00,SHORT,106969.95,107050.1774625,SL,4,5e-05,0.0008,0.0008500000000000001,-0.0007499999999999916,-0.0015999999999999916,0.0009913999211928481,7.488084270390667e-05,107923.33014367567,108627.54430585433,68.32088224830635,74.98719014895097,Low,Trending,train,2025-06,c555ac9efd53
80,2025-06-12 12:35:00,2025-06-12 12:36:00,SHORT,107174.71,107255.09103250001,SL,1,5e-05,0.0008,0.0008500000000000001,-0.00075000000000008,-0.00160000000000008,0.0008997458448918873,0.0003149996860267624,107673.46593372444,108374.80396104636,80.39340550484455,84.6920166474601,Low,Trending,train,2025-06,c555ac9efd53
81,2025-06-12 12:40:00,2025-06-12 12:41:00,SHORT,107269.21,107349.6619075,SL,1,5e-05,0.0008,0.0008500000000000001,-0.0007499999999999899,-0.0015999999999999899,0.0008801220779009087,0.0,107601.92120452262,108270.5050174822,77.09213840197418,87.82208413831786,High,Trending,train,2025-06,c555ac9efd53
82,2025-06-12 12:46:00,2025-06-12 12:53:00,SHORT,107358.85,107144.13230000001,TP,7,5e-05,0.0008,0.0008500000000000001,0.001999999999999942,0.0011499999999999419,0.0,0.002043892981342549,107549.36375754354,108167.09446887267,55.90734489582036,71.90966187394423,Medium,Trending,train,2025-06,c555ac9efd53
83,2025-06-12 13:07:00,2025-06-12 13:25:00,SHORT,107091.23,106877.04754,TP,18,5e-05,0.0008,0.0008500000000000001,0.001999999999999966,0.0011499999999999662,0.0006109744000513167,0.002798548489918335,107289.93801315813,107800.71824991111,77.93624206917194,80.61966920565688,Medium,Ranging,train,2025-06,c555ac9efd53
84,2025-06-12 14:34:00,2025-06-12 14:37:00,LONG,107479.11,107694.06822,TP,3,5e-05,0.0008,0.0008500000000000001,0.002000000000000004,0.0011500000000000039,0.0,0.0022089874022961135,107324.77872886707,107341.39851811432,51.34797543458088,30.736516920812182,Medium,Ranging,train,2025-06,c555ac9efd53
85,2025-06-12 15:00:00,2025-06-12 15:18:00,LONG,107612.7,107531.990475,SL,18,5e-05,0.0008,0.0008500000000000001,-0.000749999999999985,-0.0015999999999999851,0.0010472741600201193,0.0019495840174998203,107524.40505049622,107460.14902791221,52.072045713038165,31.01191666572089,Medium,Ranging,train,2025-06,c555ac9efd53
86,2025-06-12 15:43:00,2025-06-12 15:47:00,SHORT,107376.42,107161.66716,TP,4,5e-05,0.0008,0.0008500000000000001,0.0020000000000000096,0.0011500000000000095,0.0004983403246261587,0.002051195225171411,107435.82093423665,107453.53835546448,80.92599755957731,83.33298785631148,Medium,Ranging,train,2025-06,c555ac9efd53
87,2025-06-13 12:16:00,2025-06-13 12:19:00,SHORT,105213.99,105003.56202000001,TP,3,5e-05,0.0008,0.0008500000000000001,0.0019999999999999346,0.0011499999999999345,0.00043463801724462613,0.002033855003502911,106192.07131167741,106697.27874702876,91.76174673758965,95.91708113551412,High,Ranging,train,2025-06,c555ac9efd53
88,2025-06-13 12:29:00,2025-06-13 12:32:00,SHORT,105094.02,105172.840515,SL,3,5e-05,0.0008,0.0008500000000000001,-0.0007499999999999946,-0.0015999999999999947,0.0008181245707414744,0.0005190590292387989,105738.05069099925,106325.04809350013,56.753227980530504,71.38078239845105,Medium,Trending,train,2025-06,c555ac9efd53
89,2025-06-14 12:40:00,2025-06-14 12:44:00,SHORT,104964.72,104754.79056,TP,4,5e-05,0.0008,0.0008500000000000001,0.002000000000000068,0.001150000000000068,0.0,0.002092322067833795,105054.46636411383,105102.42658241515,55.86587137972163,79.57210276870812,Low,Ranging,train,2025-06,c555ac9efd53
90,2025-06-14 12:54:00,2025-06-14 12:56:00,SHORT,104880.32,104958.98024,SL,2,5e-05,0.0008,0.0008500000000000001,-0.0007499999999999754,-0.0015999999999999756,0.0011132689145112711,0.0,104985.93982906092,105051.46422080087,56.821903236459285,73.52061736890892,Low,Ranging,train,2025-06,c555ac9efd53
91,2025-06-14 13:34:00,2025-06-14 13:36:00,SHORT,104932.09,105010.7890675,SL,2,5e-05,0.0008,0.0008500000000000001,-0.0007499999999999801,-0.0015999999999999801,0.001067452292239765,0.0,104980.22792163066,105016.2261945066,64.87460055191265,80.53431788810165,Low,Ranging,train,2025-06,c555ac9efd53
92,2025-06-14 14:08:00,2025-06-14 14:34:00,LONG,105012.51,104933.75061749999,SL,26,5e-05,0.0008,0.0008500000000000001,-0.0007500000000000728,-0.0016000000000000727,0.0007581953807217382,0.00045623135757828754,104998.70630037869,105010.26058583189,30.124491222155246,20.869887361554607,Low,Ranging,train,2025-06,c555ac9efd53
93,2025-06-14 14:45:00,2025-06-14 15:07:00,SHORT,104883.45,104962.1125875,SL,22,5e-05,0.0008,0.0008500000000000001,-0.0007500000000000258,-0.0016000000000000259,0.0008750665619790237,0.00039558195311072136,104975.30221559391,104993.44418635983,60.9931810303276,71.7133541809288,Medium,Ranging,train,2025-06,c555ac9efd53
94,2025-06-14 15:09:00,2025-06-14 15:33:00,SHORT,104935.41,104725.53918,TP,24,5e-05,0.0008,0.0008500000000000001,0.001999999999999966,0.0011499999999999662,0.00045399355660781634,0.0022432847024661047,104943.30830471445,104965.9919415492,36.79780895188415,63.319460573301576,Medium,Ranging,train,2025-06,c555ac9efd53
95,2025-06-14 15:53:00,2025-06-14 15:59:00,SHORT,104781.72,104841.3,EOD,6,5e-05,0.0008,0.0008500000000000001,-0.0005686106317018059,-0.001418610631701806,0.0005721417819825546,0.0,104837.0962411978,104886.1992417392,82.6373120903536,86.23255839685976,High,Ranging,train,2025-06,c555ac9efd53
96,2025-06-15 12:27:00,2025-06-15 12:50:00,LONG,105048.19,105258.28638,TP,23,5e-05,0.0008,0.0008500000000000001,0.0020000000000000256,0.0011500000000000256,0.0003302293928148817,0.002156534063080893,105001.55325929377,104964.17534417857,0.005969436490716969,0.004974530408952913,Low,Ranging,train,2025-06,c555ac9efd53
97,2025-06-15 13:21:00,2025-06-15 13:38:00,LONG,105405.07,105326.01619750001,SL,17,5e-05,0.0008,0.0008500000000000001,-0.0007499999999999878,-0.0015999999999999877,0.0010527007856453812,0.0018075980595620195,105274.86666540719,105167.47246462005,37.406728038350124,18.155881104516823,High,Trending,train,2025-06,c555ac9efd53
98,2025-06-15 13:56:00,2025-06-15 14:03:00,LONG,105540.0,105460.845,SL,7,5e-05,0.0008,0.0008500000000000001,-0.000749999999999989,-0.001599999999999989,0.0010990145916240784,0.00018950161076369148,105430.50442107681,105323.36284883524,42.745510437501046,30.469969733139596,Medium,Trending,train,2025-06,c555ac9efd53
99,2025-06-15 15:05:00,2025-06-15 15:35:00,LONG,105609.12,105717.97,MAX_HOLD,30,5e-05,0.0008,0.0008500000000000001,0.0010306875012310094,0.0001806875012310093,0.00032809666437893034,0.0013339757020984992,105581.52450659891,105494.5715825396,30.804139928055076,14.241214172024664,High,Ranging,train,2025-06,c555ac9efd53
100,2025-06-15 15:47:00,2025-06-15 15:48:00,LONG,105671.6,105592.3463,SL,1,5e-05,0.0008,0.0008500000000000001,-0.0007500000000000105,-0.0016000000000000107,0.0007698378750771807,0.0,105663.71749818558,105599.03081605272,9.372530425165245,7.2822822822861655,High,Ranging,train,2025-06,c555ac9efd53
101,2025-06-16 12:14:00,2025-06-16 12:17:00,LONG,106827.48,106747.35939,SL,3,5e-05,0.0008,0.0008500000000000001,-0.0007499999999999825,-0.0015999999999999825,0.0014680679540507906,0.0,106170.3172668847,105915.1929177605,21.965276870166804,19.60242079108362,High,Trending,train,2025-06,c555ac9efd53
102,2025-06-16 12:19:00,2025-06-16 12:33:00,LONG,106708.5,106628.468625,SL,14,5e-05,0.0008,0.0008500000000000001,-0.0007500000000000556,-0.0016000000000000558,0.0010167887281706705,0.000995796960879356,106270.35299640134,105992.05258306212,15.9681390128971,10.016558372024177,Low,Trending,train,2025-06,c555ac9efd53
103,2025-06-16 12:35:00,2025-06-16 13:05:00,LONG,106665.43,106662.47,MAX_HOLD,30,5e-05,0.0008,0.0008500000000000001,-2.7750321730216165e-05,-0.0008777503217302162,2.7750321730216165e-05,0.0014406729528021666,106470.22169054116,106185.02631938386,56.75724053986057,26.727808515648572,High,Trending,train,2025-06,c555ac9efd53
104,2025-06-16 13:54:00,2025-06-16 13:56:00,LONG,106705.59,106919.00117999999,TP,2,5e-05,0.0008,0.0008500000000000001,0.001999999999999958,0.001149999999999958,0.0,0.0025712804736847425,106654.8622133043,106570.35222040986,58.22522117011434,32.121597175493726,High,Ranging,train,2025-06,c555ac9efd53
105,2025-06-16 14:13:00,2025-06-16 14:15:00,LONG,106990.67,106910.42699749999,SL,2,5e-05,0.0008,0.0008500000000000001,-0.0007500000000000626,-0.0016000000000000627,0.0013646984358542176,0.00025329311425011005,106848.92377345805,106714.0517066826,41.22999955912339,26.7582492702161,High,Ranging,train,2025-06,c555ac9efd53
106,2025-06-16 14:52:00,2025-06-16 14:56:00,LONG,107668.0,107587.249,SL,4,5e-05,0.0008,0.0008500000000000001,-0.0007500000000000357,-0.0016000000000000359,0.0008044172827581137,0.0008994315859865188,107382.46582086968,107129.52131437464,61.21240203457046,37.48858928606921,High,Trending,train,2025-06,c555ac9efd53
107,2025-06-16 15:02:00,2025-06-16 15:03:00,LONG,107604.94,107524.236295,SL,1,5e-05,0.0008,0.0008500000000000001,-0.0007500000000000667,-0.0016000000000000666,0.00093536597855088,0.00010696534936030596,107451.9848514542,107213.82566769094,49.95881366381212,32.954581430308735,High,Ranging,train,2025-06,c555ac9efd53
108,2025-06-16 15:41:00,2025-06-16 15:56:00,LONG,107518.61,107437.9710425,SL,15,5e-05,0.0008,0.0008500000000000001,-0.0007500000000000619,-0.0016000000000000619,0.001051817913196576,0.0018302877985494194,107509.02609984079,107387.38871104587,71.86214304761758,46.84141418994269,Low,Ranging,train,2025-06,c555ac9efd53
109,2025-06-17 12:14:00,2025-06-17 12:44:00,SHORT,105782.29,105761.3,MAX_HOLD,30,5e-05,0.0008,0.0008500000000000001,0.00019842640956242003,-0.00065157359043758,0.0005491467428055402,0.0015341887569270205,106711.73814960998,106991.76600595661,67.44240343249443,77.64991825908294,Low,Trending,train,2025-06,c555ac9efd53
110,2025-06-17 13:09:00,2025-06-17 13:12:00,SHORT,105473.33,105552.43499750001,SL,3,5e-05,0.0008,0.0008500000000000001,-0.0007500000000000568,-0.0016000000000000569,0.0011175336931146039,9.594842601438053e-05,105714.27294819154,106073.11029697083,62.809203771122746,76.69809266001334,Low,Trending,train,2025-06,c555ac9efd53
111,2025-06-17 13:18:00,2025-06-17 13:20:00,SHORT,105464.59,105543.6884425,SL,2,5e-05,0.0008,0.0008500000000000001,-0.0007500000000000575,-0.0016000000000000575,0.0010029906720350294,0.00030901366989618515,105658.24385015274,105983.54183602153,32.248243093633256,58.35216596856222,Low,Ranging,train,2025-06,c555ac9efd53
112,2025-06-17 13:29:00,2025-06-17 13:30:00,SHORT,105616.26,105695.472195,SL,1,5e-05,0.0008,0.0008500000000000001,-0.0007500000000000007,-0.0016000000000000007,0.0007599208682451861,0.0,105629.33521248528,105902.74858416329,90.38081951562553,92.10357779426386,Low,Ranging,train,2025-06,c555ac9efd53
113,2025-06-17 13:42:00,2025-06-17 13:44:00,SHORT,105623.31,105412.06337999999,TP,2,5e-05,0.0008,0.0008500000000000001,0.0020000000000000508,0.0011500000000000507,0.0,0.003060877376404914,105629.91747557689,105840.46512079141,32.933035684687205,60.18408773197594,High,Ranging,train,2025-06,c555ac9efd53
114,2025-06-17 14:02:00,2025-06-17 14:05:00,SHORT,105332.01,105121.34598,TP,3,5e-05,0.0008,0.0008500000000000001,0.001999999999999967,0.001149999999999967,0.0,0.002220692456167778,105474.73363433649,105679.015257525,63.40517434827701,72.27270249367997,Medium,Ranging,train,2025-06,c555ac9efd53
115,2025-06-17 14:50:00,2025-06-17 14:51:00,SHORT,105206.34,105285.24475499999,SL,1,5e-05,0.0008,0.0008500000000000001,-0.0007499999999999613,-0.0015999999999999613,0.0007544222144788032,0.00013982047089549786,105277.18107264925,105428.39703490431,91.8963021858334,92.39779568180899,High,Ranging,train,2025-06,c555ac9efd53
116,2025-06-17 15:41:00,2025-06-17 15:44:00,SHORT,104527.72,104606.11579000001,SL,3,5e-05,0.0008,0.0008500000000000001,-0.0007500000000000916,-0.0016000000000000918,0.0008266706668815075,0.0002651928120119827,104609.81904818906,104873.82598527348,86.83312199929377,87.39670471401155,Medium,Ranging,train,2025-06,c555ac9efd53
117,2025-06-18 14:34:00,2025-06-18 14:38:00,LONG,105029.43,105239.48886,TP,4,5e-05,0.0008,0.0008500000000000001,0.0020000000000000443,0.0011500000000000442,0.0004456846047817043,0.0025088206229434934,104819.020259299,104646.86187971305,23.879760108816836,22.812343166612596,Low,Ranging,train,2025-06,c555ac9efd53
118,2025-06-18 15:07:00,2025-06-18 15:08:00,SHORT,104658.42,104736.913815,SL,1,5e-05,0.0008,0.0008500000000000001,-0.0007500000000000851,-0.0016000000000000853,0.0012661188655436874,0.00011876731943777687,104784.235480762,104721.98224291927,64.03709732521469,77.99703733141382,Low,Ranging,train,2025-06,c555ac9efd53
119,2025-06-19 12:09:00,2025-06-19 12:39:00,LONG,104774.09,104837.11,MAX_HOLD,30,5e-05,0.0008,0.0008500000000000001,0.0006014845845953334,-0.00024851541540466665,0.0,0.0013644594765748518,104770.74804465183,104738.4057299063,56.38458994994789,36.0764782344226,Low,Ranging,train,2025-06,c555ac9efd53
120,2025-06-19 12:57:00,2025-06-19 13:27:00,SHORT,104730.96,104779.99,MAX_HOLD,30,5e-05,0.0008,0.0008500000000000001,-0.00046815191992891916,-0.0013181519199289191,0.0005102598123801001,0.0014453223764969774,104777.41316653814,104771.4124589055,79.88105465427947,82.17703425509681,Low,Ranging,train,2025-06,c555ac9efd53
121,2025-06-19 14:10:00,2025-06-19 14:15:00,SHORT,104421.22,104499.535915,SL,5,5e-05,0.0008,0.0008500000000000001,-0.0007499999999999925,-0.0015999999999999925,0.0009104471294243874,5.324588239821055e-05,104476.3519407598,104567.14477099375,77.50801060126446,85.74608482578294,Low,Ranging,train,2025-06,c555ac9efd53
122,2025-06-19 15:08:00,2025-06-19 15:13:00,SHORT,104279.35,104357.55951250001,SL,5,5e-05,0.0008,0.0008500000000000001,-0.0007500000000000486,-0.0016000000000000486,0.0008603812739530996,0.0009079458205292569,104313.51249538781,104404.27767533754,69.49118408004249,82.36772465702239,Medium,Trending,train,2025-06,c555ac9efd53
123,2025-06-20 12:01:00,2025-06-20 12:08:00,LONG,105996.6,105917.10255,SL,7,5e-05,0.0008,0.0008500000000000001,-0.0007500000000000928,-0.0016000000000000929,0.0009781445819960976,0.0005037897441992873,104363.50606688394,104359.7261628367,70.08750197574322,39.73872838847227,Medium,Ranging,train,2025-06,c555ac9efd53
124,2025-06-20 12:26:00,2025-06-20 12:56:00,LONG,105962.34,105994.55,MAX_HOLD,30,5e-05,0.0008,0.0008500000000000001,0.0003039759220115977,-0.0005460240779884024,0.00035805173800429783,0.0013717137617006742,105368.33294365706,104987.24722722002,53.4963979120843,34.74792293225872,Low,Trending,train,2025-06,c555ac9efd53
125,2025-06-20 13:19:00,2025-06-20 13:24:00,LONG,106041.1,105961.569175,SL,5,5e-05,0.0008,0.0008500000000000001,-0.000750000000000084,-0.001600000000000084,0.0008112892076751262,0.00015758040985987368,105966.62837324139,105676.27235238883,18.949865744744084,10.290663268004968,High,Ranging,train,2025-06,c555ac9efd53
126,2025-06-20 13:59:00,2025-06-20 14:01:00,SHORT,105613.69,105692.90026750001,SL,2,5e-05,0.0008,0.0008500000000000001,-0.0007500000000000569,-0.001600000000000057,0.0008276389168866601,0.00014770812382377532,105803.61151455052,105741.4139255143,80.19560765971131,85.6470447239006,High,Ranging,train,2025-06,c555ac9efd53
127,2025-06-20 14:06:00,2025-06-20 14:10:00,SHORT,105721.36,105509.91728,TP,4,5e-05,0.0008,0.0008500000000000001,0.0020000000000000603,0.0011500000000000603,9.45882648501684e-05,0.0022356882279985857,105780.96654460265,105737.24901629612,71.35008143803789,82.22497497730801,High,Ranging,train,2025-06,c555ac9efd53
128,2025-06-20 14:24:00,2025-06-20 14:25:00,SHORT,105382.0,105171.236,TP,1,5e-05,0.0008,0.0008500000000000001,0.001999999999999958,0.001149999999999958,0.0,0.002570173274373288,105649.90324201883,105674.67329239917,23.658184588032583,52.87314905362785,High,Ranging,train,2025-06,c555ac9efd53
129,2025-06-20 14:41:00,2025-06-20 14:42:00,SHORT,105232.98,105022.51404,TP,1,5e-05,0.0008,0.0008500000000000001,0.002000000000000013,0.001150000000000013,0.0,0.0035620011901211627,105447.06384954964,105548.39111554675,50.73750341436811,74.86746311050035,High,Ranging,train,2025-06,c555ac9efd53
130,2025-06-20 15:10:00,2025-06-20 15:11:00,SHORT,104254.0,104332.1905,SL,1,5e-05,0.0008,0.0008500000000000001,-0.000749999999999971,-0.001599999999999971,0.0010167475588466629,0.0,104652.94674593964,105007.62821141345,81.07910154878579,86.77333123402889,High,Trending,train,2025-06,c555ac9efd53
131,2025-06-20 15:41:00,2025-06-20 15:42:00,SHORT,104353.71,104431.9752825,SL,1,5e-05,0.0008,0.0008500000000000001,-0.0007499999999999695,-0.0015999999999999695,0.0009611541362543637,0.0,104404.71627580677,104681.17224038114,83.03978268489432,87.60731822358797,Medium,Ranging,train,2025-06,c555ac9efd53
132,2025-06-21 12:13:00,2025-06-21 12:43:00,SHORT,103942.16,103832.36,MAX_HOLD,30,5e-05,0.0008,0.0008500000000000001,0.0010563567276262386,0.00020635672762623855,0.0,0.0010564529349784309,104182.29894112244,104421.82445430133,92.10309843705899,96.04166914141426,Low,Ranging,train,2025-06,c555ac9efd53
133,2025-06-21 13:09:00,2025-06-21 13:39:00,SHORT,103857.06,103774.55,MAX_HOLD,30,5e-05,0.0008,0.0008500000000000001,0.0007944573050690513,-5.554269493094873e-05,9.551589463439706e-05,0.0010675249231972804,103875.34400086888,104033.08579623853,75.74208203890467,91.90255790351227,Medium,Ranging,train,2025-06,c555ac9efd53
134,2025-06-21 14:24:00,2025-06-21 14:32:00,SHORT,103516.16,103593.79712,SL,8,5e-05,0.0008,0.0008500000000000001,-0.0007499999999999943,-0.0015999999999999942,0.00086604835418928,0.0012866590105351892,103608.50285194148,103722.91304299032,56.68123861566617,70.69752675770484,Medium,Ranging,train,2025-06,c555ac9efd53
135,2025-06-21 15:36:00,2025-06-21 15:42:00,SHORT,103429.51,103507.0821325,SL,6,5e-05,0.0008,0.0008500000000000001,-0.0007500000000000479,-0.001600000000000048,0.0009698392654089943,0.0014279290310858844,103512.49179182123,103572.58860243493,46.08515879299972,65.3566199500889,Medium,Ranging,train,2025-06,c555ac9efd53
136,2025-06-21 15:46:00,2025-06-21 15:55:00,SHORT,103486.14,103563.75460500001,SL,9,5e-05,0.0008,0.0008500000000000001,-0.0007500000000000943,-0.0016000000000000944,0.0008296763218726738,0.0007809741478423336,103493.24193138517,103550.54406048445,85.24898255437161,86.80899651611306,Low,Ranging,train,2025-06,c555ac9efd53
137,2025-06-22 12:26:00,2025-06-22 12:56:00,SHORT,102731.4,102763.54,MAX_HOLD,30,5e-05,0.0008,0.0008500000000000001,-0.00031285468707716843,-0.0011628546870771684,0.0003654189468848682,0.0013931475673454792,102973.5241093882,103191.91093325698,72.19167744717271,83.58248158416967,High,Trending,train,2025-06,c555ac9efd53
138,2025-06-22 12:59:00,2025-06-22 13:08:00,SHORT,102741.19,102535.70762,TP,9,5e-05,0.0008,0.0008500000000000001,0.0020000000000000126,0.0011500000000000126,0.0006724664178018232,0.002073267790649586,102757.99237844712,102940.40009986218,86.47590365773982,89.61476436455581,Medium,Trending,train,2025-06,c555ac9efd53
139,2025-06-22 13:53:00,2025-06-22 13:54:00,SHORT,100634.39,100709.8657925,SL,1,5e-05,0.0008,0.0008500000000000001,-0.0007500000000000126,-0.0016000000000000127,0.0008507032238184242,0.0003417320858207559,101255.85787029019,101829.46481984304,59.33548503925196,73.55207059874131,High,Trending,train,2025-06,c555ac9efd53
140,2025-06-22 14:05:00,2025-06-22 14:06:00,SHORT,101010.0,100807.98,TP,1,5e-05,0.0008,0.0008500000000000001,0.0020000000000000404,0.0011500000000000403,0.0,0.002079002079002079,101121.30365070788,101630.42572938268,49.19019876420986,70.49981551902867,High,Trending,train,2025-06,c555ac9efd53
141,2025-06-22 14:57:00,2025-06-22 14:58:00,SHORT,99419.2,99493.7644,SL,1,5e-05,0.0008,0.0008500000000000001,-0.0007500000000000295,-0.0016000000000000296,0.0013052810724689403,0.0,99835.27226894049,100417.32424979603,58.87993474355568,69.01571581906425,High,Trending,train,2025-06,c555ac9efd53
142,2025-06-22 15:21:00,2025-06-22 15:23:00,SHORT,99640.4,99715.13029999999,SL,2,5e-05,0.0008,0.0008500000000000001,-0.0007499999999999561,-0.001599999999999956,0.0007988727463960986,0.00039712807254880985,99689.73245833819,100105.77461810266,54.13887664281274,66.6752772298195,Medium,Ranging,train,2025-06,c555ac9efd53
143,2025-06-22 15:39:00,2025-06-22 15:53:00,SHORT,99444.62,99245.73075999999,TP,14,5e-05,0.0008,0.0008500000000000001,0.002000000000000041,0.0011500000000000407,0.0,0.0025725876372196077,99568.83195598527,99909.37190079127,57.98149018411221,76.67787267804044,Low,Ranging,train,2025-06,c555ac9efd53
144,2025-06-23 12:01:00,2025-06-23 12:02:00,LONG,101292.69,101216.7204825,SL,1,5e-05,0.0008,0.0008500000000000001,-0.000750000000000087,-0.001600000000000087,0.0009899036149598167,0.0,99538.84561693846,99757.44337611536,67.37431946207082,38.35646162939884,Low,Ranging,train,2025-06,c555ac9efd53
145,2025-06-23 12:11:00,2025-06-23 12:19:00,LONG,101202.68,101126.77798999999,SL,8,5e-05,0.0008,0.0008500000000000001,-0.000750000000000052,-0.001600000000000052,0.0008954308324640746,0.00011185474534870999,100089.06813857144,100020.3451678797,43.69412730384861,30.612333290201832,Low,Ranging,train,2025-06,c555ac9efd53
146,2025-06-23 13:08:00,2025-06-23 13:09:00,LONG,101583.58,101507.392315,SL,1,5e-05,0.0008,0.0008500000000000001,-0.0007499999999999719,-0.001599999999999972,0.0013086760675298343,0.0,101327.1546309028,100973.90696796298,31.208400026564206,21.901303724192605,High,Ranging,train,2025-06,c555ac9efd53
147,2025-06-23 13:56:00,2025-06-23 13:58:00,LONG,102166.07,102370.40214,TP,2,5e-05,0.0008,0.0008500000000000001,0.001999999999999986,0.001149999999999986,0.0,0.0026457903294116888,101648.78450198103,101368.17803135671,61.60582687261501,38.9216230520301,Medium,Ranging,train,2025-06,c555ac9efd53
148,2025-06-23 15:38:00,2025-06-23 15:39:00,SHORT,101697.06,101773.332795,SL,1,5e-05,0.0008,0.0008500000000000001,-0.0007499999999999718,-0.0015999999999999719,0.0008942244741391966,0.0003781820241410307,101797.3237746854,101779.25031787125,85.34436234827763,81.63239971929853,Medium,Ranging,train,2025-06,c555ac9efd53
149,2025-06-23 15:40:00,2025-06-23 15:47:00,SHORT,101658.6,101455.2828,TP,7,5e-05,0.0008,0.0008500000000000001,0.0020000000000000486,0.0011500000000000486,0.0,0.0022398498503816856,101786.29407267192,101774.33622835566,45.63718367039136,66.10796933031837,Medium,Ranging,train,2025-06,c555ac9efd53
150,2025-06-24 12:00:00,2025-06-24 12:07:00,SHORT,105169.99,105248.86749250001,SL,7,5e-05,0.0008,0.0008500000000000001,-0.0007500000000000325,-0.0016000000000000326,0.001196158714096943,0.0,101748.89674885863,101743.7349338091,81.18946934295012,79.80253020188586,Low,Ranging,train,2025-06,c555ac9efd53
151,2025-06-24 12:22:00,2025-06-24 12:23:00,LONG,105217.63,105138.7167775,SL,1,5e-05,0.0008,0.0008500000000000001,-0.0007500000000000633,-0.0016000000000000634,0.001257774006124364,0.0,103758.42642505535,102968.96440028722,43.19822895330461,29.05836112203919,Medium,Trending,train,2025-06,c555ac9efd53
152,2025-06-24 12:28:00,2025-06-24 12:45:00,LONG,105020.0,105230.04,TP,17,5e-05,0.0008,0.0008500000000000001,0.001999999999999939,0.0011499999999999388,0.000491049323938364,0.0021805370405637023,104033.51067631887,103204.04768936161,19.314069626560613,10.81404888159733,Low,Trending,train,2025-06,c555ac9efd53
153,2025-06-24 12:55:00,2025-06-24 13:19:00,LONG,105113.0,105323.226,TP,24,5e-05,0.0008,0.0008500000000000001,0.0019999999999999536,0.0011499999999999536,0.00037864013014568044,0.002637827861444389,104731.6924810054,103988.70927224465,36.24524664305231,24.699635902507897,Low,Trending,train,2025-06,c555ac9efd53
154,2025-06-24 13:28:00,2025-06-24 13:32:00,LONG,105045.6,104966.8158,SL,4,5e-05,0.0008,0.0008500000000000001,-0.0007500000000000871,-0.001600000000000087,0.0009712924672713453,0.0012372721941709235,105031.92419707848,104550.24350238178,38.18927918204385,17.90417186042366,Medium,Ranging,train,2025-06,c555ac9efd53
155,2025-06-24 14:53:00,2025-06-24 15:01:00,LONG,105426.59,105637.44318,TP,8,5e-05,0.0008,0.0008500000000000001,0.0020000000000000525,0.0011500000000000525,0.0002332428659600629,0.0020375315183768883,105381.55197155382,105184.99464428713,26.306585958923105,18.02612861869129,Low,Ranging,train,2025-06,c555ac9efd53
156,2025-06-24 15:18:00,2025-06-24 15:38:00,LONG,105544.13,105464.97190250001,SL,20,5e-05,0.0008,0.0008500000000000001,-0.0007499999999999628,-0.001599999999999963,0.0009412176688557768,0.0017544320086773015,105528.52170167382,105352.50087712011,16.294156853429744,10.729474947320762,Medium,Ranging,train,2025-06,c555ac9efd53
157,2025-06-24 15:54:00,2025-06-24 15:59:00,SHORT,105318.39,105244.73,EOD,5,5e-05,0.0008,0.0008500000000000001,0.0006994030197385613,-0.00015059698026143877,0.0,0.0015702860630513308,105429.89131693107,105390.3147894459,47.37411601035641,65.41373374037241,Medium,Ranging,train,2025-06,c555ac9efd53
158,2025-06-25 12:12:00,2025-06-25 12:14:00,LONG,107122.48,107042.13814,SL,2,5e-05,0.0008,0.0008500000000000001,-0.0007500000000000042,-0.0016000000000000042,0.0008581765470701669,0.00012583726590357578,106087.2214675362,105771.1019150252,62.39891130072896,39.4208141508407,Low,Ranging,train,2025-06,c555ac9efd53
159,2025-06-25 12:19:00,2025-06-25 12:49:00,LONG,107016.29,107058.31,MAX_HOLD,30,5e-05,0.0008,0.0008500000000000001,0.00039265050208715026,-0.0004573494979128498,0.0007101722550837821,0.0012456982016477325,106312.68282913655,105933.1096482692,29.598974822854597,19.827699914688694,Medium,Ranging,train,2025-06,c555ac9efd53
160,2025-06-25 13:38:00,2025-06-25 13:39:00,LONG,107702.46,107621.683155,SL,1,5e-05,0.0008,0.0008500000000000001,-0.0007500000000000029,-0.001600000000000003,0.0016198330103138442,0.0,107493.03549722325,107131.6588308221,21.25379620594894,22.02440193939441,High,Ranging,train,2025-06,c555ac9efd53
161,2025-06-25 13:56:00,2025-06-25 14:06:00,LONG,107843.48,108059.16696,TP,10,5e-05,0.0008,0.0008500000000000001,0.002000000000000059,0.001150000000000059,0.0002721536805005854,0.002124838701421808,107682.07167015513,107352.01537313861,33.24865542642712,22.373778566532682,High,Ranging,train,2025-06,c555ac9efd53
162,2025-06-25 14:29:00,2025-06-25 14:30:00,SHORT,107492.0,107572.619,SL,1,5e-05,0.0008,0.0008500000000000001,-0.0007500000000000563,-0.0016000000000000562,0.0010794291668217062,0.0,107706.78238248284,107545.12345913281,68.04584789987045,76.07820635104014,Medium,Ranging,train,2025-06,c555ac9efd53
163,2025-06-25 15:52:00,2025-06-25 15:53:00,SHORT,107091.89,107172.2089175,SL,1,5e-05,0.0008,0.0008500000000000001,-0.0007500000000000063,-0.0016000000000000064,0.0008074374259339448,0.00016527862193857154,107162.94134033102,107298.47566331705,69.89721436019795,79.61371533131557,Medium,Ranging,train,2025-06,c555ac9efd53
164,2025-06-26 12:01:00,2025-06-26 12:12:00,LONG,107292.89,107212.4203325,SL,11,5e-05,0.0008,0.0008500000000000001,-0.0007500000000000128,-0.0016000000000000129,0.0008183207666416937,0.0011993338980803628,107147.72165168128,107267.38617851958,71.11829190619376,42.17554678115742,Low,Ranging,train,2025-06,c555ac9efd53
165,2025-06-26 12:31:00,2025-06-26 12:35:00,SHORT,107136.95,107217.3027125,SL,4,5e-05,0.0008,0.0008500000000000001,-0.0007499999999999665,-0.0015999999999999665,0.0010177627793213093,0.0009671733234891916,107191.95657176108,107246.83226838443,41.98236748952408,63.51390137333687,Medium,Ranging,train,2025-06,c555ac9efd53
166,2025-06-26 13:09:00,2025-06-26 13:33:00,SHORT,107063.04,107143.33727999999,SL,24,5e-05,0.0008,0.0008500000000000001,-0.0007499999999999894,-0.0015999999999999895,0.0009037666033022163,0.00047243194290006336,107171.1210921018,107207.99239649875,33.8514207498396,55.05388920853472,Low,Ranging,train,2025-06,c555ac9efd53
167,2025-06-26 14:06:00,2025-06-26 14:17:00,SHORT,107045.51,107125.7941325,SL,11,5e-05,0.0008,0.0008500000000000001,-0.000750000000000042,-0.001600000000000042,0.0009938763428750952,0.0015059015553291035,107046.25025982775,107095.34951111348,74.47850318612201,80.76600740623637,High,Ranging,train,2025-06,c555ac9efd53
168,2025-06-26 14:57:00,2025-06-26 15:05:00,LONG,107464.0,107383.402,SL,8,5e-05,0.0008,0.0008500000000000001,-0.0007499999999999827,-0.0015999999999999827,0.0008643824908806616,0.0004792302538524529,107413.64089167026,107299.83706931786,10.976581812310902,10.947117524262653,Medium,Trending,train,2025-06,c555ac9efd53
169,2025-06-26 15:42:00,2025-06-26 15:46:00,SHORT,106978.26,107058.493695,SL,4,5e-05,0.0008,0.0008500000000000001,-0.0007500000000000246,-0.0016000000000000246,0.0009744035844292592,0.0005494574318183792,107156.38230164252,107215.57062524644,88.46536700836894,89.61190174645306,Medium,Ranging,train,2025-06,c555ac9efd53
170,2025-06-26 15:49:00,2025-06-26 15:51:00,SHORT,106982.0,107062.2365,SL,2,5e-05,0.0008,0.0008500000000000001,-0.0007499999999999913,-0.0015999999999999914,0.0012068385335850945,0.0,107122.70025959915,107189.76626470225,62.425186681831825,73.01438953644434,Medium,Ranging,train,2025-06,c555ac9efd53
171,2025-06-27 12:01:00,2025-06-27 12:20:00,SHORT,107012.09,107092.3490675,SL,19,5e-05,0.0008,0.0008500000000000001,-0.0007500000000000947,-0.0016000000000000948,0.000914663006768718,0.0008231780166147256,107132.69311430224,107181.13160330335,34.42753892452682,63.88385841844276,Low,Ranging,train,2025-06,c555ac9efd53
172,2025-06-27 12:55:00,2025-06-27 13:25:00,SHORT,106791.03,106718.92,MAX_HOLD,30,5e-05,0.0008,0.0008500000000000001,0.0006752439788248188,-0.00017475602117518127,0.00047429077142522344,0.001773463557753862,106917.10365455858,107005.4452872573,48.929372202786425,69.78183425721248,Medium,Trending,train,2025-06,c555ac9efd53
173,2025-06-27 15:03:00,2025-06-27 15:05:00,SHORT,106535.82,106615.72186500001,SL,2,5e-05,0.0008,0.0008500000000000001,-0.0007500000000000665,-0.0016000000000000666,0.0011656173482307924,0.0004735496474332449,106567.03826394951,106644.56936757827,61.6102178127496,75.1891380901554,Medium,Ranging,train,2025-06,c555ac9efd53
174,2025-06-27 15:52:00,2025-06-27 15:53:00,LONG,107102.24,107316.44448,TP,1,5e-05,0.0008,0.0008500000000000001,0.002000000000000003,0.001150000000000003,0.0,0.002313303624648698,106883.73245780144,106789.430040641,53.69273350342977,34.07216576854522,High,Trending,train,2025-06,c555ac9efd53
175,2025-06-28 12:24:00,2025-06-28 12:54:00,LONG,107294.02,107347.64,MAX_HOLD,30,5e-05,0.0008,0.0008500000000000001,0.0004997482618322562,-0.0003502517381677438,1.4725890594850917e-05,0.0004998414636714153,107207.50199681825,107048.1290930576,0.011442956854000335,0.007628637902681101,Low,Trending,train,2025-06,c555ac9efd53
176,2025-06-28 13:13:00,2025-06-28 13:26:00,LONG,107328.43,107247.93367749998,SL,13,5e-05,0.0008,0.0008500000000000001,-0.0007500000000000944,-0.0016000000000000944,0.0007773336477575701,9.317195834610854e-08,107314.3177491205,107223.25489933394,22.48201438848391,20.30817525018293,Low,Ranging,train,2025-06,c555ac9efd53
177,2025-06-28 13:43:00,2025-06-28 14:13:00,SHORT,107118.87,107146.22,MAX_HOLD,30,5e-05,0.0008,0.0008500000000000001,-0.00025532382856546023,-0.0011053238285654602,0.00025541718279889047,0.00016691736946058248,107214.88636486485,107205.5908516755,69.64894684051576,74.7085701549086,Low,Ranging,train,2025-06,c555ac9efd53
178,2025-06-28 14:38:00,2025-06-28 15:08:00,LONG,107223.21,107238.85,MAX_HOLD,30,5e-05,0.0008,0.0008500000000000001,0.00014586394121197656,-0.0007041360587880234,0.0001716979001095331,0.00014586394121197656,107192.1908714124,107185.16572416827,28.410664819944767,23.900950144045698,Medium,Ranging,train,2025-06,c555ac9efd53
179,2025-06-29 12:12:00,2025-06-29 12:42:00,LONG,108174.05,108163.8,MAX_HOLD,30,5e-05,0.0008,0.0008500000000000001,-9.475470318435891e-05,-0.000944754703184359,9.475470318435891e-05,0.0012180370430800618,107704.10823792026,107496.9380978556,13.539055431175301,11.727254521057338,High,Trending,train,2025-06,c555ac9efd53
180,2025-06-29 13:11:00,2025-06-29 13:33:00,LONG,108165.22,108084.096085,SL,22,5e-05,0.0008,0.0008500000000000001,-0.0007500000000000348,-0.001600000000000035,0.0009224776688846824,0.0,108135.26826724203,107973.72315273157,24.08137900219255,13.168109464462988,Low,Ranging,train,2025-06,c555ac9efd53
181,2025-06-29 14:57:00,2025-06-29 15:09:00,SHORT,107949.51,108030.4721325,SL,12,5e-05,0.0008,0.0008500000000000001,-0.0007500000000000406,-0.0016000000000000406,0.0007838849847489804,0.0011256188193906093,107979.68420202978,108012.36201397025,82.2255652808151,92.06747204584273,High,Ranging,train,2025-06,c555ac9efd53
182,2025-06-29 15:28:00,2025-06-29 15:48:00,SHORT,107922.77,107706.92446000001,TP,20,5e-05,0.0008,0.0008500000000000001,0.001999999999999952,0.0011499999999999518,0.00034413497726197556,0.002075928925842138,107949.79962602,107978.29953894728,53.355870016803294,69.8955594630943,Low,Ranging,train,2025-06,c555ac9efd53
183,2025-06-30 12:00:00,2025-06-30 12:15:00,SHORT,107654.21,107734.95065750001,SL,15,5e-05,0.0008,0.0008500000000000001,-0.0007500000000000549,-0.001600000000000055,0.0010095285637226172,0.0,107850.90439867147,107906.9832205002,60.94286215275047,79.06515520744131,Medium,Ranging,train,2025-06,c555ac9efd53
184,2025-06-30 12:44:00,2025-06-30 13:14:00,SHORT,107631.29,107661.06,MAX_HOLD,30,5e-05,0.0008,0.0008500000000000001,-0.00027659242958069235,-0.0011265924295806925,0.0006283488751273413,0.0006531557876895127,107717.48898155133,107785.15336156564,51.27755125638057,69.14792381460397,Low,Ranging,train,2025-06,c555ac9efd53
185,2025-06-30 14:19:00,2025-06-30 14:46:00,SHORT,107406.61,107191.79678,TP,27,5e-05,0.0008,0.0008500000000000001,0.001999999999999966,0.0011499999999999662,0.0005621627942638228,0.00204680140263245,107529.41789348955,107598.88217126147,52.759464757988844,73.42448901019465,High,Trending,train,2025-06,c555ac9efd53
186,2025-06-30 15:10:00,2025-06-30 15:17:00,SHORT,106986.53,106772.55694,TP,7,5e-05,0.0008,0.0008500000000000001,0.0020000000000000365,0.0011500000000000364,0.0,0.002164104210128124,107123.14461461794,107282.08241631475,69.22222107528832,75.93351281991333,High,Trending,train,2025-06,c555ac9efd53
187,2025-06-30 15:28:00,2025-06-30 15:29:00,SHORT,106850.0,106930.1375,SL,1,5e-05,0.0008,0.0008500000000000001,-0.0007499999999999728,-0.001599999999999973,0.003275620028076743,0.0,106986.33415108468,107152.40392783367,89.54855986102757,89.11518189221142,High,Trending,train,2025-06,c555ac9efd53
188,2025-06-30 15:57:00,2025-06-30 15:59:00,LONG,107568.24,107580.46,EOD,2,5e-05,0.0008,0.0008500000000000001,0.0001136023049182655,-0.0007363976950817345,0.0005944133695968469,0.0002952544356958407,107298.05050181002,107268.35727218547,26.915785083229277,20.073244100659107,High,Ranging,train,2025-06,c555ac9efd53
189,2025-07-01 13:20:00,2025-07-01 13:26:00,SHORT,106498.84,106578.71413,SL,6,5e-05,0.0008,0.0008500000000000001,-0.0007499999999999673,-0.0015999999999999673,0.0007516513794892312,0.000547423802925956,106502.62016818042,106631.44665909164,59.01193917698108,71.520266252244,Low,Ranging,train,2025-07,c555ac9efd53
190,2025-07-01 14:59:00,2025-07-01 15:01:00,SHORT,105864.12,105943.51809,SL,2,5e-05,0.0008,0.0008500000000000001,-0.0007500000000000228,-0.0016000000000000228,0.000988720257628347,0.0010120520531413232,106267.2971185857,106451.26332650708,74.66078202509469,81.98895726985569,High,Trending,train,2025-07,c555ac9efd53
191,2025-07-01 15:08:00,2025-07-01 15:14:00,SHORT,105854.62,105642.91076,TP,6,5e-05,0.0008,0.0008500000000000001,0.001999999999999967,0.001149999999999967,0.0,0.002184411034681301,106158.26053627727,106361.46963197627,37.69025692772194,63.37581136573244,Medium,Trending,train,2025-07,c555ac9efd53
192,2025-07-01 15:24:00,2025-07-01 15:25:00,SHORT,105788.93,105868.2716975,SL,1,5e-05,0.0008,0.0008500000000000001,-0.0007500000000000001,-0.0016000000000000003,0.001122990846017659,0.0,105967.49934942742,106194.444013333,62.019721460959005,76.37376128417428,Medium,Trending,train,2025-07,c555ac9efd53
193,2025-07-02 12:12:00,2025-07-02 12:16:00,LONG,107384.91,107304.3713175,SL,4,5e-05,0.0008,0.0008500000000000001,-0.0007500000000000216,-0.0016000000000000215,0.001191415069398506,0.0006663878565433232,106575.29721546863,106401.97698428128,29.38747825061047,13.907480565421787,High,Ranging,train,2025-07,c555ac9efd53
194,2025-07-02 12:19:00,2025-07-02 12:25:00,LONG,107297.43,107216.9569275,SL,6,5e-05,0.0008,0.0008500000000000001,-0.0007499999999999741,-0.0015999999999999743,0.0008055178954425378,0.0004967500153545422,106760.3379368925,106523.89669902736,14.13912558078372,18.860289455931035,Medium,Trending,train,2025-07,c555ac9efd53
195,2025-07-02 12:29:00,2025-07-02 12:59:00,LONG,107260.0,107379.92,MAX_HOLD,30,5e-05,0.0008,0.0008500000000000001,0.001118030952824895,0.000268030952824895,0.0006889800484802739,0.0015250792466903016,106929.55387821897,106659.90485088978,47.66362827334069,28.53925931431471,Medium,Trending,train,2025-07,c555ac9efd53
196,2025-07-02 13:03:00,2025-07-02 13:13:00,LONG,107400.3,107615.1006,TP,10,5e-05,0.0008,0.0008500000000000001,0.0020000000000000213,0.0011500000000000212,0.000297019654507564,0.002399062200012509,107226.00622718947,106985.33276983559,50.271684571652834,29.575498129575298,Medium,Trending,train,2025-07,c555ac9efd53
197,2025-07-02 13:24:00,2025-07-02 13:31:00,LONG,107521.78,107441.13866499999,SL,7,5e-05,0.0008,0.0008500000000000001,-0.0007500000000000701,-0.0016000000000000701,0.0008254141626003588,0.0003773189022727022,107399.3484756026,107171.83469429662,9.567149920917872,12.430224536666204,Medium,Ranging,train,2025-07,c555ac9efd53
198,2025-07-02 13:55:00,2025-07-02 14:12:00,LONG,107717.02,107932.45404000001,TP,17,5e-05,0.0008,0.0008500000000000001,0.0020000000000000686,0.0011500000000000685,0.00043540008811986005,0.002366849732753441,107598.0640837192,107399.31051259176,20.099801863946215,12.81482305981082,High,Ranging,train,2025-07,c555ac9efd53
199,2025-07-02 14:35:00,2025-07-02 14:42:00,LONG,107812.74,108028.36548000001,TP,7,5e-05,0.0008,0.0008500000000000001,0.0020000000000000226,0.0011500000000000225,0.0005568915139343286,0.0022006675648907053,107786.50755316448,107638.7389517108,24.773184099867645,14.687172689082649,Low,Ranging,train,2025-07,c555ac9efd53
200,2025-07-02 15:30:00,2025-07-02 15:33:00,LONG,108264.19,108182.9918575,SL,3,5e-05,0.0008,0.0008500000000000001,-0.0007499999999999781,-0.0015999999999999782,0.0011056287402140734,4.138025694364799e-05,108236.47443869745,108046.35606248378,10.062127433092682,9.467917866576672,Low,Ranging,train,2025-07,c555ac9efd53
201,2025-07-02 15:34:00,2025-07-02 15:38:00,LONG,108238.9,108455.37779999999,TP,4,5e-05,0.0008,0.0008500000000000001,0.001999999999999938,0.001149999999999938,0.0,0.0021193859139367523,108238.90361160558,108062.19564833873,41.53391869464728,22.195464409052644,High,Ranging,train,2025-07,c555ac9efd53
202,2025-07-03 14:12:00,2025-07-03 14:13:00,LONG,110138.98,110056.37576499999,SL,1,5e-05,0.0008,0.0008500000000000001,-0.000750000000000056,-0.001600000000000056,0.001574102102634284,0.0005110815444269427,110022.52053899216,109715.05828999548,28.757122768705642,24.035680336404965,Medium,Ranging,train,2025-07,c555ac9efd53
203,2025-07-03 14:17:00,2025-07-03 14:22:00,LONG,110051.16,110271.26232000001,TP,5,5e-05,0.0008,0.0008500000000000001,0.002000000000000049,0.001150000000000049,0.0,0.002385617743602099,110022.46081761121,109744.15635430456,48.578890966306524,32.025386144111145,High,Ranging,train,2025-07,c555ac9efd53
204,2025-07-03 15:04:00,2025-07-03 15:07:00,SHORT,109600.0,109380.8,TP,3,5e-05,0.0008,0.0008500000000000001,0.0019999999999999736,0.0011499999999999735,0.0,0.0024331204379561887,109814.08133730103,109786.83521645874,34.84479994235154,60.94422960851364,High,Ranging,train,2025-07,c555ac9efd53
205,2025-07-03 15:28:00,2025-07-03 15:34:00,SHORT,109567.08,109347.94584,TP,6,5e-05,0.0008,0.0008500000000000001,0.002000000000000013,0.001150000000000013,0.0005958906635094556,0.0026056184028998967,109607.32652838466,109667.43044452611,75.87175109087546,80.82917956149205,Low,Ranging,train,2025-07,c555ac9efd53
206,2025-07-04 12:33:00,2025-07-04 13:03:00,SHORT,108814.0,108692.63,MAX_HOLD,30,5e-05,0.0008,0.0008500000000000001,0.001115389563842845,0.000265389563842845,0.00023893984229970408,0.0018606980719392831,108984.55249009264,109179.30083340086,43.96802439848806,64.22907167101442,Low,Ranging,train,2025-07,c555ac9efd53
207,2025-07-04 13:09:00,2025-07-04 13:33:00,SHORT,108731.02,108513.55796,TP,24,5e-05,0.0008,0.0008500000000000001,0.001999999999999986,0.001149999999999986,0.0,0.003228333551915581,108800.34467711739,108956.95118044702,37.89452362538269,59.94443352811075,Low,Ranging,train,2025-07,c555ac9efd53
208,2025-07-05 12:01:00,2025-07-05 12:04:00,LONG,108084.01,108002.94699249999,SL,3,5e-05,0.0008,0.0008500000000000001,-0.0007500000000000749,-0.0016000000000000749,0.0008386994523981316,0.0,107761.22716991862,107845.8204187872,60.50067497964469,33.14950647750402,Medium,Ranging,train,2025-07,c555ac9efd53
209,2025-07-05 12:23:00,2025-07-05 12:53:00,LONG,108015.8,108125.34,MAX_HOLD,30,5e-05,0.0008,0.0008500000000000001,0.0010141108985907024,0.00016411089859070236,0.00041475413782060506,0.0012164886988754809,107920.85701612175,107912.98562279805,26.271712158814164,18.45015183238611,Low,Ranging,train,2025-07,c555ac9efd53
210,2025-07-05 13:15:00,2025-07-05 13:45:00,LONG,108126.76,108163.75,MAX_HOLD,30,5e-05,0.0008,0.0008500000000000001,0.0003420984777496823,-0.0005079015222503177,0.00024341800309185657,0.0009759841134608938,108098.57296737997,108041.31983018943,3.4040047114164285,2.269336474277679,Low,Ranging,train,2025-07,c555ac9efd53
211,2025-07-05 14:13:00,2025-07-05 14:43:00,LONG,108149.58,108180.0,MAX_HOLD,30,5e-05,0.0008,0.0008500000000000001,0.0002812770978860783,-0.0005687229021139218,0.00013407356736845394,0.0006809087931733014,108141.32667525017,108113.31646927891,45.59309913293169,22.45584275335101,Low,Ranging,train,2025-07,c555ac9efd53
212,2025-07-05 15:06:00,2025-07-05 15:36:00,LONG,108177.65,108109.07,MAX_HOLD,30,5e-05,0.0008,0.0008500000000000001,-0.0006339571991070909,-0.001483957199107091,0.0006341420801800674,0.0,108174.01805447244,108156.24148549637,0.042735042712596594,0.049857549831455066,Low,Ranging,train,2025-07,c555ac9efd53
213,2025-07-06 12:05:00,2025-07-06 12:35:00,SHORT,108076.01,108102.7,MAX_HOLD,30,5e-05,0.0008,0.0008500000000000001,-0.0002469558230360496,-0.0010969558230360496,0.00024704835050823624,0.00027989560310377856,108092.64009244317,108112.8502328422,66.64067312203964,88.84937731375426,High,Ranging,train,2025-07,c555ac9efd53
214,2025-07-06 13:07:00,2025-07-06 13:29:00,LONG,108205.99,108422.40198000001,TP,22,5e-05,0.0008,0.0008500000000000001,0.002000000000000041,0.0011500000000000407,9.241632565177977e-08,0.0025408020387780103,108162.4051836164,108140.07780960576,34.35398946941668,22.89995949776716,Low,Ranging,train,2025-07,c555ac9efd53
215,2025-07-06 14:02:00,2025-07-06 14:31:00,LONG,108789.94,109007.51988,TP,29,5e-05,0.0008,0.0008500000000000001,0.002000000000000044,0.0011500000000000438,0.0006289184459518798,0.002383768205038092,108652.82054063039,108478.62340142437,25.612319054071587,20.4720791066846,High,Trending,train,2025-07,c555ac9efd53
216,2025-07-06 14:39:00,2025-07-06 14:40:00,LONG,108934.14,108852.439395,SL,1,5e-05,0.0008,0.0008500000000000001,-0.0007500000000000501,-0.0016000000000000502,0.0015828830153705076,0.0,108831.60966761691,108685.32710650969,18.207653692876615,20.015562194182078,High,Ranging,train,2025-07,c555ac9efd53
217,2025-07-06 15:12:00,2025-07-06 15:21:00,LONG,108879.21,108797.5505925,SL,9,5e-05,0.0008,0.0008500000000000001,-0.0007500000000000274,-0.0016000000000000276,0.0010101101945909643,0.0003209979205396245,108858.7591021722,108768.90276804686,20.59765454011082,21.365227865814262,Medium,Ranging,train,2025-07,c555ac9efd53
218,2025-07-06 15:48:00,2025-07-06 15:53:00,SHORT,108718.86,108800.399145,SL,5,5e-05,0.0008,0.0008500000000000001,-0.0007500000000000227,-0.0016000000000000228,0.0007619653112624296,0.0,108801.15509090207,108780.48280842294,64.07651938377978,72.90578300539414,Medium,Ranging,train,2025-07,c555ac9efd53
219,2025-07-07 12:36:00,2025-07-07 12:46:00,SHORT,108450.89,108532.2281675,SL,10,5e-05,0.0008,0.0008500000000000001,-0.0007499999999999838,-0.0015999999999999838,0.0008121648425384222,0.0,108544.73457469323,108625.35303653183,76.87493601416581,78.26330696340455,Medium,Ranging,train,2025-07,c555ac9efd53
220,2025-07-07 12:49:00,2025-07-07 13:12:00,SHORT,108470.63,108253.68874,TP,23,5e-05,0.0008,0.0008500000000000001,0.0020000000000000634,0.0011500000000000633,0.0,0.002446376498412525,108524.56628087659,108595.50739521974,31.23750118010854,58.675467207131355,Medium,Ranging,train,2025-07,c555ac9efd53
221,2025-07-07 13:53:00,2025-07-07 13:54:00,SHORT,108188.46,108269.601345,SL,1,5e-05,0.0008,0.0008500000000000001,-0.0007499999999999663,-0.0015999999999999665,0.0013475559223228946,0.0,108246.05203622757,108339.82666037696,81.6166969912732,81.28611496354203,High,Ranging,train,2025-07,c555ac9efd53
222,2025-07-07 15:23:00,2025-07-07 15:31:00,LONG,108389.77,108606.54954,TP,8,5e-05,0.0008,0.0008500000000000001,0.002000000000000029,0.001150000000000029,0.0,0.0020411520386101997,108310.91650712428,108300.60583167784,51.05969722936072,34.91669046938815,High,Ranging,train,2025-07,c555ac9efd53
223,2025-07-07 15:44:00,2025-07-07 15:51:00,LONG,108458.49,108377.1461325,SL,7,5e-05,0.0008,0.0008500000000000001,-0.0007500000000000649,-0.001600000000000065,0.0007667449546826946,0.00053559661396721,108423.24874539037,108372.76552994839,38.58142174162847,26.42788757024854,Medium,Ranging,train,2025-07,c555ac9efd53
224,2025-07-08 12:23:00,2025-07-08 12:53:00,LONG,108696.0,108857.1,MAX_HOLD,30,5e-05,0.0008,0.0008500000000000001,0.0014821152572312305,0.0006321152572312304,3.679988224037683e-05,0.0015455950540958269,108625.26403726732,108524.29592482545,6.276475704384327,6.142837437996252,Low,Trending,train,2025-07,c555ac9efd53
225,2025-07-08 13:15:00,2025-07-08 13:32:00,LONG,108835.49,108753.8633825,SL,17,5e-05,0.0008,0.0008500000000000001,-0.0007500000000000508,-0.0016000000000000508,0.0007925723493320911,0.000445902343068413,108824.70479300494,108727.83834732688,2.642376497625867,1.767929617297795,Low,Ranging,train,2025-07,c555ac9efd53
226,2025-07-08 13:54:00,2025-07-08 14:01:00,LONG,108999.99,108918.2400075,SL,7,5e-05,0.0008,0.0008500000000000001,-0.0007500000000000101,-0.0016000000000000103,0.00084486246283152,0.0013271560850600897,108886.14498971468,108813.59346429739,24.806663838883082,17.293342944217212,Medium,Ranging,train,2025-07,c555ac9efd53
227,2025-07-08 14:36:00,2025-07-08 14:37:00,SHORT,108637.58,108719.058185,SL,1,5e-05,0.0008,0.0008500000000000001,-0.0007499999999999995,-0.0015999999999999994,0.0011586230105640732,0.0,108684.67528166951,108729.96597363312,91.37077378508333,90.01864295831793,High,Ranging,train,2025-07,c555ac9efd53
228,2025-07-08 15:05:00,2025-07-08 15:06:00,SHORT,108413.63,108494.94022250001,SL,1,5e-05,0.0008,0.0008500000000000001,-0.0007500000000000357,-0.0016000000000000359,0.0009094797397706476,0.0,108567.22936107636,108644.07055796958,82.56621549139003,82.61001077011336,High,Ranging,train,2025-07,c555ac9efd53
229,2025-07-08 15:09:00,2025-07-08 15:29:00,SHORT,108471.01,108254.06797999999,TP,20,5e-05,0.0008,0.0008500000000000001,0.002000000000000021,0.0011500000000000208,0.000525946978828748,0.0021149429695546205,108551.24326664979,108629.88146165441,53.14602788099419,70.20245952712789,Medium,Ranging,train,2025-07,c555ac9efd53
230,2025-07-08 15:45:00,2025-07-08 15:59:00,SHORT,108318.0,108268.35,EOD,14,5e-05,0.0008,0.0008500000000000001,0.0004583725696559591,-0.00039162743034404097,0.0006093170110230986,0.0008054063036614897,108390.24009468697,108486.08768458707,64.4666261852668,74.21355260410792,Medium,Ranging,train,2025-07,c555ac9efd53
231,2025-07-09 12:45:00,2025-07-09 12:56:00,LONG,109450.0,109367.91249999999,SL,11,5e-05,0.0008,0.0008500000000000001,-0.0007500000000000798,-0.0016000000000000799,0.001070625856555441,3.654636820465966e-05,109252.15974046482,109015.81818168168,31.328230885747544,24.86513061733925,Medium,Trending,train,2025-07,c555ac9efd53
232,2025-07-09 12:59:00,2025-07-09 13:05:00,LONG,109330.77,109549.43154,TP,6,5e-05,0.0008,0.0008500000000000001,0.0020000000000000087,0.0011500000000000087,9.146555914051667e-08,0.0028873847682586795,109310.57135003046,109107.59960868946,30.082088129532025,18.776459076405473,Low,Trending,train,2025-07,c555ac9efd53
233,2025-07-09 13:24:00,2025-07-09 13:30:00,LONG,109639.5,109557.270375,SL,6,5e-05,0.0008,0.0008500000000000001,-0.0007500000000000658,-0.0016000000000000658,0.0011287902626334009,0.0,109518.5288125874,109314.6547187644,13.719973542286317,8.690624443635793,High,Trending,train,2025-07,c555ac9efd53
234,2025-07-09 14:09:00,2025-07-09 14:17:00,SHORT,109275.98,109357.936985,SL,8,5e-05,0.0008,0.0008500000000000001,-0.0007499999999999732,-0.0015999999999999734,0.0008466636492301792,0.0008589261793854476,109356.04079939655,109337.80528910304,65.51883338109238,74.5888722273603,High,Ranging,train,2025-07,c555ac9efd53
235,2025-07-09 14:48:00,2025-07-09 14:51:00,SHORT,108671.01,108752.5132575,SL,3,5e-05,0.0008,0.0008500000000000001,-0.0007500000000000714,-0.0016000000000000714,0.000866744497911654,0.00046939841637613165,108980.71365626113,109121.32953561767,61.87856683271554,79.19184941491757,High,Ranging,train,2025-07,c555ac9efd53
236,2025-07-09 14:55:00,2025-07-09 14:56:00,SHORT,108780.03,108861.6150225,SL,1,5e-05,0.0008,0.0008500000000000001,-0.0007500000000000285,-0.0016000000000000285,0.002353097347003868,0.0,108928.78757298352,109074.91992004198,86.52407471695413,89.74794942981198,High,Ranging,train,2025-07,c555ac9efd53
237,2025-07-09 14:59:00,2025-07-09 15:01:00,SHORT,108905.11,108986.78883250001,SL,2,5e-05,0.0008,0.0008500000000000001,-0.0007500000000000814,-0.0016000000000000814,0.0011620207720280794,0.000256737264211077,108933.2826926507,109066.11378132459,71.17615021245014,84.23969375194598,Medium,Ranging,train,2025-07,c555ac9efd53
238,2025-07-10 12:14:00,2025-07-10 12:25:00,LONG,110836.07,110752.9429475,SL,11,5e-05,0.0008,0.0008500000000000001,-0.0007499999999999999,-0.0015999999999999999,0.0007553497701605728,2.0210027295181853e-05,109832.06597559241,109492.18790123262,29.142744011082613,22.051444022568944,Low,Trending,train,2025-07,c555ac9efd53
239,2025-07-10 12:40:00,2025-07-10 13:10:00,LONG,110853.09,110850.01,MAX_HOLD,30,5e-05,0.0008,0.0008500000000000001,-2.778452093668969e-05,-0.0008777845209366898,0.0006593411153446107,0.0011001046520218525,110486.45111082809,110039.54156675281,63.37975931036169,39.005391909195254,Low,Trending,train,2025-07,c555ac9efd53
240,2025-07-10 13:14:00,2025-07-10 13:33:00,LONG,110872.59,110789.4355575,SL,19,5e-05,0.0008,0.0008500000000000001,-0.0007500000000000264,-0.0016000000000000263,0.0013762644130528249,0.0015098411609218178,110766.59282742499,110443.85139535459,44.57352892915449,25.375686330874885,Low,Ranging,train,2025-07,c555ac9efd53
241,2025-07-10 14:48:00,2025-07-10 15:03:00,LONG,111066.99,111289.12398,TP,15,5e-05,0.0008,0.0008500000000000001,0.0019999999999999883,0.0011499999999999883,0.0,0.0020979230642695435,110995.2594889087,110884.03426123156,50.34802632784565,29.75198418707033,Medium,Ranging,train,2025-07,c555ac9efd53
242,2025-07-10 15:39:00,2025-07-10 15:41:00,LONG,111289.11,111205.64316749999,SL,2,5e-05,0.0008,0.0008500000000000001,-0.0007500000000000838,-0.001600000000000084,0.001771152631196355,9.704453562440125e-05,111211.06659681145,111107.10836920167,31.639127657367894,23.728571075173136,High,Ranging,train,2025-07,c555ac9efd53
243,2025-07-11 12:23:00,2025-07-11 12:24:00,LONG,118001.67,117913.16874749999,SL,1,5e-05,0.0008,0.0008500000000000001,-0.0007500000000000478,-0.001600000000000048,0.0009665117451304113,0.0,115451.16052450569,113789.78842269075,6.419121638988478,4.414571248403345,Medium,Trending,train,2025-07,c555ac9efd53
244,2025-07-11 12:31:00,2025-07-11 13:01:00,LONG,117755.66,117818.23,MAX_HOLD,30,5e-05,0.0008,0.0008500000000000001,0.000531354501346198,-0.00031864549865380206,0.00011651244619580208,0.0014394212558445174,116095.23193569973,114383.48939546097,4.154735492008081,1.8172519698992158,Low,Trending,train,2025-07,c555ac9efd53
245,2025-07-11 13:13:00,2025-07-11 13:20:00,LONG,117780.0,117691.665,SL,7,5e-05,0.0008,0.0008500000000000001,-0.0007500000000000543,-0.0016000000000000545,0.0011143657666836475,0.0002978434369162994,117505.77116200814,116341.21786979049,15.057887555014558,14.432383312480932,High,Ranging,train,2025-07,c555ac9efd53
246,2025-07-11 13:23:00,2025-07-11 13:30:00,LONG,117642.64,117554.40802,SL,7,5e-05,0.0008,0.0008500000000000001,-0.0007499999999999731,-0.0015999999999999732,0.0011962499311473792,0.0018402341191935615,117569.25666257883,116587.72636468112,14.214291871391959,10.619660003781943,Low,Ranging,train,2025-07,c555ac9efd53
247,2025-07-11 14:21:00,2025-07-11 14:22:00,LONG,117898.52,117810.09611,SL,1,5e-05,0.0008,0.0008500000000000001,-0.0007500000000000465,-0.0016000000000000467,0.0018528646500396873,0.00011111250590754887,117817.50455035802,117427.98181182033,22.546409907845078,20.523526400095736,High,Ranging,train,2025-07,c555ac9efd53
248,2025-07-11 14:44:00,2025-07-11 14:46:00,LONG,118007.92,117919.41406,SL,2,5e-05,0.0008,0.0008500000000000001,-0.0007500000000000232,-0.0016000000000000233,0.0008950246729202188,0.0001752424752508778,117916.28287750972,117631.3024697003,50.50878081226161,32.45475573557194,Medium,Ranging,train,2025-07,c555ac9efd53
249,2025-07-12 12:15:00,2025-07-12 12:20:00,LONG,117779.52,117691.18536,SL,5,5e-05,0.0008,0.0008500000000000001,-0.000750000000000008,-0.001600000000000008,0.0008259500463238331,0.0,117568.29139505593,117577.87520688969,26.816187926774717,19.423938954515034,Low,Ranging,train,2025-07,c555ac9efd53
250,2025-07-12 12:24:00,2025-07-12 12:31:00,LONG,117700.0,117611.72499999999,SL,7,5e-05,0.0008,0.0008500000000000001,-0.0007500000000000742,-0.0016000000000000742,0.0013132540356840016,0.0006717077315207959,117607.59668334576,117597.84795135201,15.636979829833118,19.25354113959455,Low,Ranging,train,2025-07,c555ac9efd53
251,2025-07-12 12:33:00,2025-07-12 12:35:00,LONG,117660.06,117571.814955,SL,2,5e-05,0.0008,0.0008500000000000001,-0.0007500000000000281,-0.001600000000000028,0.0009184085066759075,0.00016955626233742437,117633.42067578205,117613.79959062894,41.945241050668194,32.4229509340975,Medium,Ranging,train,2025-07,c555ac9efd53
252,2025-07-12 13:35:00,2025-07-12 14:00:00,SHORT,117420.36,117508.42527,SL,25,5e-05,0.0008,0.0008500000000000001,-0.0007500000000000547,-0.0016000000000000547,0.0007613671087364592,0.0015455581979138535,117434.57707594385,117484.10846712717,54.27301587301459,69.46394557823103,Medium,Ranging,train,2025-07,c555ac9efd53
253,2025-07-12 14:07:00,2025-07-12 14:37:00,LONG,117526.12,117470.27,MAX_HOLD,30,5e-05,0.0008,0.0008500000000000001,-0.0004752135099839191,-0.0013252135099839192,0.0006948242654483016,0.0017114493356880957,117426.70198361698,117451.65838172128,53.97076316898741,35.09051730814357,Medium,Ranging,train,2025-07,c555ac9efd53
254,2025-07-12 15:18:00,2025-07-12 15:36:00,SHORT,117401.19,117166.38762000001,TP,18,5e-05,0.0008,0.0008500000000000001,0.0019999999999999463,0.0011499999999999462,0.0003926706364730312,0.0023623269917451136,117416.8326818347,117446.72903356516,80.96392543547664,85.09564712456005,Medium,Ranging,train,2025-07,c555ac9efd53
255,2025-07-13 12:13:00,2025-07-13 12:43:00,LONG,118010.16,118137.08,MAX_HOLD,30,5e-05,0.0008,0.0008500000000000001,0.0010755006179128835,0.0002255006179128834,0.0,0.0015241907984871416,117547.93128529305,117461.95235579651,15.429804583489181,7.33091126584429,Low,Trending,train,2025-07,c555ac9efd53
256,2025-07-13 13:08:00,2025-07-13 13:12:00,LONG,118303.85,118215.1221125,SL,4,5e-05,0.0008,0.0008500000000000001,-0.0007500000000000399,-0.00160000000000004,0.001215936759454623,0.0006613478766751097,118202.30227682112,117987.70965086843,23.7872921885683,20.33695664357816,High,Trending,train,2025-07,c555ac9efd53
257,2025-07-13 13:16:00,2025-07-13 13:34:00,LONG,118265.57,118502.10114000001,TP,18,5e-05,0.0008,0.0008500000000000001,0.0020000000000000543,0.0011500000000000542,0.0007235410948427931,0.0022492598648955462,118217.18662060484,118027.78025935352,30.117036254840837,23.34887311012474,Medium,Trending,train,2025-07,c555ac9efd53
258,2025-07-13 13:56:00,2025-07-13 14:02:00,LONG,118592.79,118503.84540749999,SL,6,5e-05,0.0008,0.0008500000000000001,-0.0007500000000000307,-0.0016000000000000307,0.0011958568476211112,0.0005051740497883851,118467.09602975343,118288.86926672602,43.1288917685002,30.66494442908976,Medium,Ranging,train,2025-07,c555ac9efd53
259,2025-07-13 14:41:00,2025-07-13 14:43:00,LONG,118923.39,118834.19745749999,SL,2,5e-05,0.0008,0.0008500000000000001,-0.0007500000000000683,-0.0016000000000000684,0.0007639371867889556,0.0005254643346443895,118843.23613646918,118640.5238894158,37.37444603335632,18.273034139795275,High,Trending,train,2025-07,c555ac9efd53
260,2025-07-13 15:27:00,2025-07-13 15:30:00,LONG,118939.11,118849.9056675,SL,3,5e-05,0.0008,0.0008500000000000001,-0.0007499999999999806,-0.0015999999999999808,0.0009633500704688454,0.0,118874.40346222655,118769.75920664566,40.988662298822724,28.112957589542727,Medium,Ranging,train,2025-07,c555ac9efd53
261,2025-07-13 15:54:00,2025-07-13 15:59:00,SHORT,118680.7,118672.24,EOD,5,5e-05,0.0008,0.0008500000000000001,7.128370493257835e-05,-0.0007787162950674217,0.0003964418814516843,0.0002460383196256602,118743.98146646778,118733.60725907377,67.23093106855511,76.32945634758373,Medium,Ranging,train,2025-07,c555ac9efd53
262,2025-07-14 12:44:00,2025-07-14 13:14:00,LONG,121862.0,121902.34,MAX_HOLD,30,5e-05,0.0008,0.0008500000000000001,0.0003310301816808891,-0.000518969818319111,0.0005087722177545092,0.000848582823193477,121268.6653471014,120528.51143274546,59.11562891820662,40.07610965321559,High,Trending,train,2025-07,c555ac9efd53
263,2025-07-14 14:12:00,2025-07-14 14:13:00,LONG,121762.98,121671.657765,SL,1,5e-05,0.0008,0.0008500000000000001,-0.0007499999999999971,-0.0015999999999999973,0.001554577590003083,0.0006846908641691416,121737.69823255857,121548.67298697424,34.00606090286161,25.502010865338395,High,Ranging,train,2025-07,c555ac9efd53
264,2025-07-14 14:59:00,2025-07-14 15:05:00,SHORT,121101.85,120859.64630000001,TP,6,5e-05,0.0008,0.0008500000000000001,0.0019999999999999853,0.0011499999999999852,0.0006144414804562353,0.002217307167479308,121148.32521207552,121274.32815112881,91.43828357585318,92.6621706114975,Medium,Ranging,train,2025-07,c555ac9efd53
265,2025-07-15 12:01:00,2025-07-15 12:18:00,SHORT,117200.0,116965.6,TP,17,5e-05,0.0008,0.0008500000000000001,0.00199999999999995,0.00114999999999995,0.0004919795221843301,0.0022084470989761243,119947.08351541955,120383.64733820093,33.948088953019806,63.44952517633305,High,Ranging,train,2025-07,c555ac9efd53
266,2025-07-15 12:35:00,2025-07-15 12:38:00,SHORT,117411.89,117177.06622,TP,3,5e-05,0.0008,0.0008500000000000001,0.0020000000000000516,0.0011500000000000516,3.347190816881976e-05,0.004219760026007563,117838.77934342659,118763.72410838156,85.79135999648635,83.99028437259155,High,Trending,train,2025-07,c555ac9efd53
267,2025-07-15 12:57:00,2025-07-15 12:59:00,SHORT,117216.24,117304.15218,SL,2,5e-05,0.0008,0.0008500000000000001,-0.0007499999999999945,-0.0015999999999999947,0.001648747647936794,0.00021430477551583207,117340.44706202117,118127.1375955229,84.83170480420631,90.47130612773022,Low,Trending,train,2025-07,c555ac9efd53
268,2025-07-15 13:56:00,2025-07-15 13:58:00,LONG,118316.5,118227.762625,SL,2,5e-05,0.0008,0.0008500000000000001,-0.0007499999999999744,-0.0015999999999999745,0.0014320910439372559,0.0002704610092421598,117923.13406049334,117984.5141431172,53.1837942767718,36.65378366206639,Medium,Ranging,train,2025-07,c555ac9efd53
269,2025-07-15 15:10:00,2025-07-15 15:15:00,SHORT,116148.77,116235.88157750001,SL,5,5e-05,0.0008,0.0008500000000000001,-0.0007500000000000613,-0.0016000000000000614,0.0013967431596563263,0.00024769956668507185,116702.56599754751,117159.06380668585,62.84930321238847,72.78753722903457,Low,Ranging,train,2025-07,c555ac9efd53
270,2025-07-15 15:20:00,2025-07-15 15:23:00,SHORT,116300.01,116067.40998,TP,3,5e-05,0.0008,0.0008500000000000001,0.001999999999999983,0.001149999999999983,0.0,0.0024206360773312875,116553.1354863438,116993.72937912801,63.49042440696761,81.52363187141243,High,Ranging,train,2025-07,c555ac9efd53
271,2025-07-15 15:42:00,2025-07-15 15:43:00,SHORT,116369.88,116457.15741000001,SL,1,5e-05,0.0008,0.0008500000000000001,-0.0007500000000000833,-0.0016000000000000833,0.0009781740773471773,0.0,116374.68028412809,116723.30813772052,70.16172795813634,74.15253412002295,Low,Ranging,train,2025-07,c555ac9efd53
272,2025-07-15 15:45:00,2025-07-15 15:46:00,SHORT,116257.93,116345.1234475,SL,1,5e-05,0.0008,0.0008500000000000001,-0.0007500000000000141,-0.0016000000000000142,0.0013032229285349338,0.0,116373.99377092812,116702.69479276647,51.82247583578675,65.20871650488333,High,Ranging,train,2025-07,c555ac9efd53
273,2025-07-16 12:01:00,2025-07-16 12:31:00,LONG,118761.24,118672.16907,SL,30,5e-05,0.0008,0.0008500000000000001,-0.0007500000000000141,-0.0016000000000000142,0.0011892769054954733,0.0019630983980968826,116616.30922829687,116742.18310419166,68.39676411549637,36.34202406923747,Low,Ranging,train,2025-07,c555ac9efd53
274,2025-07-16 12:53:00,2025-07-16 12:56:00,LONG,118892.01,118802.84099249999,SL,3,5e-05,0.0008,0.0008500000000000001,-0.0007500000000000662,-0.0016000000000000662,0.0013741041134723464,0.0,118609.27734370131,118126.78682740092,13.943116758079045,17.73273617247856,Medium,Trending,train,2025-07,c555ac9efd53
275,2025-07-16 12:58:00,2025-07-16 13:01:00,LONG,118668.58,118579.578565,SL,3,5e-05,0.0008,0.0008500000000000001,-0.0007499999999999857,-0.0015999999999999858,0.0013274785962720614,0.0,118631.31045941642,118184.47230618805,7.071119022379091,5.040889160136685,Low,Ranging,train,2025-07,c555ac9efd53
276,2025-07-16 15:17:00,2025-07-16 15:18:00,LONG,119195.98,119106.583015,SL,1,5e-05,0.0008,0.0008500000000000001,-0.000749999999999995,-0.001599999999999995,0.0017589519378085482,0.00016493844842756857,119034.91017400126,118824.10062708869,28.177385757848878,18.51882490736633,High,Ranging,train,2025-07,c555ac9efd53
277,2025-07-17 12:40:00,2025-07-17 12:41:00,SHORT,117704.15,117792.4281125,SL,1,5e-05,0.0008,0.0008500000000000001,-0.0007500000000000321,-0.0016000000000000322,0.0011270630644714184,0.0,118001.38162140815,118296.03911160916,81.23950338877624,85.16003607306045,Medium,Trending,train,2025-07,c555ac9efd53
278,2025-07-17 12:48:00,2025-07-17 12:49:00,SHORT,117952.64,118041.10448000001,SL,1,5e-05,0.0008,0.0008500000000000001,-0.0007500000000000818,-0.0016000000000000818,0.001959260937271144,0.0,117987.03660052721,118244.23050012787,97.20549483547858,97.15265402062482,High,Ranging,train,2025-07,c555ac9efd53
279,2025-07-17 13:29:00,2025-07-17 13:33:00,SHORT,117850.34,117614.63932,TP,4,5e-05,0.0008,0.0008500000000000001,0.001999999999999953,0.0011499999999999531,0.0004553232515069833,0.0021908294876366273,117884.84090675427,118037.08585597256,78.6633966891478,83.85506567638113,Low,Ranging,train,2025-07,c555ac9efd53
280,2025-07-17 13:41:00,2025-07-17 13:42:00,SHORT,117840.01,117928.3900075,SL,1,5e-05,0.0008,0.0008500000000000001,-0.0007500000000000303,-0.0016000000000000302,0.0010596570723306108,0.0,117865.71799642532,117992.93938214796,68.24973184524119,72.11772889616624,High,Ranging,train,2025-07,c555ac9efd53
281,2025-07-17 14:46:00,2025-07-17 15:00:00,LONG,118625.36,118862.61072,TP,14,5e-05,0.0008,0.0008500000000000001,0.0019999999999999693,0.0011499999999999692,0.00014727036444821885,0.002138160002212001,118484.59603971106,118339.36017830175,44.67512495194338,29.93459969463322,Low,Ranging,train,2025-07,c555ac9efd53
282,2025-07-17 15:53:00,2025-07-17 15:59:00,LONG,118861.02,118881.99,EOD,6,5e-05,0.0008,0.0008500000000000001,0.00017642453345933902,-0.0006735754665406611,0.0,0.001169180611103633,118742.5305777592,118622.70005093876,42.69293555701038,26.101174286107987,High,Ranging,train,2025-07,c555ac9efd53
283,2025-07-18 12:29:00,2025-07-18 12:42:00,LONG,119193.3,119431.6866,TP,13,5e-05,0.0008,0.0008500000000000001,0.001999999999999983,0.001149999999999983,0.0,0.002344175385697044,119118.76798932743,118931.16302676083,27.70632638994201,18.530688355747177,Low,Ranging,train,2025-07,c555ac9efd53
284,2025-07-18 13:31:00,2025-07-18 13:32:00,SHORT,118683.01,118772.0222575,SL,1,5e-05,0.0008,0.0008500000000000001,-0.0007499999999999888,-0.001599999999999989,0.0016246638840724296,0.0,119003.81048981758,119034.19090008098,55.710536975395804,66.89545348479193,High,Ranging,train,2025-07,c555ac9efd53
285,2025-07-18 13:35:00,2025-07-18 13:38:00,SHORT,118663.61,118752.6077075,SL,3,5e-05,0.0008,0.0008500000000000001,-0.0007500000000000512,-0.0016000000000000513,0.0008078297971888819,0.0006719836013753942,118970.41747704332,119014.62887949287,45.30365838460467,67.47084588322444,High,Ranging,train,2025-07,c555ac9efd53
286,2025-07-18 13:51:00,2025-07-18 14:06:00,SHORT,118803.81,118892.9128575,SL,15,5e-05,0.0008,0.0008500000000000001,-0.0007500000000000768,-0.0016000000000000768,0.0015132511322658662,0.0015433006736062696,118857.94659526862,118935.85127098704,75.8902040110651,83.38830475738571,Low,Ranging,train,2025-07,c555ac9efd53
287,2025-07-18 14:49:00,2025-07-18 14:50:00,SHORT,117947.39,118035.8505425,SL,1,5e-05,0.0008,0.0008500000000000001,-0.0007500000000000383,-0.0016000000000000385,0.0018025833382154584,0.0005257428757007236,118121.43100378953,118408.3752599807,90.06235228888715,93.28826393905932,Medium,Trending,train,2025-07,c555ac9efd53
288,2025-07-18 15:35:00,2025-07-18 15:42:00,SHORT,117865.99,117630.25802000001,TP,7,5e-05,0.0008,0.0008500000000000001,0.001999999999999973,0.001149999999999973,8.908422183433563e-06,0.0030966523931119164,117895.16630303128,118095.75142887955,75.59557295659188,83.6003432597596,Medium,Ranging,train,2025-07,c555ac9efd53
289,2025-07-19 12:19:00,2025-07-19 12:45:00,LONG,118210.63,118121.9720275,SL,26,5e-05,0.0008,0.0008500000000000001,-0.0007500000000000396,-0.0016000000000000398,0.0009404399587414283,0.0008964506829885025,118052.86835662932,118062.14514805484,45.08030814196653,31.777792096026076,Low,Ranging,train,2025-07,c555ac9efd53
290,2025-07-19 13:46:00,2025-07-19 13:50:00,LONG,118265.01,118176.31124249999,SL,4,5e-05,0.0008,0.0008500000000000001,-0.0007500000000000794,-0.0016000000000000794,0.0008167250820846886,0.0,118256.44478428864,118218.31011720217,32.300008611035565,25.217610202330274,Low,Ranging,train,2025-07,c555ac9efd53
291,2025-07-19 14:03:00,2025-07-19 14:29:00,SHORT,118171.85,117935.50630000001,TP,26,5e-05,0.0008,0.0008500000000000001,0.0019999999999999797,0.0011499999999999796,0.0004416449433599269,0.002862864548536832,118215.01223932738,118205.38246669585,65.1831247102437,76.13233964647604,Low,Ranging,train,2025-07,c555ac9efd53
292,2025-07-19 15:09:00,2025-07-19 15:10:00,SHORT,117837.53,117925.9081475,SL,1,5e-05,0.0008,0.0008500000000000001,-0.0007499999999999968,-0.0015999999999999968,0.0010064705191971167,0.0,117856.88523595686,117957.10661685413,97.63931073080262,98.20410313215086,High,Ranging,train,2025-07,c555ac9efd53
293,2025-07-19 15:50:00,2025-07-19 15:51:00,LONG,118176.23,118087.5978275,SL,1,5e-05,0.0008,0.0008500000000000001,-0.0007500000000000137,-0.0016000000000000137,0.00099131610476992,0.0,118103.70502859446,118066.71705497225,18.396686159847082,16.863670137668308,High,Ranging,train,2025-07,c555ac9efd53
294,2025-07-20 12:11:00,2025-07-20 12:18:00,SHORT,117889.23,117977.6469225,SL,7,5e-05,0.0008,0.0008500000000000001,-0.000750000000000066,-0.0016000000000000662,0.0007621561358913433,0.0006990460451729894,118002.12425657698,118021.0034784164,69.61288506806027,82.23527104015471,High,Ranging,train,2025-07,c555ac9efd53
295,2025-07-20 13:20:00,2025-07-20 13:50:00,LONG,118132.21,118199.99,MAX_HOLD,30,5e-05,0.0008,0.0008500000000000001,0.0005737639209492384,-0.0002762360790507616,0.00037711983886530955,0.000573848571867009,118054.09519464964,118023.94635309423,57.795874562344636,33.658244990285716,Medium,Ranging,train,2025-07,c555ac9efd53
296,2025-07-20 14:30:00,2025-07-20 14:33:00,LONG,118637.34,118548.361995,SL,3,5e-05,0.0008,0.0008500000000000001,-0.0007499999999999765,-0.0015999999999999764,0.0008852187683910438,0.00030909324163874756,118481.92035440227,118338.32887707393,29.68437259430118,15.45258001883949,High,Trending,train,2025-07,c555ac9efd53
297,2025-07-20 14:37:00,2025-07-20 14:53:00,LONG,118540.55,118451.6445875,SL,16,5e-05,0.0008,0.0008500000000000001,-0.0007499999999999713,-0.0015999999999999712,0.0008753122876518568,0.0011013952609465508,118502.10879525838,118367.9763188694,10.336322325097576,9.6340307647457,High,Trending,train,2025-07,c555ac9efd53
298,2025-07-20 15:40:00,2025-07-20 15:59:00,LONG,118639.99,118671.11,EOD,19,5e-05,0.0008,0.0008500000000000001,0.00026230615831976503,-0.0005876938416802351,0.0005835300559281105,0.0011451450729218755,118575.6218217718,118506.38596592179,16.59072691220199,11.788518854701465,Medium,Ranging,train,2025-07,c555ac9efd53
299,2025-07-21 12:54:00,2025-07-21 13:02:00,SHORT,118290.8,118054.2184,TP,8,5e-05,0.0008,0.0008500000000000001,0.002000000000000042,0.001150000000000042,0.0,0.002006411318547144,118296.11711503788,118350.85275231919,69.46537979634927,81.13899581333004,High,Ranging,train,2025-07,c555ac9efd53
300,2025-07-21 13:20:00,2025-07-21 13:21:00,SHORT,118137.04,118225.64278,SL,1,5e-05,0.0008,0.0008500000000000001,-0.0007500000000000091,-0.0016000000000000092,0.0009419569002237858,0.0,118153.63646410477,118239.77552883091,76.46551753957017,84.20306109697114,High,Ranging,train,2025-07,c555ac9efd53
301,2025-07-21 14:30:00,2025-07-21 14:40:00,LONG,118920.54,118831.34959499999,SL,10,5e-05,0.0008,0.0008500000000000001,-0.0007500000000000101,-0.0016000000000000103,0.001535731337916815,0.0010546538049693755,118756.66296957605,118623.28383450546,39.19849958939244,27.474150612775606,Medium,Trending,train,2025-07,c555ac9efd53
302,2025-07-21 14:44:00,2025-07-21 14:45:00,LONG,118870.01,119107.75001999999,TP,1,5e-05,0.0008,0.0008500000000000001,0.001999999999999979,0.0011499999999999787,0.0,0.0024855722650314106,118821.56261648342,118693.50898250827,52.89759424507914,28.521259901807213,High,Trending,train,2025-07,c555ac9efd53
303,2025-07-21 15:54:00,2025-07-21 15:59:00,SHORT,118488.96,118313.16,EOD,5,5e-05,0.0008,0.0008500000000000001,0.001483682530423112,0.0006336825304231119,0.0006863930614294124,0.0018479358752073306,118623.17460306463,118679.22617392191,77.52722941710384,82.0966470810939,Low,Ranging,train,2025-07,c555ac9efd53
304,2025-07-22 12:01:00,2025-07-22 12:31:00,LONG,119152.76,119140.85,MAX_HOLD,30,5e-05,0.0008,0.0008500000000000001,-9.99557207066705e-05,-0.0009499557207066706,0.0005917613658298369,0.0012357246277803825,118626.4901886779,118672.53000929304,68.78094724504894,39.32844944807296,Low,Ranging,train,2025-07,c555ac9efd53
305,2025-07-22 12:34:00,2025-07-22 12:36:00,LONG,119115.0,119353.23,TP,2,5e-05,0.0008,0.0008500000000000001,0.0019999999999999658,0.0011499999999999657,0.0,0.002038282332199921,119048.64719685311,118929.42403669796,29.26076384338704,15.795040129379709,Medium,Ranging,train,2025-07,c555ac9efd53
306,2025-07-22 14:12:00,2025-07-22 14:13:00,SHORT,118250.0,118338.6875,SL,1,5e-05,0.0008,0.0008500000000000001,-0.00075,-0.0016,0.0013995771670190275,0.0,118570.88927903111,118798.05439745092,91.568490654083,93.52870521120953,High,Trending,train,2025-07,c555ac9efd53
307,2025-07-22 14:33:00,2025-07-22 14:34:00,SHORT,118404.01,118492.8130075,SL,1,5e-05,0.0008,0.0008500000000000001,-0.0007499999999999897,-0.0015999999999999899,0.001278335083414832,0.0,118464.50679135747,118655.44273696118,83.51916850002863,81.69674532471085,High,Trending,train,2025-07,c555ac9efd53
308,2025-07-22 14:55:00,2025-07-22 14:57:00,LONG,118660.0,118897.32,TP,2,5e-05,0.0008,0.0008500000000000001,0.002000000000000059,0.001150000000000059,0.0,0.002812068093713071,118585.49383255321,118660.51851999307,58.79102678341704,32.7170342488402,High,Ranging,train,2025-07,c555ac9efd53
309,2025-07-22 15:34:00,2025-07-22 15:44:00,LONG,118960.0,118870.78,SL,10,5e-05,0.0008,0.0008500000000000001,-0.0007500000000000098,-0.0016000000000000098,0.0010857431069267274,0.0015300100874243003,118894.3279865488,118839.88981406747,76.35623121898523,44.76983941464446,High,Ranging,train,2025-07,c555ac9efd53
310,2025-07-23 12:17:00,2025-07-23 12:41:00,SHORT,118600.0,118362.8,TP,24,5e-05,0.0008,0.0008500000000000001,0.0019999999999999753,0.0011499999999999753,0.00035311973018553675,0.0032040472175379428,118730.53343419413,118782.009451939,75.24582785255309,84.6762865456716,Low,Ranging,train,2025-07,c555ac9efd53
311,2025-07-23 13:07:00,2025-07-23 13:18:00,SHORT,118118.91,117882.67218000001,TP,11,5e-05,0.0008,0.0008500000000000001,0.0019999999999999562,0.0011499999999999562,0.00024052033666754536,0.002383784272983953,118260.24985513005,118439.07527967155,75.72442158546049,83.34651452558349,High,Trending,train,2025-07,c555ac9efd53
312,2025-07-23 13:30:00,2025-07-23 13:33:00,SHORT,118071.0,117834.858,TP,3,5e-05,0.0008,0.0008500000000000001,0.0020000000000000603,0.0011500000000000603,0.0,0.0021440489197177477,118104.31004564297,118277.84160114323,65.06216767666008,79.54900708876998,High,Ranging,train,2025-07,c555ac9efd53
313,2025-07-23 13:57:00,2025-07-23 14:01:00,SHORT,117405.98,117494.034485,SL,4,5e-05,0.0008,0.0008500000000000001,-0.0007500000000000049,-0.001600000000000005,0.0015452364521807004,0.000894162290540873,117789.4425418327,118016.51876066328,39.605487026795636,60.02444920394847,Medium,Trending,train,2025-07,c555ac9efd53
314,2025-07-23 15:55:00,2025-07-23 15:56:00,LONG,118388.19,118624.96638,TP,1,5e-05,0.0008,0.0008500000000000001,0.0019999999999999636,0.0011499999999999636,0.0,0.0027033946544837194,118128.37859114731,118063.6961068196,61.68571428571505,37.132168980447155,High,Ranging,train,2025-07,c555ac9efd53
315,2025-07-24 12:12:00,2025-07-24 12:16:00,LONG,118582.21,118493.2733425,SL,4,5e-05,0.0008,0.0008500000000000001,-0.0007500000000000183,-0.0016000000000000185,0.0008619336745369006,0.0,118362.49452700192,118219.18874408999,7.099098022359985,8.25755169471656,Medium,Ranging,train,2025-07,c555ac9efd53
316,2025-07-24 12:20:00,2025-07-24 12:24:00,LONG,118422.0,118333.1835,SL,4,5e-05,0.0008,0.0008500000000000001,-0.0007500000000000068,-0.0016000000000000068,0.0008458732330141212,0.0008598908986506033,118395.97750244808,118258.74730278118,29.11186238153806,17.55798821521295,Low,Ranging,train,2025-07,c555ac9efd53
317,2025-07-24 14:08:00,2025-07-24 14:09:00,SHORT,118335.62,118098.94876,TP,1,5e-05,0.0008,0.0008500000000000001,0.0019999999999999666,0.0011499999999999666,0.0,0.0031740231723972148,118469.8943730016,118476.31189084436,41.4393939393939,65.79259606372943,High,Ranging,train,2025-07,c555ac9efd53
318,2025-07-24 14:30:00,2025-07-24 14:31:00,SHORT,118151.02,118239.63326500001,SL,1,5e-05,0.0008,0.0008500000000000001,-0.0007500000000000612,-0.0016000000000000612,0.0016925795477685756,0.0,118249.4542432972,118336.57275853002,86.20414935391044,85.56208452083825,High,Ranging,train,2025-07,c555ac9efd53
319,2025-07-24 15:20:00,2025-07-24 15:21:00,LONG,119129.49,119040.1428825,SL,1,5e-05,0.0008,0.0008500000000000001,-0.0007500000000000112,-0.0016000000000000111,0.0018034157621258267,0.0,118971.6969579663,118767.72489779755,11.314825898411208,8.779594905219406,High,Trending,train,2025-07,c555ac9efd53
320,2025-07-24 15:29:00,2025-07-24 15:30:00,LONG,119031.64,118942.36627,SL,1,5e-05,0.0008,0.0008500000000000001,-0.0007500000000000067,-0.0016000000000000068,0.0013429202521279705,0.0,118967.43114930969,118798.88777938746,58.775328452106464,39.08695052394879,Low,Trending,train,2025-07,c555ac9efd53
321,2025-07-25 12:01:00,2025-07-25 12:12:00,SHORT,116613.63,116380.40274,TP,11,5e-05,0.0008,0.0008500000000000001,0.001999999999999997,0.001149999999999997,0.0,0.0025149718776441383,118779.24818845869,118773.38800753468,33.351754752087565,64.55303997486162,Medium,Ranging,train,2025-07,c555ac9efd53
322,2025-07-25 12:18:00,2025-07-25 12:29:00,SHORT,116463.75,116230.8225,TP,11,5e-05,0.0008,0.0008500000000000001,0.002000000000000045,0.001150000000000045,0.00024591342799797723,0.0020657071406339034,117645.71315421391,118113.12052385951,60.29560760474248,69.66555860385961,Low,Trending,train,2025-07,c555ac9efd53
323,2025-07-25 12:47:00,2025-07-25 12:53:00,SHORT,116451.17,116218.26766,TP,6,5e-05,0.0008,0.0008500000000000001,0.002000000000000005,0.0011500000000000048,0.0001811918248653562,0.002145105111438579,116692.96326489627,117296.62254985538,93.02314580165432,96.92112226781116,Medium,Trending,train,2025-07,c555ac9efd53
324,2025-07-25 13:15:00,2025-07-25 13:33:00,SHORT,116089.89,116176.9574175,SL,18,5e-05,0.0008,0.0008500000000000001,-0.0007500000000000189,-0.001600000000000019,0.0031019927747368923,0.0019027496709661748,116296.89732014737,116789.44933352087,87.55631805809007,90.32248520970137,Low,Ranging,train,2025-07,c555ac9efd53
325,2025-07-25 13:57:00,2025-07-25 13:58:00,SHORT,116029.29,116116.31196749999,SL,1,5e-05,0.0008,0.0008500000000000001,-0.0007499999999999752,-0.0015999999999999751,0.001767312374315246,0.0,116034.60268021036,116335.45656850642,91.77048920125516,89.97616162503802,Medium,Ranging,train,2025-07,c555ac9efd53
326,2025-07-25 14:24:00,2025-07-25 14:25:00,SHORT,115544.0,115630.65800000001,SL,1,5e-05,0.0008,0.0008500000000000001,-0.0007500000000000897,-0.0016000000000000896,0.0014193727065014193,0.0,115839.26589678237,116098.6565419202,66.77488174972991,72.20737547815725,High,Ranging,train,2025-07,c555ac9efd53
327,2025-07-25 15:13:00,2025-07-25 15:14:00,SHORT,115259.99,115346.43499250001,SL,1,5e-05,0.0008,0.0008500000000000001,-0.0007500000000000701,-0.0016000000000000701,0.0014036093530807943,0.0,115288.86213052932,115547.56270415496,75.8920690959512,80.90838777335968,High,Ranging,train,2025-07,c555ac9efd53
328,2025-07-26 12:12:00,2025-07-26 12:42:00,LONG,117793.54,117932.83,MAX_HOLD,30,5e-05,0.0008,0.0008500000000000001,0.0011824926901764575,0.0003324926901764574,4.7116335921208914e-05,0.0016678333973153912,116434.91054216743,116052.4521266267,62.04816341400817,35.55790306548939,Low,Ranging,train,2025-07,c555ac9efd53
329,2025-07-26 12:43:00,2025-07-26 13:13:00,LONG,117932.82,118119.99,MAX_HOLD,30,5e-05,0.0008,0.0008500000000000001,0.00158709000598814,0.00073709000598814,0.0006585952917941995,0.00174455253423085,117488.24475551806,116912.16585897916,39.841676791612066,23.628594956768918,Low,Trending,train,2025-07,c555ac9efd53
330,2025-07-26 13:28:00,2025-07-26 13:58:00,LONG,118086.03,118125.23,MAX_HOLD,30,5e-05,0.0008,0.0008500000000000001,0.00033196136748772984,-0.0005180386325122702,6.647695751991849e-05,0.0011345118469983382,117972.43080814587,117588.03185396297,2.0590732289654947,5.124908887135934,Low,Ranging,train,2025-07,c555ac9efd53
331,2025-07-26 14:01:00,2025-07-26 14:27:00,LONG,118149.99,118061.3775075,SL,26,5e-05,0.0008,0.0008500000000000001,-0.000750000000000034,-0.0016000000000000341,0.0008851460757635421,0.0005151079572668655,118109.37653474134,117864.25597447962,30.746101654072945,16.40684616873216,Low,Ranging,train,2025-07,c555ac9efd53
332,2025-07-26 15:38:00,2025-07-26 15:51:00,SHORT,117925.99,118014.4344925,SL,13,5e-05,0.0008,0.0008500000000000001,-0.0007499999999999906,-0.0015999999999999908,0.001236538272860736,0.0,117965.27085244893,117979.35241516592,91.88997960111452,93.24415631019706,Medium,Ranging,train,2025-07,c555ac9efd53
333,2025-07-27 12:10:00,2025-07-27 12:28:00,LONG,118074.31,117985.7542675,SL,18,5e-05,0.0008,0.0008500000000000001,-0.0007499999999999767,-0.0015999999999999769,0.0010061460448085864,0.00029710103747378875,118033.69821763659,118013.62115031217,40.55330634278468,23.24402025942778,Low,Ranging,train,2025-07,c555ac9efd53
334,2025-07-27 13:36:00,2025-07-27 14:06:00,LONG,118137.12,118164.16,MAX_HOLD,30,5e-05,0.0008,0.0008500000000000001,0.00022888656842157782,-0.0006211134315784223,8.464739951982333e-08,0.0006812422716925085,118125.3722599305,118087.35632250561,29.980487804883523,17.227100271007284,Low,Ranging,train,2025-07,c555ac9efd53
335,2025-07-27 14:09:00,2025-07-27 14:39:00,LONG,118250.0,118290.0,MAX_HOLD,30,5e-05,0.0008,0.0008500000000000001,0.00033826638477801266,-0.0005117336152219874,0.0,0.0016913319238900633,118166.84145107755,118130.97720976644,71.25928772738861,37.931825522785296,Medium,Ranging,train,2025-07,c555ac9efd53
336,2025-07-27 15:34:00,2025-07-27 15:36:00,LONG,118434.83,118346.0038775,SL,2,5e-05,0.0008,0.0008500000000000001,-0.0007500000000000201,-0.0016000000000000202,0.0007957118695573358,0.0,118410.06873810313,118353.72723796207,21.887628009967443,16.92901596282547,Medium,Ranging,train,2025-07,c555ac9efd53
337,2025-07-28 12:30:00,2025-07-28 12:55:00,LONG,118930.12,118840.92241,SL,25,5e-05,0.0008,0.0008500000000000001,-0.0007499999999999675,-0.0015999999999999676,0.0009269308733564777,0.000767509525761841,118805.87170059768,118648.7055070702,34.86550768058665,26.714059824009183,High,Trending,train,2025-07,c555ac9efd53
338,2025-07-28 12:58:00,2025-07-28 13:01:00,LONG,118899.99,118810.8150075,SL,3,5e-05,0.0008,0.0008500000000000001,-0.0007500000000000337,-0.0016000000000000337,0.0009608074819855345,0.0,118886.95408615333,118769.38443906115,26.217020854802257,20.512511569068195,High,Trending,train,2025-07,c555ac9efd53
339,2025-07-28 13:32:00,2025-07-28 13:38:00,SHORT,118540.01,118628.91500749999,SL,6,5e-05,0.0008,0.0008500000000000001,-0.0007499999999999809,-0.001599999999999981,0.001012232072529817,0.0018629996741184392,118703.70811657653,118715.3612664856,40.65236226741367,63.78689306874139,High,Ranging,train,2025-07,c555ac9efd53
340,2025-07-28 14:05:00,2025-07-28 14:06:00,SHORT,118391.87,118480.6639025,SL,1,5e-05,0.0008,0.0008500000000000001,-0.0007500000000000735,-0.0016000000000000736,0.0017566239979147317,0.0,118563.08051449287,118622.78624049426,56.00829458681355,70.01582562714351,High,Ranging,train,2025-07,c555ac9efd53
341,2025-07-28 14:11:00,2025-07-28 14:14:00,SHORT,118387.92,118476.71094,SL,3,5e-05,0.0008,0.0008500000000000001,-0.0007500000000000526,-0.0016000000000000528,0.0009571922540746301,0.0007426433372593949,118552.59062006268,118610.8319699979,27.083460902577553,55.133382438634335,High,Ranging,train,2025-07,c555ac9efd53
342,2025-07-28 14:41:00,2025-07-28 14:42:00,SHORT,118063.64,118152.18773,SL,1,5e-05,0.0008,0.0008500000000000001,-0.0007500000000000482,-0.0016000000000000482,0.0011467544114343706,0.0,118271.89568997908,118409.6481686176,73.75410455351289,79.9543935902653,High,Trending,train,2025-07,c555ac9efd53
343,2025-07-28 14:47:00,2025-07-28 15:14:00,SHORT,118101.21,118189.78590750002,SL,27,5e-05,0.0008,0.0008500000000000001,-0.0007500000000000815,-0.0016000000000000816,0.0008136241787869617,0.0016444370044981452,118249.83623420993,118382.55076715873,36.18352651123529,63.9180244622061,High,Trending,train,2025-07,c555ac9efd53
344,2025-07-28 15:42:00,2025-07-28 15:50:00,LONG,118285.0,118196.28624999999,SL,8,5e-05,0.0008,0.0008500000000000001,-0.0007500000000000836,-0.0016000000000000836,0.0014431246565498339,0.0008454157331867946,118249.2024905312,118273.14923051164,21.444708676136987,14.018395124655157,Medium,Ranging,train,2025-07,c555ac9efd53
345,2025-07-29 12:13:00,2025-07-29 12:26:00,LONG,118542.28,118779.36456,TP,13,5e-05,0.0008,0.0008500000000000001,0.002000000000000025,0.0011500000000000251,0.0004706337688122212,0.0031422543922725735,118381.26297749601,118337.51553774872,29.668035386801932,15.272270822899827,Low,Ranging,train,2025-07,c555ac9efd53
346,2025-07-29 12:57:00,2025-07-29 13:06:00,LONG,118894.0,118804.82949999999,SL,9,5e-05,0.0008,0.0008500000000000001,-0.0007500000000000627,-0.0016000000000000627,0.0010424411660807302,0.0004625969350850337,118809.34916775285,118654.87857166797,43.52611247459627,32.857960235486615,Low,Trending,train,2025-07,c555ac9efd53
347,2025-07-29 13:10:00,2025-07-29 13:40:00,LONG,118851.98,118906.75,MAX_HOLD,30,5e-05,0.0008,0.0008500000000000001,0.00046082530556078305,-0.000389174694439217,0.0002660452101849321,0.001493959124618687,118833.8095158974,118704.78175847996,32.75399575276618,23.950920854910816,Medium,Ranging,train,2025-07,c555ac9efd53
348,2025-07-29 14:20:00,2025-07-29 14:24:00,SHORT,118263.1,118351.797325,SL,4,5e-05,0.0008,0.0008500000000000001,-0.0007500000000000085,-0.0016000000000000085,0.0008193595466379131,0.0011767829525863333,118481.71563269284,118592.34356366428,55.80699255781729,70.70593026461728,Medium,Ranging,train,2025-07,c555ac9efd53
349,2025-07-29 14:28:00,2025-07-29 14:50:00,SHORT,118249.99,118013.49002000001,TP,22,5e-05,0.0008,0.0008500000000000001,0.001999999999999943,0.0011499999999999427,0.0005679493080717296,0.002384693647754264,118423.91763963243,118544.65197247875,56.808285600472466,69.2852204411105,Medium,Ranging,train,2025-07,c555ac9efd53
350,2025-07-29 15:15:00,2025-07-29 15:28:00,SHORT,117780.0,117544.44,TP,13,5e-05,0.0008,0.0008500000000000001,0.00199999999999998,0.00114999999999998,0.00033324842927491934,0.0020984038037017675,117962.91650205663,118165.47309642582,52.842653974726915,68.22633954709244,Medium,Trending,train,2025-07,c555ac9efd53
351,2025-07-29 15:51:00,2025-07-29 15:53:00,SHORT,117459.12,117547.21434,SL,2,5e-05,0.0008,0.0008500000000000001,-0.0007500000000000899,-0.00160000000000009,0.0009345379056134941,0.0008557871027808613,117618.21650356147,117836.88833541312,49.24391769385519,67.1228798206596,High,Trending,train,2025-07,c555ac9efd53
352,2025-07-30 12:35:00,2025-07-30 12:36:00,LONG,117714.33,117626.0442525,SL,1,5e-05,0.0008,0.0008500000000000001,-0.000750000000000047,-0.0016000000000000471,0.0009643685692303059,0.0,117615.7465364746,117694.29844242355,37.73842317827541,23.4555848291171,Low,Ranging,train,2025-07,c555ac9efd53
353,2025-07-30 14:01:00,2025-07-30 14:02:00,SHORT,117617.45,117705.6630875,SL,1,5e-05,0.0008,0.0008500000000000001,-0.0007500000000000022,-0.0016000000000000022,0.0008491086994320137,0.0,117628.7112657868,117649.07608615072,65.61790082041291,75.64788484054769,Medium,Ranging,train,2025-07,c555ac9efd53
354,2025-07-30 14:31:00,2025-07-30 14:39:00,LONG,117828.43,118064.08686,TP,8,5e-05,0.0008,0.0008500000000000001,0.002000000000000024,0.0011500000000000238,0.0,0.0020031668078749195,117767.48866149709,117727.41859114799,30.257203817025907,17.708758490723085,Medium,Ranging,train,2025-07,c555ac9efd53
355,2025-07-30 15:09:00,2025-07-30 15:22:00,LONG,118371.89,118283.11108249999,SL,13,5e-05,0.0008,0.0008500000000000001,-0.0007500000000000599,-0.00160000000000006,0.0008941311995609474,0.0007382664921545091,118264.46569709109,118066.13481058243,11.830462633340142,7.658658214111282,Low,Ranging,train,2025-07,c555ac9efd53
356,2025-07-31 12:25:00,2025-07-31 12:32:00,LONG,118385.99,118297.2005075,SL,7,5e-05,0.0008,0.0008500000000000001,-0.0007500000000000004,-0.0016000000000000005,0.0008518744489952385,0.001337066995849708,118306.16163261209,118231.01839667292,29.064928628106134,14.376322027708879,Low,Ranging,train,2025-07,c555ac9efd53
357,2025-07-31 12:46:00,2025-07-31 12:58:00,LONG,118392.64,118629.42528,TP,12,5e-05,0.0008,0.0008500000000000001,0.0019999999999999697,0.0011499999999999696,0.0,0.002132396067863732,118371.1800112652,118297.23342346375,36.86670274480674,24.97299978488033,Low,Ranging,train,2025-07,c555ac9efd53
358,2025-07-31 13:23:00,2025-07-31 13:33:00,SHORT,118208.39,117971.97322,TP,10,5e-05,0.0008,0.0008500000000000001,0.001999999999999996,0.001149999999999996,0.0,0.0024058359986122765,118371.8028016199,118350.33918412443,36.59883630480191,59.074035547487945,Low,Ranging,train,2025-07,c555ac9efd53
359,2025-07-31 14:07:00,2025-07-31 14:11:00,LONG,118446.8,118357.9649,SL,4,5e-05,0.0008,0.0008500000000000001,-0.0007499999999999713,-0.0015999999999999712,0.0012482397160582287,0.0003272355183930234,118419.94978857905,118375.30261252979,21.69997475824572,14.450748338900775,Medium,Ranging,train,2025-07,c555ac9efd53
360,2025-07-31 14:51:00,2025-07-31 14:54:00,SHORT,118010.35,118098.8577625,SL,3,5e-05,0.0008,0.0008500000000000001,-0.0007499999999999798,-0.00159999999999998,0.001061008631869932,0.0002737048064004802,118136.97749018176,118212.3230366612,59.67867955855019,76.61801427534714,High,Ranging,train,2025-07,c555ac9efd53
361,2025-08-01 12:16:00,2025-08-01 12:30:00,SHORT,115437.34,115523.918005,SL,14,5e-05,0.0008,0.0008500000000000001,-0.0007500000000000263,-0.0016000000000000263,0.0012964609198375802,0.0025530733816285195,116844.6357485067,117396.79019230058,46.548977535028655,66.64752805046267,Medium,Trending,train,2025-08,c555ac9efd53
362,2025-08-01 12:34:00,2025-08-01 12:35:00,SHORT,115801.53,115569.92694,TP,1,5e-05,0.0008,0.0008500000000000001,0.0019999999999999484,0.0011499999999999484,0.0,0.002016553667296141,116123.82605913526,116801.10988161391,83.35823771124221,88.03336201085096,High,Trending,train,2025-08,c555ac9efd53
363,2025-08-01 12:48:00,2025-08-01 13:10:00,SHORT,115848.01,115934.89600749999,SL,22,5e-05,0.0008,0.0008500000000000001,-0.0007499999999999784,-0.0015999999999999786,0.0008803776603500159,0.0018286891591835826,115967.13348747858,116545.1016883816,82.67974653348928,79.19200566203676,Medium,Trending,train,2025-08,c555ac9efd53
364,2025-08-01 14:46:00,2025-08-01 14:47:00,LONG,115742.02,115655.213485,SL,1,5e-05,0.0008,0.0008500000000000001,-0.0007500000000000333,-0.0016000000000000333,0.0009397624129940369,0.0,115397.70888275284,115437.40046977451,62.33968911187526,34.99199069425768,Medium,Ranging,train,2025-08,c555ac9efd53
365,2025-08-02 12:35:00,2025-08-02 13:05:00,SHORT,113684.36,113569.23,MAX_HOLD,30,5e-05,0.0008,0.0008500000000000001,0.0010127162610582903,0.00016271626105829025,0.0005013002668089546,0.0010500125083168462,114069.05429456344,114457.76208582296,52.66354313716562,69.79120657322652,Low,Ranging,train,2025-08,c555ac9efd53
366,2025-08-02 13:51:00,2025-08-02 13:55:00,SHORT,113403.98,113489.032985,SL,4,5e-05,0.0008,0.0008500000000000001,-0.0007500000000000183,-0.0016000000000000185,0.0008467074965094177,8.818032660547991e-08,113456.04561345918,113676.03528146949,71.6463827853761,83.81900974233052,Low,Ranging,train,2025-08,c555ac9efd53
367,2025-08-02 14:10:00,2025-08-02 14:19:00,SHORT,113473.23,113246.28353999999,TP,9,5e-05,0.0008,0.0008500000000000001,0.0020000000000000573,0.0011500000000000572,0.0,0.0020752031117823645,113473.6186449518,113616.81136017057,34.93809523809298,62.643285043282646,Low,Ranging,train,2025-08,c555ac9efd53
368,2025-08-02 14:31:00,2025-08-02 14:44:00,SHORT,113214.2,112987.7716,TP,13,5e-05,0.0008,0.0008500000000000001,0.002000000000000038,0.0011500000000000381,0.000316303078589061,0.0020951435420644856,113351.56575328624,113495.22726452525,42.42490283681186,58.94311622057987,Medium,Ranging,train,2025-08,c555ac9efd53
369,2025-08-02 15:02:00,2025-08-02 15:09:00,SHORT,113145.99,113230.84949250001,SL,7,5e-05,0.0008,0.0008500000000000001,-0.0007500000000000621,-0.0016000000000000623,0.0010969898270366924,0.0,113171.05301031534,113311.18156581803,77.59355707175712,82.36978988171039,Medium,Ranging,train,2025-08,c555ac9efd53
370,2025-08-03 12:13:00,2025-08-03 12:19:00,LONG,113743.2,113657.89259999999,SL,6,5e-05,0.0008,0.0008500000000000001,-0.0007500000000000452,-0.0016000000000000454,0.0007631225427102711,0.0002084520217472904,113381.80452378678,113319.35117421683,28.61407507288602,13.518285081500936,Medium,Ranging,train,2025-08,c555ac9efd53
371,2025-08-03 13:03:00,2025-08-03 13:19:00,LONG,113978.71,113893.22596750001,SL,16,5e-05,0.0008,0.0008500000000000001,-0.0007499999999999722,-0.001599999999999972,0.0008044484798959588,0.0010233490096527625,113873.73419664652,113701.4033163963,30.81718340936204,14.54205050374297,Medium,Ranging,train,2025-08,c555ac9efd53
372,2025-08-03 15:27:00,2025-08-03 15:32:00,LONG,113805.39,113720.03595749999,SL,5,5e-05,0.0008,0.0008500000000000001,-0.0007500000000000888,-0.0016000000000000888,0.0009815879546654725,0.0005433837536165599,113788.35569448041,113796.99457403278,56.727635377073966,32.82942934895484,High,Ranging,train,2025-08,c555ac9efd53
373,2025-08-03 15:54:00,2025-08-03 15:59:00,LONG,113906.98,113959.06,EOD,5,5e-05,0.0008,0.0008500000000000001,0.00045721517680480817,-0.0003927848231951919,0.0,0.0005036565801324019,113843.84891808685,113825.32428574904,36.86829692397776,19.328611558198872,Low,Ranging,train,2025-08,c555ac9efd53
374,2025-08-04 12:29:00,2025-08-04 12:59:00,LONG,114386.91,114444.36,MAX_HOLD,30,5e-05,0.0008,0.0008500000000000001,0.0005022427828498653,-0.00034775721715013476,0.0005154435940266801,0.0005515491239338182,114286.19405395359,114124.25399723717,18.957513344876283,7.56236468440092,High,Trending,train,2025-08,c555ac9efd53
375,2025-08-04 13:11:00,2025-08-04 13:20:00,LONG,114368.36,114282.58373,SL,9,5e-05,0.0008,0.0008500000000000001,-0.0007500000000000184,-0.0016000000000000185,0.000759825532166363,0.0007826465291623904,114367.74346204822,114273.61501986509,48.90445471849382,23.278784082876708,Medium,Ranging,train,2025-08,c555ac9efd53
376,2025-08-04 13:55:00,2025-08-04 13:59:00,LONG,114635.3,114864.5706,TP,4,5e-05,0.0008,0.0008500000000000001,0.0020000000000000304,0.0011500000000000303,0.0,0.0024302287340810073,114499.04948498144,114400.46940811038,20.39730366593308,10.182578277773318,High,Ranging,train,2025-08,c555ac9efd53
377,2025-08-04 14:39:00,2025-08-04 14:40:00,LONG,115230.0,115143.5775,SL,1,5e-05,0.0008,0.0008500000000000001,-0.000750000000000005,-0.001600000000000005,0.0014131736526945804,0.0,115154.13848518688,114913.3427524798,12.862413868292956,18.747798995424382,High,Trending,train,2025-08,c555ac9efd53
378,2025-08-04 15:36:00,2025-08-04 15:42:00,SHORT,114822.37,114592.72525999999,TP,6,5e-05,0.0008,0.0008500000000000001,0.0020000000000000295,0.0011500000000000295,0.0001535415093766542,0.002282133699208557,114896.04872195926,114886.42530081316,47.67270381123757,68.07147475833096,Low,Ranging,train,2025-08,c555ac9efd53
379,2025-08-05 12:55:00,2025-08-05 12:57:00,SHORT,113978.47,114063.95385250001,SL,2,5e-05,0.0008,0.0008500000000000001,-0.0007500000000000759,-0.001600000000000076,0.0010524794726582297,0.0,114288.6653704673,114488.14177378995,53.57389721757054,67.0768516562511,Low,Trending,train,2025-08,c555ac9efd53
380,2025-08-05 13:08:00,2025-08-05 13:14:00,SHORT,113931.51,114016.9586325,SL,6,5e-05,0.0008,0.0008500000000000001,-0.0007500000000000303,-0.0016000000000000302,0.0008907983401607268,3.23878793495125e-05,114178.02339524831,114380.14722187226,40.23111817783897,61.55341217661308,Medium,Trending,train,2025-08,c555ac9efd53
381,2025-08-05 13:59:00,2025-08-05 14:00:00,LONG,114371.15,114285.3716375,SL,1,5e-05,0.0008,0.0008500000000000001,-0.0007500000000000096,-0.0016000000000000096,0.0009818035404907059,0.0001330755177332847,114285.24647716488,114308.74902085603,42.41205595554495,26.52322793789341,Low,Ranging,train,2025-08,c555ac9efd53
382,2025-08-05 15:01:00,2025-08-05 15:02:00,SHORT,112792.08,112876.67406,SL,1,5e-05,0.0008,0.0008500000000000001,-0.0007500000000000273,-0.0016000000000000274,0.0010905020990835527,0.0,113149.7422498156,113491.64188408693,51.54702042747537,73.19928311847885,High,Trending,train,2025-08,c555ac9efd53
383,2025-08-05 15:11:00,2025-08-05 15:12:00,SHORT,113096.02,113180.842015,SL,1,5e-05,0.0008,0.0008500000000000001,-0.0007499999999999816,-0.0015999999999999816,0.000788091393490152,0.0,113121.91247829709,113413.29669209952,76.25133305366839,86.39021031204,High,Trending,train,2025-08,c555ac9efd53
384,2025-08-05 15:23:00,2025-08-05 15:35:00,SHORT,113069.34,112843.20132,TP,12,5e-05,0.0008,0.0008500000000000001,0.0020000000000000326,0.0011500000000000325,0.0006456215274627057,0.003089608553476977,113138.91188569792,113360.74725577279,50.853358571349794,64.19477827171346,High,Ranging,train,2025-08,c555ac9efd53
385,2025-08-06 12:15:00,2025-08-06 12:16:00,LONG,113955.95,113870.48303749999,SL,1,5e-05,0.0008,0.0008500000000000001,-0.000750000000000085,-0.001600000000000085,0.0012893578615245016,0.0,113509.72305090574,113396.96397176998,1.900067598157989,1.266494148760149,High,Ranging,train,2025-08,c555ac9efd53
386,2025-08-06 12:46:00,2025-08-06 12:50:00,LONG,114068.13,113982.5789025,SL,4,5e-05,0.0008,0.0008500000000000001,-0.0007500000000000615,-0.0016000000000000614,0.0013044835573266863,0.0002243396117740907,113959.25266617157,113739.2904515684,8.992751148050823,10.067130608569682,Low,Ranging,train,2025-08,c555ac9efd53
387,2025-08-06 14:53:00,2025-08-06 14:55:00,LONG,114280.0,114508.56,TP,2,5e-05,0.0008,0.0008500000000000001,0.0019999999999999797,0.0011499999999999796,0.00017500875043752187,0.0037629506475323664,114212.55691629098,114139.25914809653,37.95269000257202,23.751604905178358,Low,Ranging,train,2025-08,c555ac9efd53
388,2025-08-06 15:10:00,2025-08-06 15:11:00,LONG,114955.27,114869.0535475,SL,1,5e-05,0.0008,0.0008500000000000001,-0.0007499999999999748,-0.0015999999999999747,0.0009331455617476612,0.0,114592.1152758442,114381.77166343878,18.699756417493933,13.667623114647919,High,Ranging,train,2025-08,c555ac9efd53
389,2025-08-06 15:13:00,2025-08-06 15:34:00,LONG,114949.18,115179.07836,TP,21,5e-05,0.0008,0.0008500000000000001,0.002000000000000057,0.0011500000000000568,0.0006577689375425387,0.002800367953908055,114628.01354100456,114412.47656500671,47.35925991950535,31.367547553879945,Medium,Trending,train,2025-08,c555ac9efd53
390,2025-08-07 12:13:00,2025-08-07 12:43:00,LONG,116287.65,116363.77,MAX_HOLD,30,5e-05,0.0008,0.0008500000000000001,0.0006545836982689899,-0.0001954163017310102,0.0002579809635846971,0.0015508955594167207,115665.77496340478,115247.75281459697,16.308514679316207,7.682888882097927,Low,Trending,train,2025-08,c555ac9efd53
391,2025-08-07 12:48:00,2025-08-07 12:49:00,LONG,116200.01,116112.85999249999,SL,1,5e-05,0.0008,0.0008500000000000001,-0.0007500000000000657,-0.0016000000000000658,0.001412822597863789,0.0,116166.62015201224,115793.90304511746,4.698103550645209,7.987806247714791,Medium,Trending,train,2025-08,c555ac9efd53
392,2025-08-07 12:51:00,2025-08-07 13:21:00,LONG,116238.99,116290.02,MAX_HOLD,30,5e-05,0.0008,0.0008500000000000001,0.00043900932036658984,-0.0004109906796334102,0.0003354296178933182,0.0015979147788533837,116167.50371579625,115815.9990487386,38.052555993443285,19.527241226449174,Low,Trending,train,2025-08,c555ac9efd53
393,2025-08-07 13:50:00,2025-08-07 14:05:00,LONG,116563.99,116476.56700750001,SL,15,5e-05,0.0008,0.0008500000000000001,-0.0007499999999999685,-0.0015999999999999686,0.0010391717030277074,0.0011361141635593721,116432.6399056626,116240.78208956505,51.08426159046655,28.927394203832176,High,Ranging,train,2025-08,c555ac9efd53
394,2025-08-07 14:46:00,2025-08-07 14:47:00,LONG,116498.21,116410.8363425,SL,1,5e-05,0.0008,0.0008500000000000001,-0.0007500000000000646,-0.0016000000000000647,0.001372038248484771,0.0,116431.8970545834,116372.4407798108,23.71362750982823,22.655630741580072,High,Ranging,train,2025-08,c555ac9efd53
395,2025-08-07 15:52:00,2025-08-07 15:59:00,LONG,116720.4,116689.81,EOD,7,5e-05,0.0008,0.0008500000000000001,-0.00026207929376524165,-0.0011120792937652417,0.00026216496859153386,0.00060580669702988,116576.1392762234,116499.99466652666,58.58798535632355,34.19523799868286,Low,Ranging,train,2025-08,c555ac9efd53
396,2025-08-08 13:36:00,2025-08-08 13:43:00,LONG,116698.48,116931.87696,TP,7,5e-05,0.0008,0.0008500000000000001,0.001999999999999985,0.0011499999999999848,0.00045596138013101673,0.002117851063698591,116622.21046977161,116600.1708255799,54.50329991243524,28.91972051152508,High,Ranging,train,2025-08,c555ac9efd53
397,2025-08-08 14:49:00,2025-08-08 15:07:00,SHORT,116591.78,116358.59644,TP,18,5e-05,0.0008,0.0008500000000000001,0.0020000000000000425,0.0011500000000000425,0.0007237216894707728,0.0026741164771650183,116664.90202400422,116682.83838432358,79.17039785083588,83.62567202504144,High,Ranging,train,2025-08,c555ac9efd53
398,2025-08-08 15:28:00,2025-08-08 15:33:00,SHORT,116432.97,116200.10406,TP,5,5e-05,0.0008,0.0008500000000000001,0.0020000000000000287,0.0011500000000000286,0.0,0.0023441813774912924,116447.3851711974,116527.5742685167,55.727826320304835,80.15267769258134,High,Trending,train,2025-08,c555ac9efd53
399,2025-08-08 15:53:00,2025-08-08 15:56:00,SHORT,116120.88,116207.97066,SL,3,5e-05,0.0008,0.0008500000000000001,-0.0007500000000000143,-0.0016000000000000144,0.0008535932555798349,0.0,116215.04017929465,116353.95699949343,90.58139515365512,91.76870119655884,Medium,Trending,train,2025-08,c555ac9efd53
400,2025-08-09 12:00:00,2025-08-09 12:10:00,SHORT,117110.0,117197.8325,SL,10,5e-05,0.0008,0.0008500000000000001,-0.0007500000000000348,-0.001600000000000035,0.0008720006831183959,0.0004478695243787643,116247.05851937947,116351.75568071767,92.89863623501073,94.55635271330063,Low,Trending,train,2025-08,c555ac9efd53
401,2025-08-09 12:25:00,2025-08-09 12:40:00,LONG,117144.01,117056.15199249999,SL,15,5e-05,0.0008,0.0008500000000000001,-0.0007500000000000542,-0.0016000000000000543,0.0010009901487920275,0.0004212763418292222,116821.95824713013,116666.99551706466,16.70623013259338,8.235083926917062,Low,Trending,train,2025-08,c555ac9efd53
402,2025-08-09 12:44:00,2025-08-09 13:14:00,LONG,117033.69,116945.9147325,SL,30,5e-05,0.0008,0.0008500000000000001,-0.0007500000000000712,-0.0016000000000000714,0.0013244904095565072,0.0010292762707899909,116965.6283019858,116803.11853063844,13.742439581545069,7.591265742516813,Low,Trending,train,2025-08,c555ac9efd53
403,2025-08-09 15:10:00,2025-08-09 15:21:00,LONG,116969.2,116881.47309999999,SL,11,5e-05,0.0008,0.0008500000000000001,-0.0007500000000000748,-0.0016000000000000749,0.0011047352636420627,0.00139823132927303,116924.23881795336,116922.62168194442,16.84194789153623,12.919974771966048,High,Ranging,train,2025-08,c555ac9efd53
404,2025-08-09 15:55:00,2025-08-09 15:59:00,SHORT,116831.12,116892.47,EOD,4,5e-05,0.0008,0.0008500000000000001,-0.0005251169380213579,-0.001375116938021358,0.0005252025316542423,0.0,116865.90855684844,116888.09317599035,56.85712548563992,71.55717047227776,Low,Ranging,train,2025-08,c555ac9efd53
405,2025-08-10 12:31:00,2025-08-10 12:53:00,LONG,118618.11,118529.1464175,SL,22,5e-05,0.0008,0.0008500000000000001,-0.000750000000000004,-0.0016000000000000042,0.0008105001841624303,0.0010044840539104372,118081.03259784664,117665.64290582333,35.81909200759924,18.118573400805854,Low,Trending,train,2025-08,c555ac9efd53
406,2025-08-10 12:57:00,2025-08-10 13:18:00,LONG,118500.16,118411.28488,SL,21,5e-05,0.0008,0.0008500000000000001,-0.0007499999999999744,-0.0015999999999999745,0.0009534164342057469,0.0015502932654267458,118436.3148593073,118059.62084973959,15.172204241407327,8.779293807560876,Medium,Trending,train,2025-08,c555ac9efd53
407,2025-08-10 14:37:00,2025-08-10 15:06:00,LONG,118669.17,118906.50834,TP,29,5e-05,0.0008,0.0008500000000000001,0.0020000000000000174,0.0011500000000000173,0.0006305765853085663,0.0021305449427176555,118638.85128266246,118532.29674654227,27.87172938843732,19.626821508284007,High,Ranging,train,2025-08,c555ac9efd53
408,2025-08-11 12:12:00,2025-08-11 12:13:00,LONG,120307.18,120216.94961499999,SL,1,5e-05,0.0008,0.0008500000000000001,-0.0007500000000000214,-0.0016000000000000215,0.0018218364024490726,0.0,119417.4918889969,119097.44134854959,9.328385599718949,6.278048546257973,High,Ranging,train,2025-08,c555ac9efd53
409,2025-08-11 12:15:00,2025-08-11 12:18:00,LONG,120193.7,120103.554725,SL,3,5e-05,0.0008,0.0008500000000000001,-0.0007500000000000215,-0.0016000000000000215,0.0008593628451407486,0.00046841057393193577,119499.39214064422,119158.23715463375,20.721612123688487,13.85651895416008,High,Trending,train,2025-08,c555ac9efd53
410,2025-08-11 12:33:00,2025-08-11 12:34:00,LONG,120273.04,120182.83522,SL,1,5e-05,0.0008,0.0008500000000000001,-0.0007500000000000002,-0.0016000000000000003,0.0010882738143144915,0.0,119839.65626803586,119462.3774739101,58.775559366977184,34.42180611778057,High,Trending,train,2025-08,c555ac9efd53
411,2025-08-11 13:55:00,2025-08-11 14:02:00,LONG,119876.98,120116.73396,TP,7,5e-05,0.0008,0.0008500000000000001,0.0020000000000000152,0.0011500000000000152,0.0,0.002478207242124399,119837.58289952502,119716.93619831241,14.800397526147743,6.42669441601362,High,Ranging,train,2025-08,c555ac9efd53
412,2025-08-11 14:15:00,2025-08-11 14:16:00,LONG,120066.63,119976.58002750001,SL,1,5e-05,0.0008,0.0008500000000000001,-0.0007499999999999769,-0.0015999999999999769,0.0007884788637775396,6.554693839575029e-05,119967.24685183317,119834.43233148042,38.27561341958063,26.914956616996523,Low,Ranging,train,2025-08,c555ac9efd53
413,2025-08-12 12:29:00,2025-08-12 12:30:00,SHORT,118481.33,118570.1909975,SL,1,5e-05,0.0008,0.0008500000000000001,-0.0007499999999999995,-0.0015999999999999994,0.005559272503102373,0.0,118959.11019301633,119367.96207268363,67.04142242836072,78.87886413117162,Low,Trending,train,2025-08,c555ac9efd53
414,2025-08-12 12:35:00,2025-08-12 12:40:00,SHORT,118940.1,119029.30507500001,SL,5,5e-05,0.0008,0.0008500000000000001,-0.0007500000000000446,-0.0016000000000000445,0.00104178489844879,0.0019068421835865524,118974.30635563297,119330.10840141248,65.9185886180852,79.51775447503057,High,Trending,train,2025-08,c555ac9efd53
415,2025-08-12 14:41:00,2025-08-12 14:42:00,LONG,119191.63,119102.23627750001,SL,1,5e-05,0.0008,0.0008500000000000001,-0.0007499999999999768,-0.0015999999999999769,0.0010707966658397461,0.0,119131.606774622,119129.17077866358,24.364190195449368,21.896224265019526,Medium,Ranging,train,2025-08,c555ac9efd53
416,2025-08-12 14:49:00,2025-08-12 14:51:00,LONG,119179.99,119418.34998,TP,2,5e-05,0.0008,0.0008500000000000001,0.001999999999999948,0.001149999999999948,0.0,0.0020940595816461506,119120.04765432948,119123.03872809891,69.99165209721362,37.268923225545805,Medium,Ranging,train,2025-08,c555ac9efd53
417,2025-08-12 15:45:00,2025-08-12 15:55:00,LONG,119675.2,119914.5504,TP,10,5e-05,0.0008,0.0008500000000000001,0.001999999999999964,0.001149999999999964,0.0005314384266747937,0.002259616027380763,119606.24888037042,119460.94027371632,20.307803699617054,15.345324546243694,Medium,Ranging,train,2025-08,c555ac9efd53
418,2025-08-13 12:12:00,2025-08-13 12:42:00,LONG,120479.41,120558.99,MAX_HOLD,30,5e-05,0.0008,0.0008500000000000001,0.0006605278030495149,-0.0001894721969504852,0.00045194444428302803,0.0011337206913612583,120043.61962133978,119777.93348098847,22.500353527908516,12.125559590137982,Low,Trending,train,2025-08,c555ac9efd53
419,2025-08-13 14:20:00,2025-08-13 14:23:00,LONG,121925.19,121833.7461075,SL,3,5e-05,0.0008,0.0008500000000000001,-0.0007499999999999958,-0.001599999999999996,0.0020581472950749746,0.0018438355519478596,121513.84781826219,121101.37585058186,58.78280885659262,31.04206170791346,High,Trending,train,2025-08,c555ac9efd53
420,2025-08-13 15:05:00,2025-08-13 15:09:00,SHORT,121168.0,120925.664,TP,4,5e-05,0.0008,0.0008500000000000001,0.0019999999999999645,0.0011499999999999644,0.000601148818169785,0.002953667635019142,121304.12539869535,121238.56463969764,82.32565375861607,85.48835742045152,High,Ranging,train,2025-08,c555ac9efd53
421,2025-08-13 15:28:00,2025-08-13 15:34:00,SHORT,120578.23,120668.6636725,SL,6,5e-05,0.0008,0.0008500000000000001,-0.0007500000000000251,-0.001600000000000025,0.0017848163802040087,0.0010468722256081876,120943.51590980952,121050.27496383805,73.48876932274345,78.5308391930913,Low,Ranging,train,2025-08,c555ac9efd53
422,2025-08-14 12:31:00,2025-08-14 12:33:00,SHORT,120410.52,120169.69896000001,TP,2,5e-05,0.0008,0.0008500000000000001,0.0019999999999999606,0.0011499999999999605,0.0002812046655059756,0.0042398288787392005,120908.75246667532,120965.58519942197,35.46824472377549,65.10949851105407,High,Ranging,train,2025-08,c555ac9efd53
423,2025-08-14 12:46:00,2025-08-14 12:48:00,SHORT,119613.6,119374.37280000001,TP,2,5e-05,0.0008,0.0008500000000000001,0.001999999999999949,0.0011499999999999488,0.00017798979380265786,0.0038870161921387056,120241.81003350129,120565.72836431212,77.90930226744383,82.83904540531695,High,Trending,train,2025-08,c555ac9efd53
424,2025-08-14 13:13:00,2025-08-14 13:14:00,SHORT,119029.57,119118.84217750002,SL,1,5e-05,0.0008,0.0008500000000000001,-0.000750000000000084,-0.001600000000000084,0.001845171750179305,0.0,119338.43511251177,119867.22517106705,94.80011000050096,94.44737327879874,Medium,Trending,train,2025-08,c555ac9efd53
425,2025-08-14 13:16:00,2025-08-14 13:17:00,SHORT,119032.01,118793.94597999999,TP,1,5e-05,0.0008,0.0008500000000000001,0.0020000000000000443,0.0011500000000000442,0.0,0.003629359867148297,119306.42586133462,119820.08235713755,57.299484762805726,79.7484147853728,High,Trending,train,2025-08,c555ac9efd53
426,2025-08-14 15:58:00,2025-08-14 15:59:00,SHORT,118226.14,118257.25,EOD,1,5e-05,0.0008,0.0008500000000000001,-0.00026313977602584825,-0.0011131397760258484,0.0006145003127057534,0.0,118254.31070561723,118432.58743132856,91.5093257678912,94.79085887092769,Low,Ranging,train,2025-08,c555ac9efd53
427,2025-08-15 12:22:00,2025-08-15 12:23:00,LONG,118861.97,118772.8235225,SL,1,5e-05,0.0008,0.0008500000000000001,-0.0007500000000000492,-0.0016000000000000493,0.0009022229734203904,0.0,118709.9373575034,118645.565360004,15.843087841692158,8.869268306861116,Low,Ranging,train,2025-08,c555ac9efd53
428,2025-08-15 12:27:00,2025-08-15 12:29:00,LONG,118764.28,118675.20679,SL,2,5e-05,0.0008,0.0008500000000000001,-0.0007500000000000193,-0.0016000000000000194,0.0007851687392876039,0.0,118722.53743401048,118658.328725002,16.37143682343309,14.125098498246269,Low,Ranging,train,2025-08,c555ac9efd53
429,2025-08-15 12:31:00,2025-08-15 12:32:00,LONG,119082.0,118992.6885,SL,1,5e-05,0.0008,0.0008500000000000001,-0.0007499999999999677,-0.0015999999999999678,0.0014547958549571325,0.0,118742.51419415048,118673.48247426213,52.63025779990966,34.777498385425226,High,Ranging,train,2025-08,c555ac9efd53
430,2025-08-15 13:00:00,2025-08-15 13:02:00,SHORT,118648.66,118737.64649500001,SL,2,5e-05,0.0008,0.0008500000000000001,-0.0007500000000000392,-0.0016000000000000393,0.0007529794268219844,0.0,118718.31329454103,118691.67702878488,72.03674979024804,79.24583789165699,Low,Ranging,train,2025-08,c555ac9efd53
431,2025-08-15 13:24:00,2025-08-15 13:30:00,SHORT,118543.76,118306.67248,TP,6,5e-05,0.0008,0.0008500000000000001,0.0020000000000000083,0.0011500000000000082,0.0003057098914359156,0.0024274580121298227,118616.6732087509,118641.5422336271,63.34520725371794,77.33733441762043,Low,Ranging,train,2025-08,c555ac9efd53
432,2025-08-15 14:08:00,2025-08-15 14:15:00,SHORT,118078.01,118166.5685075,SL,7,5e-05,0.0008,0.0008500000000000001,-0.0007499999999999839,-0.0015999999999999838,0.0011321329009525785,0.001694557691139921,118095.04852669728,118279.62039513745,75.80909898793497,80.32621383485953,High,Trending,train,2025-08,c555ac9efd53
433,2025-08-15 14:41:00,2025-08-15 14:46:00,SHORT,117906.7,117670.8866,TP,5,5e-05,0.0008,0.0008500000000000001,0.0019999999999999922,0.0011499999999999922,0.0,0.0029453796942836906,117981.10865443436,118120.7914883666,39.597218968684224,64.89200349000832,High,Ranging,train,2025-08,c555ac9efd53
434,2025-08-15 15:15:00,2025-08-15 15:16:00,SHORT,117352.0,117440.01400000001,SL,1,5e-05,0.0008,0.0008500000000000001,-0.0007500000000000863,-0.0016000000000000864,0.0012158292998840498,0.0,117518.22354770717,117753.07917926785,81.27617430673415,80.40202238451901,High,Trending,train,2025-08,c555ac9efd53
435,2025-08-15 15:36:00,2025-08-15 15:37:00,SHORT,117258.8,117346.74410000001,SL,1,5e-05,0.0008,0.0008500000000000001,-0.0007500000000000673,-0.0016000000000000675,0.0012472411452274796,0.0,117385.41055016761,117594.40537764014,75.55904774292473,78.78584370962339,Medium,Trending,train,2025-08,c555ac9efd53
436,2025-08-16 12:25:00,2025-08-16 12:31:00,LONG,117429.98,117664.83996,TP,6,5e-05,0.0008,0.0008500000000000001,0.0020000000000000135,0.0011500000000000134,7.297965987895453e-05,0.0021972242522736024,117355.98960721307,117422.22301842844,59.43764169943108,32.363494860275544,Low,Ranging,train,2025-08,c555ac9efd53
437,2025-08-16 13:10:00,2025-08-16 13:40:00,LONG,117665.98,117708.01,MAX_HOLD,30,5e-05,0.0008,0.0008500000000000001,0.0003571975519177152,-0.0004928024480822849,0.000248330061076287,0.0010483064008815956,117633.91487150027,117575.77145844977,1.5624629537449515,2.1983252701817073,Low,Ranging,train,2025-08,c555ac9efd53
438,2025-08-16 14:40:00,2025-08-16 15:10:00,LONG,117688.08,117697.01,MAX_HOLD,30,5e-05,0.0008,0.0008500000000000001,7.587854266968257e-05,-0.0007741214573303175,0.00024361005804494605,0.0011634143406876742,117671.67485987414,117657.39105835946,31.49673278428645,26.351619300990507,Low,Ranging,train,2025-08,c555ac9efd53
439,2025-08-16 15:52:00,2025-08-16 15:59:00,SHORT,117704.02,117676.7,EOD,7,5e-05,0.0008,0.0008500000000000001,0.0002321076204534644,-0.0006178923795465357,8.495886542159996e-08,0.0002321076204534644,117712.4366162795,117707.9246442439,77.21140062399664,88.60493890577298,Low,Ranging,train,2025-08,c555ac9efd53
440,2025-08-17 12:01:00,2025-08-17 12:07:00,LONG,118356.61,118267.8425425,SL,6,5e-05,0.0008,0.0008500000000000001,-0.0007499999999999854,-0.0015999999999999855,0.0008717721807004067,0.0,117755.86179550039,117730.58984480638,66.0214927246347,34.31535882202144,Medium,Ranging,train,2025-08,c555ac9efd53
441,2025-08-17 12:11:00,2025-08-17 12:41:00,LONG,118279.99,118227.66,MAX_HOLD,30,5e-05,0.0008,0.0008500000000000001,-0.0004424247922239573,-0.0012924247922239574,0.0004424247922239573,0.0005335644685123881,117928.958301041,117830.48799819991,62.515136704778996,36.1828840406586,Medium,Trending,train,2025-08,c555ac9efd53
442,2025-08-17 12:45:00,2025-08-17 12:56:00,LONG,118234.11,118145.4344175,SL,11,5e-05,0.0008,0.0008500000000000001,-0.0007500000000000001,-0.0016000000000000003,0.0008423964962395862,0.00013963821438665001,118174.43512673042,118044.49950554826,46.55213130239843,19.925611052072185,Medium,Trending,train,2025-08,c555ac9efd53
443,2025-08-17 14:18:00,2025-08-17 14:20:00,LONG,118349.72,118260.95771,SL,2,5e-05,0.0008,0.0008500000000000001,-0.0007499999999999895,-0.0015999999999999895,0.001007860432622898,0.0,118346.29136673792,118271.14608319494,21.167945835883057,10.584627029917254,Low,Ranging,train,2025-08,c555ac9efd53
444,2025-08-17 14:32:00,2025-08-17 14:46:00,SHORT,118196.17,118284.8171275,SL,14,5e-05,0.0008,0.0008500000000000001,-0.0007500000000000645,-0.0016000000000000645,0.0009927563642713338,0.0002697210916394724,118289.56966419023,118257.02103248627,50.188419228617164,73.1149114998462,High,Ranging,train,2025-08,c555ac9efd53
445,2025-08-17 15:38:00,2025-08-17 15:59:00,SHORT,118184.01,118246.16,EOD,21,5e-05,0.0008,0.0008500000000000001,-0.0005258748624285868,-0.001375874862428587,0.0006759797708674754,0.0,118202.15859610855,118213.682829246,56.48157887359647,78.85287592757788,Medium,Ranging,train,2025-08,c555ac9efd53
446,2025-08-18 12:12:00,2025-08-18 12:37:00,SHORT,115176.21,115262.59215750001,SL,25,5e-05,0.0008,0.0008500000000000001,-0.0007500000000000331,-0.0016000000000000333,0.0009478519913096485,0.0016806422090118,116939.4550258617,117495.7458599246,97.74280098002255,98.87588131255912,Low,Trending,train,2025-08,c555ac9efd53
447,2025-08-18 12:46:00,2025-08-18 12:56:00,SHORT,115285.14,115371.60385500001,SL,10,5e-05,0.0008,0.0008500000000000001,-0.0007500000000000786,-0.0016000000000000788,0.0009788772429821036,0.0007385166900087853,115628.30283557673,116345.05637802767,68.71675278552758,78.21424655207412,High,Trending,train,2025-08,c555ac9efd53
448,2025-08-18 13:01:00,2025-08-18 13:05:00,SHORT,115467.85,115554.4508875,SL,4,5e-05,0.0008,0.0008500000000000001,-0.0007499999999999743,-0.0015999999999999743,0.0015255328647757291,0.0,115510.02616662772,116089.34382527623,87.25776351227675,93.52226625616343,Medium,Ranging,train,2025-08,c555ac9efd53
449,2025-08-18 14:08:00,2025-08-18 14:14:00,SHORT,115065.25,115151.5489375,SL,6,5e-05,0.0008,0.0008500000000000001,-0.0007500000000000293,-0.0016000000000000294,0.0013671373416387455,0.0016673148496179847,115263.76596384367,115525.80541721512,70.30411544613645,82.0216471340522,High,Ranging,train,2025-08,c555ac9efd53
450,2025-08-18 14:20:00,2025-08-18 14:22:00,SHORT,115194.41,115280.8058075,SL,2,5e-05,0.0008,0.0008500000000000001,-0.0007499999999999767,-0.0015999999999999769,0.0009955344187273759,0.0,115212.77300142973,115439.70678547843,88.41373771776512,90.83974533474257,High,Ranging,train,2025-08,c555ac9efd53
451,2025-08-18 15:10:00,2025-08-18 15:12:00,LONG,115550.0,115463.3375,SL,2,5e-05,0.0008,0.0008500000000000001,-0.0007500000000000503,-0.0016000000000000504,0.0008320207702293329,0.0,115373.46452342148,115393.57414317218,19.162647066329367,15.03256515540786,Medium,Ranging,train,2025-08,c555ac9efd53
452,2025-08-18 15:17:00,2025-08-18 15:19:00,LONG,115516.49,115429.8526325,SL,2,5e-05,0.0008,0.0008500000000000001,-0.0007500000000000589,-0.0016000000000000588,0.000955967412098546,0.0,115399.97453225733,115405.08931482684,35.2510266293821,24.437684175424938,High,Ranging,train,2025-08,c555ac9efd53
453,2025-08-18 15:22:00,2025-08-18 15:38:00,LONG,115545.92,115777.01183999999,TP,16,5e-05,0.0008,0.0008500000000000001,0.0019999999999999454,0.0011499999999999453,4.500375262095577e-06,0.002533278544149429,115419.77437809757,115414.7544652984,71.45692883895153,40.253589489029714,High,Ranging,train,2025-08,c555ac9efd53
454,2025-08-19 12:15:00,2025-08-19 12:45:00,SHORT,115583.34,115484.66,MAX_HOLD,30,5e-05,0.0008,0.0008500000000000001,0.0008537562593362765,3.756259336276462e-06,0.00029848592366339303,0.0015637201693599675,115664.60025324751,115613.76248474614,97.4458056842356,98.29599253505437,Low,Ranging,train,2025-08,c555ac9efd53
455,2025-08-19 13:56:00,2025-08-19 14:04:00,SHORT,115266.71,115353.1600325,SL,8,5e-05,0.0008,0.0008500000000000001,-0.0007499999999999755,-0.0015999999999999756,0.0009726138622330817,0.000827125195123649,115357.50984023396,115440.17694961205,80.51812860902639,86.2752356805732,High,Ranging,train,2025-08,c555ac9efd53
456,2025-08-20 12:05:00,2025-08-20 12:21:00,SHORT,113858.59,113630.87281999999,TP,16,5e-05,0.0008,0.0008500000000000001,0.0020000000000000608,0.0011500000000000607,0.0006271814888977941,0.0020130233476455058,113920.20099608347,114094.41572270528,69.05981056781775,77.05378463708388,Medium,Ranging,train,2025-08,c555ac9efd53
457,2025-08-20 12:33:00,2025-08-20 12:34:00,SHORT,113680.8,113766.06060000001,SL,1,5e-05,0.0008,0.0008500000000000001,-0.0007500000000000766,-0.0016000000000000766,0.0010407210364458876,0.0,113795.63613169617,113943.79730389171,58.14091976398555,74.55458801392346,Low,Ranging,train,2025-08,c555ac9efd53
458,2025-08-20 12:46:00,2025-08-20 13:02:00,SHORT,113706.0,113478.588,TP,16,5e-05,0.0008,0.0008500000000000001,0.00199999999999997,0.00114999999999997,0.0007243241341705854,0.002444901764198899,113792.6219842673,113908.28558960631,43.16530449898241,63.10921511998087,Low,Ranging,train,2025-08,c555ac9efd53
459,2025-08-20 13:25:00,2025-08-20 13:32:00,SHORT,113423.75,113196.9025,TP,7,5e-05,0.0008,0.0008500000000000001,0.002000000000000031,0.0011500000000000308,0.00031959796779774957,0.0020750504193345802,113535.26250120648,113682.94378782934,76.19261438991697,79.6073504246768,Low,Ranging,train,2025-08,c555ac9efd53
460,2025-08-20 13:40:00,2025-08-20 13:42:00,SHORT,113327.79,113412.7858425,SL,2,5e-05,0.0008,0.0008500000000000001,-0.0007500000000000681,-0.0016000000000000682,0.0013673609976865022,0.001807058974678617,113463.56082911938,113603.20232195193,40.134822103404765,65.86395257976689,High,Ranging,train,2025-08,c555ac9efd53
461,2025-08-20 14:47:00,2025-08-20 14:48:00,LONG,113456.97,113683.88394,TP,1,5e-05,0.0008,0.0008500000000000001,0.001999999999999987,0.001149999999999987,0.0,0.0020693307780033157,113241.74995520999,113236.98021358832,38.970377612498304,23.451144819019195,High,Ranging,train,2025-08,c555ac9efd53
462,2025-08-20 14:59:00,2025-08-20 15:00:00,LONG,113519.98,113434.840015,SL,1,5e-05,0.0008,0.0008500000000000001,-0.0007500000000000142,-0.0016000000000000142,0.0011626147220955812,0.0,113366.97547614796,113309.5300814903,12.11282894888808,9.15291395124199,Low,Ranging,train,2025-08,c555ac9efd53
463,2025-08-20 15:38:00,2025-08-20 15:43:00,LONG,114092.51,114006.94061749999,SL,5,5e-05,0.0008,0.0008500000000000001,-0.0007500000000000465,-0.0016000000000000467,0.0009430066881690702,0.0005915375163540993,113941.00922827072,113717.37452890858,27.67233478933871,15.31698718915771,Medium,Trending,train,2025-08,c555ac9efd53
464,2025-08-21 12:11:00,2025-08-21 12:21:00,SHORT,113153.98,113238.845485,SL,10,5e-05,0.0008,0.0008500000000000001,-0.0007500000000000184,-0.0016000000000000185,0.0008704952313652601,0.0011398626897612964,113540.53793894887,113587.7579549741,50.18055412234536,69.72729918879712,Low,Ranging,train,2025-08,c555ac9efd53
465,2025-08-21 12:27:00,2025-08-21 12:30:00,SHORT,113277.54,113362.498155,SL,3,5e-05,0.0008,0.0008500000000000001,-0.0007500000000000023,-0.0016000000000000025,0.0007904479564087299,0.0007287411079017815,113391.54897189708,113487.05234418584,80.05910816218288,90.09186570194866,Low,Ranging,train,2025-08,c555ac9efd53
466,2025-08-21 13:01:00,2025-08-21 13:03:00,SHORT,113083.91,113168.72293250001,SL,2,5e-05,0.0008,0.0008500000000000001,-0.0007500000000000401,-0.0016000000000000402,0.000907379307984669,1.50330847242772e-06,113184.18948766658,113311.95319412882,92.30165825834005,92.2917040454555,Low,Ranging,train,2025-08,c555ac9efd53
467,2025-08-21 13:06:00,2025-08-21 13:18:00,SHORT,113181.94,113266.826455,SL,12,5e-05,0.0008,0.0008500000000000001,-0.0007499999999999986,-0.0015999999999999986,0.0010468101182926882,0.0004759593270798799,113184.00239280661,113299.6934412754,72.06002385885371,86.6964333954499,Low,Ranging,train,2025-08,c555ac9efd53
468,2025-08-21 14:25:00,2025-08-21 14:26:00,LONG,113720.01,113634.71999249999,SL,1,5e-05,0.0008,0.0008500000000000001,-0.000750000000000062,-0.001600000000000062,0.0009169890153896297,0.0,113644.48543428275,113530.22072649309,4.93370858906023,5.611784403673298,Medium,Ranging,train,2025-08,c555ac9efd53
469,2025-08-21 14:56:00,2025-08-21 15:05:00,SHORT,113348.33,113121.63334,TP,9,5e-05,0.0008,0.0008500000000000001,0.0020000000000000126,0.0011500000000000126,0.0003350733089759322,0.0028427414854722706,113401.67715712794,113434.77422081733,88.87393312735298,90.66694695940043,Low,Ranging,train,2025-08,c555ac9efd53
470,2025-08-21 15:25:00,2025-08-21 15:28:00,SHORT,113126.1,112899.8478,TP,3,5e-05,0.0008,0.0008500000000000001,0.002000000000000023,0.001150000000000023,0.0,0.0021047309153237478,113142.2046125335,113260.0105095321,84.1520573988779,89.52055673252748,High,Ranging,train,2025-08,c555ac9efd53
471,2025-08-21 15:45:00,2025-08-21 15:55:00,SHORT,113021.5,112795.457,TP,10,5e-05,0.0008,0.0008500000000000001,0.002000000000000045,0.001150000000000045,0.0,0.0022931035245506233,113075.05403616514,113180.21435357978,32.787292619853545,62.06513127928455,High,Ranging,train,2025-08,c555ac9efd53
472,2025-08-22 13:23:00,2025-08-22 13:36:00,SHORT,112259.99,112035.47002000001,TP,13,5e-05,0.0008,0.0008500000000000001,0.0019999999999999758,0.0011499999999999757,0.000559148455295511,0.0022981473630988673,112286.48548308678,112396.55270996683,74.24305267523965,82.54412645744165,Low,Ranging,train,2025-08,c555ac9efd53
473,2025-08-22 14:00:00,2025-08-22 14:01:00,LONG,112487.1,112712.0742,TP,1,5e-05,0.0008,0.0008500000000000001,0.0019999999999999727,0.0011499999999999727,0.0,0.0117160101024917,112426.92800738274,112413.78118700972,49.80206072719347,24.2215443069573,High,Ranging,train,2025-08,c555ac9efd53
474,2025-08-22 15:01:00,2025-08-22 15:02:00,LONG,116102.0,116334.204,TP,1,5e-05,0.0008,0.0008500000000000001,0.001999999999999982,0.0011499999999999818,0.0,0.0028994332569637444,115418.97475660189,114629.74817723564,70.63325634966142,43.411048218282026,High,Trending,train,2025-08,c555ac9efd53
475,2025-08-22 15:30:00,2025-08-22 15:44:00,LONG,116724.99,116958.43998000001,TP,14,5e-05,0.0008,0.0008500000000000001,0.0020000000000000417,0.0011500000000000416,0.0005348469081043191,0.002049261259307001,116312.60183189607,115543.5780183354,41.39286510106263,26.044678425324786,Medium,Ranging,train,2025-08,c555ac9efd53
476,2025-08-22 15:56:00,2025-08-22 15:57:00,LONG,116722.2,116634.65835,SL,1,5e-05,0.0008,0.0008500000000000001,-0.0007499999999999932,-0.0015999999999999934,0.0008801239181577791,0.0,116679.96464665895,116087.18080495682,6.163201186579767,4.90405803190976,Low,Ranging,train,2025-08,c555ac9efd53
477,2025-08-23 12:15:00,2025-08-23 12:45:00,SHORT,115415.64,115409.84,MAX_HOLD,30,5e-05,0.0008,0.0008500000000000001,5.025315459848345e-05,-0.0007997468454015166,0.0006180271581910541,0.000708482836468299,116034.9651291034,115897.73473478593,81.38756340447931,90.30103820866377,Low,Ranging,train,2025-08,c555ac9efd53
478,2025-08-23 13:17:00,2025-08-23 13:33:00,SHORT,115149.1,114918.8018,TP,16,5e-05,0.0008,0.0008500000000000001,0.002000000000000041,0.0011500000000000407,0.0,0.0021246366667217434,115309.98436263246,115454.61445612712,36.80684595251602,61.7611697362204,Low,Ranging,train,2025-08,c555ac9efd53
479,2025-08-23 13:49:00,2025-08-23 14:01:00,SHORT,115053.59,114823.48281999999,TP,12,5e-05,0.0008,0.0008500000000000001,0.002000000000000055,0.001150000000000055,0.0001472357359731437,0.002030271284885561,115056.4614575978,115223.1686318495,87.25223834278091,93.58043418645677,Medium,Ranging,train,2025-08,c555ac9efd53
480,2025-08-23 14:14:00,2025-08-23 14:22:00,SHORT,114940.35,115026.55526250001,SL,8,5e-05,0.0008,0.0008500000000000001,-0.0007500000000000603,-0.0016000000000000604,0.000806070279062089,0.000692011117070795,114955.730719251,115095.43293987298,94.1551757493282,96.05334472141568,Low,Ranging,train,2025-08,c555ac9efd53
481,2025-08-23 14:54:00,2025-08-23 15:21:00,SHORT,114750.0,114836.0625,SL,27,5e-05,0.0008,0.0008500000000000001,-0.00075,-0.0016,0.001000958605664493,0.0016557734204793028,114861.32344437393,114966.61248752516,59.29318210057151,72.52100913449166,Medium,Ranging,train,2025-08,c555ac9efd53
482,2025-08-24 12:15:00,2025-08-24 12:45:00,SHORT,114800.0,114649.4,MAX_HOLD,30,5e-05,0.0008,0.0008500000000000001,0.0013118466898955211,0.00046184668989552105,0.00020879790940767564,0.0017635017421602534,114805.50473497689,114836.41880240256,76.17623438841683,87.7733427694161,Low,Ranging,train,2025-08,c555ac9efd53
483,2025-08-24 13:01:00,2025-08-24 13:16:00,SHORT,114678.8,114764.80910000001,SL,15,5e-05,0.0008,0.0008500000000000001,-0.0007500000000000891,-0.0016000000000000892,0.0008229943110669984,0.0004293731709784654,114687.4650348858,114737.77499888418,60.659397715468465,78.02541872887994,Medium,Ranging,train,2025-08,c555ac9efd53
484,2025-08-24 14:19:00,2025-08-24 14:49:00,SHORT,114538.26,114519.43,MAX_HOLD,30,5e-05,0.0008,0.0008500000000000001,0.0001643992147252957,-0.0006856007852747044,0.0003885164660262868,0.0011839711900634826,114556.80828277889,114620.32977608414,72.72583133706,82.58676244228177,High,Ranging,train,2025-08,c555ac9efd53
485,2025-08-24 15:18:00,2025-08-24 15:24:00,LONG,114660.02,114574.024985,SL,6,5e-05,0.0008,0.0008500000000000001,-0.0007500000000000671,-0.001600000000000067,0.0007739402103715422,0.0008034186632794529,114608.93069237086,114595.88026775433,21.034948647130033,13.722527474438854,Medium,Ranging,train,2025-08,c555ac9efd53
486,2025-08-24 15:42:00,2025-08-24 15:47:00,LONG,114639.47,114553.49039749999,SL,5,5e-05,0.0008,0.0008500000000000001,-0.0007500000000000917,-0.0016000000000000918,0.0008448224682127876,0.00026125382470799187,114632.97836717407,114616.23625778838,53.41398344195698,29.531892573605784,Low,Ranging,train,2025-08,c555ac9efd53
487,2025-08-25 12:18:00,2025-08-25 12:19:00,SHORT,111223.57,111306.98767750002,SL,1,5e-05,0.0008,0.0008500000000000001,-0.0007500000000000784,-0.0016000000000000784,0.0011473287541479385,0.0,112782.72177420817,113519.45421108653,81.95950294568958,83.11907630190643,High,Trending,train,2025-08,c555ac9efd53
488,2025-08-25 12:26:00,2025-08-25 12:29:00,SHORT,111561.87,111645.54140249999,SL,3,5e-05,0.0008,0.0008500000000000001,-0.0007499999999999685,-0.0015999999999999686,0.0010811937806349957,0.00042012562177377757,112412.32898887615,113209.92518710071,95.61947475732082,97.58873239788983,Low,Trending,train,2025-08,c555ac9efd53
489,2025-08-25 12:31:00,2025-08-25 12:35:00,SHORT,111620.0,111396.76,TP,4,5e-05,0.0008,0.0008500000000000001,0.002000000000000047,0.0011500000000000468,0.0001893029922953293,0.002437735172908133,112270.6348808254,113059.59261995862,88.62440049971404,93.70090789108446,High,Trending,train,2025-08,c555ac9efd53
490,2025-08-25 12:46:00,2025-08-25 13:09:00,SHORT,111569.76,111346.62048,TP,23,5e-05,0.0008,0.0008500000000000001,0.001999999999999973,0.001149999999999973,0.00044160711648034447,0.0020005420823706807,111927.2139131686,112656.83243389858,69.55301084096979,82.68246616681012,High,Trending,train,2025-08,c555ac9efd53
491,2025-08-25 13:16:00,2025-08-25 13:21:00,SHORT,111382.65,111466.1869875,SL,5,5e-05,0.0008,0.0008500000000000001,-0.0007500000000000297,-0.0016000000000000298,0.0019513811172566448,0.00038291421509538675,111619.03282674121,112131.27625780384,37.62924146300554,61.17942479110659,High,Ranging,train,2025-08,c555ac9efd53
492,2025-08-25 13:53:00,2025-08-25 13:54:00,SHORT,111249.82,111333.25736500001,SL,1,5e-05,0.0008,0.0008500000000000001,-0.000750000000000047,-0.0016000000000000471,0.001709485911977143,0.0,111302.75155141766,111668.65708222284,91.9318121686312,91.79235906504549,High,Ranging,train,2025-08,c555ac9efd53
493,2025-08-25 13:56:00,2025-08-25 13:57:00,SHORT,111242.28,111325.71171,SL,1,5e-05,0.0008,0.0008500000000000001,-0.0007500000000000395,-0.0016000000000000395,0.002283124725598899,0.0,111304.06152786437,111648.01992687935,77.9855480889869,85.02482893208577,High,Ranging,train,2025-08,c555ac9efd53
494,2025-08-25 14:33:00,2025-08-25 14:37:00,LONG,111984.12,112208.08824,TP,4,5e-05,0.0008,0.0008500000000000001,0.002000000000000018,0.0011500000000000178,3.0004254174614955e-05,0.0022089739152302123,111776.09636522441,111770.61388013668,41.2186274509796,24.756845675437983,High,Ranging,train,2025-08,c555ac9efd53
495,2025-08-25 15:39:00,2025-08-25 15:41:00,LONG,112384.0,112299.712,SL,2,5e-05,0.0008,0.0008500000000000001,-0.0007500000000000041,-0.0016000000000000042,0.0010494376423690413,0.00028972095671979706,112270.71025052959,112137.77873820468,37.73138183383537,23.295120813481404,Low,Ranging,train,2025-08,c555ac9efd53
496,2025-08-25 15:45:00,2025-08-25 15:46:00,LONG,112426.46,112342.140155,SL,1,5e-05,0.0008,0.0008500000000000001,-0.0007500000000000484,-0.0016000000000000484,0.0020142944997112457,0.0,112281.02168116075,112158.1828543634,65.44109432108664,42.97163514305228,Medium,Ranging,train,2025-08,c555ac9efd53
497,2025-08-26 12:25:00,2025-08-26 12:31:00,SHORT,109689.63,109771.8972225,SL,6,5e-05,0.0008,0.0008500000000000001,-0.0007499999999999886,-0.0015999999999999886,0.0014768943974011034,0.0,110598.61540228523,111169.26973180269,77.18728679981776,81.95819822851682,Low,Trending,train,2025-08,c555ac9efd53
498,2025-08-26 13:58:00,2025-08-26 13:59:00,SHORT,109914.0,109996.4355,SL,1,5e-05,0.0008,0.0008500000000000001,-0.0007500000000000625,-0.0016000000000000625,0.0016674854886547558,0.0,109943.13045905766,110176.7552820812,84.4741596654339,84.04173467035339,High,Ranging,train,2025-08,c555ac9efd53
499,2025-08-26 14:33:00,2025-08-26 14:41:00,LONG,110373.6,110290.8198,SL,8,5e-05,0.0008,0.0008500000000000001,-0.0007500000000000755,-0.0016000000000000755,0.0010297752361072166,0.0010731732950632858,110126.10910864442,110170.48040016809,45.180771528686364,31.05401821297987,Medium,Ranging,train,2025-08,c555ac9efd53
500,2025-08-26 14:53:00,2025-08-26 14:54:00,LONG,110364.45,110281.67666249999,SL,1,5e-05,0.0008,0.0008500000000000001,-0.0007500000000000888,-0.0016000000000000888,0.0008515423218255148,0.0,110235.16771072951,110223.04238977752,51.92491399933192,32.645435860367826,High,Ranging,train,2025-08,c555ac9efd53
501,2025-08-26 15:56:00,2025-08-26 15:59:00,SHORT,109713.7,109666.33,EOD,3,5e-05,0.0008,0.0008500000000000001,0.00043176011746933466,-0.0004182398825306654,0.00038554893326907133,0.0007947047633978467,109914.78585789242,110046.87011408397,79.25403423127314,78.41984225415912,Medium,Ranging,train,2025-08,c555ac9efd53
502,2025-08-27 12:13:00,2025-08-27 12:18:00,LONG,111295.17,111211.6986225,SL,5,5e-05,0.0008,0.0008500000000000001,-0.0007499999999999839,-0.0015999999999999838,0.0010117240487614266,0.0007123399874405946,110491.74376085516,110336.163968789,53.54235071140645,34.034810831473976,Low,Ranging,train,2025-08,c555ac9efd53
503,2025-08-27 12:24:00,2025-08-27 12:29:00,LONG,111261.62,111178.17378499999,SL,5,5e-05,0.0008,0.0008500000000000001,-0.0007500000000000322,-0.0016000000000000324,0.0010930993095372452,0.00016510635024018073,110762.57246905597,110517.43532771087,48.021222204205515,27.81256250680916,Low,Ranging,train,2025-08,c555ac9efd53
504,2025-08-27 12:33:00,2025-08-27 12:41:00,LONG,111152.39,111069.0257075,SL,8,5e-05,0.0008,0.0008500000000000001,-0.0007500000000000197,-0.0016000000000000198,0.0011660567982388916,0.00014529602107515798,110884.62572643679,110624.66799296143,17.237834296392574,13.236952288445712,Medium,Ranging,train,2025-08,c555ac9efd53
505,2025-08-27 13:10:00,2025-08-27 13:30:00,LONG,111152.57,111069.20557250001,SL,20,5e-05,0.0008,0.0008500000000000001,-0.0007499999999999726,-0.0015999999999999725,0.0012015016836767957,0.0016857909808112408,111129.62377110065,110922.79583573094,6.30876060191077,3.8475698894166563,Low,Ranging,train,2025-08,c555ac9efd53
506,2025-08-27 14:01:00,2025-08-27 14:03:00,LONG,111505.71,111422.08071750001,SL,2,5e-05,0.0008,0.0008500000000000001,-0.0007499999999999841,-0.0015999999999999842,0.0007535040133819521,0.0016331899057007984,111429.5872050435,111248.09032981296,29.48280463039926,18.362858969352164,Medium,Ranging,train,2025-08,c555ac9efd53
507,2025-08-28 12:17:00,2025-08-28 12:31:00,LONG,112825.24,113050.89048,TP,14,5e-05,0.0008,0.0008500000000000001,0.0019999999999999697,0.0011499999999999696,0.00038608382308792096,0.0027068411288111967,112386.44229335285,112142.68550557441,11.500235251386037,4.323773512849962,Low,Trending,train,2025-08,c555ac9efd53
508,2025-08-28 12:32:00,2025-08-28 12:35:00,LONG,113051.74,112966.951195,SL,3,5e-05,0.0008,0.0008500000000000001,-0.0007500000000000334,-0.0016000000000000335,0.0011864479042958973,0.0005878724201855881,112625.44600916277,112342.37361785925,61.50832581233186,38.880737955006204,Medium,Trending,train,2025-08,c555ac9efd53
509,2025-08-28 13:04:00,2025-08-28 13:21:00,LONG,113161.5,113387.823,TP,17,5e-05,0.0008,0.0008500000000000001,0.002000000000000035,0.0011500000000000351,0.0006841549466912179,0.0027411266199193394,113021.75425924215,112730.99082428004,21.420683433655597,9.815158574920355,Medium,Trending,train,2025-08,c555ac9efd53
510,2025-08-28 13:31:00,2025-08-28 13:32:00,LONG,113183.9,113099.01207499999,SL,1,5e-05,0.0008,0.0008500000000000001,-0.0007500000000000241,-0.0016000000000000241,0.001447025592862579,0.0,113134.74586744534,112923.48020648418,24.152050657206203,13.398355700563902,High,Ranging,train,2025-08,c555ac9efd53
511,2025-08-28 14:39:00,2025-08-28 14:40:00,SHORT,112831.65,112916.2737375,SL,1,5e-05,0.0008,0.0008500000000000001,-0.0007500000000000489,-0.0016000000000000489,0.0022213625343598135,0.0,112848.21403683,112865.62324331494,93.76992886926793,91.48241079403427,High,Ranging,train,2025-08,c555ac9efd53
512,2025-08-28 15:11:00,2025-08-28 15:15:00,LONG,113090.02,113005.202485,SL,4,5e-05,0.0008,0.0008500000000000001,-0.0007500000000000217,-0.0016000000000000218,0.0009206824793205439,5.783003663801277e-05,113043.44602761278,112987.34962782635,33.108925011622496,21.765547510405497,Medium,Ranging,train,2025-08,c555ac9efd53
513,2025-08-28 15:35:00,2025-08-28 15:43:00,SHORT,112776.73,112551.17654,TP,8,5e-05,0.0008,0.0008500000000000001,0.0019999999999999606,0.0011499999999999605,0.0,0.002078531626160724,112864.85168353833,112904.86307901499,90.25195861654743,90.18967296403461,Medium,Ranging,train,2025-08,c555ac9efd53
514,2025-08-29 12:01:00,2025-08-29 12:06:00,SHORT,110106.01,110188.5895075,SL,5,5e-05,0.0008,0.0008500000000000001,-0.0007500000000000546,-0.0016000000000000545,0.0010556190347830285,0.0003204184767025782,112473.900750748,112665.9836436062,33.30209835673566,61.793184341646054,Low,Ranging,train,2025-08,c555ac9efd53
515,2025-08-29 12:17:00,2025-08-29 12:30:00,SHORT,110287.56,110370.27567,SL,13,5e-05,0.0008,0.0008500000000000001,-0.0007500000000000458,-0.0016000000000000458,0.008563431814068625,0.0011203439445028765,111409.56196802629,111995.69933646476,69.40359756459453,87.95113354089104,Medium,Trending,train,2025-08,c555ac9efd53
516,2025-08-29 12:33:00,2025-08-29 12:34:00,SHORT,110909.98,110993.162485,SL,1,5e-05,0.0008,0.0008500000000000001,-0.0007499999999999779,-0.001599999999999978,0.0010947617157626235,0.0015804709368804648,110991.52185808611,111586.36187349666,55.959379721755376,71.56839774444539,High,Trending,train,2025-08,c555ac9efd53
517,2025-08-29 12:50:00,2025-08-29 12:53:00,SHORT,110659.64,110742.63473,SL,3,5e-05,0.0008,0.0008500000000000001,-0.0007500000000000524,-0.0016000000000000523,0.0011964615102669246,0.0012434524457155818,110812.24306511806,111310.37356860643,60.239631887175676,77.83853232938972,High,Trending,train,2025-08,c555ac9efd53
518,2025-08-29 12:57:00,2025-08-29 12:58:00,SHORT,110626.21,110709.1796575,SL,1,5e-05,0.0008,0.0008500000000000001,-0.0007499999999999818,-0.0015999999999999819,0.0012066760670910689,0.0,110784.9228618975,111230.71500830167,51.009365244538856,65.1928670837576,Medium,Ranging,train,2025-08,c555ac9efd53
519,2025-08-29 13:16:00,2025-08-29 13:20:00,SHORT,110647.37,110426.07526,TP,4,5e-05,0.0008,0.0008500000000000001,0.001999999999999978,0.0011499999999999779,0.0,0.0020548161244139883,110712.14403327835,111047.61107319528,57.40558039321839,72.74398512630673,Medium,Ranging,train,2025-08,c555ac9efd53
520,2025-08-29 14:23:00,2025-08-29 14:24:00,SHORT,108700.09,108781.6150675,SL,1,5e-05,0.0008,0.0008500000000000001,-0.0007499999999999894,-0.0015999999999999895,0.0009191344735777449,0.0,109199.73695491614,109741.03156891665,74.52122158352898,83.06961779644548,Medium,Trending,train,2025-08,c555ac9efd53
521,2025-08-29 15:04:00,2025-08-29 15:07:00,SHORT,108308.68,108389.91150999999,SL,3,5e-05,0.0008,0.0008500000000000001,-0.0007499999999999797,-0.00159999999999998,0.001502649649132461,0.0004085545128977659,108583.6545939281,109025.46558461778,60.65465366176028,72.97139422494267,Medium,Ranging,train,2025-08,c555ac9efd53
522,2025-08-29 15:39:00,2025-08-29 15:41:00,SHORT,108464.96,108546.30872000002,SL,2,5e-05,0.0008,0.0008500000000000001,-0.0007500000000000834,-0.0016000000000000836,0.0009031488141422985,0.00040861122338501743,108489.28571573675,108738.16174922818,73.85674648032096,84.00890607348482,Medium,Ranging,train,2025-08,c555ac9efd53
523,2025-08-30 13:22:00,2025-08-30 13:29:00,SHORT,108332.17,108413.4191275,SL,7,5e-05,0.0008,0.0008500000000000001,-0.0007500000000000607,-0.0016000000000000608,0.0007960700870295983,9.581641353629911e-05,108417.23132481264,108482.38740469358,82.12175881707759,86.23821380051204,Low,Ranging,train,2025-08,c555ac9efd53
524,2025-08-30 15:02:00,2025-08-30 15:04:00,LONG,108654.54,108573.049095,SL,2,5e-05,0.0008,0.0008500000000000001,-0.0007499999999999885,-0.0015999999999999886,0.0008546352504000348,0.0,108601.83276523797,108555.72385616758,24.114782335124744,22.075349129884497,Medium,Ranging,train,2025-08,c555ac9efd53
525,2025-08-30 15:34:00,2025-08-30 15:39:00,LONG,108704.01,108921.41802,TP,5,5e-05,0.0008,0.0008500000000000001,0.002000000000000024,0.0011500000000000238,4.921621566666463e-05,0.002043530868824429,108671.42108650776,108618.5195496517,25.136784016164583,15.647153441115684,Low,Ranging,train,2025-08,c555ac9efd53
526,2025-08-31 12:00:00,2025-08-31 12:30:00,LONG,108389.77,108370.26,MAX_HOLD,30,5e-05,0.0008,0.0008500000000000001,-0.00017999853676236525,-0.0010299985367623653,0.0007319878988580847,0.0005170229625913367,108778.84026368578,108709.10287042237,29.67629230252241,20.028834188570475,High,Ranging,train,2025-08,c555ac9efd53
527,2025-08-31 12:31:00,2025-08-31 12:39:00,SHORT,108370.27,108451.5477025,SL,8,5e-05,0.0008,0.0008500000000000001,-0.0007499999999999625,-0.0015999999999999626,0.0008990473125147055,0.0,108491.52530721713,108554.51336523642,72.47677665697346,79.13971035331305,High,Trending,train,2025-08,c555ac9efd53
528,2025-08-31 12:41:00,2025-08-31 13:07:00,SHORT,108425.49,108208.63902,TP,26,5e-05,0.0008,0.0008500000000000001,0.0020000000000000265,0.0011500000000000264,0.00011085954050094237,0.0021600086843048772,108465.90668239597,108528.86031119792,57.95871302835366,77.97432304671491,Low,Trending,train,2025-08,c555ac9efd53
529,2025-08-31 14:46:00,2025-08-31 15:16:00,LONG,108498.37,108510.19,MAX_HOLD,30,5e-05,0.0008,0.0008500000000000001,0.0001089417288020731,-0.0007410582711979269,0.0005838797393913961,0.0018441751705579638,108394.80553532633,108381.6261209944,54.68795832280347,29.465630223935424,Medium,Ranging,train,2025-08,c555ac9efd53
530,2025-09-01 12:06:00,2025-09-01 12:24:00,LONG,108749.35,108966.8487,TP,18,5e-05,0.0008,0.0008500000000000001,0.0019999999999999675,0.0011499999999999675,0.0,0.002246266299522699,108680.2579515771,108596.66721544621,61.5529010357831,32.87183908255087,High,Trending,train,2025-09,c555ac9efd53
531,2025-09-01 13:35:00,2025-09-01 13:36:00,LONG,109301.95,109219.97353749999,SL,1,5e-05,0.0008,0.0008500000000000001,-0.0007500000000000897,-0.0016000000000000896,0.0009290776605541156,0.0,109234.27227097694,109085.42394942911,23.349780701753975,16.991959064327208,High,Trending,train,2025-09,c555ac9efd53
532,2025-09-01 13:39:00,2025-09-01 13:43:00,LONG,109269.06,109187.108205,SL,4,5e-05,0.0008,0.0008500000000000001,-0.0007500000000000078,-0.0016000000000000079,0.0012729129361961796,0.0003009086012088386,109237.77295174236,109098.68157657688,29.014574949513843,21.91967792279563,Medium,Trending,train,2025-09,c555ac9efd53
533,2025-09-01 14:42:00,2025-09-01 14:52:00,SHORT,109037.97,109119.7484775,SL,10,5e-05,0.0008,0.0008500000000000001,-0.0007500000000000334,-0.0016000000000000335,0.0009532459197470599,0.0016727200625616875,109075.04877485565,109083.97492785894,87.00525701445683,87.91308587345092,Medium,Ranging,train,2025-09,c555ac9efd53
534,2025-09-01 15:40:00,2025-09-01 15:59:00,SHORT,108770.0,108784.33,EOD,19,5e-05,0.0008,0.0008500000000000001,-0.00013174588581411922,-0.0009817458858141193,0.00019233244460787214,0.00187551714627195,108905.61508619376,108981.63051619349,73.81723670332948,83.60810400878631,Medium,Ranging,train,2025-09,c555ac9efd53
535,2025-09-02 12:19:00,2025-09-02 12:38:00,LONG,109354.01,109271.99449249999,SL,19,5e-05,0.0008,0.0008500000000000001,-0.0007500000000000688,-0.0016000000000000688,0.0010862884680680077,0.001621248274297469,109177.41223961404,109093.44714977297,16.704625822919862,16.078721841550287,Medium,Ranging,train,2025-09,c555ac9efd53
536,2025-09-02 13:02:00,2025-09-02 13:03:00,SHORT,108883.32,108964.98249000001,SL,1,5e-05,0.0008,0.0008500000000000001,-0.0007500000000000224,-0.0016000000000000224,0.0015124446976818213,0.0,108967.65037831385,109029.00347403265,93.86815497341547,92.38906537631215,High,Ranging,train,2025-09,c555ac9efd53
537,2025-09-02 13:05:00,2025-09-02 13:06:00,SHORT,108945.6,109027.3092,SL,1,5e-05,0.0008,0.0008500000000000001,-0.0007499999999999771,-0.0015999999999999773,0.0013134077925129285,0.0,108969.18725179794,109026.22064292901,79.88979726090292,85.98588866793357,High,Ranging,train,2025-09,c555ac9efd53
538,2025-09-02 14:09:00,2025-09-02 14:15:00,LONG,110987.86,110904.61910499999,SL,6,5e-05,0.0008,0.0008500000000000001,-0.0007500000000000894,-0.0016000000000000894,0.0010438979542447308,0.001997065264615375,110496.5814736813,110014.18844990357,44.97798359536628,26.643281465749038,High,Trending,train,2025-09,c555ac9efd53
539,2025-09-02 14:44:00,2025-09-02 14:48:00,LONG,111486.01,111402.39549249999,SL,4,5e-05,0.0008,0.0008500000000000001,-0.0007500000000000852,-0.0016000000000000853,0.0012379131695536936,0.0011761116932968532,111182.34576749157,110698.37255967777,26.573549161946076,14.947483461984248,Medium,Trending,train,2025-09,c555ac9efd53
540,2025-09-02 14:54:00,2025-09-02 14:55:00,LONG,111339.85,111256.3451125,SL,1,5e-05,0.0008,0.0008500000000000001,-0.0007500000000000591,-0.0016000000000000593,0.001888631967799479,0.0,111244.39375830296,110821.02335662143,23.699570309334035,16.775172343546057,Low,Ranging,train,2025-09,c555ac9efd53
541,2025-09-03 12:17:00,2025-09-03 12:37:00,LONG,111504.0,111727.008,TP,20,5e-05,0.0008,0.0008500000000000001,0.002000000000000015,0.0011500000000000147,0.0006533397905008414,0.0031658057110058833,111268.46050914837,111143.74106217656,43.45068995221707,21.867780910714135,Low,Ranging,train,2025-09,c555ac9efd53
542,2025-09-03 13:27:00,2025-09-03 13:31:00,LONG,111382.54,111299.003095,SL,4,5e-05,0.0008,0.0008500000000000001,-0.0007500000000000076,-0.0016000000000000077,0.0007509255939036713,0.0006957104767049238,111333.72900625449,111297.00511566666,22.477809151034744,19.199899708037552,Low,Ranging,train,2025-09,c555ac9efd53
543,2025-09-03 14:56:00,2025-09-03 15:16:00,LONG,112178.01,112093.87649249999,SL,20,5e-05,0.0008,0.0008500000000000001,-0.0007500000000000868,-0.0016000000000000868,0.0008720960551894418,0.0017712027517692848,111920.53721186114,111725.33592247352,30.210260580160774,16.211101436950234,Low,Trending,train,2025-09,c555ac9efd53
544,2025-09-03 15:19:00,2025-09-03 15:23:00,LONG,112108.76,112024.67842999999,SL,4,5e-05,0.0008,0.0008500000000000001,-0.0007500000000000837,-0.0016000000000000838,0.0013269257460344292,0.00065864612185534,112095.87986642783,111907.55711159886,16.819446588206855,9.42650354327227,Low,Trending,train,2025-09,c555ac9efd53
545,2025-09-03 15:57:00,2025-09-03 15:59:00,LONG,112244.86,112222.74,EOD,2,5e-05,0.0008,0.0008500000000000001,-0.00019706915755425544,-0.0010470691575542555,0.0005471965486882718,0.0,112158.93090121316,112041.8048637708,31.030978675117126,27.619129110562966,Medium,Ranging,train,2025-09,c555ac9efd53
546,2025-09-04 12:16:00,2025-09-04 12:31:00,SHORT,111069.98,110847.84004,TP,15,5e-05,0.0008,0.0008500000000000001,0.002000000000000004,0.0011500000000000039,0.00016224005802471626,0.002430719803856955,111564.06641064482,111729.27887449598,85.6979869967476,92.41893806784928,Low,Trending,train,2025-09,c555ac9efd53
547,2025-09-04 12:52:00,2025-09-04 12:57:00,SHORT,110772.01,110855.08900749999,SL,5,5e-05,0.0008,0.0008500000000000001,-0.0007499999999999712,-0.0015999999999999712,0.0013130573328046648,0.00014669770820264073,110942.38022157711,111235.01983994832,92.87286092182705,96.91595672180632,Medium,Trending,train,2025-09,c555ac9efd53
548,2025-09-04 13:59:00,2025-09-04 14:03:00,SHORT,110480.01,110259.04998,TP,4,5e-05,0.0008,0.0008500000000000001,0.0019999999999999875,0.0011499999999999874,0.00039799055050774494,0.0028735515139797795,110621.72101681947,110804.02536365074,63.323383084576484,77.07953903834711,Low,Ranging,train,2025-09,c555ac9efd53
549,2025-09-04 15:32:00,2025-09-04 15:53:00,SHORT,109537.15,109619.3028625,SL,21,5e-05,0.0008,0.0008500000000000001,-0.0007500000000000589,-0.0016000000000000588,0.0008241039683797148,0.0014930094493054969,109667.88021563053,109905.8905324584,60.85905202655641,78.20688469417604,High,Ranging,train,2025-09,c555ac9efd53
550,2025-09-05 12:01:00,2025-09-05 12:12:00,LONG,112349.97,112265.7075225,SL,11,5e-05,0.0008,0.0008500000000000001,-0.0007500000000000035,-0.0016000000000000035,0.0008483313346678924,0.0012107702387459368,109793.75670658209,109850.20042290476,66.01137069810194,39.18247299032972,High,Ranging,train,2025-09,c555ac9efd53
551,2025-09-05 12:14:00,2025-09-05 12:20:00,LONG,112372.24,112596.98448,TP,6,5e-05,0.0008,0.0008500000000000001,0.001999999999999946,0.0011499999999999458,8.649823123576751e-05,0.0028028274598779187,110843.88828101354,110430.77595399077,42.178486479449255,25.255481787334332,Low,Trending,train,2025-09,c555ac9efd53
552,2025-09-05 12:44:00,2025-09-05 12:50:00,LONG,112592.52,112817.70504,TP,6,5e-05,0.0008,0.0008500000000000001,0.00199999999999997,0.00114999999999997,0.0003787107704845705,0.0021273171610333395,112089.13930450904,111417.92967227842,42.59529721131977,28.023957693897255,High,Trending,train,2025-09,c555ac9efd53
553,2025-09-05 13:10:00,2025-09-05 13:30:00,LONG,112978.87,112894.13584749999,SL,20,5e-05,0.0008,0.0008500000000000001,-0.000750000000000074,-0.001600000000000074,0.0007638596491537609,0.0016137530849795806,112693.11654605874,112063.90389983765,21.827254191300995,11.602219489668558,Low,Trending,train,2025-09,c555ac9efd53
554,2025-09-05 13:32:00,2025-09-05 13:36:00,LONG,113112.79,113027.95540749999,SL,4,5e-05,0.0008,0.0008500000000000001,-0.000750000000000027,-0.0016000000000000272,0.003138902329259038,0.000995378153080753,112876.65056958454,112400.22907784063,43.386671158272584,28.733158190326368,High,Ranging,train,2025-09,c555ac9efd53
555,2025-09-05 14:57:00,2025-09-05 15:01:00,SHORT,110708.93,110487.51213999999,TP,4,5e-05,0.0008,0.0008500000000000001,0.0020000000000000126,0.0011500000000000126,0.0,0.0033795828394330447,111195.50885186883,111639.17619837911,62.4899146261385,74.36919294694593,Medium,Ranging,train,2025-09,c555ac9efd53
556,2025-09-05 15:11:00,2025-09-05 15:12:00,SHORT,110499.98,110582.854985,SL,1,5e-05,0.0008,0.0008500000000000001,-0.00075000000000002,-0.00160000000000002,0.0010537558468336585,0.0,110913.65649795008,111369.44040411078,68.49221106012503,76.86748369061068,Medium,Ranging,train,2025-09,c555ac9efd53
557,2025-09-05 15:19:00,2025-09-05 15:20:00,SHORT,110689.61,110772.6272075,SL,1,5e-05,0.0008,0.0008500000000000001,-0.0007500000000000086,-0.0016000000000000085,0.0010780596299869677,0.0,110853.0826413909,111269.10786062185,82.6982590609323,85.0130381359143,Medium,Ranging,train,2025-09,c555ac9efd53
558,2025-09-06 12:08:00,2025-09-06 12:38:00,SHORT,110812.82,110793.5,MAX_HOLD,30,5e-05,0.0008,0.0008500000000000001,0.00017434805828429404,-0.000675651941715706,0.0005532753340272152,0.0004962422217935185,110830.04627729036,110996.32131960355,75.78903431034354,86.80454696521714,Low,Ranging,train,2025-09,c555ac9efd53
559,2025-09-06 13:31:00,2025-09-06 13:58:00,SHORT,110860.01,110943.1550075,SL,27,5e-05,0.0008,0.0008500000000000001,-0.0007500000000000269,-0.001600000000000027,0.0007928918642530227,0.0002862168242632842,110874.24658142525,110890.46056537167,50.181040374362375,63.35052277946071,Medium,Ranging,train,2025-09,c555ac9efd53
560,2025-09-06 14:20:00,2025-09-06 14:50:00,LONG,110910.04,110829.43,MAX_HOLD,30,5e-05,0.0008,0.0008500000000000001,-0.0007268052558632256,-0.0015768052558632257,0.0007294199875862833,4.986022906504576e-05,110904.4770597904,110900.11524445833,50.386617516019136,29.630402212277847,Low,Ranging,train,2025-09,c555ac9efd53
561,2025-09-06 15:04:00,2025-09-06 15:34:00,SHORT,110806.87,110760.29,MAX_HOLD,30,5e-05,0.0008,0.0008500000000000001,0.00042037104739084993,-0.00042962895260915013,0.0,0.0010135653141361875,110848.12128611728,110867.03861949168,20.65441495317371,52.691810043329355,Low,Ranging,train,2025-09,c555ac9efd53
562,2025-09-06 15:37:00,2025-09-06 15:47:00,SHORT,110750.0,110528.5,TP,10,5e-05,0.0008,0.0008500000000000001,0.002,0.00115,9.029345367730303e-08,0.0023716478555305055,110775.67798564945,110809.65530750925,36.67953667953522,55.711342335354,Low,Ranging,train,2025-09,c555ac9efd53
563,2025-09-07 12:12:00,2025-09-07 12:42:00,LONG,111136.0,111160.15,MAX_HOLD,30,5e-05,0.0008,0.0008500000000000001,0.00021730132450325888,-0.0006326986754967411,0.0005653433630866843,0.0007995608983587728,110871.8625200582,110830.61342146854,16.36511817440839,6.3789175940984775,High,Ranging,train,2025-09,c555ac9efd53
564,2025-09-07 12:49:00,2025-09-07 13:19:00,LONG,111091.92,111080.07,MAX_HOLD,30,5e-05,0.0008,0.0008500000000000001,-0.00010666842377007498,-0.0009566684237700751,0.00044395668019773566,0.00021612732951230623,111077.68116600854,110990.27413637053,8.657338735866938,4.409927622030797,Medium,Trending,train,2025-09,c555ac9efd53
565,2025-09-07 13:47:00,2025-09-07 14:17:00,LONG,111198.85,111179.75,MAX_HOLD,30,5e-05,0.0008,0.0008500000000000001,-0.00017176436626822867,-0.0010217643662682287,0.0007258168587175712,0.0019168363701602504,111140.58318462345,111089.48492940009,28.93848749808477,23.39571508922195,Low,Ranging,train,2025-09,c555ac9efd53
566,2025-09-07 14:29:00,2025-09-07 14:41:00,SHORT,111144.0,111227.35800000001,SL,12,5e-05,0.0008,0.0008500000000000001,-0.000750000000000067,-0.001600000000000067,0.0009922263010148891,1.4125818757710582e-05,111174.18393550935,111145.59073447138,51.602098221156716,68.86471178038255,Medium,Ranging,train,2025-09,c555ac9efd53
567,2025-09-07 15:02:00,2025-09-07 15:16:00,SHORT,111120.56,111203.90042,SL,14,5e-05,0.0008,0.0008500000000000001,-0.0007500000000000695,-0.0016000000000000697,0.0008113710010101056,0.0,111163.84354409216,111154.26080341332,57.76596642201145,73.1083464171428,Low,Ranging,train,2025-09,c555ac9efd53
568,2025-09-07 15:42:00,2025-09-07 15:59:00,LONG,111319.99,111329.99,EOD,17,5e-05,0.0008,0.0008500000000000001,8.983112556873208e-05,-0.0007601688744312679,0.0005387172600356967,8.992095669425376e-05,111262.20724242525,111220.67748947367,36.02491054477965,26.09792290898351,Low,Ranging,train,2025-09,c555ac9efd53
569,2025-09-08 12:14:00,2025-09-08 12:44:00,LONG,111970.47,112065.99,MAX_HOLD,30,5e-05,0.0008,0.0008500000000000001,0.000853082067084331,3.082067084330992e-06,0.0003235674548833806,0.0016381997860685322,111603.12189279223,111437.92859966433,42.46679235585268,29.834778118320177,High,Trending,train,2025-09,c555ac9efd53
570,2025-09-08 12:47:00,2025-09-08 13:08:00,LONG,112099.21,112323.40842,TP,21,5e-05,0.0008,0.0008500000000000001,0.0020000000000000052,0.0011500000000000052,0.0007406831859030352,0.002418304285998059,111917.06935584865,111720.14035308838,40.25930565441175,27.87695957958944,Medium,Trending,train,2025-09,c555ac9efd53
571,2025-09-08 13:20:00,2025-09-08 13:21:00,LONG,112299.69,112215.4652325,SL,1,5e-05,0.0008,0.0008500000000000001,-0.0007499999999999664,-0.0015999999999999665,0.0008392721297805898,0.0,112134.70470801929,111950.68040974477,39.665807761380556,29.43789420716045,High,Trending,train,2025-09,c555ac9efd53
572,2025-09-08 14:57:00,2025-09-08 15:15:00,LONG,112590.97,112816.15194,TP,18,5e-05,0.0008,0.0008500000000000001,0.001999999999999955,0.0011499999999999549,0.0,0.002211811480085826,112426.83230393892,112294.83323118671,74.21805626424437,41.1035699659177,Medium,Ranging,train,2025-09,c555ac9efd53
573,2025-09-09 12:58:00,2025-09-09 13:14:00,SHORT,112640.01,112724.4900075,SL,16,5e-05,0.0008,0.0008500000000000001,-0.0007500000000000833,-0.0016000000000000833,0.0010933060108926547,0.0015077235877376232,112676.50480498257,112647.0706064586,61.93128333855873,77.19721482628267,Low,Ranging,train,2025-09,c555ac9efd53
574,2025-09-09 13:53:00,2025-09-09 13:54:00,LONG,112862.69,112778.0429825,SL,1,5e-05,0.0008,0.0008500000000000001,-0.0007499999999999955,-0.0015999999999999955,0.0009386627237043732,9.737496067115435e-05,112765.56885821364,112718.34328136044,54.463158460258796,33.70090140677208,Medium,Ranging,train,2025-09,c555ac9efd53
575,2025-09-09 14:16:00,2025-09-09 14:31:00,SHORT,112380.0,112155.24,TP,15,5e-05,0.0008,0.0008500000000000001,0.001999999999999953,0.0011499999999999531,0.0001897134721481312,0.0023891261790354623,112553.43897814129,112611.7977454254,79.59337158994703,87.64612128847675,High,Ranging,train,2025-09,c555ac9efd53
576,2025-09-09 14:57:00,2025-09-09 15:03:00,SHORT,111806.67,111583.05666,TP,6,5e-05,0.0008,0.0008500000000000001,0.001999999999999966,0.0011499999999999662,0.0003627690548336488,0.002134666921034302,111976.01930433582,112199.94979539236,65.18867504232163,76.97625802028244,Medium,Trending,train,2025-09,c555ac9efd53
577,2025-09-09 15:57:00,2025-09-09 15:59:00,SHORT,110978.13,110880.76,EOD,2,5e-05,0.0008,0.0008500000000000001,0.0008773800747950059,2.7380074795005827e-05,0.0,0.0008774701826387294,111168.72041946847,111477.93852397622,73.87600456540468,83.51190213516138,Low,Trending,train,2025-09,c555ac9efd53
578,2025-09-10 13:23:00,2025-09-10 13:24:00,LONG,113525.51,113440.36586749999,SL,1,5e-05,0.0008,0.0008500000000000001,-0.0007500000000000447,-0.0016000000000000447,0.0007709280495633935,0.0,113333.63353862583,112929.37318972281,3.683411830801727,2.83921708502186,Low,Trending,train,2025-09,c555ac9efd53
579,2025-09-10 13:56:00,2025-09-10 14:06:00,LONG,113926.68,114154.53335999999,TP,10,5e-05,0.0008,0.0008500000000000001,0.001999999999999945,0.001149999999999945,0.00027965354559604506,0.0020567614188354037,113710.8210818395,113357.36064726948,17.45140837750805,13.46687274443994,Low,Ranging,train,2025-09,c555ac9efd53
580,2025-09-10 14:32:00,2025-09-10 14:33:00,LONG,114146.75,114061.1399375,SL,1,5e-05,0.0008,0.0008500000000000001,-0.0007499999999999674,-0.0015999999999999673,0.0013108564194775994,5.8783977642871155e-05,114012.95800704279,113736.74148522725,28.173172504856893,18.428622065455382,Low,Ranging,train,2025-09,c555ac9efd53
581,2025-09-10 14:36:00,2025-09-10 14:38:00,LONG,114168.11,114082.4839175,SL,2,5e-05,0.0008,0.0008500000000000001,-0.0007500000000000552,-0.0016000000000000554,0.0011336790983051885,0.0,114020.48008755666,113761.80183992312,46.48491351967825,29.794472352767666,High,Ranging,train,2025-09,c555ac9efd53
582,2025-09-10 15:47:00,2025-09-10 15:54:00,SHORT,113813.96,113899.32047,SL,7,5e-05,0.0008,0.0008500000000000001,-0.0007499999999999967,-0.0015999999999999968,0.0010540886197087475,0.0,113887.32167087084,113865.22371749039,53.54153890151856,66.20648369693576,Medium,Ranging,train,2025-09,c555ac9efd53
583,2025-09-11 12:20:00,2025-09-11 12:30:00,LONG,114154.3,114068.684275,SL,10,5e-05,0.0008,0.0008500000000000001,-0.0007499999999999651,-0.0015999999999999652,0.0057317157566557095,0.0030283572322724337,114061.92512374149,113979.92392149946,20.907692683285063,18.29221968293103,Medium,Ranging,train,2025-09,c555ac9efd53
584,2025-09-11 12:31:00,2025-09-11 12:32:00,SHORT,113845.51,113930.8941325,SL,1,5e-05,0.0008,0.0008500000000000001,-0.0007500000000000905,-0.0016000000000000905,0.002581217300532982,0.0,114106.64175735149,114021.27673620553,65.41166666666633,77.97267634835491,High,Ranging,train,2025-09,c555ac9efd53
585,2025-09-11 13:27:00,2025-09-11 13:30:00,SHORT,113733.95,113819.2504625,SL,3,5e-05,0.0008,0.0008500000000000001,-0.0007500000000000268,-0.0016000000000000267,0.0009900298020072795,0.00021172218145946526,113788.46314361293,113864.35507251318,81.81026591918227,87.39631763451405,Low,Ranging,train,2025-09,c555ac9efd53
586,2025-09-11 14:12:00,2025-09-11 14:15:00,LONG,114253.36,114167.66997999999,SL,3,5e-05,0.0008,0.0008500000000000001,-0.0007500000000000796,-0.0016000000000000797,0.0018724175814173656,0.0006416441494586914,114134.5887758966,114041.88238366283,23.41389508034422,13.477569520810931,Low,Ranging,train,2025-09,c555ac9efd53
587,2025-09-11 14:55:00,2025-09-11 14:56:00,LONG,114395.77,114309.9731725,SL,1,5e-05,0.0008,0.0008500000000000001,-0.0007500000000000184,-0.0016000000000000185,0.0011705852410452194,0.0,114327.23866929275,114211.3072981171,16.422057017253344,15.92034501371333,Medium,Trending,train,2025-09,c555ac9efd53
588,2025-09-11 15:26:00,2025-09-11 15:27:00,LONG,114565.7,114479.775725,SL,1,5e-05,0.0008,0.0008500000000000001,-0.0007499999999999789,-0.001599999999999979,0.001570889018266385,0.0,114472.82248020427,114357.01373333755,12.771147989309542,13.778047112935253,High,Trending,train,2025-09,c555ac9efd53
589,2025-09-12 12:39:00,2025-09-12 13:09:00,LONG,114944.62,115056.99,MAX_HOLD,30,5e-05,0.0008,0.0008500000000000001,0.0009776012135236072,0.0001276012135236072,0.00024289958068501383,0.00198312891895255,114816.81688517035,114653.69689734116,11.429883859587788,12.45931053544824,Low,Trending,train,2025-09,c555ac9efd53
590,2025-09-12 14:52:00,2025-09-12 14:54:00,SHORT,114976.01,115062.2420075,SL,2,5e-05,0.0008,0.0008500000000000001,-0.0007500000000000219,-0.001600000000000022,0.0011131017679254175,0.0,115077.8628254067,115058.40625599978,71.10631494803984,80.43409298272086,Low,Ranging,train,2025-09,c555ac9efd53
591,2025-09-12 15:37:00,2025-09-12 15:39:00,SHORT,115046.43,115132.7148225,SL,2,5e-05,0.0008,0.0008500000000000001,-0.0007500000000000457,-0.0016000000000000458,0.000921019452754913,0.0,115077.27426735433,115073.90636228457,62.37932992617721,74.83799155639282,Low,Ranging,train,2025-09,c555ac9efd53
592,2025-09-12 15:56:00,2025-09-12 15:59:00,LONG,115138.62,115121.18,EOD,3,5e-05,0.0008,0.0008500000000000001,-0.000151469593781846,-0.001001469593781846,0.00023997160987329974,0.00035939287790668896,115111.78771326963,115095.5313134279,23.49152041225675,22.44890775588267,Medium,Ranging,train,2025-09,c555ac9efd53
593,2025-09-13 12:18:00,2025-09-13 12:48:00,LONG,115886.84,116024.08,MAX_HOLD,30,5e-05,0.0008,0.0008500000000000001,0.0011842587130687595,0.00033425871306875946,9.897586300568007e-05,0.0014942162544082098,115532.8835156941,115352.17255575884,23.721362752547165,11.86349930959777,Low,Trending,train,2025-09,c555ac9efd53
594,2025-09-13 12:54:00,2025-09-13 13:08:00,LONG,116024.08,115937.06194,SL,14,5e-05,0.0008,0.0008500000000000001,-0.0007500000000000186,-0.0016000000000000185,0.0008249149659278177,0.0,115874.85587764636,115668.89618426935,66.66666666666663,33.34793390018958,Low,Trending,train,2025-09,c555ac9efd53
595,2025-09-13 14:01:00,2025-09-13 14:10:00,SHORT,115703.06,115789.837295,SL,9,5e-05,0.0008,0.0008500000000000001,-0.0007500000000000617,-0.0016000000000000619,0.0009476845296918572,0.0008170916136530322,115831.00289594763,115807.66580170537,28.57048101826845,56.20471532323123,High,Ranging,train,2025-09,c555ac9efd53
596,2025-09-13 14:12:00,2025-09-13 14:16:00,SHORT,115732.82,115819.619615,SL,4,5e-05,0.0008,0.0008500000000000001,-0.0007499999999999677,-0.0015999999999999678,0.0012008693817362778,0.0005977561075588373,115794.882738316,115791.99978712661,60.91167860120209,78.41773403343741,Medium,Ranging,train,2025-09,c555ac9efd53
597,2025-09-13 14:36:00,2025-09-13 15:00:00,LONG,115877.2,115790.29209999999,SL,24,5e-05,0.0008,0.0008500000000000001,-0.0007500000000000485,-0.0016000000000000484,0.0010852868381354983,0.00010183193932890086,115840.83272032761,115820.60377144249,23.83091787439342,13.194847020932018,Medium,Ranging,train,2025-09,c555ac9efd53
598,2025-09-13 15:27:00,2025-09-13 15:30:00,LONG,115883.11,115796.1976675,SL,3,5e-05,0.0008,0.0008500000000000001,-0.000749999999999969,-0.001599999999999969,0.0014703609525149905,1.760394590716108e-05,115853.55071055623,115838.36309196931,23.872230154937366,11.763357836645511,Low,Ranging,train,2025-09,c555ac9efd53
599,2025-09-13 15:48:00,2025-09-13 15:59:00,SHORT,115739.29,115768.68,EOD,11,5e-05,0.0008,0.0008500000000000001,-0.00025393278289506893,-0.001103932782895069,0.0002540191839781351,0.00052816982029171,115776.74403126855,115797.57377776963,65.37752172341789,81.91560617338001,High,Ranging,train,2025-09,c555ac9efd53
600,2025-09-14 12:13:00,2025-09-14 12:40:00,LONG,115815.84,115728.97812,SL,27,5e-05,0.0008,0.0008500000000000001,-0.0007499999999999719,-0.001599999999999972,0.0009878614186108177,0.0001001590110645126,115787.40194557309,115794.17141859286,30.999645515767554,17.54696846201267,Low,Ranging,train,2025-09,c555ac9efd53
601,2025-09-14 12:51:00,2025-09-14 13:21:00,SHORT,115726.32,115632.0,MAX_HOLD,30,5e-05,0.0008,0.0008500000000000001,0.0008150263483709409,-3.497365162905919e-05,0.00043205383183358807,0.0008150263483709409,115770.35575484768,115782.337706462,31.6071597693729,58.94492207681901,High,Ranging,train,2025-09,c555ac9efd53
602,2025-09-14 14:06:00,2025-09-14 14:11:00,SHORT,115387.23,115473.7704225,SL,5,5e-05,0.0008,0.0008500000000000001,-0.0007500000000000806,-0.0016000000000000805,0.0008989729626060916,0.0,115414.60412653553,115518.13429480953,87.63100131710785,89.72637521706453,High,Trending,train,2025-09,c555ac9efd53
603,2025-09-14 14:48:00,2025-09-14 14:55:00,SHORT,115293.17,115379.6398775,SL,7,5e-05,0.0008,0.0008500000000000001,-0.0007499999999999975,-0.0015999999999999977,0.0008735122817770247,0.0009660589608213969,115385.1475320487,115447.3742678053,50.94099229547919,73.70415091342038,High,Ranging,train,2025-09,c555ac9efd53
604,2025-09-14 15:42:00,2025-09-14 15:59:00,SHORT,115329.23,115224.01,EOD,17,5e-05,0.0008,0.0008500000000000001,0.000912344598156089,6.234459815608899e-05,0.0,0.0011170628642886262,115328.58038423068,115367.04339791552,68.67074762818987,82.85633956748663,Medium,Ranging,train,2025-09,c555ac9efd53
605,2025-09-15 12:25:00,2025-09-15 12:49:00,SHORT,114970.0,114740.06,TP,24,5e-05,0.0008,0.0008500000000000001,0.0020000000000000204,0.0011500000000000204,0.0,0.0023484387231451683,115070.0408281828,115178.77467664526,50.02384749835474,76.40665409847236,High,Trending,train,2025-09,c555ac9efd53
606,2025-09-15 13:07:00,2025-09-15 13:12:00,SHORT,114677.76,114763.76832,SL,5,5e-05,0.0008,0.0008500000000000001,-0.0007500000000000706,-0.0016000000000000705,0.0008630269722743204,4.848368157869208e-05,114817.68428583871,114948.29717283085,45.6279030487275,62.84363979503715,Medium,Trending,train,2025-09,c555ac9efd53
607,2025-09-15 13:50:00,2025-09-15 13:51:00,SHORT,114572.0,114657.929,SL,1,5e-05,0.0008,0.0008500000000000001,-0.0007500000000000325,-0.0016000000000000326,0.0015248926439270188,0.0,114778.70917386978,114855.4958704501,68.36816860974004,76.05775678161582,High,Ranging,train,2025-09,c555ac9efd53
608,2025-09-15 14:18:00,2025-09-15 14:19:00,SHORT,114611.03,114696.9882725,SL,1,5e-05,0.0008,0.0008500000000000001,-0.0007500000000000637,-0.0016000000000000636,0.0012689878103355526,0.0,114670.11508750163,114756.23484447529,81.12574590995398,82.32567182894232,High,Ranging,train,2025-09,c555ac9efd53
609,2025-09-15 14:37:00,2025-09-15 14:57:00,LONG,114800.74,114714.63944500001,SL,20,5e-05,0.0008,0.0008500000000000001,-0.0007499999999999761,-0.001599999999999976,0.0007655002920713286,0.0015282131456642856,114779.79934648125,114794.26570582796,29.278429429154528,19.465730245528057,High,Ranging,train,2025-09,c555ac9efd53
610,2025-09-15 15:23:00,2025-09-15 15:25:00,SHORT,114583.63,114669.56772250001,SL,2,5e-05,0.0008,0.0008500000000000001,-0.0007500000000000541,-0.001600000000000054,0.00105617181092962,0.0,114647.62050694402,114708.98647137692,76.44537741625398,80.3384521831146,High,Ranging,train,2025-09,c555ac9efd53
611,2025-09-15 15:27:00,2025-09-15 15:28:00,SHORT,114586.14,114672.079605,SL,1,5e-05,0.0008,0.0008500000000000001,-0.0007500000000000598,-0.0016000000000000597,0.0014282704697095433,0.0,114650.1530489562,114705.56629301058,79.64408416654099,84.12495379659389,High,Ranging,train,2025-09,c555ac9efd53
612,2025-09-16 12:30:00,2025-09-16 13:00:00,LONG,115327.59,115420.0,MAX_HOLD,30,5e-05,0.0008,0.0008500000000000001,0.0008012826765911218,-4.8717323408878225e-05,0.0,0.0011498549479790619,115166.08846025071,115004.69959945265,26.779077146224683,14.556910066550765,Medium,Trending,train,2025-09,c555ac9efd53
613,2025-09-16 13:16:00,2025-09-16 13:34:00,LONG,115414.72,115328.15896,SL,18,5e-05,0.0008,0.0008500000000000001,-0.0007500000000000044,-0.0016000000000000044,0.000801024340742646,0.0012419559654088881,115387.9305215319,115259.77485073313,29.22546535091171,15.854839798247289,High,Ranging,train,2025-09,c555ac9efd53
614,2025-09-16 14:19:00,2025-09-16 14:24:00,SHORT,115032.58,115118.854435,SL,5,5e-05,0.0008,0.0008500000000000001,-0.0007499999999999944,-0.0015999999999999944,0.0012133953702507738,0.0008743609853834604,115115.24924279652,115165.98862691516,53.552908406671925,72.02887170217468,Low,Ranging,train,2025-09,c555ac9efd53
615,2025-09-16 14:39:00,2025-09-16 14:45:00,SHORT,114970.7,115056.928025,SL,6,5e-05,0.0008,0.0008500000000000001,-0.0007500000000000346,-0.0016000000000000346,0.0012855449257941625,0.0,115064.99105719442,115119.61930812405,32.7072012322944,58.14946348513433,Low,Ranging,train,2025-09,c555ac9efd53
616,2025-09-16 15:24:00,2025-09-16 15:32:00,SHORT,115089.27,115175.5869525,SL,8,5e-05,0.0008,0.0008500000000000001,-0.0007499999999999789,-0.001599999999999979,0.0009084252598005262,0.0,115116.8698802751,115128.31522465087,50.71592775041054,69.74876847290628,Low,Ranging,train,2025-09,c555ac9efd53
617,2025-09-17 12:11:00,2025-09-17 12:34:00,LONG,116269.15,116501.6883,TP,23,5e-05,0.0008,0.0008500000000000001,0.0020000000000000013,0.0011500000000000013,0.00016470405090253243,0.0021310898032711073,115699.22387862712,115474.87796979319,65.73398215733408,34.295601449894455,Low,Trending,train,2025-09,c555ac9efd53
618,2025-09-17 12:49:00,2025-09-17 13:00:00,LONG,116235.44,116148.26342,SL,11,5e-05,0.0008,0.0008500000000000001,-0.0007499999999999946,-0.0015999999999999947,0.0010858134145662148,0.00035204409257622504,116150.70289417711,115907.46721771499,71.66992810504256,45.99558150626283,Medium,Trending,train,2025-09,c555ac9efd53
619,2025-09-17 13:32:00,2025-09-17 13:34:00,LONG,116257.93,116170.73655249999,SL,2,5e-05,0.0008,0.0008500000000000001,-0.0007500000000000141,-0.0016000000000000142,0.0010143824167520704,0.0,116203.90687456807,116082.58239438746,37.91321657889042,28.03029575720231,High,Ranging,train,2025-09,c555ac9efd53
620,2025-09-17 14:58:00,2025-09-17 15:13:00,SHORT,115656.34,115743.082255,SL,15,5e-05,0.0008,0.0008500000000000001,-0.0007500000000000403,-0.0016000000000000404,0.0010781942433938088,0.0011141628725238979,115724.25653600467,115841.25315658591,73.03116560835038,85.41031068291908,Medium,Ranging,train,2025-09,c555ac9efd53
621,2025-09-18 12:13:00,2025-09-18 12:43:00,LONG,117105.18,117228.71,MAX_HOLD,30,5e-05,0.0008,0.0008500000000000001,0.001054863670420159,0.00020486367042015885,0.0003156991005862133,0.001484306672002101,116323.3368575329,116090.89569014964,66.66682590399908,38.20099170196435,High,Trending,train,2025-09,c555ac9efd53
622,2025-09-18 12:52:00,2025-09-18 13:12:00,LONG,117068.38,117302.51676,TP,20,5e-05,0.0008,0.0008500000000000001,0.0019999999999999484,0.0011499999999999484,5.159377792712387e-05,0.002314117612287698,117002.29012713126,116685.87553663629,20.044677237999338,15.232493228965474,High,Trending,train,2025-09,c555ac9efd53
623,2025-09-18 14:32:00,2025-09-18 14:33:00,LONG,117791.99,117703.6460075,SL,1,5e-05,0.0008,0.0008500000000000001,-0.0007499999999999866,-0.0015999999999999866,0.0008336729857438662,0.0,117585.60903216,117406.71721684991,47.90771318706055,30.925928082138416,Medium,Ranging,train,2025-09,c555ac9efd53
624,2025-09-18 14:38:00,2025-09-18 15:06:00,LONG,117673.06,117584.805205,SL,28,5e-05,0.0008,0.0008500000000000001,-0.0007500000000000063,-0.0016000000000000064,0.001048158346523805,0.0011910967557060511,117601.92200605398,117435.66054132335,10.979793320537999,10.709357583949677,High,Ranging,train,2025-09,c555ac9efd53
625,2025-09-18 15:23:00,2025-09-18 15:49:00,SHORT,117464.09,117552.1880675,SL,26,5e-05,0.0008,0.0008500000000000001,-0.0007500000000000239,-0.001600000000000024,0.0016755759143071468,0.0010904609229935422,117568.56495894864,117524.51396091761,67.2231472515029,78.99286832224148,Low,Ranging,train,2025-09,c555ac9efd53
626,2025-09-19 12:20:00,2025-09-19 12:26:00,SHORT,116509.87,116276.85025999999,TP,6,5e-05,0.0008,0.0008500000000000001,0.002000000000000029,0.001150000000000029,0.0,0.0021497749503969162,116912.60019900613,117144.69610834993,60.69293985804935,84.69568032956332,High,Ranging,train,2025-09,c555ac9efd53
627,2025-09-19 13:30:00,2025-09-19 13:40:00,SHORT,116212.0,116299.159,SL,10,5e-05,0.0008,0.0008500000000000001,-0.000749999999999997,-0.001599999999999997,0.000757236774171342,0.0009165146456475645,116216.23803667509,116417.51070872771,59.010323343373166,73.54132583229645,Medium,Ranging,train,2025-09,c555ac9efd53
628,2025-09-19 13:44:00,2025-09-19 13:47:00,SHORT,116217.5,116304.663125,SL,3,5e-05,0.0008,0.0008500000000000001,-0.0007500000000000551,-0.0016000000000000552,0.0009724008862692345,0.0,116221.53710916557,116370.7230929027,63.110692201134725,73.32952754488564,High,Ranging,train,2025-09,c555ac9efd53
629,2025-09-19 14:10:00,2025-09-19 14:23:00,SHORT,116275.26,116362.466445,SL,13,5e-05,0.0008,0.0008500000000000001,-0.0007500000000000296,-0.0016000000000000298,0.0008666503949335747,0.0005548901804217813,116292.3229018653,116355.56936219243,33.866397269588745,55.02401374000542,High,Ranging,train,2025-09,c555ac9efd53
630,2025-09-19 15:31:00,2025-09-19 15:39:00,SHORT,115750.01,115836.8225075,SL,8,5e-05,0.0008,0.0008500000000000001,-0.0007499999999999906,-0.0015999999999999908,0.00076751613239611,0.0009504102850617012,115782.67840420119,115948.47997058264,68.4005260415261,86.64677100826282,High,Ranging,train,2025-09,c555ac9efd53
631,2025-09-20 12:15:00,2025-09-20 12:27:00,LONG,115915.88,115828.94309,SL,12,5e-05,0.0008,0.0008500000000000001,-0.0007500000000000344,-0.0016000000000000346,0.0007868637153080872,0.00018271870946407872,115866.7780868329,115904.12763391336,29.839883551685357,14.925836264492725,Low,Ranging,train,2025-09,c555ac9efd53
632,2025-09-20 12:44:00,2025-09-20 13:14:00,SHORT,115844.46,115890.95,MAX_HOLD,30,5e-05,0.0008,0.0008500000000000001,-0.00040131396874732453,-0.0012513139687473245,0.00040131396874732453,0.0,115851.47326585786,115879.07522862175,93.83556285691571,95.87994471824487,Low,Ranging,train,2025-09,c555ac9efd53
633,2025-09-20 13:44:00,2025-09-20 14:14:00,LONG,115919.97,115893.59,MAX_HOLD,30,5e-05,0.0008,0.0008500000000000001,-0.00022757079733547772,-0.0010775707973354777,0.00024956873263517554,0.00027596625499476266,115896.5428120311,115890.60776301366,64.01517091870308,31.58138247695531,Low,Ranging,train,2025-09,c555ac9efd53
634,2025-09-20 14:27:00,2025-09-20 14:47:00,SHORT,115900.76,115987.68557,SL,20,5e-05,0.0008,0.0008500000000000001,-0.0007500000000000578,-0.001600000000000058,0.0009597866312525064,8.628071114254395e-08,115906.32440859644,115902.49170731021,81.58515267389053,91.77935547560658,Low,Ranging,train,2025-09,c555ac9efd53
635,2025-09-20 15:01:00,2025-09-20 15:31:00,LONG,116031.52,116079.45,MAX_HOLD,30,5e-05,0.0008,0.0008500000000000001,0.0004130774120686604,-0.00043692258793133964,6.722311316789533e-05,0.0007781506266572531,115957.51594331767,115935.06915146603,59.453250631749775,29.1868076932352,Medium,Ranging,train,2025-09,c555ac9efd53
636,2025-09-21 12:00:00,2025-09-21 12:13:00,SHORT,115603.45,115690.1525875,SL,13,5e-05,0.0008,0.0008500000000000001,-0.000749999999999968,-0.0015999999999999682,0.0007795615096263122,8.650260865710591e-08,115990.96293831168,115988.71468174612,66.64165648109625,88.86761220178005,Medium,Ranging,train,2025-09,c555ac9efd53
637,2025-09-21 12:21:00,2025-09-21 12:51:00,SHORT,115745.34,115717.53,MAX_HOLD,30,5e-05,0.0008,0.0008500000000000001,0.00024026885229243503,-0.000609731147707565,1.632895112666668e-05,0.00024026885229243503,115823.0496420637,115886.7735048122,99.9942647396221,99.99617649308145,Medium,Trending,train,2025-09,c555ac9efd53
638,2025-09-21 13:10:00,2025-09-21 13:40:00,SHORT,115725.01,115649.99,MAX_HOLD,30,5e-05,0.0008,0.0008500000000000001,0.0006482609074735835,-0.00020173909252641658,0.00019053789669150093,0.0006483473192181952,115732.19887588559,115781.98554779465,90.34959886623808,95.16770809670977,Medium,Ranging,train,2025-09,c555ac9efd53
639,2025-09-21 13:55:00,2025-09-21 14:25:00,SHORT,115661.65,115600.0,MAX_HOLD,30,5e-05,0.0008,0.0008500000000000001,0.0005330202361802221,-0.00031697976381977794,0.00025505428981862185,0.0005330202361802221,115687.01673538011,115723.74811630342,99.97974888616982,99.97299851489315,Medium,Ranging,train,2025-09,c555ac9efd53
640,2025-09-21 14:48:00,2025-09-21 15:18:00,SHORT,115615.18,115546.41,MAX_HOLD,30,5e-05,0.0008,0.0008500000000000001,0.0005948180853067004,-0.00025518191469329967,0.0,0.00099623596140224,115617.84691919172,115652.82588782562,66.20980119213368,79.797566793818,High,Ranging,train,2025-09,c555ac9efd53
641,2025-09-21 15:23:00,2025-09-21 15:53:00,SHORT,115545.0,115550.0,MAX_HOLD,30,5e-05,0.0008,0.0008500000000000001,-4.3273183608118046e-05,-0.0008932731836081181,0.0004725431650006995,0.0006214894629797713,115559.09550208288,115595.32073835866,33.3142530051616,66.62850601032336,High,Ranging,train,2025-09,c555ac9efd53
642,2025-09-22 12:49:00,2025-09-22 12:50:00,SHORT,112578.0,112662.4335,SL,1,5e-05,0.0008,0.0008500000000000001,-0.0007499999999999928,-0.001599999999999993,0.000999573628950584,0.0,112998.29656481887,113697.2365978983,77.16915473227156,78.58018517218983,High,Trending,train,2025-09,c555ac9efd53
643,2025-09-22 12:53:00,2025-09-22 12:56:00,SHORT,112719.1,112803.63932500001,SL,3,5e-05,0.0008,0.0008500000000000001,-0.000750000000000046,-0.001600000000000046,0.001003645344932581,0.0003341048677642342,112956.34361285709,113621.69650833448,78.68465953156469,88.6734067994801,High,Trending,train,2025-09,c555ac9efd53
644,2025-09-22 15:13:00,2025-09-22 15:23:00,SHORT,112895.0,112669.21,TP,10,5e-05,0.0008,0.0008500000000000001,0.0019999999999999432,0.0011499999999999432,0.00030470791443371433,0.002040391514238946,112962.52264717153,113007.96255156434,55.23020670099123,68.13726592399887,Medium,Ranging,train,2025-09,c555ac9efd53
645,2025-09-22 15:43:00,2025-09-22 15:45:00,SHORT,112616.84,112701.30263,SL,2,5e-05,0.0008,0.0008500000000000001,-0.0007500000000000807,-0.0016000000000000807,0.0012356944130203218,0.0,112762.28223812582,112861.8256627979,44.14102592489021,64.93975259150123,Low,Ranging,train,2025-09,c555ac9efd53
646,2025-09-22 15:52:00,2025-09-22 15:54:00,SHORT,112739.13,112823.6843475,SL,2,5e-05,0.0008,0.0008500000000000001,-0.0007500000000000116,-0.0016000000000000116,0.0011076012383632492,0.0,112756.84285386176,112842.13202658936,55.924210704391754,73.361678686699,Low,Ranging,train,2025-09,c555ac9efd53
647,2025-09-23 12:12:00,2025-09-23 12:23:00,LONG,112937.24,112852.53707,SL,11,5e-05,0.0008,0.0008500000000000001,-0.0007499999999999952,-0.0015999999999999953,0.0009099744247336314,0.0009128078568238121,112849.37566593432,112867.82554938931,50.268000494013414,31.04846533848213,Medium,Ranging,train,2025-09,c555ac9efd53
648,2025-09-23 12:37:00,2025-09-23 12:38:00,SHORT,112874.02,112958.67551500001,SL,1,5e-05,0.0008,0.0008500000000000001,-0.0007500000000000516,-0.0016000000000000517,0.0010283145758429833,0.0,112882.49474493184,112882.93395947889,73.14945988565384,83.69471824054419,Low,Ranging,train,2025-09,c555ac9efd53
649,2025-09-23 13:16:00,2025-09-23 13:33:00,SHORT,112899.02,112983.69426500001,SL,17,5e-05,0.0008,0.0008500000000000001,-0.0007500000000000774,-0.0016000000000000775,0.0007917694945447659,0.0004160354979166441,112910.7383906896,112905.95066143187,56.51279878692384,77.29177946533632,Low,Ranging,train,2025-09,c555ac9efd53
650,2025-09-23 14:45:00,2025-09-23 14:53:00,SHORT,112814.24,112588.61152,TP,8,5e-05,0.0008,0.0008500000000000001,0.0019999999999999944,0.0011499999999999943,0.0,0.0021489308441913677,112850.72973288439,112878.43843571568,70.09914912596481,76.55656978783246,Medium,Ranging,train,2025-09,c555ac9efd53
651,2025-09-23 15:09:00,2025-09-23 15:10:00,SHORT,112732.01,112816.5590075,SL,1,5e-05,0.0008,0.0008500000000000001,-0.000749999999999982,-0.001599999999999982,0.000953588958451109,0.0,112741.62083855156,112800.07285540098,85.96045496782978,83.35548576559118,High,Ranging,train,2025-09,c555ac9efd53
652,2025-09-23 15:23:00,2025-09-23 15:53:00,LONG,112907.56,112860.0,MAX_HOLD,30,5e-05,0.0008,0.0008500000000000001,-0.0004212295438852604,-0.0012712295438852604,0.0006692200238850053,0.001464295216369938,112815.53676129988,112827.74847209603,52.81789423891104,27.817473008589158,High,Ranging,train,2025-09,c555ac9efd53
653,2025-09-23 15:54:00,2025-09-23 15:59:00,SHORT,112860.01,112882.19,EOD,5,5e-05,0.0008,0.0008500000000000001,-0.0001965266527976346,-0.0010465266527976346,0.0006412368738936839,0.0005317206688178989,112885.28970153943,112869.89079215487,51.3347961770261,70.6545226804166,High,Ranging,train,2025-09,c555ac9efd53
654,2025-09-24 12:11:00,2025-09-24 12:41:00,LONG,113010.46,113082.1,MAX_HOLD,30,5e-05,0.0008,0.0008500000000000001,0.000633923620875443,-0.0002160763791245571,0.0005880871558261633,0.000633923620875443,112923.96890929027,112895.71550767987,58.26512865256753,31.304360936908477,Low,Trending,train,2025-09,c555ac9efd53
655,2025-09-24 14:07:00,2025-09-24 14:11:00,SHORT,112986.0,113070.7395,SL,4,5e-05,0.0008,0.0008500000000000001,-0.000749999999999965,-0.0015999999999999652,0.0014053068521763655,1.3630007257479663e-05,113010.4227501564,113014.80832452008,78.43644513835706,86.83948615909738,Low,Ranging,train,2025-09,c555ac9efd53
656,2025-09-24 15:09:00,2025-09-24 15:11:00,LONG,113677.7,113592.441725,SL,2,5e-05,0.0008,0.0008500000000000001,-0.0007500000000000012,-0.0016000000000000012,0.0008883008716748837,0.00037210464321500974,113495.9669740931,113331.30000674374,17.371496951583946,12.266281774797369,Medium,Trending,train,2025-09,c555ac9efd53
657,2025-09-24 15:36:00,2025-09-24 15:48:00,LONG,113649.99,113564.7525075,SL,12,5e-05,0.0008,0.0008500000000000001,-0.0007500000000000353,-0.0016000000000000354,0.0008390673857516448,0.0005117466354373541,113571.18501715278,113445.63144634715,61.65355442542606,33.736863789940465,Medium,Trending,train,2025-09,c555ac9efd53
658,2025-09-25 12:13:00,2025-09-25 12:29:00,SHORT,111607.22,111384.00556,TP,16,5e-05,0.0008,0.0008500000000000001,0.001999999999999965,0.0011499999999999649,0.0,0.004313878618247157,112666.75727845753,112992.53327122932,76.79655608974952,88.18469313386355,Medium,Trending,train,2025-09,c555ac9efd53
659,2025-09-25 12:38:00,2025-09-25 12:46:00,SHORT,111449.11,111226.21178,TP,8,5e-05,0.0008,0.0008500000000000001,0.0020000000000000248,0.0011500000000000247,0.0,0.0023801894873813176,111912.41787012188,112396.0102114153,51.71241936009812,74.69757810572501,High,Trending,train,2025-09,c555ac9efd53
660,2025-09-25 14:09:00,2025-09-25 14:11:00,SHORT,111135.47,111218.8216025,SL,2,5e-05,0.0008,0.0008500000000000001,-0.0007499999999999909,-0.001599999999999991,0.0011141357480198935,0.00017519159274713252,111139.37274091884,111361.60510609564,69.69084410351708,78.17403694396776,High,Ranging,train,2025-09,c555ac9efd53
661,2025-09-25 14:33:00,2025-09-25 14:37:00,LONG,111603.1,111519.397675,SL,4,5e-05,0.0008,0.0008500000000000001,-0.0007500000000000506,-0.0016000000000000506,0.001511875566180603,0.0011327642332515696,111408.68855080767,111439.128880651,48.07438029167107,28.229885236865794,Medium,Ranging,train,2025-09,c555ac9efd53
662,2025-09-25 15:37:00,2025-09-25 15:40:00,SHORT,111203.29,111286.69246749999,SL,3,5e-05,0.0008,0.0008500000000000001,-0.0007499999999999678,-0.0015999999999999678,0.0008269539507329901,0.0005308296184402354,111230.4176496399,111317.21173327924,83.77453277391243,85.43085886029998,Medium,Ranging,train,2025-09,c555ac9efd53
663,2025-09-26 12:33:00,2025-09-26 12:36:00,SHORT,109388.48,109470.52136,SL,3,5e-05,0.0008,0.0008500000000000001,-0.0007500000000000265,-0.0016000000000000265,0.0014765723045059597,0.0012476633736934267,109614.66027502918,110193.37317128397,81.8327694837216,86.49122928805191,High,Trending,train,2025-09,c555ac9efd53
664,2025-09-26 12:39:00,2025-09-26 12:44:00,SHORT,109378.61,109460.6439575,SL,5,5e-05,0.0008,0.0008500000000000001,-0.000749999999999965,-0.0015999999999999652,0.0014614374784979057,0.0007461239450748239,109568.8565024096,110103.65325299148,60.94970084016924,74.53273623452948,High,Trending,train,2025-09,c555ac9efd53
665,2025-09-26 13:24:00,2025-09-26 13:30:00,SHORT,109269.84,109051.30032,TP,6,5e-05,0.0008,0.0008500000000000001,0.0020000000000000157,0.0011500000000000156,0.0,0.0022578965979999713,109319.52274539505,109618.79102313938,75.59813927653838,88.64348916261379,Medium,Ranging,train,2025-09,c555ac9efd53
666,2025-09-26 15:06:00,2025-09-26 15:07:00,SHORT,108980.26,109061.995195,SL,1,5e-05,0.0008,0.0008500000000000001,-0.0007500000000000102,-0.0016000000000000103,0.001077442832307413,0.0,109019.19438654608,109169.91032333647,80.70947331723642,87.3261667352988,High,Ranging,train,2025-09,c555ac9efd53
667,2025-09-26 15:10:00,2025-09-26 15:17:00,SHORT,109011.8,109093.55885,SL,7,5e-05,0.0008,0.0008500000000000001,-0.0007499999999999848,-0.001599999999999985,0.0016530320570800326,0.0011257496894831675,109019.90502388553,109158.78542423857,50.85775727661913,70.40320601759619,High,Ranging,train,2025-09,c555ac9efd53
668,2025-09-27 12:26:00,2025-09-27 12:47:00,LONG,109249.79,109468.28958,TP,21,5e-05,0.0008,0.0008500000000000001,0.002000000000000031,0.0011500000000000308,0.00020732305297789755,0.0020851298661535454,109223.6786962899,109206.01121078426,0.02384779676529473,0.024128255939173383,Low,Ranging,train,2025-09,c555ac9efd53
669,2025-09-27 12:57:00,2025-09-27 13:27:00,LONG,109368.23,109350.32,MAX_HOLD,30,5e-05,0.0008,0.0008500000000000001,-0.00016375870762459026,-0.0010137587076245902,0.0006271473900601346,0.0009305261683397827,109315.00265889092,109270.03399253296,43.39448184500631,19.788104560607273,Low,Ranging,train,2025-09,c555ac9efd53
670,2025-09-27 14:32:00,2025-09-27 15:02:00,SHORT,109312.87,109220.01,MAX_HOLD,30,5e-05,0.0008,0.0008500000000000001,0.0008494882624525418,-5.117375474582428e-07,0.00037186838109738344,0.0008495797429890492,109326.17500797825,109323.08907331088,66.66666666666659,77.77777777777779,Low,Ranging,train,2025-09,c555ac9efd53
671,2025-09-27 15:20:00,2025-09-27 15:37:00,SHORT,109264.8,109346.7486,SL,17,5e-05,0.0008,0.0008500000000000001,-0.0007500000000000307,-0.0016000000000000307,0.0007785672970617476,0.0004054370666491213,109268.55757051168,109286.76263008063,95.94969468585191,93.19827533525115,High,Ranging,train,2025-09,c555ac9efd53
672,2025-09-28 12:10:00,2025-09-28 12:40:00,LONG,109367.0,109331.76,MAX_HOLD,30,5e-05,0.0008,0.0008500000000000001,-0.0003222178536487719,-0.001172217853648772,0.0003222178536487719,0.0007562610293782074,109356.42994564625,109332.08820753523,26.504683561307104,18.249336585755824,High,Ranging,train,2025-09,c555ac9efd53
673,2025-09-28 12:57:00,2025-09-28 13:08:00,SHORT,109321.56,109403.55117,SL,11,5e-05,0.0008,0.0008500000000000001,-0.0007500000000000771,-0.001600000000000077,0.0007720343544311729,6.0189408200923464e-05,109329.23231454148,109335.52983476059,92.7336945728718,93.16702312830022,Low,Ranging,train,2025-09,c555ac9efd53
674,2025-09-28 13:19:00,2025-09-28 13:49:00,LONG,109450.21,109595.81,MAX_HOLD,30,5e-05,0.0008,0.0008500000000000001,0.0013302852502520667,0.0004802852502520667,6.633153102227316e-05,0.0015312898897132427,109369.19280252143,109356.09622001545,51.734409532046094,32.067401887021056,High,Ranging,train,2025-09,c555ac9efd53
675,2025-09-28 14:38:00,2025-09-28 14:51:00,LONG,109650.01,109869.31001999999,TP,13,5e-05,0.0008,0.0008500000000000001,0.001999999999999956,0.0011499999999999557,0.00013652529534654092,0.0021175556664336133,109615.82095071551,109555.70252148903,17.950425950510354,7.3688636099927765,Medium,Trending,train,2025-09,c555ac9efd53
676,2025-09-28 15:39:00,2025-09-28 15:59:00,LONG,109858.88,110037.93,EOD,20,5e-05,0.0008,0.0008500000000000001,0.0016298181812884707,0.0007798181812884706,0.0004992768904981174,0.0016298181812884707,109813.38228124497,109743.94624994657,10.59504459027517,7.065214912034384,High,Trending,train,2025-09,c555ac9efd53
677,2025-09-29 12:11:00,2025-09-29 12:27:00,LONG,112113.09,112337.31618,TP,16,5e-05,0.0008,0.0008500000000000001,0.001999999999999981,0.001149999999999981,7.974091160989612e-05,0.0021755711130609593,110730.17251437192,110299.62170086065,66.50099897736872,40.3236375106756,Low,Trending,train,2025-09,c555ac9efd53
678,2025-09-29 12:43:00,2025-09-29 12:51:00,LONG,112119.0,112034.91075,SL,8,5e-05,0.0008,0.0008500000000000001,-0.0007500000000000405,-0.0016000000000000406,0.000887895896324467,0.0009758381719423424,111815.04452027344,111214.79504836365,25.644208048851585,12.954059323175342,High,Trending,train,2025-09,c555ac9efd53
679,2025-09-29 12:55:00,2025-09-29 13:04:00,LONG,112031.11,111947.0866675,SL,9,5e-05,0.0008,0.0008500000000000001,-0.0007500000000000074,-0.0016000000000000074,0.000779069313871824,0.00038069782580922546,111920.0598985572,111402.50081731688,37.188354334255756,21.223122095710547,High,Trending,train,2025-09,c555ac9efd53
680,2025-09-29 13:33:00,2025-09-29 13:38:00,LONG,112164.45,112388.77889999999,TP,5,5e-05,0.0008,0.0008500000000000001,0.001999999999999939,0.0011499999999999388,0.000603578049907944,0.0028132799652653127,112083.11974225332,111781.33098954703,50.8920783847168,31.82119212252329,High,Ranging,train,2025-09,c555ac9efd53
681,2025-09-29 15:02:00,2025-09-29 15:08:00,LONG,114073.99,113988.4345075,SL,6,5e-05,0.0008,0.0008500000000000001,-0.000750000000000029,-0.001600000000000029,0.0007558252323776977,0.00032829569650362093,113882.18619643564,113455.20741602642,21.72474518383685,13.397613598828068,Medium,Ranging,train,2025-09,c555ac9efd53
682,2025-09-29 15:13:00,2025-09-29 15:24:00,LONG,113955.91,113870.4430675,SL,11,5e-05,0.0008,0.0008500000000000001,-0.0007499999999999959,-0.001599999999999996,0.0009414167286277546,0.0005179196059246907,113922.98443115292,113562.72951663802,22.83705673764501,14.27170342732139,Medium,Ranging,train,2025-09,c555ac9efd53
683,2025-09-30 12:01:00,2025-09-30 12:31:00,SHORT,113044.74,113088.51,MAX_HOLD,30,5e-05,0.0008,0.0008500000000000001,-0.0003871918321895342,-0.0012371918321895342,0.0005620783417255292,0.00047759851541969345,113798.57955717365,113715.82387655301,28.04444555607076,56.09326594880647,Medium,Ranging,train,2025-09,c555ac9efd53
684,2025-09-30 12:36:00,2025-09-30 12:39:00,SHORT,113136.69,113221.54251750001,SL,3,5e-05,0.0008,0.0008500000000000001,-0.0007500000000000922,-0.0016000000000000922,0.0009444327918731869,0.00021628704180757952,113255.49332201308,113392.01548671769,67.35380542886108,79.57769815062595,Low,Ranging,train,2025-09,c555ac9efd53
685,2025-09-30 12:41:00,2025-09-30 13:00:00,SHORT,113208.68,112982.26263999999,TP,19,5e-05,0.0008,0.0008500000000000001,0.0020000000000000595,0.0011500000000000594,0.00040032266077130296,0.0021377336084123125,113247.28750032213,113374.70067891566,78.0516508662964,89.24630416621251,Low,Ranging,train,2025-09,c555ac9efd53
686,2025-09-30 13:13:00,2025-09-30 13:19:00,SHORT,113057.87,113142.6634025,SL,6,5e-05,0.0008,0.0008500000000000001,-0.0007499999999999956,-0.0015999999999999955,0.0008148924086399705,0.00029993489175047204,113107.55001069886,113229.27060761847,78.19016441545102,85.4309734344733,Medium,Ranging,train,2025-09,c555ac9efd53
687,2025-09-30 14:20:00,2025-09-30 14:22:00,SHORT,113195.98,113280.876985,SL,2,5e-05,0.0008,0.0008500000000000001,-0.0007499999999999948,-0.0015999999999999949,0.0008918161227986815,0.0001933814257361385,113224.02852991104,113245.11002029775,65.19594022153042,75.93401898581705,High,Ranging,train,2025-09,c555ac9efd53
688,2025-09-30 15:06:00,2025-09-30 15:09:00,LONG,113432.54,113347.46559499999,SL,3,5e-05,0.0008,0.0008500000000000001,-0.0007500000000000588,-0.0016000000000000588,0.0010991554980607243,0.0,113348.55557970378,113299.53659501774,17.62159241088659,15.87305739781101,Medium,Ranging,train,2025-09,c555ac9efd53
689,2025-09-30 15:10:00,2025-09-30 15:11:00,LONG,113379.84,113294.80511999999,SL,1,5e-05,0.0008,0.0008500000000000001,-0.0007500000000000576,-0.0016000000000000575,0.002512263203052646,0.0,113349.22638732716,113303.69717492865,14.977870158546594,10.208240439095825,High,Ranging,train,2025-09,c555ac9efd53
690,2025-10-01 12:13:00,2025-10-01 12:30:00,LONG,116702.12,116614.59340999999,SL,17,5e-05,0.0008,0.0008500000000000001,-0.0007500000000000735,-0.0016000000000000736,0.0009873856618885408,0.0015842042972313156,114667.01257177362,114043.30567252066,44.00540921024964,29.664170456873958,Medium,Trending,train,2025-10,c555ac9efd53
691,2025-10-01 12:33:00,2025-10-01 12:38:00,LONG,116568.14,116480.713895,SL,5,5e-05,0.0008,0.0008500000000000001,-0.0007500000000000508,-0.0016000000000000508,0.0008894368564171395,0.0,115779.66777645193,114917.23698405008,5.798441319009324,5.858142772905441,Medium,Trending,train,2025-10,c555ac9efd53
692,2025-10-01 12:40:00,2025-10-01 12:43:00,LONG,116565.0,116477.57625,SL,3,5e-05,0.0008,0.0008500000000000001,-0.000750000000000015,-0.001600000000000015,0.0009798824690087176,0.0005039248487968535,115964.83721831524,115128.91376095149,53.06318150353942,26.72262845431406,Medium,Trending,train,2025-10,c555ac9efd53
693,2025-10-01 12:47:00,2025-10-01 12:52:00,LONG,116467.99,116380.63900750001,SL,5,5e-05,0.0008,0.0008500000000000001,-0.0007499999999999674,-0.0015999999999999673,0.0007570320394470468,0.0006898891274760668,116091.15972190214,115305.79229295236,16.00341442595047,11.037660059473135,Low,Trending,train,2025-10,c555ac9efd53
694,2025-10-01 12:56:00,2025-10-01 13:21:00,LONG,116405.92,116638.73184,TP,25,5e-05,0.0008,0.0008500000000000001,0.001999999999999956,0.0011499999999999557,0.00030548274520744023,0.0020968005750910414,116192.32099786677,115490.5571369971,17.897563437137247,11.538186349692316,Low,Trending,train,2025-10,c555ac9efd53
695,2025-10-01 13:29:00,2025-10-01 13:30:00,LONG,116632.03,116544.5559775,SL,1,5e-05,0.0008,0.0008500000000000001,-0.0007499999999999887,-0.0015999999999999888,0.0008487376923818032,0.00015407431389131412,116458.40278649873,116000.13170079773,61.78679564311153,40.817637266853204,Low,Ranging,train,2025-10,c555ac9efd53
696,2025-10-01 13:44:00,2025-10-01 13:49:00,LONG,116507.53,116420.1493525,SL,5,5e-05,0.0008,0.0008500000000000001,-0.0007500000000000167,-0.0016000000000000168,0.0007626116526546037,0.0013601695959050988,116498.5438440763,116142.81139572848,25.547771650023094,19.74358520028007,Low,Ranging,train,2025-10,c555ac9efd53
697,2025-10-01 14:49:00,2025-10-01 15:19:00,LONG,117142.46,117317.98,MAX_HOLD,30,5e-05,0.0008,0.0008500000000000001,0.0014983465431747764,0.0006483465431747764,0.0007055511724784397,0.0016911032942281668,117125.69365242215,116856.30625810604,10.797104222268741,11.92319911909541,High,Ranging,train,2025-10,c555ac9efd53
698,2025-10-01 15:35:00,2025-10-01 15:47:00,LONG,117452.06,117363.970955,SL,12,5e-05,0.0008,0.0008500000000000001,-0.0007500000000000053,-0.0016000000000000055,0.0007857674016104409,0.0007987939930556091,117295.20535504317,117128.01784615785,36.980104193452405,25.314691530868743,Low,Ranging,train,2025-10,c555ac9efd53
699,2025-10-02 12:50:00,2025-10-02 13:12:00,LONG,119277.66,119188.201755,SL,22,5e-05,0.0008,0.0008500000000000001,-0.0007500000000000136,-0.0016000000000000137,0.0009109836661785911,0.001092744441834259,118879.95824398893,118404.90906093917,64.60534285096243,40.48088684919166,Low,Ranging,train,2025-10,c555ac9efd53
700,2025-10-02 13:16:00,2025-10-02 13:18:00,LONG,119137.01,119047.65724249999,SL,2,5e-05,0.0008,0.0008500000000000001,-0.0007500000000000368,-0.0016000000000000367,0.001710299763272511,0.0,119129.71696393046,118759.33264333129,5.255750125938622,6.111068352689195,Low,Ranging,train,2025-10,c555ac9efd53
701,2025-10-02 13:32:00,2025-10-02 13:37:00,LONG,119162.01,119400.33402,TP,5,5e-05,0.0008,0.0008500000000000001,0.002,0.00115,0.0,0.0020662625613649954,119143.258369245,118867.8357490603,41.48037421681474,23.421727363174753,High,Ranging,train,2025-10,c555ac9efd53
702,2025-10-02 14:04:00,2025-10-02 14:06:00,LONG,119569.11,119479.4331675,SL,2,5e-05,0.0008,0.0008500000000000001,-0.0007500000000000099,-0.0016000000000000098,0.0010444169066743463,0.0005641089073925288,119446.51415634016,119189.77055329188,38.56052570336141,27.571945063893978,High,Ranging,train,2025-10,c555ac9efd53
703,2025-10-02 14:15:00,2025-10-02 14:26:00,LONG,119446.99,119685.88398,TP,11,5e-05,0.0008,0.0008500000000000001,0.001999999999999945,0.001149999999999945,0.00029176122395387126,0.0020009713095323267,119442.02677873144,119238.46445434555,56.686093389304574,32.433819415674215,High,Ranging,train,2025-10,c555ac9efd53
704,2025-10-02 15:23:00,2025-10-02 15:25:00,LONG,119217.07,119455.50414,TP,2,5e-05,0.0008,0.0008500000000000001,0.0019999999999999797,0.0011499999999999796,0.0,0.002482278754208546,119094.88679178424,119142.55730300941,63.860406203319855,38.9205782786893,High,Ranging,train,2025-10,c555ac9efd53
705,2025-10-03 12:24:00,2025-10-03 12:30:00,LONG,120299.0,120208.77575,SL,6,5e-05,0.0008,0.0008500000000000001,-0.0007499999999999942,-0.0015999999999999942,0.0008064073683072574,0.0001664186734719663,120029.48037110096,119755.55637717979,24.526253090695544,12.851271589533605,Low,Ranging,train,2025-10,c555ac9efd53
706,2025-10-03 12:32:00,2025-10-03 12:33:00,LONG,120286.37,120196.15522249999,SL,1,5e-05,0.0008,0.0008500000000000001,-0.0007500000000000405,-0.0016000000000000406,0.0007997581105822472,0.0,120094.13703580186,119831.07714134491,42.762960869343125,28.286590679753875,High,Ranging,train,2025-10,c555ac9efd53
707,2025-10-03 12:38:00,2025-10-03 13:08:00,LONG,120204.74,120193.34,MAX_HOLD,30,5e-05,0.0008,0.0008500000000000001,-9.48381902411563e-05,-0.0009448381902411563,0.0005478153357347291,0.0014966963865151153,120107.68931884649,119867.95519674398,31.224495874665006,18.917979725775556,Low,Ranging,train,2025-10,c555ac9efd53
708,2025-10-03 13:37:00,2025-10-03 13:41:00,LONG,120359.45,120269.18041249999,SL,4,5e-05,0.0008,0.0008500000000000001,-0.0007500000000000525,-0.0016000000000000526,0.0014726720668796676,0.0007893023771710489,120350.63108922554,120204.32522011222,22.71006962482105,19.031731898037673,High,Ranging,train,2025-10,c555ac9efd53
709,2025-10-03 15:04:00,2025-10-03 15:05:00,LONG,120759.92,120669.35006,SL,1,5e-05,0.0008,0.0008500000000000001,-0.0007500000000000101,-0.0016000000000000103,0.00075513465063576,7.461084770505613e-05,120647.59503367198,120501.06670051957,22.350710809894128,20.158592842419484,High,Ranging,train,2025-10,c555ac9efd53
710,2025-10-04 12:05:00,2025-10-04 12:35:00,LONG,122025.03,122031.0,MAX_HOLD,30,5e-05,0.0008,0.0008500000000000001,4.8924388709440715e-05,-0.0008010756112905593,0.00016431055169585215,0.0006389672676171533,121684.0943627509,121322.2518326701,16.084616451844685,16.185350244081928,Low,Trending,train,2025-10,c555ac9efd53
711,2025-10-04 13:20:00,2025-10-04 13:22:00,LONG,122407.1,122315.294675,SL,2,5e-05,0.0008,0.0008500000000000001,-0.000750000000000069,-0.001600000000000069,0.0009367920651662592,0.0,122195.73229581665,121981.9505816206,22.90686635847575,20.702463201833485,Medium,Ranging,train,2025-10,c555ac9efd53
712,2025-10-04 13:25:00,2025-10-04 13:55:00,LONG,122336.32,122392.24,MAX_HOLD,30,5e-05,0.0008,0.0008500000000000001,0.00045710055689102185,-0.0003928994431089782,0.00017836076808593705,0.0009292416185151966,122219.76154324386,122014.9119177979,21.15885003490804,15.992558398093061,Low,Ranging,train,2025-10,c555ac9efd53
713,2025-10-04 13:58:00,2025-10-04 14:28:00,LONG,122365.76,122313.55,MAX_HOLD,30,5e-05,0.0008,0.0008500000000000001,-0.0004266716440938368,-0.001276671644093837,0.0005992689458227674,0.0007699866367846788,122351.500278295,122199.75972725086,13.337985176978322,10.178830130878806,Low,Ranging,train,2025-10,c555ac9efd53
714,2025-10-04 14:44:00,2025-10-04 14:57:00,SHORT,122260.0,122015.48,TP,13,5e-05,0.0008,0.0008500000000000001,0.0020000000000000334,0.0011500000000000334,0.0,0.0020347619826599386,122320.02206378916,122274.71529671266,38.13994224653717,64.34437620654249,Medium,Ranging,train,2025-10,c555ac9efd53
715,2025-10-04 15:44:00,2025-10-04 15:46:00,SHORT,121887.52,121978.93564000001,SL,2,5e-05,0.0008,0.0008500000000000001,-0.0007500000000000536,-0.0016000000000000536,0.0008802377798809393,0.0,121918.3847934013,122018.8194416651,90.84779261161079,92.13290022725778,Medium,Ranging,train,2025-10,c555ac9efd53
716,2025-10-04 15:52:00,2025-10-04 15:59:00,SHORT,121910.52,121791.31,EOD,7,5e-05,0.0008,0.0008500000000000001,0.000977848343194717,0.00012784834319471685,8.202737544521433e-08,0.0014701766508748422,121924.70858354466,122007.3630702789,44.0653830549408,66.32686974245131,Medium,Ranging,train,2025-10,c555ac9efd53
717,2025-10-05 12:11:00,2025-10-05 12:19:00,LONG,123002.81,123248.81562,TP,8,5e-05,0.0008,0.0008500000000000001,0.0019999999999999697,0.0011499999999999696,0.0,0.0020116613596063565,122362.2464794247,122225.49084898931,45.50107766784094,25.354517910009353,High,Ranging,train,2025-10,c555ac9efd53
718,2025-10-05 12:32:00,2025-10-05 12:38:00,LONG,123161.81,123069.4386425,SL,6,5e-05,0.0008,0.0008500000000000001,-0.0007500000000000013,-0.0016000000000000014,0.0008667459499011909,0.00024366319397229802,122819.49681874903,122548.04565472637,31.217620329368728,23.865843901711838,Medium,Trending,train,2025-10,c555ac9efd53
719,2025-10-05 12:42:00,2025-10-05 13:12:00,LONG,123045.74,123291.83148000001,TP,30,5e-05,0.0008,0.0008500000000000001,0.0020000000000000226,0.0011500000000000225,0.00030265168058646514,0.002072725150825974,122906.54199943358,122645.70996373009,26.569254712086927,20.188011927445075,Medium,Trending,train,2025-10,c555ac9efd53
720,2025-10-05 13:20:00,2025-10-05 13:50:00,LONG,123244.75,123238.39,MAX_HOLD,30,5e-05,0.0008,0.0008500000000000001,-5.160463224600303e-05,-0.0009016046322460031,0.0006378365001348989,0.0009256378060728895,123140.24782579667,122938.45691951303,29.344073647872275,24.680831653735456,Medium,Ranging,train,2025-10,c555ac9efd53
721,2025-10-05 15:00:00,2025-10-05 15:30:00,SHORT,123034.67,122855.95,MAX_HOLD,30,5e-05,0.0008,0.0008500000000000001,0.0014525986862077263,0.0006025986862077263,0.0,0.001663514845043257,123063.23988456302,123088.66120592579,68.34773122994464,75.05679960252307,Medium,Ranging,train,2025-10,c555ac9efd53
722,2025-10-05 15:53:00,2025-10-05 15:59:00,SHORT,122811.33,122803.17,EOD,6,5e-05,0.0008,0.0008500000000000001,6.644338107895657e-05,-0.0007835566189210435,0.0003148732287159357,0.00027236900699631776,122861.90968522345,122933.56540549251,80.60794926466531,84.26090238646252,Medium,Ranging,train,2025-10,c555ac9efd53
723,2025-10-06 12:31:00,2025-10-06 12:37:00,LONG,124394.5,124301.20412499999,SL,6,5e-05,0.0008,0.0008500000000000001,-0.0007500000000000861,-0.0016000000000000862,0.000759679889384177,0.000620123880075079,124033.58716398112,123658.6064224202,9.333206398722274,9.74819461479314,High,Trending,train,2025-10,c555ac9efd53
724,2025-10-06 12:45:00,2025-10-06 13:01:00,LONG,124340.28,124588.96055999999,TP,16,5e-05,0.0008,0.0008500000000000001,0.001999999999999947,0.001149999999999947,0.0,0.0022496330231844513,124171.02772591749,123829.26993875796,49.280281075964844,25.36535496227063,High,Trending,train,2025-10,c555ac9efd53
725,2025-10-06 13:35:00,2025-10-06 13:36:00,LONG,124649.15,124555.66313749999,SL,1,5e-05,0.0008,0.0008500000000000001,-0.0007500000000000723,-0.0016000000000000723,0.00095588297232668,0.0,124629.78056099701,124369.01405716423,31.02705955880762,24.743882668487625,High,Ranging,train,2025-10,c555ac9efd53
726,2025-10-06 15:10:00,2025-10-06 15:13:00,SHORT,124630.65,124724.1229875,SL,3,5e-05,0.0008,0.0008500000000000001,-0.0007500000000000387,-0.0016000000000000389,0.0009078023744560381,0.0,124728.10213108467,124713.24017188037,59.5432625146431,74.50434008434199,Low,Ranging,train,2025-10,c555ac9efd53
727,2025-10-06 15:34:00,2025-10-06 15:59:00,LONG,125064.85,125000.0,EOD,25,5e-05,0.0008,0.0008500000000000001,-0.0005185309861244451,-0.0013685309861244453,0.0005185309861244451,0.0017142306571350735,124946.63136526974,124848.39718498362,22.380395595829423,20.42669013997499,Medium,Ranging,train,2025-10,c555ac9efd53
728,2025-10-07 12:25:00,2025-10-07 12:38:00,SHORT,124424.47,124517.7883525,SL,13,5e-05,0.0008,0.0008500000000000001,-0.0007500000000000471,-0.0016000000000000471,0.001089255192326709,0.0006788857529391217,124658.77450125439,124747.6645606907,62.9117001157047,76.82659210300446,Low,Ranging,train,2025-10,c555ac9efd53
729,2025-10-07 12:42:00,2025-10-07 12:45:00,SHORT,124543.58,124636.987685,SL,3,5e-05,0.0008,0.0008500000000000001,-0.0007499999999999865,-0.0015999999999999864,0.002504826021541952,3.894219196208926e-05,124573.34160056477,124670.55046956507,85.55725461516039,89.5619638980037,Low,Ranging,train,2025-10,c555ac9efd53
730,2025-10-07 13:06:00,2025-10-07 13:07:00,LONG,124844.73,124751.09645249999,SL,1,5e-05,0.0008,0.0008500000000000001,-0.0007500000000000698,-0.00160000000000007,0.0007791278013896904,0.0,124751.26687041795,124741.75198058868,22.607210446744716,14.946946150567015,Medium,Ranging,train,2025-10,c555ac9efd53
731,2025-10-07 13:10:00,2025-10-07 13:13:00,LONG,124837.83,124744.20162749999,SL,3,5e-05,0.0008,0.0008500000000000001,-0.0007500000000000825,-0.0016000000000000827,0.0007618684176102755,5.423035629507558e-05,124757.5647763832,124745.69186365338,46.89760682611677,26.176212767012714,Low,Ranging,train,2025-10,c555ac9efd53
732,2025-10-07 13:31:00,2025-10-07 13:38:00,SHORT,124694.78,124445.39044,TP,7,5e-05,0.0008,0.0008500000000000001,0.001999999999999968,0.0011499999999999679,0.00031909916357371294,0.00300557890234057,124739.51114957761,124739.29994680142,36.72050946646261,68.002972605154,Medium,Ranging,train,2025-10,c555ac9efd53
733,2025-10-07 14:01:00,2025-10-07 14:03:00,SHORT,123829.6,123581.94080000001,TP,2,5e-05,0.0008,0.0008500000000000001,0.0019999999999999562,0.0011499999999999562,0.0,0.002419453830102058,124141.45152832584,124372.5211256731,65.95650973564123,80.89307246929518,High,Trending,train,2025-10,c555ac9efd53
734,2025-10-07 14:24:00,2025-10-07 14:28:00,SHORT,123164.0,122917.672,TP,4,5e-05,0.0008,0.0008500000000000001,0.001999999999999952,0.0011499999999999518,0.0,0.002143483485434055,123527.03890089797,123915.10069643824,64.9303296136464,77.49859971302084,Medium,Trending,train,2025-10,c555ac9efd53
735,2025-10-07 14:49:00,2025-10-07 14:50:00,SHORT,122926.01,122680.15797999999,TP,1,5e-05,0.0008,0.0008500000000000001,0.0020000000000000464,0.0011500000000000464,0.0,0.0020826349118465226,123095.96803381691,123496.28411436768,68.71970138914337,80.28435413359288,High,Trending,train,2025-10,c555ac9efd53
736,2025-10-07 15:03:00,2025-10-07 15:05:00,SHORT,122731.26,122485.79748,TP,2,5e-05,0.0008,0.0008500000000000001,0.002000000000000008,0.0011500000000000078,0.0,0.002021652837264079,122933.47075811811,123305.32249671083,53.30860869347121,74.32015552758271,Medium,Trending,train,2025-10,c555ac9efd53
737,2025-10-07 15:20:00,2025-10-07 15:21:00,SHORT,122183.17,122274.80737750001,SL,1,5e-05,0.0008,0.0008500000000000001,-0.0007500000000000834,-0.0016000000000000836,0.0011382091330582353,0.0,122548.46198639636,122974.38518366702,69.82302650131808,75.78843953642802,High,Trending,train,2025-10,c555ac9efd53
738,2025-10-07 15:25:00,2025-10-07 15:28:00,SHORT,122322.45,122077.8051,TP,3,5e-05,0.0008,0.0008500000000000001,0.0019999999999999944,0.0011499999999999943,0.0,0.0021691030550810724,122504.31717904199,122910.69085206068,75.6284839039091,81.16467687224768,Medium,Trending,train,2025-10,c555ac9efd53
739,2025-10-08 12:00:00,2025-10-08 12:01:00,SHORT,122884.14,122976.303105,SL,1,5e-05,0.0008,0.0008500000000000001,-0.000749999999999997,-0.001599999999999997,0.0007544504929603316,0.0,121936.35175244714,122329.50528675743,90.67290786333176,90.78110322688964,Medium,Ranging,train,2025-10,c555ac9efd53
740,2025-10-08 12:24:00,2025-10-08 12:25:00,LONG,122776.68,122684.59748999999,SL,1,5e-05,0.0008,0.0008500000000000001,-0.0007500000000000608,-0.001600000000000061,0.0010317920308644363,0.0,122502.9413288653,122530.76410094518,8.059630699468228,5.506918858863564,Medium,Ranging,train,2025-10,c555ac9efd53
741,2025-10-08 12:35:00,2025-10-08 12:54:00,LONG,122684.77,122592.7564225,SL,19,5e-05,0.0008,0.0008500000000000001,-0.0007500000000000732,-0.0016000000000000732,0.000940866580261002,0.00037160276699378826,122572.60779193684,122564.30936601602,38.841256059621465,23.64956831315534,Low,Ranging,train,2025-10,c555ac9efd53
742,2025-10-08 13:56:00,2025-10-08 13:57:00,SHORT,122242.72,122334.40204,SL,1,5e-05,0.0008,0.0008500000000000001,-0.0007499999999999974,-0.0015999999999999975,0.001335048827447533,0.0,122353.27307194615,122448.37336174361,89.79305561812804,92.03438736871597,Medium,Ranging,train,2025-10,c555ac9efd53
743,2025-10-08 14:15:00,2025-10-08 14:17:00,LONG,122825.0,123070.65,TP,2,5e-05,0.0008,0.0008500000000000001,0.0019999999999999528,0.0011499999999999527,3.981274170567407e-05,0.0020272745776511295,122642.33781306104,122589.63524113977,34.58925916680844,23.600264261390873,High,Ranging,train,2025-10,c555ac9efd53
744,2025-10-08 14:52:00,2025-10-08 14:55:00,SHORT,122457.33,122212.41534,TP,3,5e-05,0.0008,0.0008500000000000001,0.0019999999999999584,0.0011499999999999583,0.0,0.002636673525382308,122568.07446860723,122582.14715667514,40.50005301799889,62.58908210741428,High,Ranging,train,2025-10,c555ac9efd53
745,2025-10-08 15:04:00,2025-10-08 15:10:00,SHORT,122329.28,122421.02696,SL,6,5e-05,0.0008,0.0008500000000000001,-0.000750000000000033,-0.001600000000000033,0.0012237462690861671,0.0002972305567399774,122462.67861286538,122519.75794153492,72.58217729508767,78.43424077188386,Low,Ranging,train,2025-10,c555ac9efd53
746,2025-10-08 15:14:00,2025-10-08 15:15:00,SHORT,122410.4,122502.2078,SL,1,5e-05,0.0008,0.0008500000000000001,-0.0007500000000000784,-0.0016000000000000784,0.0008783567409305425,0.0,122449.82304125615,122501.72582476148,60.98969556318135,74.68980187540673,Medium,Ranging,train,2025-10,c555ac9efd53
747,2025-10-08 15:29:00,2025-10-08 15:46:00,SHORT,122368.01,122123.27398,TP,17,5e-05,0.0008,0.0008500000000000001,0.0019999999999999727,0.0011499999999999727,0.0006701097778741356,0.0027582372222935514,122426.35423111948,122474.60810345726,63.05940413438242,72.54271442300386,Medium,Ranging,train,2025-10,c555ac9efd53
748,2025-10-09 12:32:00,2025-10-09 12:37:00,LONG,123008.71,123254.72742000001,TP,5,5e-05,0.0008,0.0008500000000000001,0.0020000000000000304,0.0011500000000000303,0.0,0.002057252693731994,122821.15464244041,122676.03112840476,44.887488864439746,27.902839412783347,Low,Trending,train,2025-10,c555ac9efd53
749,2025-10-09 12:52:00,2025-10-09 13:08:00,LONG,123471.86,123379.256105,SL,16,5e-05,0.0008,0.0008500000000000001,-0.0007500000000000605,-0.0016000000000000606,0.0011882059604512835,0.001510627603730956,123149.46723631473,122916.93673998164,57.629607969510175,33.845655930537404,Medium,Trending,train,2025-10,c555ac9efd53
750,2025-10-09 13:09:00,2025-10-09 13:12:00,LONG,123352.38,123259.865715,SL,3,5e-05,0.0008,0.0008500000000000001,-0.0007499999999999795,-0.0015999999999999795,0.0011312307066957941,0.00019156501074393622,123306.76458536438,123077.22664078022,7.870552275576043,7.922695627845641,Low,Trending,train,2025-10,c555ac9efd53
751,2025-10-09 14:15:00,2025-10-09 14:17:00,SHORT,122448.49,122203.59302,TP,2,5e-05,0.0008,0.0008500000000000001,0.002000000000000041,0.0011500000000000407,0.0,0.0023426176998998173,122630.30768993695,122817.36970655352,80.4252035251031,87.45432917298729,High,Trending,train,2025-10,c555ac9efd53
752,2025-10-09 14:57:00,2025-10-09 15:00:00,SHORT,121313.03,121404.0147725,SL,3,5e-05,0.0008,0.0008500000000000001,-0.0007499999999999997,-0.0015999999999999999,0.002298434059391656,0.0,121646.67656192675,122057.66793160731,76.04225443480534,83.40138968958581,Medium,Trending,train,2025-10,c555ac9efd53
753,2025-10-09 15:53:00,2025-10-09 15:54:00,SHORT,121013.23,121103.9899225,SL,1,5e-05,0.0008,0.0008500000000000001,-0.0007500000000000105,-0.0016000000000000107,0.0017026237544441063,0.0,121128.54708297476,121424.89620410252,89.44541712014448,91.24374553212503,Medium,Ranging,train,2025-10,c555ac9efd53
754,2025-10-09 15:57:00,2025-10-09 15:59:00,SHORT,121133.05,121147.14,EOD,2,5e-05,0.0008,0.0008500000000000001,-0.000116318378840428,-0.0009663183788404281,0.0005943877414132642,7.479379079448319e-05,121134.43589420921,121405.2410134664,59.42610924232918,76.27858052103561,Medium,Ranging,train,2025-10,c555ac9efd53
755,2025-10-10 12:15:00,2025-10-10 12:45:00,LONG,121477.75,121475.74,MAX_HOLD,30,5e-05,0.0008,0.0008500000000000001,-1.6546239949248002e-05,-0.000866546239949248,0.00047539570003560325,0.0008809843777976137,121333.50197184585,121440.14154919604,2.410418183287935,6.821638373113312,Low,Ranging,train,2025-10,c555ac9efd53
756,2025-10-10 14:02:00,2025-10-10 14:03:00,SHORT,121558.81,121649.9791075,SL,1,5e-05,0.0008,0.0008500000000000001,-0.0007499999999999841,-0.0015999999999999842,0.0026644716248867477,0.0,121831.29349018374,121769.04658652082,80.44659595168564,84.58457971614116,High,Ranging,train,2025-10,c555ac9efd53
757,2025-10-10 14:36:00,2025-10-10 14:57:00,SHORT,121381.14,121138.37772,TP,21,5e-05,0.0008,0.0008500000000000001,0.001999999999999962,0.0011499999999999618,0.00021675525538809135,0.005074593960808132,121534.89551236444,121621.21859174727,71.36360328894851,77.14080927676534,High,Ranging,train,2025-10,c555ac9efd53
758,2025-10-10 15:14:00,2025-10-10 15:17:00,SHORT,120440.61,120199.72878,TP,3,5e-05,0.0008,0.0008500000000000001,0.001999999999999964,0.001149999999999964,0.00047616829572688,0.002247746835556555,120880.06658745436,121174.30868446882,63.84515302944112,73.08282125731215,Medium,Trending,train,2025-10,c555ac9efd53
759,2025-10-10 15:41:00,2025-10-10 15:42:00,SHORT,118875.99,118965.14699250001,SL,1,5e-05,0.0008,0.0008500000000000001,-0.0007500000000000641,-0.001600000000000064,0.002942394002354881,0.0,119829.04799925766,120410.43494247216,61.61630946157862,70.43008753446135,High,Trending,train,2025-10,c555ac9efd53
760,2025-10-10 15:47:00,2025-10-10 15:51:00,SHORT,119291.09,119380.5583175,SL,4,5e-05,0.0008,0.0008500000000000001,-0.000750000000000084,-0.001600000000000084,0.0011140815294755772,0.0014062240524418043,119718.51266676067,120286.19605941634,57.42772108843514,72.07580096245677,High,Trending,train,2025-10,c555ac9efd53
761,2025-10-11 12:19:00,2025-10-11 12:21:00,SHORT,112117.92,112202.00844,SL,2,5e-05,0.0008,0.0008500000000000001,-0.0007500000000000607,-0.0016000000000000608,0.0017131070572840362,0.00032162565984097523,115447.59756808917,117439.20785673747,37.943536591327394,60.5548623338094,Low,Trending,train,2025-10,c555ac9efd53
762,2025-10-11 12:26:00,2025-10-11 12:28:00,SHORT,112329.72,112413.96729,SL,2,5e-05,0.0008,0.0008500000000000001,-0.000749999999999994,-0.0015999999999999942,0.0008037053773480325,0.0,114686.47187526018,116771.6190046938,90.31350956843073,92.59843273456666,Low,Trending,train,2025-10,c555ac9efd53
763,2025-10-11 12:31:00,2025-10-11 12:38:00,SHORT,112436.05,112211.17790000001,TP,7,5e-05,0.0008,0.0008500000000000001,0.0019999999999999398,0.0011499999999999397,0.0,0.0020547680214664144,114275.28678246756,116357.31556792898,77.91408056468113,86.82661657009328,Low,Trending,train,2025-10,c555ac9efd53
764,2025-10-11 13:00:00,2025-10-11 13:14:00,SHORT,112380.13,112464.41509750001,SL,14,5e-05,0.0008,0.0008500000000000001,-0.0007500000000000334,-0.0016000000000000335,0.0010666476360188882,0.001846945718962931,112911.58905830055,114566.08152919661,87.62178140065525,86.24309677453793,Low,Ranging,train,2025-10,c555ac9efd53
765,2025-10-11 13:17:00,2025-10-11 13:31:00,SHORT,112466.25,112241.3175,TP,14,5e-05,0.0008,0.0008500000000000001,0.0019999999999999584,0.0011499999999999583,0.0,0.00307132139641891,112638.35862378345,113928.14490199504,82.0947041953778,90.62026719050401,Low,Ranging,train,2025-10,c555ac9efd53
766,2025-10-11 13:46:00,2025-10-11 13:47:00,SHORT,112088.93,112172.9966975,SL,1,5e-05,0.0008,0.0008500000000000001,-0.0007500000000000521,-0.0016000000000000521,0.0008942899178358224,0.0,112313.34630000137,113159.48386937735,63.03315828443331,74.33109884159332,Low,Ranging,train,2025-10,c555ac9efd53
767,2025-10-11 13:52:00,2025-10-11 14:22:00,SHORT,112272.33,112092.68,MAX_HOLD,30,5e-05,0.0008,0.0008500000000000001,0.0016001271194782253,0.0007501271194782252,0.0006215244664468871,0.0016002161886192572,112303.9807325864,113058.73882137261,82.27420742670276,85.68028959402135,Medium,Ranging,train,2025-10,c555ac9efd53
768,2025-10-11 14:39:00,2025-10-11 14:40:00,SHORT,112087.39,112171.4555425,SL,1,5e-05,0.0008,0.0008500000000000001,-0.000750000000000004,-0.0016000000000000042,0.0010046625226976967,0.0,112156.26130836856,112505.43842006229,84.71573473614144,90.01058531786158,Medium,Ranging,train,2025-10,c555ac9efd53
769,2025-10-11 14:44:00,2025-10-11 15:06:00,SHORT,112044.88,112128.91366,SL,22,5e-05,0.0008,0.0008500000000000001,-0.0007500000000000086,-0.0016000000000000085,0.000951404472921844,0.0013797149856379966,112150.36062685671,112469.24357727045,37.27611763691386,60.84891521838216,Low,Ranging,train,2025-10,c555ac9efd53
770,2025-10-12 12:27:00,2025-10-12 12:35:00,SHORT,112000.0,111776.0,TP,8,5e-05,0.0008,0.0008500000000000001,0.002,0.00115,0.0003148214285713818,0.002535267857142831,112046.32772647773,112107.24466511366,44.97805960200457,70.2905196065476,High,Ranging,train,2025-10,c555ac9efd53
771,2025-10-12 12:46:00,2025-10-12 12:49:00,SHORT,111717.33,111801.1179975,SL,3,5e-05,0.0008,0.0008500000000000001,-0.000749999999999964,-0.001599999999999964,0.000815719459102761,0.0014530422451020065,111926.60425700617,112019.88697838293,39.375007548564604,61.55374822868558,High,Ranging,train,2025-10,c555ac9efd53
772,2025-10-12 12:57:00,2025-10-12 13:10:00,SHORT,111770.01,111853.8375075,SL,13,5e-05,0.0008,0.0008500000000000001,-0.0007499999999999849,-0.0015999999999999851,0.0008847632741555576,0.0013647668099877025,111872.88630277562,111971.49613719893,49.01070411953617,75.04762416105389,Low,Ranging,train,2025-10,c555ac9efd53
773,2025-10-12 13:46:00,2025-10-12 13:56:00,SHORT,111584.7,111361.5306,TP,10,5e-05,0.0008,0.0008500000000000001,0.0019999999999999896,0.0011499999999999896,0.0,0.0024559818684819954,111722.56824331195,111806.68744256264,40.02248768758951,66.03174203479351,High,Ranging,train,2025-10,c555ac9efd53
774,2025-10-12 14:08:00,2025-10-12 14:38:00,SHORT,111465.05,111288.58,MAX_HOLD,30,5e-05,0.0008,0.0008500000000000001,0.0015831868374885326,0.0007331868374885326,0.0006877492092813262,0.0017623461345058593,111541.06312868414,111666.82228763249,76.93054357204625,85.23386106431889,High,Ranging,train,2025-10,c555ac9efd53
775,2025-10-12 15:34:00,2025-10-12 15:35:00,LONG,112898.69,112814.0159825,SL,1,5e-05,0.0008,0.0008500000000000001,-0.0007500000000000119,-0.001600000000000012,0.004417146027115127,0.0,112778.58331892929,112411.93405713631,19.73811693530072,20.814127611268578,High,Trending,train,2025-10,c555ac9efd53
776,2025-10-13 12:21:00,2025-10-13 12:32:00,LONG,114234.44,114462.90888,TP,11,5e-05,0.0008,0.0008500000000000001,0.002000000000000003,0.001150000000000003,0.0003014852613625307,0.0027953041131903167,113670.69246533689,113184.11410902768,18.598449103517137,12.769529503006098,Medium,Trending,train,2025-10,c555ac9efd53
777,2025-10-13 12:44:00,2025-10-13 12:48:00,LONG,114462.7,114691.6254,TP,4,5e-05,0.0008,0.0008500000000000001,0.0020000000000000642,0.0011500000000000642,0.000576694416609033,0.0025009894052822803,114126.02060934785,113639.36418290889,45.85327778170045,29.42413898491075,Medium,Trending,train,2025-10,c555ac9efd53
778,2025-10-13 12:57:00,2025-10-13 12:58:00,LONG,114499.67,114413.79524749999,SL,1,5e-05,0.0008,0.0008500000000000001,-0.0007500000000000626,-0.0016000000000000627,0.0015044584844654554,0.0,114280.92133268675,113838.93420149053,26.93428358116098,23.286702406613315,Low,Trending,train,2025-10,c555ac9efd53
779,2025-10-13 13:26:00,2025-10-13 13:30:00,LONG,114376.81,114605.56362,TP,4,5e-05,0.0008,0.0008500000000000001,0.0020000000000000274,0.0011500000000000273,0.0007146553571479279,0.004236523120377266,114370.01530491319,114095.71160061602,37.482126843212775,23.074722501174225,Low,Ranging,train,2025-10,c555ac9efd53
780,2025-10-13 14:13:00,2025-10-13 14:19:00,LONG,114972.0,114885.771,SL,6,5e-05,0.0008,0.0008500000000000001,-0.0007500000000000577,-0.0016000000000000578,0.001223341335281583,0.0008748216957172333,114960.08820172619,114668.90067421862,17.492495201217903,13.219336249412018,Low,Ranging,train,2025-10,c555ac9efd53
781,2025-10-13 15:07:00,2025-10-13 15:09:00,SHORT,114158.95,114244.5692125,SL,2,5e-05,0.0008,0.0008500000000000001,-0.0007500000000000778,-0.001600000000000078,0.001427483346684657,0.001193336133522566,114319.77694311955,114423.35086864568,60.04931970677372,73.89378597877156,Medium,Ranging,train,2025-10,c555ac9efd53
782,2025-10-13 15:58:00,2025-10-13 15:59:00,LONG,114407.66,114321.854255,SL,1,5e-05,0.0008,0.0008500000000000001,-0.0007500000000000447,-0.0016000000000000447,0.0008353461647586096,0.0,114358.06423321522,114382.54826937233,18.639578918462824,12.99808671164727,Low,Ranging,train,2025-10,c555ac9efd53
783,2025-10-14 12:15:00,2025-10-14 12:22:00,SHORT,111256.26,111033.74747999999,TP,7,5e-05,0.0008,0.0008500000000000001,0.0020000000000000347,0.0011500000000000347,0.0,0.0026060556053204356,112870.07488630032,113513.34676039654,70.51188923798098,77.21126834056001,Medium,Trending,train,2025-10,c555ac9efd53
784,2025-10-14 12:32:00,2025-10-14 12:35:00,SHORT,111012.53,111095.7893975,SL,3,5e-05,0.0008,0.0008500000000000001,-0.0007500000000000489,-0.0016000000000000489,0.0008630557289343615,0.0011199636653628357,112001.77145818483,112821.00805973554,31.778352011145945,60.664864450681016,Low,Trending,train,2025-10,c555ac9efd53
785,2025-10-14 13:31:00,2025-10-14 13:32:00,SHORT,110512.01,110594.8940075,SL,1,5e-05,0.0008,0.0008500000000000001,-0.0007500000000000396,-0.0016000000000000398,0.003271861583189029,0.0,110793.18302334724,111360.07231728037,54.79452405892349,73.19318589084848,High,Ranging,train,2025-10,c555ac9efd53
786,2025-10-14 14:28:00,2025-10-14 14:30:00,LONG,111726.11,111642.3154175,SL,2,5e-05,0.0008,0.0008500000000000001,-0.0007500000000000543,-0.0016000000000000545,0.0008509201653938098,0.0010409384162753264,111339.04069323909,111293.19794964806,24.25324963924943,17.678652918311926,High,Ranging,train,2025-10,c555ac9efd53
787,2025-10-14 14:55:00,2025-10-14 14:56:00,LONG,111627.41,111543.6894425,SL,1,5e-05,0.0008,0.0008500000000000001,-0.0007499999999999739,-0.0015999999999999738,0.001589304992384966,0.0,111567.38991906813,111454.27351884075,13.224947300583253,12.143716006736197,Medium,Ranging,train,2025-10,c555ac9efd53
788,2025-10-15 13:58:00,2025-10-15 14:00:00,SHORT,111408.6,111492.15645000001,SL,2,5e-05,0.0008,0.0008500000000000001,-0.000750000000000033,-0.001600000000000033,0.0017643162197532117,0.0003092220887796062,111435.4251582132,111527.81023764389,86.9068599617546,90.20626378534082,Low,Ranging,train,2025-10,c555ac9efd53
789,2025-10-15 14:22:00,2025-10-15 14:24:00,LONG,111885.88,112109.65176000001,TP,2,5e-05,0.0008,0.0008500000000000001,0.002000000000000029,0.001150000000000029,0.00021602368413242362,0.0021484391059889783,111726.86577788985,111665.5616234853,15.784645826994863,16.62233720184223,Low,Ranging,train,2025-10,c555ac9efd53
790,2025-10-15 15:11:00,2025-10-15 15:12:00,SHORT,111122.24,110899.99552000001,TP,1,5e-05,0.0008,0.0008500000000000001,0.0019999999999999454,0.0011499999999999453,0.0,0.0023588437382112697,111276.03732198867,111417.95293402244,64.15032300423682,82.41013021305729,High,Trending,train,2025-10,c555ac9efd53
791,2025-10-16 12:16:00,2025-10-16 12:25:00,LONG,111565.05,111481.3762125,SL,9,5e-05,0.0008,0.0008500000000000001,-0.0007499999999999664,-0.0015999999999999665,0.0019790247931588626,0.0009615914661446289,111251.1822431196,111224.77975359854,23.889841799949455,11.528326378859253,Low,Ranging,train,2025-10,c555ac9efd53
792,2025-10-16 12:28:00,2025-10-16 12:29:00,LONG,111448.99,111365.4032575,SL,1,5e-05,0.0008,0.0008500000000000001,-0.0007500000000000297,-0.0016000000000000298,0.0007911242623194544,0.0,111340.63902953792,111281.55402235402,26.238797927425807,18.447133522789546,Low,Ranging,train,2025-10,c555ac9efd53
793,2025-10-16 12:49:00,2025-10-16 13:03:00,LONG,111525.46,111441.81590500001,SL,14,5e-05,0.0008,0.0008500000000000001,-0.0007499999999999642,-0.0015999999999999643,0.001751438640109637,0.001020125808044096,111440.51458550841,111361.35460180549,35.02666405783574,24.44749170890202,Low,Ranging,train,2025-10,c555ac9efd53
794,2025-10-16 13:33:00,2025-10-16 13:34:00,SHORT,111255.84,111339.28188,SL,1,5e-05,0.0008,0.0008500000000000001,-0.0007499999999999865,-0.0015999999999999864,0.0009721736854443191,0.0011488835102947625,111266.77914331661,111303.80554979027,75.44807412667893,87.8447560813438,High,Ranging,train,2025-10,c555ac9efd53
795,2025-10-16 14:32:00,2025-10-16 14:36:00,SHORT,110416.82,110499.63261500001,SL,4,5e-05,0.0008,0.0008500000000000001,-0.0007500000000000231,-0.0016000000000000233,0.0011765417623871882,0.00046016539871382114,110548.90878967573,110803.75404448813,77.05091632088467,80.25012967989544,Medium,Trending,train,2025-10,c555ac9efd53
796,2025-10-16 15:15:00,2025-10-16 15:16:00,SHORT,110587.95,110366.7741,TP,1,5e-05,0.0008,0.0008500000000000001,0.0020000000000000183,0.0011500000000000182,0.0,0.0020521223153155688,110606.43094895959,110716.72065802787,61.900592028242166,78.3315049988901,High,Ranging,train,2025-10,c555ac9efd53
797,2025-10-17 12:11:00,2025-10-17 12:12:00,SHORT,105829.4,105617.74119999999,TP,1,5e-05,0.0008,0.0008500000000000001,0.0020000000000000447,0.0011500000000000446,0.0,0.00205424957525975,108112.58563283057,109086.06639414457,39.664724522755876,64.4984842464951,High,Trending,train,2025-10,c555ac9efd53
798,2025-10-17 12:40:00,2025-10-17 12:50:00,SHORT,105671.76,105460.41648,TP,10,5e-05,0.0008,0.0008500000000000001,0.001999999999999952,0.0011499999999999518,0.0003902651001554743,0.0021167433948293566,106419.62239393678,107577.42106341192,77.55346591345136,82.57013479895947,Low,Trending,train,2025-10,c555ac9efd53
799,2025-10-17 13:23:00,2025-10-17 13:24:00,SHORT,105447.84,105526.92588,SL,1,5e-05,0.0008,0.0008500000000000001,-0.0007499999999999879,-0.001599999999999988,0.0016959095605941453,0.0,105505.44467025544,106278.79987139022,91.2142146789892,92.4384581920882,Medium,Ranging,train,2025-10,c555ac9efd53
800,2025-10-17 13:26:00,2025-10-17 13:29:00,SHORT,105420.01,105499.0750075,SL,3,5e-05,0.0008,0.0008500000000000001,-0.0007500000000000117,-0.0016000000000000118,0.0008815214492960831,0.0005992221021416926,105501.64843077611,106231.87766913751,69.95364058883449,82.54190554216169,Low,Ranging,train,2025-10,c555ac9efd53
801,2025-10-17 15:38:00,2025-10-17 15:40:00,LONG,105785.81,105997.38162,TP,2,5e-05,0.0008,0.0008500000000000001,0.002000000000000023,0.001150000000000023,0.0,0.003920374575758329,105712.77110875894,105643.22199919453,29.03464810822824,21.251830153038707,Low,Ranging,train,2025-10,c555ac9efd53
802,2025-10-18 12:28:00,2025-10-18 12:36:00,LONG,107091.42,107011.10143499999,SL,8,5e-05,0.0008,0.0008500000000000001,-0.000750000000000081,-0.001600000000000081,0.0008315325354729903,0.00022952352298626487,106834.68534509935,106453.32314463543,15.553738214647494,9.043645164826911,Low,Ranging,train,2025-10,c555ac9efd53
803,2025-10-18 12:39:00,2025-10-18 13:04:00,LONG,107004.16,106923.90688,SL,25,5e-05,0.0008,0.0008500000000000001,-0.0007500000000000794,-0.0016000000000000794,0.0008238932019091921,0.0009321132935391547,106911.8203959584,106571.8352689288,26.89578124018732,11.624262801843178,Low,Ranging,train,2025-10,c555ac9efd53
804,2025-10-18 14:30:00,2025-10-18 15:00:00,LONG,106908.05,107067.5,MAX_HOLD,30,5e-05,0.0008,0.0008500000000000001,0.0014914686031594169,0.0006414686031594168,8.044296009520162e-05,0.001899389241502372,106890.71058115346,106871.1042255517,63.00542208361876,37.74957340925345,Medium,Ranging,train,2025-10,c555ac9efd53
805,2025-10-18 15:12:00,2025-10-18 15:22:00,LONG,107085.6,107005.2858,SL,10,5e-05,0.0008,0.0008500000000000001,-0.0007500000000000745,-0.0016000000000000745,0.0007634079652166117,0.00032123833643360244,107015.50364577818,106963.80934426592,43.31845701993052,28.349235197070126,Medium,Ranging,train,2025-10,c555ac9efd53
806,2025-10-18 15:49:00,2025-10-18 15:59:00,SHORT,106943.95,106948.75,EOD,10,5e-05,0.0008,0.0008500000000000001,-4.4883324395656886e-05,-0.000894883324395657,0.00032633917112663904,0.0003059546612968865,106955.2442767232,106955.97614042377,87.73378369925541,91.69509511434734,Low,Ranging,train,2025-10,c555ac9efd53
807,2025-10-19 12:15:00,2025-10-19 12:29:00,LONG,107564.4,107483.72669999998,SL,14,5e-05,0.0008,0.0008500000000000001,-0.0007500000000000882,-0.0016000000000000883,0.000952731572899546,0.0006097742375731289,107304.21621630169,107159.97592528189,7.926756337184567,5.214993912299403,High,Ranging,train,2025-10,c555ac9efd53
808,2025-10-19 12:31:00,2025-10-19 12:46:00,LONG,107526.45,107445.8051625,SL,15,5e-05,0.0008,0.0008500000000000001,-0.0007500000000000338,-0.001600000000000034,0.0009723189038604261,0.0017349219657117195,107419.98524435399,107266.81693796307,48.947286418627016,27.073534227897884,High,Ranging,train,2025-10,c555ac9efd53
809,2025-10-19 13:20:00,2025-10-19 13:23:00,SHORT,107388.37,107468.9112775,SL,3,5e-05,0.0008,0.0008500000000000001,-0.000750000000000004,-0.0016000000000000042,0.0010949975309245412,0.0,107487.14813482705,107421.07344850928,49.812290061250316,64.3227936328873,High,Ranging,train,2025-10,c555ac9efd53
810,2025-10-19 14:06:00,2025-10-19 14:18:00,LONG,107962.0,108177.924,TP,12,5e-05,0.0008,0.0008500000000000001,0.0019999999999999914,0.0011499999999999913,0.0006854263537170485,0.0023224838369056266,107812.00854394851,107666.00359992374,15.668454045812693,17.886206196796184,High,Trending,train,2025-10,c555ac9efd53
811,2025-10-19 14:43:00,2025-10-19 14:54:00,LONG,108188.87,108405.24773999999,TP,11,5e-05,0.0008,0.0008500000000000001,0.0019999999999999658,0.0011499999999999657,0.00014382255771779178,0.002269457107741294,108167.33891293046,107976.86432541387,15.15384452868946,12.710670074543863,Medium,Trending,train,2025-10,c555ac9efd53
812,2025-10-19 15:33:00,2025-10-19 15:37:00,LONG,108458.88,108377.53584,SL,4,5e-05,0.0008,0.0008500000000000001,-0.0007500000000000722,-0.0016000000000000723,0.0007897924079614642,0.00037912986009071216,108427.41417018509,108279.93057288232,40.411986241195684,24.856219657837556,Medium,Ranging,train,2025-10,c555ac9efd53
813,2025-10-20 12:46:00,2025-10-20 12:51:00,LONG,110939.59,110856.3853075,SL,5,5e-05,0.0008,0.0008500000000000001,-0.0007500000000000284,-0.0016000000000000285,0.0008976957639738574,0.0005445305864209837,110611.00336621926,109957.90094943618,24.20921325227444,13.56674264107489,Medium,Trending,train,2025-10,c555ac9efd53
814,2025-10-20 12:57:00,2025-10-20 13:08:00,LONG,110825.15,110742.03113749999,SL,11,5e-05,0.0008,0.0008500000000000001,-0.0007500000000000614,-0.0016000000000000614,0.0007981040404637133,0.0005588984088900609,110700.38427937169,110137.21314205888,10.270665284229787,8.76073051191746,High,Trending,train,2025-10,c555ac9efd53
815,2025-10-20 13:10:00,2025-10-20 13:12:00,LONG,110751.63,110668.5662775,SL,2,5e-05,0.0008,0.0008500000000000001,-0.0007500000000000907,-0.0016000000000000907,0.000818588403619915,0.00043674300775523885,110736.8230954241,110287.24004306202,16.18985536126385,14.225102492168995,Low,Ranging,train,2025-10,c555ac9efd53
816,2025-10-20 14:09:00,2025-10-20 14:15:00,LONG,111032.62,110949.34553499999,SL,6,5e-05,0.0008,0.0008500000000000001,-0.0007500000000000857,-0.0016000000000000857,0.0014750620133074303,0.0010571668037735638,110945.86040145683,110726.36145050028,19.274134882613932,9.755705659757185,Medium,Ranging,train,2025-10,c555ac9efd53
817,2025-10-20 15:03:00,2025-10-20 15:07:00,LONG,111195.32,111417.71064,TP,4,5e-05,0.0008,0.0008500000000000001,0.00199999999999998,0.00114999999999998,0.0,0.0029363645880059945,111137.30377970591,110995.24466280601,28.315643411646533,11.909354927454444,High,Ranging,train,2025-10,c555ac9efd53
818,2025-10-21 12:23:00,2025-10-21 12:24:00,SHORT,109279.99,109361.94999250001,SL,1,5e-05,0.0008,0.0008500000000000001,-0.0007500000000000686,-0.0016000000000000688,0.0015422768614820846,0.0,109723.11721206548,110265.80255690501,90.40219799824945,94.20889891719224,High,Trending,train,2025-10,c555ac9efd53
819,2025-10-21 12:40:00,2025-10-21 12:41:00,SHORT,109013.61,109095.3702075,SL,1,5e-05,0.0008,0.0008500000000000001,-0.000750000000000029,-0.001600000000000029,0.0033479305932534583,0.0,109403.9253111803,109923.91853327118,72.08826429980229,75.18563099620148,High,Trending,train,2025-10,c555ac9efd53
820,2025-10-21 12:49:00,2025-10-21 12:57:00,SHORT,109145.44,108927.14912,TP,8,5e-05,0.0008,0.0008500000000000001,0.0020000000000000044,0.0011500000000000043,0.0,0.0023806766457673038,109366.62076467344,109818.40437003942,34.02851683875884,64.86508308965298,High,Ranging,train,2025-10,c555ac9efd53
821,2025-10-21 13:20:00,2025-10-21 13:22:00,SHORT,108596.55,108677.9974125,SL,2,5e-05,0.0008,0.0008500000000000001,-0.0007499999999999805,-0.0015999999999999806,0.0018229860893371028,0.0005207347747235332,108874.92718269186,109302.20813419939,76.19145472863093,84.34417448699695,Medium,Ranging,train,2025-10,c555ac9efd53
822,2025-10-21 13:42:00,2025-10-21 13:45:00,SHORT,108664.48,108447.15104,TP,3,5e-05,0.0008,0.0008500000000000001,0.00199999999999999,0.00114999999999999,0.0,0.002525940399291433,108732.73739393594,109062.5121549554,67.08695575502101,77.73447526564361,High,Ranging,train,2025-10,c555ac9efd53
823,2025-10-21 14:31:00,2025-10-21 14:35:00,LONG,109875.57,110095.32114,TP,4,5e-05,0.0008,0.0008500000000000001,0.0019999999999999363,0.0011499999999999362,0.0005632735284104917,0.002199305996774298,109437.1447782902,109262.74488136289,17.5928728887643,11.181799827084363,Medium,Ranging,train,2025-10,c555ac9efd53
824,2025-10-22 12:12:00,2025-10-22 12:16:00,SHORT,107747.42,107828.230565,SL,4,5e-05,0.0008,0.0008500000000000001,-0.0007500000000000654,-0.0016000000000000653,0.001773035493564562,0.0009317160448018098,110757.15066094087,111058.24919802297,92.22263596681609,90.14736203341526,Low,Ranging,train,2025-10,c555ac9efd53
825,2025-10-22 12:21:00,2025-10-22 12:26:00,SHORT,107975.53,108056.5116475,SL,5,5e-05,0.0008,0.0008500000000000001,-0.0007499999999999727,-0.0015999999999999728,0.0010352345573112615,0.0009085391847579338,109889.01697823229,110534.82776823007,72.5454545454539,86.09420095598885,Medium,Ranging,train,2025-10,c555ac9efd53
826,2025-10-22 12:30:00,2025-10-22 12:36:00,SHORT,107983.41,108064.39755750001,SL,6,5e-05,0.0008,0.0008500000000000001,-0.0007500000000000387,-0.0016000000000000389,0.0012093524366381511,0.0004742395151255772,109316.07098065347,110116.10574364573,49.3358857317913,65.05493163490435,Low,Trending,train,2025-10,c555ac9efd53
827,2025-10-22 12:43:00,2025-10-22 12:45:00,SHORT,108360.0,108143.28,TP,2,5e-05,0.0008,0.0008500000000000001,0.002000000000000011,0.0011500000000000108,0.0,0.002799557032115177,108835.98617298716,109660.21770406717,70.96849903485104,83.75203434881861,High,Trending,train,2025-10,c555ac9efd53
828,2025-10-22 14:40:00,2025-10-22 14:41:00,SHORT,107864.57,107945.4684275,SL,1,5e-05,0.0008,0.0008500000000000001,-0.0007499999999999686,-0.0015999999999999686,0.0016263913164442504,0.0,108090.86928577186,108267.65775975102,48.785591995522736,62.516522009259944,High,Ranging,train,2025-10,c555ac9efd53
829,2025-10-22 15:13:00,2025-10-22 15:14:00,LONG,108587.5,108506.059375,SL,1,5e-05,0.0008,0.0008500000000000001,-0.0007500000000000268,-0.0016000000000000267,0.0021061356049268754,0.0,108425.29995622957,108374.8663025562,11.281857941797147,11.711599385702192,Medium,Ranging,train,2025-10,c555ac9efd53
830,2025-10-22 15:36:00,2025-10-22 15:39:00,SHORT,108134.16,108215.26062,SL,3,5e-05,0.0008,0.0008500000000000001,-0.0007499999999999763,-0.0015999999999999764,0.004307981862530735,0.0009122001780010999,108214.83046461998,108266.9628139371,83.77029229150727,87.75007463014767,High,Ranging,train,2025-10,c555ac9efd53
831,2025-10-23 12:34:00,2025-10-23 12:35:00,LONG,108970.53,108888.80210249999,SL,1,5e-05,0.0008,0.0008500000000000001,-0.0007500000000000745,-0.0016000000000000745,0.0016481520278923652,2.5878556340021335e-05,108854.63309861603,108673.0080605792,35.73491090922134,22.117039437537205,Low,Ranging,train,2025-10,c555ac9efd53
832,2025-10-23 13:05:00,2025-10-23 13:07:00,LONG,109057.57,108975.7768225,SL,2,5e-05,0.0008,0.0008500000000000001,-0.0007500000000000308,-0.0016000000000000309,0.0007899497485594877,0.0,109002.02253281463,108850.56185333336,8.02162292761783,9.450659654856333,Low,Ranging,train,2025-10,c555ac9efd53
833,2025-10-23 13:24:00,2025-10-23 13:33:00,LONG,109003.7,109221.7074,TP,9,5e-05,0.0008,0.0008500000000000001,0.0020000000000000204,0.0011500000000000204,3.394380190761497e-05,0.0024613843383298264,108989.29077319638,108890.40938624235,37.82123714979886,24.644173515975726,Low,Ranging,train,2025-10,c555ac9efd53
834,2025-10-23 14:46:00,2025-10-23 14:52:00,LONG,109591.52,109509.32636,SL,6,5e-05,0.0008,0.0008500000000000001,-0.0007499999999999789,-0.001599999999999979,0.0008294437379827265,0.0011823907543211532,109403.53268787473,109283.06958506044,25.060234236106215,17.070508670269263,Low,Ranging,train,2025-10,c555ac9efd53
835,2025-10-23 15:20:00,2025-10-23 15:21:00,LONG,109665.77,109583.5206725,SL,1,5e-05,0.0008,0.0008500000000000001,-0.0007500000000000139,-0.001600000000000014,0.0011800400434885333,0.0,109616.54402928567,109476.86855256723,20.293382428532755,13.694627817087754,Medium,Ranging,train,2025-10,c555ac9efd53
836,2025-10-23 15:24:00,2025-10-23 15:31:00,LONG,109635.85,109855.1217,TP,7,5e-05,0.0008,0.0008500000000000001,0.001999999999999977,0.001149999999999977,0.0003153165684400402,0.0024404426106971184,109615.3972183103,109486.94257580457,37.8034771452011,23.81998257224663,Low,Ranging,train,2025-10,c555ac9efd53
837,2025-10-24 12:22:00,2025-10-24 12:25:00,LONG,111023.51,110940.24236749999,SL,3,5e-05,0.0008,0.0008500000000000001,-0.0007500000000000593,-0.0016000000000000593,0.0008962966492411811,0.00023535555667447965,110608.33016042123,110224.67105576747,26.711154411008096,14.794887658837888,Low,Trending,train,2025-10,c555ac9efd53
838,2025-10-24 12:43:00,2025-10-24 12:49:00,LONG,111391.89,111308.3460825,SL,6,5e-05,0.0008,0.0008500000000000001,-0.0007500000000000583,-0.0016000000000000584,0.0015464321504913398,0.001669241809255614,111038.89515898476,110610.74179012659,32.20264038911048,22.91088122026098,Medium,Trending,train,2025-10,c555ac9efd53
839,2025-10-24 12:57:00,2025-10-24 13:14:00,LONG,111259.75,111176.3051875,SL,17,5e-05,0.0008,0.0008500000000000001,-0.0007500000000000482,-0.0016000000000000482,0.0011056109689262718,0.0017231748228807018,111172.65449119957,110793.31562464806,27.212781523250296,18.04698104505748,Medium,Trending,train,2025-10,c555ac9efd53
840,2025-10-24 13:57:00,2025-10-24 14:02:00,SHORT,110900.14,110678.33972,TP,5,5e-05,0.0008,0.0008500000000000001,0.0019999999999999623,0.0011499999999999623,0.00034093735138655075,0.0030620340064494217,110965.98387713844,110952.46540054196,82.48419130323259,90.05631878643506,High,Ranging,train,2025-10,c555ac9efd53
841,2025-10-24 14:16:00,2025-10-24 14:18:00,SHORT,110481.77,110260.80646,TP,2,5e-05,0.0008,0.0008500000000000001,0.0019999999999999727,0.0011499999999999727,0.0,0.0032506720339473146,110743.67869094218,110828.1059261503,59.60985873969046,73.51697471617068,Low,Ranging,train,2025-10,c555ac9efd53
842,2025-10-24 14:37:00,2025-10-24 14:38:00,SHORT,110021.59,109801.54682,TP,1,5e-05,0.0008,0.0008500000000000001,0.0019999999999999393,0.0011499999999999393,0.0,0.002470333322759593,110344.1634258218,110560.12509993456,48.044206860646874,70.77985216231836,High,Ranging,train,2025-10,c555ac9efd53
843,2025-10-24 14:47:00,2025-10-24 14:56:00,SHORT,110021.36,110103.87602000001,SL,9,5e-05,0.0008,0.0008500000000000001,-0.0007500000000000912,-0.0016000000000000914,0.0013593723982324676,0.0014439014387751668,110246.58060908422,110467.27385905095,64.64821273768503,74.20149648045394,High,Ranging,train,2025-10,c555ac9efd53
844,2025-10-24 15:03:00,2025-10-24 15:10:00,SHORT,110162.71,110245.33203250001,SL,7,5e-05,0.0008,0.0008500000000000001,-0.0007500000000000282,-0.0016000000000000283,0.001304978790009748,0.0012804695890289211,110176.45877258568,110364.09570268277,71.89064749165203,82.64296634515448,Medium,Ranging,train,2025-10,c555ac9efd53
845,2025-10-24 15:37:00,2025-10-24 15:40:00,LONG,110408.18,110325.37386499999,SL,3,5e-05,0.0008,0.0008500000000000001,-0.0007500000000000561,-0.0016000000000000562,0.002338413693623,0.0,110366.23270161657,110390.74212860747,29.527423989021695,19.971653798127306,Low,Ranging,train,2025-10,c555ac9efd53
846,2025-10-24 15:55:00,2025-10-24 15:59:00,SHORT,110100.98,110046.91,EOD,4,5e-05,0.0008,0.0008500000000000001,0.0004910946296753438,-0.0003589053703246562,0.0,0.001371286613434285,110235.37814288905,110307.89646944647,44.24337907338916,70.49766765264674,High,Ranging,train,2025-10,c555ac9efd53
847,2025-10-25 12:36:00,2025-10-25 12:57:00,LONG,111688.32,111911.69664000001,TP,21,5e-05,0.0008,0.0008500000000000001,0.00200000000000002,0.00115000000000002,0.00027129067748537096,0.002281975411573881,111327.95868632408,111000.03946531891,55.714037223874676,29.152896155858297,Low,Trending,train,2025-10,c555ac9efd53
848,2025-10-25 13:08:00,2025-10-25 13:36:00,LONG,111745.45,111661.64091249999,SL,28,5e-05,0.0008,0.0008500000000000001,-0.0007500000000000471,-0.0016000000000000471,0.0012773674453858362,0.001021428612977078,111655.88160822849,111366.52936325646,14.402842234700495,14.02447705819995,Low,Ranging,train,2025-10,c555ac9efd53
849,2025-10-25 14:12:00,2025-10-25 14:28:00,LONG,111712.43,111628.6456775,SL,16,5e-05,0.0008,0.0008500000000000001,-0.0007499999999999647,-0.0015999999999999647,0.0007692071508962165,0.00025583545179351795,111685.32471687876,111602.50908412904,24.643174692300608,14.00795505886405,Low,Ranging,train,2025-10,c555ac9efd53
850,2025-10-25 14:43:00,2025-10-25 15:13:00,SHORT,111605.53,111412.65,MAX_HOLD,30,5e-05,0.0008,0.0008500000000000001,0.0017282297749941662,0.0008782297749941662,0.000279735242509947,0.0019104788087113708,111649.83169114457,111621.31980080603,88.35805387556003,86.5048165772177,Medium,Ranging,train,2025-10,c555ac9efd53
851,2025-10-25 15:29:00,2025-10-25 15:59:00,SHORT,111470.85,111385.18,MAX_HOLD,30,5e-05,0.0008,0.0008500000000000001,0.0007685417308651795,-8.145826913482051e-05,0.0005976450345538348,0.001432302705146713,111507.97232003379,111544.2396358623,73.27638434507934,85.43557134264942,Low,Ranging,train,2025-10,c555ac9efd53
852,2025-10-26 12:24:00,2025-10-26 12:40:00,LONG,113600.71,113515.5094675,SL,16,5e-05,0.0008,0.0008500000000000001,-0.0007500000000000561,-0.0016000000000000562,0.0008865261493524679,0.0012124924219222809,112815.34109010399,112324.21951872057,11.175988891659083,12.019412249604734,High,Trending,train,2025-10,c555ac9efd53
853,2025-10-26 12:43:00,2025-10-26 13:05:00,LONG,113544.58,113459.421565,SL,22,5e-05,0.0008,0.0008500000000000001,-0.0007500000000000425,-0.0016000000000000426,0.0009432418526714865,0.0019388860304912325,113227.23922698638,112725.38633994247,14.757949100864165,14.680196181951885,High,Trending,train,2025-10,c555ac9efd53
854,2025-10-26 13:09:00,2025-10-26 13:15:00,LONG,113435.66,113350.583255,SL,6,5e-05,0.0008,0.0008500000000000001,-0.0007499999999999866,-0.0015999999999999866,0.0011650657297714272,0.0007164413730214072,113436.73753841613,113063.55688469585,20.914055219791972,13.64115231655178,High,Ranging,train,2025-10,c555ac9efd53
855,2025-10-26 13:18:00,2025-10-26 13:29:00,LONG,113436.97,113663.84394,TP,11,5e-05,0.0008,0.0008500000000000001,0.0020000000000000434,0.0011500000000000433,0.0,0.0022129469783968916,113428.14522816232,113120.4004639465,57.43021649711767,34.146755873594635,High,Ranging,train,2025-10,c555ac9efd53
856,2025-10-26 13:39:00,2025-10-26 13:44:00,LONG,113609.46,113836.67892,TP,5,5e-05,0.0008,0.0008500000000000001,0.001999999999999994,0.001149999999999994,0.0,0.0034375658505902025,113524.5473244564,113283.38062088317,53.27044939393679,35.345854597033686,Medium,Ranging,train,2025-10,c555ac9efd53
857,2025-10-26 13:57:00,2025-10-26 14:01:00,LONG,113705.6,113620.3208,SL,4,5e-05,0.0008,0.0008500000000000001,-0.0007500000000000395,-0.0016000000000000395,0.0007823713168041539,0.0003904820870739363,113630.44805886771,113419.6971024395,54.74756243889939,27.95364070702487,High,Ranging,train,2025-10,c555ac9efd53
858,2025-10-26 15:14:00,2025-10-26 15:44:00,SHORT,113531.45,113488.83,MAX_HOLD,30,5e-05,0.0008,0.0008500000000000001,0.00037540258668408927,-0.0004745974133159108,0.0005335085564397089,0.0009299625786511293,113629.51165055348,113611.97501662167,58.82521223103913,77.12588090100377,Low,Ranging,train,2025-10,c555ac9efd53
859,2025-10-27 12:12:00,2025-10-27 12:34:00,LONG,115258.69,115172.2459825,SL,22,5e-05,0.0008,0.0008500000000000001,-0.0007500000000000471,-0.0016000000000000471,0.0009077840464784447,0.0006470661778300772,114263.28322774575,113963.0655492963,31.359825067496093,17.953851624675924,Low,Ranging,train,2025-10,c555ac9efd53
860,2025-10-27 12:37:00,2025-10-27 12:42:00,LONG,115141.51,115055.15386749999,SL,5,5e-05,0.0008,0.0008500000000000001,-0.00075000000000004,-0.0016000000000000402,0.0008850847969597493,0.0003950790640144049,114873.77267593783,114462.65048808903,20.409821375875964,12.041184687912144,High,Trending,train,2025-10,c555ac9efd53
861,2025-10-27 12:45:00,2025-10-27 13:15:00,LONG,115088.0,115150.0,MAX_HOLD,30,5e-05,0.0008,0.0008500000000000001,0.000538718198248297,-0.00031128180175170306,0.000664708744612818,0.0013864173502015646,114934.31284806086,114556.26765024119,41.21736755228256,24.777329597202367,Medium,Ranging,train,2025-10,c555ac9efd53
862,2025-10-27 13:17:00,2025-10-27 13:28:00,LONG,115200.3,115113.899775,SL,11,5e-05,0.0008,0.0008500000000000001,-0.0007500000000000422,-0.0016000000000000424,0.0008478276532265823,0.0005832450089105873,115083.48393513804,114828.83889548745,62.121803492556545,35.59385534414494,High,Ranging,train,2025-10,c555ac9efd53
863,2025-10-27 15:05:00,2025-10-27 15:06:00,SHORT,114849.1,114935.23682500001,SL,1,5e-05,0.0008,0.0008500000000000001,-0.0007500000000000756,-0.0016000000000000758,0.0018189084633662273,0.0,114865.11955630285,114881.27268570053,82.01126208838288,82.4396037051638,High,Ranging,train,2025-10,c555ac9efd53
864,2025-10-27 15:11:00,2025-10-27 15:33:00,LONG,114965.08,115195.01016,TP,22,5e-05,0.0008,0.0008500000000000001,0.002000000000000031,0.0011500000000000308,0.0004921494422480438,0.0022559893839068403,114872.8540029539,114883.4593370594,49.428178991846316,32.22306464779928,Low,Ranging,train,2025-10,c555ac9efd53
865,2025-10-27 15:39:00,2025-10-27 15:55:00,LONG,114978.46,114892.226155,SL,16,5e-05,0.0008,0.0008500000000000001,-0.0007500000000000848,-0.0016000000000000849,0.0007781457500822429,0.000721091585328147,114973.90476288684,114942.6233622474,29.460900996207425,22.430899504160497,Medium,Ranging,train,2025-10,c555ac9efd53
866,2025-10-28 12:34:00,2025-10-28 12:39:00,SHORT,114221.61,114307.2762075,SL,5,5e-05,0.0008,0.0008500000000000001,-0.0007500000000000511,-0.001600000000000051,0.000917602194540925,0.00037217125550931,114421.04148525221,114599.33796779561,52.94075352315472,69.66494104112961,Medium,Ranging,train,2025-10,c555ac9efd53
867,2025-10-28 12:42:00,2025-10-28 12:45:00,SHORT,114330.2,114415.94765,SL,3,5e-05,0.0008,0.0008500000000000001,-0.000750000000000042,-0.001600000000000042,0.001043818693573496,0.0,114387.84411627622,114554.79147522766,87.3560681308134,90.81499230521517,Low,Ranging,train,2025-10,c555ac9efd53
868,2025-10-28 14:29:00,2025-10-28 14:31:00,LONG,115902.24,115815.31332,SL,2,5e-05,0.0008,0.0008500000000000001,-0.0007500000000000356,-0.0016000000000000356,0.001072024147246852,0.0005208700021673035,115564.98516751322,115296.94701662709,48.606042284615256,28.32767832750987,Medium,Trending,train,2025-10,c555ac9efd53
869,2025-10-28 14:36:00,2025-10-28 14:37:00,LONG,115652.21,115565.4708425,SL,1,5e-05,0.0008,0.0008500000000000001,-0.0007500000000000641,-0.001600000000000064,0.001246841716211144,0.0,115589.92144513314,115345.75280295046,21.77569479424501,18.861140293795255,High,Trending,train,2025-10,c555ac9efd53
870,2025-10-28 14:54:00,2025-10-28 14:55:00,SHORT,114909.35,114995.53201250001,SL,1,5e-05,0.0008,0.0008500000000000001,-0.0007500000000000745,-0.0016000000000000745,0.0015372987489703333,0.0,115254.82648738369,115225.71339187355,83.43198310592174,86.76647586592503,High,Ranging,train,2025-10,c555ac9efd53
871,2025-10-28 14:58:00,2025-10-28 15:02:00,SHORT,115103.19,115189.51739250001,SL,4,5e-05,0.0008,0.0008500000000000001,-0.0007500000000000897,-0.0016000000000000896,0.0009266467766879744,0.0007882492222847684,115235.79811484921,115218.07639552349,73.89421540905876,84.52238519281066,Medium,Ranging,train,2025-10,c555ac9efd53
872,2025-10-28 15:53:00,2025-10-28 15:59:00,SHORT,114820.0,114641.38,EOD,6,5e-05,0.0008,0.0008500000000000001,0.0015556523253788133,0.0007056523253788133,0.0,0.0019723044765720815,114945.10332470974,115049.8420436302,73.42233388616191,85.46561039321962,Low,Ranging,train,2025-10,c555ac9efd53
873,2025-10-29 12:13:00,2025-10-29 12:43:00,SHORT,113267.61,113163.84,MAX_HOLD,30,5e-05,0.0008,0.0008500000000000001,0.0009161489326030988,6.614893260309873e-05,0.00020288235974958707,0.0019211140766544454,114174.67511861761,114571.67785271794,53.2394419102144,78.79776635261123,Medium,Trending,train,2025-10,c555ac9efd53
874,2025-10-29 12:45:00,2025-10-29 12:52:00,SHORT,113154.54,113239.40590499999,SL,7,5e-05,0.0008,0.0008500000000000001,-0.000749999999999989,-0.001599999999999989,0.0007636458952508976,0.0006204788601499494,113420.86264226706,113892.97726448481,86.51562295830126,88.03588849267514,Low,Trending,train,2025-10,c555ac9efd53
875,2025-10-29 12:56:00,2025-10-29 13:05:00,SHORT,113170.69,113255.5680175,SL,9,5e-05,0.0008,0.0008500000000000001,-0.0007499999999999934,-0.0015999999999999934,0.0008450951390329016,0.0006490196357378142,113325.81233732923,113746.56463848114,48.15544585404495,63.458254909571565,Low,Trending,train,2025-10,c555ac9efd53
876,2025-10-29 14:13:00,2025-10-29 14:14:00,SHORT,112532.63,112617.02947250001,SL,1,5e-05,0.0008,0.0008500000000000001,-0.0007500000000000747,-0.0016000000000000749,0.0016001581052534934,0.0,112908.98849963036,113152.30840689718,46.71985648597433,62.207715923731136,High,Ranging,train,2025-10,c555ac9efd53
877,2025-10-29 14:37:00,2025-10-29 14:38:00,SHORT,112566.63,112651.0549725,SL,1,5e-05,0.0008,0.0008500000000000001,-0.0007499999999999754,-0.0015999999999999756,0.0011164054569280278,0.0,112641.26320849039,112894.76749703303,91.95357631722165,92.66767589198446,Medium,Ranging,train,2025-10,c555ac9efd53
878,2025-10-29 14:40:00,2025-10-29 14:45:00,SHORT,112596.5,112680.947375,SL,5,5e-05,0.0008,0.0008500000000000001,-0.0007500000000000299,-0.00160000000000003,0.0008416780272921811,0.00041662041004830074,112637.56148657521,112878.13835097087,73.55063983774609,85.44375957232569,Medium,Ranging,train,2025-10,c555ac9efd53
879,2025-10-29 15:03:00,2025-10-29 15:06:00,SHORT,112400.01,112484.3100075,SL,3,5e-05,0.0008,0.0008500000000000001,-0.0007500000000000162,-0.0016000000000000163,0.0014617436421936521,0.0016014233450690975,112556.93564083078,112743.23210937149,38.00238320354929,62.50885404038266,Medium,Ranging,train,2025-10,c555ac9efd53
880,2025-10-29 15:21:00,2025-10-29 15:28:00,SHORT,112434.23,112209.36154,TP,7,5e-05,0.0008,0.0008500000000000001,0.001999999999999981,0.001149999999999981,0.00014025977676019195,0.0033462229429595948,112467.23404397517,112633.71770522534,88.66542609027529,92.5826183212621,Low,Ranging,train,2025-10,c555ac9efd53
881,2025-10-29 15:43:00,2025-10-29 15:48:00,SHORT,111816.32,111592.68736000001,TP,5,5e-05,0.0008,0.0008500000000000001,0.0019999999999999658,0.0011499999999999657,0.0006257583866110654,0.003028359366504012,112181.71269897107,112409.4561883159,37.72193202539018,61.52172820210299,High,Ranging,train,2025-10,c555ac9efd53
882,2025-10-30 12:37:00,2025-10-30 12:41:00,SHORT,108919.08,108701.24184,TP,4,5e-05,0.0008,0.0008500000000000001,0.001999999999999994,0.001149999999999994,0.00020170937910971305,0.0035431808641791527,109747.8655752015,110598.92766272505,57.61457420426751,71.63531981111909,High,Trending,train,2025-10,c555ac9efd53
883,2025-10-30 13:09:00,2025-10-30 13:12:00,SHORT,108594.3,108675.745725,SL,3,5e-05,0.0008,0.0008500000000000001,-0.0007499999999999794,-0.0015999999999999795,0.0011902097992251895,0.000684290059422987,108841.94958052356,109607.8792835197,74.57512130906423,81.9935476535909,Medium,Trending,train,2025-10,c555ac9efd53
884,2025-10-30 13:14:00,2025-10-30 13:17:00,SHORT,108574.79,108357.64042,TP,3,5e-05,0.0008,0.0008500000000000001,0.001999999999999977,0.001149999999999977,0.0,0.0023126915557468847,108798.61920503262,109512.29272277112,49.87706863111712,70.46079618794924,Low,Ranging,train,2025-10,c555ac9efd53
885,2025-10-30 13:53:00,2025-10-30 13:54:00,SHORT,107914.97,107995.9062275,SL,1,5e-05,0.0008,0.0008500000000000001,-0.0007500000000000197,-0.0016000000000000198,0.00239892574681719,0.0010514759907731166,108162.83171462132,108719.86562256151,69.84540241683955,80.929303083748,High,Ranging,train,2025-10,c555ac9efd53
886,2025-10-30 14:09:00,2025-10-30 14:13:00,SHORT,108044.29,107828.20142,TP,4,5e-05,0.0008,0.0008500000000000001,0.001999999999999963,0.0011499999999999631,1.2402321307410688e-05,0.002166611488677435,108050.03867118988,108499.84226471234,55.31025902021607,68.51593933087894,Medium,Ranging,train,2025-10,c555ac9efd53
887,2025-10-30 15:58:00,2025-10-30 15:59:00,SHORT,107728.01,107711.56,EOD,1,5e-05,0.0008,0.0008500000000000001,0.0001526993768844063,-0.0006973006231155937,0.0,0.0003865290002108033,107746.18172505594,107904.28952320683,78.6066246256993,85.29969944189723,Low,Ranging,train,2025-10,c555ac9efd53
888,2025-10-31 12:15:00,2025-10-31 12:17:00,LONG,110174.62,110394.96923999999,TP,2,5e-05,0.0008,0.0008500000000000001,0.001999999999999963,0.0011499999999999631,0.0,0.0020305947050237266,108955.00279021582,108561.31874723814,28.13479532366321,11.743050108010975,High,Ranging,train,2025-10,c555ac9efd53
889,2025-10-31 12:29:00,2025-10-31 12:36:00,LONG,110206.67,110124.0149975,SL,7,5e-05,0.0008,0.0008500000000000001,-0.0007500000000000302,-0.0016000000000000302,0.0009471296065837454,0.0010282499235301002,109526.7167980443,108984.28503507609,6.764439500576152,5.250959644250489,Low,Ranging,train,2025-10,c555ac9efd53
890,2025-10-31 13:02:00,2025-10-31 13:11:00,LONG,109753.2,109972.7064,TP,9,5e-05,0.0008,0.0008500000000000001,0.0019999999999999853,0.0011499999999999852,0.00022331922896093017,0.00204795851054916,109729.7685135296,109393.46806798104,57.34687659391248,33.48847640353505,Low,Ranging,train,2025-10,c555ac9efd53
891,2025-10-31 13:28:00,2025-10-31 13:29:00,LONG,109999.81,109917.31014249999,SL,1,5e-05,0.0008,0.0008500000000000001,-0.0007500000000000576,-0.0016000000000000575,0.0010298199605981032,0.0,109878.68319032998,109619.07985767757,17.944828893733334,14.718956149123384,Low,Ranging,train,2025-10,c555ac9efd53
892,2025-10-31 14:17:00,2025-10-31 14:18:00,LONG,110060.22,109977.674835,SL,1,5e-05,0.0008,0.0008500000000000001,-0.0007500000000000289,-0.001600000000000029,0.0014920013788815468,0.0,110009.06166094712,109852.24593366955,12.589206094018783,9.298849574345917,High,Ranging,train,2025-10,c555ac9efd53
893,2025-10-31 14:25:00,2025-10-31 14:26:00,LONG,109980.38,109897.894715,SL,1,5e-05,0.0008,0.0008500000000000001,-0.0007500000000000225,-0.0016000000000000224,0.0013779730530118453,0.00014047960190715007,109973.51560109755,109856.11532597619,68.59036848058837,42.24801545996933,Medium,Ranging,train,2025-10,c555ac9efd53
894,2025-10-31 15:07:00,2025-10-31 15:08:00,LONG,110466.35,110687.28270000001,TP,1,5e-05,0.0008,0.0008500000000000001,0.002000000000000044,0.0011500000000000438,0.0,0.004313621297345253,110284.50367932234,110099.88462590902,18.54139756623133,9.546104805750499,High,Ranging,train,2025-10,c555ac9efd53
895,2025-10-31 15:20:00,2025-10-31 15:21:00,LONG,110788.11,110705.0189175,SL,1,5e-05,0.0008,0.0008500000000000001,-0.0007500000000000254,-0.0016000000000000254,0.0013549287915463183,0.0,110488.74008151519,110258.7105705444,40.123677144522915,30.018015753853927,High,Ranging,train,2025-10,c555ac9efd53
896,2025-11-01 12:11:00,2025-11-01 12:41:00,SHORT,110162.52,110152.54,MAX_HOLD,30,5e-05,0.0008,0.0008500000000000001,9.059342505972519e-05,-0.0007594065749402749,0.0,0.0014751841188818966,110299.84000080326,110288.34004310393,58.41946147217823,79.62368633493473,Low,Ranging,train,2025-11,c555ac9efd53
897,2025-11-01 12:46:00,2025-11-01 13:16:00,SHORT,110100.01,109970.83,MAX_HOLD,30,5e-05,0.0008,0.0008500000000000001,0.0011732968961582566,0.0003232968961582566,0.0,0.0013070843499468252,110154.36357743005,110195.09022852963,42.00826895750962,69.55608384317354,Medium,Ranging,train,2025-11,c555ac9efd53
898,2025-11-01 13:26:00,2025-11-01 13:42:00,SHORT,109995.74,109775.74852000001,TP,16,5e-05,0.0008,0.0008500000000000001,0.0019999999999999723,0.0011499999999999722,0.0005383844865264887,0.0026522845339283616,110025.19905734246,110085.17056038057,69.11479646780374,81.04573339940738,Low,Ranging,train,2025-11,c555ac9efd53
899,2025-11-01 14:23:00,2025-11-01 14:43:00,SHORT,109855.85,109938.24188750001,SL,20,5e-05,0.0008,0.0008500000000000001,-0.0007500000000000822,-0.0016000000000000823,0.0009480605721042091,9.876579171710765e-05,109895.77366187793,109956.08495259527,88.68695914658362,88.67748074610932,Medium,Ranging,train,2025-11,c555ac9efd53
900,2025-11-01 15:05:00,2025-11-01 15:07:00,LONG,109972.98,110192.92596,TP,2,5e-05,0.0008,0.0008500000000000001,0.0019999999999999753,0.0011499999999999753,0.0,0.002064325255167261,109918.71720378386,109933.82040149081,71.29427739204645,42.59409438135571,High,Ranging,train,2025-11,c555ac9efd53
901,2025-11-01 15:23:00,2025-11-01 15:24:00,LONG,110110.07,110027.48744750001,SL,1,5e-05,0.0008,0.0008500000000000001,-0.0007499999999999671,-0.0015999999999999671,0.0009164466065638092,0.0,110060.58648688352,110014.11415438839,1.3921050934441104,0.9294098351346868,Low,Ranging,train,2025-11,c555ac9efd53
902,2025-11-01 15:43:00,2025-11-01 15:59:00,LONG,110071.79,110291.93358,TP,16,5e-05,0.0008,0.0008500000000000001,0.0020000000000000326,0.0011500000000000325,3.9883061772679614e-05,0.0021703108489468503,110066.12771853471,110032.81666357371,51.20094170362705,31.46725281919377,Medium,Ranging,train,2025-11,c555ac9efd53
903,2025-11-02 12:13:00,2025-11-02 12:21:00,LONG,111113.28,111029.94503999999,SL,8,5e-05,0.0008,0.0008500000000000001,-0.0007500000000000667,-0.0016000000000000666,0.0014715612751238624,0.0005284696842717735,110544.20170885902,110324.04878695872,21.041606880861035,11.239316667148623,High,Trending,train,2025-11,c555ac9efd53
904,2025-11-02 12:23:00,2025-11-02 12:34:00,LONG,110966.41,110883.1851925,SL,11,5e-05,0.0008,0.0008500000000000001,-0.000750000000000088,-0.0016000000000000881,0.0009211796614849589,0.0006882262839718375,110714.89431823976,110458.43055642507,20.743838756173187,11.45836986455501,Medium,Trending,train,2025-11,c555ac9efd53
905,2025-11-02 12:39:00,2025-11-02 12:47:00,LONG,110830.85,110747.7268625,SL,8,5e-05,0.0008,0.0008500000000000001,-0.0007500000000000552,-0.0016000000000000554,0.0013768729554993562,0.0005878327198608887,110804.1906376579,110582.11866502702,7.887626580000436,4.415256086717624,Medium,Trending,train,2025-11,c555ac9efd53
906,2025-11-02 13:33:00,2025-11-02 13:54:00,SHORT,110453.52,110536.36014,SL,21,5e-05,0.0008,0.0008500000000000001,-0.0007500000000000022,-0.0016000000000000022,0.0008485922404283351,0.0015365739362584476,110553.87760934605,110572.45603294624,89.47392436062744,94.61829793748508,High,Ranging,train,2025-11,c555ac9efd53
907,2025-11-02 14:39:00,2025-11-02 14:42:00,SHORT,110417.94,110500.753455,SL,3,5e-05,0.0008,0.0008500000000000001,-0.0007499999999999627,-0.0015999999999999628,0.0011415717409689304,0.00028989854366065254,110431.81803814114,110471.62766524723,81.86178671046372,86.40066640553461,Medium,Ranging,train,2025-11,c555ac9efd53
908,2025-11-02 15:19:00,2025-11-02 15:20:00,SHORT,110385.01,110467.7987575,SL,1,5e-05,0.0008,0.0008500000000000001,-0.0007500000000000534,-0.0016000000000000534,0.0008694115260758791,0.0,110392.19806791014,110421.57726722347,73.45767818010374,76.5585734714097,High,Ranging,train,2025-11,c555ac9efd53
909,2025-11-02 15:40:00,2025-11-02 15:41:00,LONG,110544.09,110461.1819325,SL,1,5e-05,0.0008,0.0008500000000000001,-0.0007500000000000042,-0.0016000000000000042,0.0021040473534134348,0.0,110451.25869950121,110447.6644309596,30.00356926769427,26.509940278205217,High,Ranging,train,2025-11,c555ac9efd53
910,2025-11-03 12:20:00,2025-11-03 12:28:00,SHORT,108150.82,108231.933115,SL,8,5e-05,0.0008,0.0008500000000000001,-0.000750000000000001,-0.0016000000000000012,0.0009642090554653107,0.0009455314347132024,109012.15705263498,109562.3858430355,80.48113340637238,87.62897944795924,Medium,Trending,train,2025-11,c555ac9efd53
911,2025-11-03 12:31:00,2025-11-03 12:36:00,SHORT,108155.37,107939.05926,TP,5,5e-05,0.0008,0.0008500000000000001,0.0020000000000000074,0.0011500000000000074,0.0,0.0020460380284399527,108705.78618199388,109283.53156723594,52.532890692242916,72.50835817220262,High,Trending,train,2025-11,c555ac9efd53
912,2025-11-03 12:53:00,2025-11-03 13:05:00,SHORT,107917.42,107701.58516,TP,12,5e-05,0.0008,0.0008500000000000001,0.001999999999999962,0.0011499999999999618,0.0,0.0023566167538103897,108249.53587612015,108801.44679935019,62.936694373813474,78.87341720768275,Low,Trending,train,2025-11,c555ac9efd53
913,2025-11-03 14:42:00,2025-11-03 14:45:00,SHORT,107564.6,107645.27345000001,SL,3,5e-05,0.0008,0.0008500000000000001,-0.000750000000000019,-0.001600000000000019,0.0008076077073683659,0.0007235651878034385,107750.68401998557,107897.69666907135,54.32442745343722,71.69280649078085,High,Ranging,train,2025-11,c555ac9efd53
914,2025-11-03 15:42:00,2025-11-03 15:43:00,SHORT,106268.19,106055.65362,TP,1,5e-05,0.0008,0.0008500000000000001,0.0020000000000000473,0.0011500000000000473,0.0,0.0034647244862268034,106896.49597854083,107290.73623518171,57.89551896645546,73.98576342935463,High,Ranging,train,2025-11,c555ac9efd53
915,2025-11-04 12:45:00,2025-11-04 13:05:00,SHORT,104040.99,103832.90802,TP,20,5e-05,0.0008,0.0008500000000000001,0.0020000000000000256,0.0011500000000000256,0.00042800438557917254,0.0021041706735008795,104470.64662046263,105242.25502484193,68.59948190220855,77.2708718005397,High,Trending,train,2025-11,c555ac9efd53
916,2025-11-04 14:10:00,2025-11-04 14:11:00,SHORT,103939.61,104017.5647075,SL,1,5e-05,0.0008,0.0008500000000000001,-0.0007500000000000091,-0.0016000000000000092,0.0009387181652884057,8.822430640251828e-05,103958.70112929665,104174.63890642436,82.50745901386908,87.46594974692461,Low,Ranging,train,2025-11,c555ac9efd53
917,2025-11-04 15:11:00,2025-11-04 15:12:00,LONG,104287.04,104495.61408,TP,1,5e-05,0.0008,0.0008500000000000001,0.0020000000000000556,0.0011500000000000555,0.0,0.002042056232490695,104179.14398220529,104124.76877452439,27.55346783743131,14.338559090339587,High,Ranging,train,2025-11,c555ac9efd53
918,2025-11-04 15:35:00,2025-11-04 15:36:00,LONG,104353.72,104275.45471,SL,1,5e-05,0.0008,0.0008500000000000001,-0.000749999999999959,-0.001599999999999959,0.001050753149959524,0.0006376389840246576,104346.18122166797,104249.63789555329,25.413855671859594,12.264605609199728,Low,Ranging,train,2025-11,c555ac9efd53
919,2025-11-05 12:17:00,2025-11-05 12:18:00,SHORT,102052.62,102129.159465,SL,1,5e-05,0.0008,0.0008500000000000001,-0.0007500000000000875,-0.0016000000000000875,0.0013363694141316966,0.0,102966.23763763045,103447.20781822929,88.57560355940363,88.4132019492187,Low,Ranging,train,2025-11,c555ac9efd53
920,2025-11-05 12:23:00,2025-11-05 12:25:00,SHORT,102427.34,102504.16050499999,SL,2,5e-05,0.0008,0.0008500000000000001,-0.0007499999999999614,-0.0015999999999999615,0.003645218161479249,0.0004535898325582979,102830.28177811639,103320.3307796438,95.48514362859784,95.56970479254335,Medium,Ranging,train,2025-11,c555ac9efd53
921,2025-11-05 12:27:00,2025-11-05 12:40:00,SHORT,102491.51,102568.3786325,SL,13,5e-05,0.0008,0.0008500000000000001,-0.0007500000000000166,-0.0016000000000000168,0.001006424824846553,0.0017901970612004441,102784.44920378084,103258.90429458082,61.05064106063049,78.83467218898247,High,Ranging,train,2025-11,c555ac9efd53
922,2025-11-05 12:46:00,2025-11-05 12:47:00,SHORT,102586.0,102662.93950000001,SL,1,5e-05,0.0008,0.0008500000000000001,-0.0007500000000000749,-0.0016000000000000749,0.0007932856335172894,0.00030140564989373066,102647.6560178058,103024.99369036454,62.282501680108034,78.30941166303082,Low,Ranging,train,2025-11,c555ac9efd53
923,2025-11-05 15:04:00,2025-11-05 15:05:00,LONG,102972.99,102895.7602575,SL,1,5e-05,0.0008,0.0008500000000000001,-0.0007499999999999971,-0.0015999999999999973,0.00129393154457305,0.0008341993371270872,102961.68568373685,102887.31750181378,11.674934794550808,11.281847585067462,High,Ranging,train,2025-11,c555ac9efd53
924,2025-11-05 15:17:00,2025-11-05 15:18:00,LONG,103254.71,103177.2689675,SL,1,5e-05,0.0008,0.0008500000000000001,-0.0007500000000000605,-0.0016000000000000606,0.0017341581802903926,0.0,103049.30106034732,102953.93628001974,54.15584673950775,36.47471133409655,High,Ranging,train,2025-11,c555ac9efd53
925,2025-11-06 12:54:00,2025-11-06 12:59:00,SHORT,102537.99,102614.8934925,SL,5,5e-05,0.0008,0.0008500000000000001,-0.0007500000000000141,-0.0016000000000000142,0.0007702511040054123,0.0002931596377109813,102816.97115820453,102956.31912194022,55.97498133392009,72.24771517504938,Low,Ranging,train,2025-11,c555ac9efd53
926,2025-11-06 13:36:00,2025-11-06 13:37:00,LONG,103330.92,103253.42181,SL,1,5e-05,0.0008,0.0008500000000000001,-0.0007499999999999848,-0.001599999999999985,0.0016543934768024624,0.0,103089.20689391492,103029.1323645357,10.203840745015613,13.442061960899634,Low,Ranging,train,2025-11,c555ac9efd53
927,2025-11-06 13:40:00,2025-11-06 13:45:00,LONG,103214.01,103420.43802,TP,5,5e-05,0.0008,0.0008500000000000001,0.0020000000000000647,0.0011500000000000646,0.0006156141012251496,0.0022864144121520448,103106.67738367384,103042.82183632893,23.176722471604837,16.324901589979934,Low,Ranging,train,2025-11,c555ac9efd53
928,2025-11-06 14:02:00,2025-11-06 14:05:00,LONG,103385.79,103308.25065749999,SL,3,5e-05,0.0008,0.0008500000000000001,-0.0007500000000000723,-0.0016000000000000723,0.0027093665386703587,0.0018754027995530084,103265.55197962454,103161.26803695166,58.3015010045086,32.470920273959784,Medium,Ranging,train,2025-11,c555ac9efd53
929,2025-11-06 14:21:00,2025-11-06 14:23:00,SHORT,102984.42,102778.45116,TP,2,5e-05,0.0008,0.0008500000000000001,0.0020000000000000135,0.0011500000000000134,0.0,0.0022261619767339055,103127.80674141449,103113.9374817893,46.057257797944324,68.61267895182952,Medium,Ranging,train,2025-11,c555ac9efd53
930,2025-11-06 14:50:00,2025-11-06 14:51:00,SHORT,102610.6,102405.3788,TP,1,5e-05,0.0008,0.0008500000000000001,0.0019999999999999996,0.0011499999999999995,0.0,0.0030452994135109867,102812.00770670266,102921.42764860089,50.557737235935114,71.96554612951424,High,Ranging,train,2025-11,c555ac9efd53
931,2025-11-06 15:57:00,2025-11-06 15:58:00,SHORT,101973.09,102049.5698175,SL,1,5e-05,0.0008,0.0008500000000000001,-0.000750000000000032,-0.001600000000000032,0.0012445440262720635,4.363896396585697e-05,102148.95546802756,102352.21897361639,71.271800055778,78.00928594067159,High,Trending,train,2025-11,c555ac9efd53
932,2025-11-07 13:00:00,2025-11-07 13:05:00,SHORT,99638.29,99713.0187175,SL,5,5e-05,0.0008,0.0008500000000000001,-0.0007500000000000926,-0.0016000000000000927,0.0013789879372679795,0.0018385502200006423,99955.476292804,100578.44796204894,84.61104974866353,88.2629919327162,Low,Trending,train,2025-11,c555ac9efd53
933,2025-11-07 14:00:00,2025-11-07 14:01:00,LONG,100347.35,100272.08948750001,SL,1,5e-05,0.0008,0.0008500000000000001,-0.0007499999999999728,-0.001599999999999973,0.0010364997182288253,0.00019073747338618725,100268.0393409795,100347.55796998744,21.3133888046201,14.073753641283963,Low,Ranging,train,2025-11,c555ac9efd53
934,2025-11-07 15:23:00,2025-11-07 15:24:00,LONG,100915.15,100839.4636375,SL,1,5e-05,0.0008,0.0008500000000000001,-0.0007499999999999693,-0.0015999999999999695,0.0024598883319302475,0.0,100664.71244977898,100524.29132601096,12.946132743218294,13.280967848907492,High,Ranging,train,2025-11,c555ac9efd53
935,2025-11-07 15:25:00,2025-11-07 15:26:00,LONG,100699.18,100900.57836,TP,1,5e-05,0.0008,0.0008500000000000001,0.0020000000000000647,0.0011500000000000646,0.0,0.004400929580558778,100675.89103111088,100535.45537361372,25.44275315404776,17.895158004630197,High,Ranging,train,2025-11,c555ac9efd53
936,2025-11-07 15:37:00,2025-11-07 15:38:00,LONG,100872.83,100797.1753775,SL,1,5e-05,0.0008,0.0008500000000000001,-0.000750000000000056,-0.001600000000000056,0.004311269942560344,0.0,100757.02248181288,100612.55077537279,20.3901290435895,17.323178564444635,High,Ranging,train,2025-11,c555ac9efd53
937,2025-11-08 12:01:00,2025-11-08 12:13:00,LONG,101872.07,101795.6659475,SL,12,5e-05,0.0008,0.0008500000000000001,-0.0007500000000000181,-0.001600000000000018,0.0013829109391809223,0.0018840296462022711,100883.82232086732,100731.24026605304,65.46515429133684,39.440494938918086,Low,Ranging,train,2025-11,c555ac9efd53
938,2025-11-08 12:16:00,2025-11-08 12:29:00,LONG,101851.34,102055.04268,TP,13,5e-05,0.0008,0.0008500000000000001,0.0020000000000000213,0.0011500000000000212,0.00043200217100727395,0.002120836112711029,101355.65030791733,101042.88621778807,30.488867522008533,19.2481710623385,Low,Ranging,train,2025-11,c555ac9efd53
939,2025-11-08 12:47:00,2025-11-08 13:06:00,LONG,101932.95,101856.50028749999,SL,19,5e-05,0.0008,0.0008500000000000001,-0.0007500000000000516,-0.0016000000000000517,0.0020825454379569987,0.001717305346308558,101801.22878374616,101475.20843760646,24.635357838937484,13.666635125387401,Low,Ranging,train,2025-11,c555ac9efd53
940,2025-11-08 13:35:00,2025-11-08 13:44:00,LONG,102056.17,101979.6278725,SL,9,5e-05,0.0008,0.0008500000000000001,-0.000749999999999972,-0.001599999999999972,0.0011186976740357615,0.0012818431261922428,101990.94038244091,101806.411113614,54.063429834775754,31.055568694761437,Low,Ranging,train,2025-11,c555ac9efd53
941,2025-11-08 14:29:00,2025-11-08 14:30:00,SHORT,101688.27,101764.5362025,SL,1,5e-05,0.0008,0.0008500000000000001,-0.0007500000000000265,-0.0016000000000000265,0.0008330361014106331,0.0,101764.06368086286,101783.3541782913,75.22929517953837,84.2109475031977,Low,Ranging,train,2025-11,c555ac9efd53
942,2025-11-08 14:49:00,2025-11-08 14:57:00,LONG,101927.28,101850.83454,SL,8,5e-05,0.0008,0.0008500000000000001,-0.0007500000000000259,-0.0016000000000000259,0.0007581876019844622,0.001534329180568729,101849.07791119328,101825.88126633901,52.033842289643566,33.179883455229685,Medium,Ranging,train,2025-11,c555ac9efd53
943,2025-11-08 15:42:00,2025-11-08 15:47:00,SHORT,101632.53,101708.7543975,SL,5,5e-05,0.0008,0.0008500000000000001,-0.0007500000000000191,-0.0016000000000000192,0.0009501878975167399,0.001304011619114459,101696.83288462806,101750.59169972024,56.65441763859431,72.55413275604262,Medium,Ranging,train,2025-11,c555ac9efd53
944,2025-11-09 12:32:00,2025-11-09 12:56:00,LONG,102153.05,102076.4352125,SL,24,5e-05,0.0008,0.0008500000000000001,-0.0007500000000000237,-0.0016000000000000237,0.000988614632651744,0.00130138062446498,102096.68099431045,101976.72626543678,7.512028889820235,10.218717023420146,Low,Ranging,train,2025-11,c555ac9efd53
945,2025-11-09 14:04:00,2025-11-09 14:06:00,LONG,102865.41,102788.2609425,SL,2,5e-05,0.0008,0.0008500000000000001,-0.0007500000000000599,-0.00160000000000006,0.000888928552367626,0.0,102686.92149107796,102492.84090552275,35.23636363636023,31.428177905864455,High,Trending,train,2025-11,c555ac9efd53
946,2025-11-09 14:08:00,2025-11-09 14:09:00,LONG,102835.26,103040.93052,TP,1,5e-05,0.0008,0.0008500000000000001,0.001999999999999997,0.001149999999999997,0.0001409049775338798,0.0027341789187871773,102706.88645015984,102518.11602264356,40.398997165102124,29.33154005992321,High,Trending,train,2025-11,c555ac9efd53
947,2025-11-09 14:39:00,2025-11-09 14:40:00,LONG,103465.14,103387.541145,SL,1,5e-05,0.0008,0.0008500000000000001,-0.000750000000000037,-0.0016000000000000372,0.002265304043468212,0.0,103212.78617015251,102918.2717366499,8.533095091300684,10.320389392307431,High,Trending,train,2025-11,c555ac9efd53
948,2025-11-09 14:42:00,2025-11-09 14:43:00,LONG,103437.15,103359.57213749998,SL,1,5e-05,0.0008,0.0008500000000000001,-0.0007500000000000905,-0.0016000000000000905,0.0019089853113701592,0.0,103231.47200678679,102945.03398214663,30.17726446813374,19.904662164655207,High,Trending,train,2025-11,c555ac9efd53
949,2025-11-10 12:01:00,2025-11-10 12:03:00,LONG,106181.35,106101.7139875,SL,2,5e-05,0.0008,0.0008500000000000001,-0.000750000000000061,-0.001600000000000061,0.0024146424960692194,0.0,103856.62155893678,103566.80837078892,70.00477174006556,41.34386573602281,Low,Trending,train,2025-11,c555ac9efd53
950,2025-11-10 12:31:00,2025-11-10 13:01:00,LONG,105915.09,105923.57,MAX_HOLD,30,5e-05,0.0008,0.0008500000000000001,8.006413439303576e-05,-0.0007699358656069643,0.00037095752833702543,0.001113250246022578,105335.76052158096,104652.92220674673,13.793631906406745,11.642235412538234,Low,Trending,train,2025-11,c555ac9efd53
951,2025-11-10 13:18:00,2025-11-10 13:22:00,LONG,106232.01,106152.3359925,SL,4,5e-05,0.0008,0.0008500000000000001,-0.0007499999999999809,-0.001599999999999981,0.0007673769892896645,0.0,106036.58556031728,105547.01998172434,11.127984280985542,15.536562753304812,Medium,Ranging,train,2025-11,c555ac9efd53
952,2025-11-10 13:26:00,2025-11-10 13:31:00,LONG,106155.56,106367.87112,TP,5,5e-05,0.0008,0.0008500000000000001,0.0019999999999999857,0.0011499999999999857,0.0,0.00218801539928765,106071.92437370721,105638.49628016862,53.02796927482936,29.978648250628797,High,Ranging,train,2025-11,c555ac9efd53
953,2025-11-10 15:08:00,2025-11-10 15:09:00,SHORT,105159.43,105238.2995725,SL,1,5e-05,0.0008,0.0008500000000000001,-0.000749999999999998,-0.0015999999999999981,0.001701131320320146,0.0,105440.24059432608,105677.28650333636,84.59013619990641,84.45426288200196,High,Ranging,train,2025-11,c555ac9efd53
954,2025-11-10 15:12:00,2025-11-10 15:13:00,SHORT,105220.98,105299.895735,SL,1,5e-05,0.0008,0.0008500000000000001,-0.000750000000000022,-0.001600000000000022,0.0011352298752586897,0.0006093841741446938,105419.41613175599,105648.25152148641,84.60452120627268,87.67387604223423,High,Ranging,train,2025-11,c555ac9efd53
955,2025-11-10 15:27:00,2025-11-10 15:29:00,SHORT,105333.46,105412.460095,SL,2,5e-05,0.0008,0.0008500000000000001,-0.0007499999999999599,-0.00159999999999996,0.001581074048075451,0.00020791114238541799,105340.59823849186,105541.65385780825,74.91575892066143,80.89636327190495,Medium,Ranging,train,2025-11,c555ac9efd53
956,2025-11-11 13:04:00,2025-11-11 13:08:00,SHORT,104614.23,104692.6906725,SL,4,5e-05,0.0008,0.0008500000000000001,-0.0007500000000000466,-0.0016000000000000467,0.0008040971099248152,0.0007292506956271016,104770.09620284253,104974.46277645945,74.31615905936262,79.58024593913241,Low,Ranging,train,2025-11,c555ac9efd53
957,2025-11-11 13:10:00,2025-11-11 13:16:00,SHORT,104570.14,104648.567605,SL,6,5e-05,0.0008,0.0008500000000000001,-0.0007500000000000421,-0.0016000000000000421,0.0011367489801581536,0.001122117652324043,104734.69405079156,104932.70898736114,35.38702367564406,62.28306099159158,Medium,Ranging,train,2025-11,c555ac9efd53
958,2025-11-11 13:38:00,2025-11-11 13:41:00,SHORT,104381.47,104459.7561025,SL,3,5e-05,0.0008,0.0008500000000000001,-0.0007500000000000193,-0.0016000000000000194,0.0010014229537100678,0.0005097648078725697,104496.78467396248,104700.92062750198,71.53493739086332,80.99377876961093,Low,Ranging,train,2025-11,c555ac9efd53
959,2025-11-11 14:02:00,2025-11-11 14:06:00,SHORT,104342.37,104420.6267775,SL,4,5e-05,0.0008,0.0008500000000000001,-0.0007500000000000589,-0.0016000000000000588,0.001127250607782916,0.0006540008627366878,104433.37326791533,104584.91374126212,52.48268380205153,68.21950691473897,Low,Ranging,train,2025-11,c555ac9efd53
960,2025-11-11 15:44:00,2025-11-11 15:46:00,SHORT,103504.65,103582.27848749999,SL,2,5e-05,0.0008,0.0008500000000000001,-0.0007499999999999836,-0.0015999999999999838,0.0007920417102034592,0.002151111085347317,103875.20809879531,104071.22918364203,56.42730767455118,68.77586588070187,Medium,Trending,train,2025-11,c555ac9efd53
961,2025-11-12 12:00:00,2025-11-12 12:09:00,SHORT,105020.82,105099.585615,SL,9,5e-05,0.0008,0.0008500000000000001,-0.0007499999999999677,-0.0015999999999999678,0.0008491649560534093,0.0013922001370776423,103721.98972323594,103922.86867831429,82.97761325432543,84.18538423726903,Low,Trending,train,2025-11,c555ac9efd53
962,2025-11-12 12:31:00,2025-11-12 12:40:00,LONG,104914.91,104836.2238175,SL,9,5e-05,0.0008,0.0008500000000000001,-0.0007500000000000832,-0.0016000000000000831,0.0008951063295007687,0.0013424212059086407,104689.31213000504,104457.86157980721,3.6805032659944725,1.2277684050768902,Low,Trending,train,2025-11,c555ac9efd53
963,2025-11-12 12:43:00,2025-11-12 12:50:00,LONG,104849.32,105059.01864000001,TP,7,5e-05,0.0008,0.0008500000000000001,0.002000000000000022,0.001150000000000022,0.0,0.0022837534854779893,104779.13592850222,104558.22886964641,16.555200567981583,9.42791111269654,Low,Trending,train,2025-11,c555ac9efd53
964,2025-11-12 13:05:00,2025-11-12 13:18:00,LONG,104900.76,104822.08442999999,SL,13,5e-05,0.0008,0.0008500000000000001,-0.0007500000000000639,-0.001600000000000064,0.0014190554958801117,0.0004383190360108972,104892.32696215167,104707.08128419134,31.741350279193252,21.64524279881832,Medium,Ranging,train,2025-11,c555ac9efd53
965,2025-11-12 13:58:00,2025-11-12 14:00:00,LONG,105043.36,104964.57747999999,SL,2,5e-05,0.0008,0.0008500000000000001,-0.0007500000000000756,-0.0016000000000000758,0.0018916950105176225,0.0,104987.75240480443,104882.9547186626,20.496948338984932,18.804688637973083,Low,Ranging,train,2025-11,c555ac9efd53
966,2025-11-12 14:47:00,2025-11-12 14:48:00,SHORT,104656.96,104447.64608,TP,1,5e-05,0.0008,0.0008500000000000001,0.002000000000000005,0.0011500000000000048,0.0,0.007003069838833583,104778.27292807696,104813.42351592786,44.86393058758795,66.37847041784345,High,Ranging,train,2025-11,c555ac9efd53
967,2025-11-12 15:13:00,2025-11-12 15:14:00,SHORT,104019.13,103811.09174,TP,1,5e-05,0.0008,0.0008500000000000001,0.0020000000000000113,0.0011500000000000113,0.0,0.0027871796274396665,104307.67764405596,104502.45767969098,40.44212502310102,62.12623025139183,High,Ranging,train,2025-11,c555ac9efd53
968,2025-11-12 15:35:00,2025-11-12 15:36:00,SHORT,103420.67,103213.82866,TP,1,5e-05,0.0008,0.0008500000000000001,0.0019999999999999905,0.0011499999999999904,0.0,0.0028589062515259112,103862.01601842935,104164.98269856258,41.63954846748488,63.48061130331077,Medium,Trending,train,2025-11,c555ac9efd53
969,2025-11-13 12:05:00,2025-11-13 12:07:00,SHORT,102994.54,102788.55092,TP,2,5e-05,0.0008,0.0008500000000000001,0.001999999999999994,0.001149999999999994,0.0,0.002516929538206549,103002.10453593732,103474.59283528833,81.28614346417903,85.14440734109083,High,Trending,train,2025-11,c555ac9efd53
970,2025-11-13 12:21:00,2025-11-13 12:36:00,SHORT,102948.94,103026.15170500001,SL,15,5e-05,0.0008,0.0008500000000000001,-0.0007500000000000856,-0.0016000000000000857,0.0012016636596743186,0.0007124891232489214,102969.54110331669,103325.17084890643,70.45165251713392,80.21961957970836,Low,Trending,train,2025-11,c555ac9efd53
971,2025-11-13 13:44:00,2025-11-13 13:47:00,SHORT,102548.84,102625.75163,SL,3,5e-05,0.0008,0.0008500000000000001,-0.0007500000000000228,-0.0016000000000000228,0.0011563270730317549,0.0013923121899769792,102716.86825871775,102905.37506627783,80.87040294881508,82.92013291361934,Low,Ranging,train,2025-11,c555ac9efd53
972,2025-11-13 14:23:00,2025-11-13 14:24:00,SHORT,102373.79,102450.5703425,SL,1,5e-05,0.0008,0.0008500000000000001,-0.0007500000000000196,-0.0016000000000000198,0.0014565251516037512,0.0,102435.33637944356,102616.03682913548,83.16672427007346,87.36029135490669,Low,Ranging,train,2025-11,c555ac9efd53
973,2025-11-13 14:27:00,2025-11-13 14:30:00,SHORT,102402.17,102478.9716275,SL,3,5e-05,0.0008,0.0008500000000000001,-0.0007499999999999733,-0.0015999999999999734,0.0009604288659117851,0.0005648317804202441,102436.7628028809,102602.9575538376,56.38200018260715,73.01581683371398,Low,Ranging,train,2025-11,c555ac9efd53
974,2025-11-14 12:30:00,2025-11-14 12:31:00,SHORT,95756.94,95828.75770500001,SL,1,5e-05,0.0008,0.0008500000000000001,-0.0007500000000000895,-0.0016000000000000896,0.0016901124868860314,0.0014300791148923757,97506.35193840168,99161.95181369146,69.58398359530396,79.13508685285986,Medium,Trending,train,2025-11,c555ac9efd53
975,2025-11-14 12:52:00,2025-11-14 12:53:00,SHORT,95299.13,95370.6043475,SL,1,5e-05,0.0008,0.0008500000000000001,-0.0007499999999999955,-0.0015999999999999955,0.002487640758105477,0.0002363085581159458,96118.48142872463,97729.6738545346,74.26023624264776,80.23192465095859,Medium,Trending,train,2025-11,c555ac9efd53
976,2025-11-14 12:55:00,2025-11-14 12:57:00,SHORT,95285.35,95356.8140125,SL,2,5e-05,0.0008,0.0008500000000000001,-0.0007500000000000055,-0.0016000000000000055,0.0019416416059760996,0.0015320298450917215,96033.0504465705,97591.94716938163,70.44959847781278,75.8404961557644,High,Trending,train,2025-11,c555ac9efd53
977,2025-11-14 13:31:00,2025-11-14 13:34:00,SHORT,95077.79,94887.63441999999,TP,3,5e-05,0.0008,0.0008500000000000001,0.0020000000000000634,0.0011500000000000633,0.00043511739176951733,0.0038557900851501838,95313.93137634471,96322.73106601142,83.77145265700192,82.16087587163487,Medium,Ranging,train,2025-11,c555ac9efd53
978,2025-11-14 15:06:00,2025-11-14 15:07:00,LONG,96180.02,96372.38004,TP,1,5e-05,0.0008,0.0008500000000000001,0.0019999999999999953,0.0011499999999999952,0.0,0.0032897684986963917,96094.78788959871,95969.319730626,39.09336980386548,20.62424352942257,High,Ranging,train,2025-11,c555ac9efd53
979,2025-11-15 12:15:00,2025-11-15 12:23:00,SHORT,95772.66,95844.489495,SL,8,5e-05,0.0008,0.0008500000000000001,-0.0007499999999999805,-0.0015999999999999806,0.0010280595735775934,0.001241377236468105,96191.33493935493,96215.47113253163,92.94031688401556,93.35423336749243,Low,Ranging,train,2025-11,c555ac9efd53
980,2025-11-15 12:26:00,2025-11-15 12:56:00,SHORT,95818.21,95839.95,MAX_HOLD,30,5e-05,0.0008,0.0008500000000000001,-0.00022688797880894129,-0.0010768879788089413,0.000612514051347732,0.0016406067280949168,96047.51124917272,96130.4709949028,80.6027145157622,82.98930940049512,Low,Ranging,train,2025-11,c555ac9efd53
981,2025-11-15 13:33:00,2025-11-15 13:54:00,LONG,96058.53,96250.64706,TP,21,5e-05,0.0008,0.0008500000000000001,0.002000000000000043,0.001150000000000043,0.0005973441400779781,0.0027523844056326846,95957.794179227,95969.65185691623,29.603076956860985,16.144742014176394,Low,Ranging,train,2025-11,c555ac9efd53
982,2025-11-15 14:22:00,2025-11-15 14:25:00,LONG,96248.09,96175.90393249999,SL,3,5e-05,0.0008,0.0008500000000000001,-0.0007500000000000642,-0.0016000000000000643,0.0012529079797842899,0.0006485323500964877,96237.54359995197,96152.89362749955,28.298329885640126,16.465743324014873,Medium,Ranging,train,2025-11,c555ac9efd53
983,2025-11-15 15:19:00,2025-11-15 15:22:00,LONG,96274.35,96202.1442375,SL,3,5e-05,0.0008,0.0008500000000000001,-0.0007500000000000164,-0.0016000000000000163,0.0011421526086647835,0.0,96246.55674031503,96208.56773153998,28.843571024910073,23.360815748941786,Medium,Ranging,train,2025-11,c555ac9efd53
984,2025-11-16 12:21:00,2025-11-16 12:33:00,SHORT,95841.13,95649.44774,TP,12,5e-05,0.0008,0.0008500000000000001,0.002000000000000015,0.0011500000000000147,0.0,0.002515830103422298,95962.7252293359,96062.3638575894,74.30898255265107,83.09359257345754,Low,Trending,train,2025-11,c555ac9efd53
985,2025-11-16 13:54:00,2025-11-16 13:58:00,SHORT,95368.51,95440.0363825,SL,4,5e-05,0.0008,0.0008500000000000001,-0.000750000000000002,-0.001600000000000002,0.0009182276204169174,0.0005523835907679906,95461.75984649065,95611.18195304358,76.95974326301418,80.9767646734951,Medium,Trending,train,2025-11,c555ac9efd53
986,2025-11-16 14:00:00,2025-11-16 14:03:00,SHORT,95420.44,95492.00533,SL,3,5e-05,0.0008,0.0008500000000000001,-0.0007499999999999752,-0.0015999999999999751,0.0008017150203876653,0.00036019536275451404,95449.9866403203,95587.98107458427,79.26403589565274,87.53852376762852,Low,Trending,train,2025-11,c555ac9efd53
987,2025-11-16 14:06:00,2025-11-16 14:36:00,SHORT,95447.16,95493.96,MAX_HOLD,30,5e-05,0.0008,0.0008500000000000001,-0.0004903236513271103,-0.0013403236513271103,0.0005536047379513073,0.0012733747132969502,95446.28810844007,95570.49455388317,36.39536670135775,62.069031921933316,High,Trending,train,2025-11,c555ac9efd53
988,2025-11-17 12:17:00,2025-11-17 12:37:00,LONG,95391.68,95320.13623999999,SL,20,5e-05,0.0008,0.0008500000000000001,-0.000750000000000005,-0.001600000000000005,0.0008668470877123433,0.0017645144733797224,95316.127349395,95364.872692238,55.49185582847658,31.005552949173403,Low,Ranging,train,2025-11,c555ac9efd53
989,2025-11-17 14:07:00,2025-11-17 14:08:00,SHORT,93870.6,93941.00295000001,SL,1,5e-05,0.0008,0.0008500000000000001,-0.0007500000000000355,-0.0016000000000000354,0.0009850794604487577,0.000492912583918757,94201.50560127929,94551.57059608541,43.27620858814842,61.20377015441475,High,Trending,train,2025-11,c555ac9efd53
990,2025-11-17 15:50:00,2025-11-17 15:53:00,SHORT,94134.15,94204.75061249999,SL,3,5e-05,0.0008,0.0008500000000000001,-0.0007499999999999845,-0.0015999999999999847,0.001016209314048127,0.0016800491638793594,94335.35437685039,94451.5264028078,53.75343312038576,71.16083617138088,Medium,Ranging,train,2025-11,c555ac9efd53
991,2025-11-18 12:22:00,2025-11-18 12:24:00,SHORT,91488.65,91305.6727,TP,2,5e-05,0.0008,0.0008500000000000001,0.0019999999999999853,0.0011499999999999852,0.0,0.002043204266321484,92510.4924744674,93267.59586072348,84.18684579910057,90.564958954909,Medium,Trending,train,2025-11,c555ac9efd53
992,2025-11-18 12:40:00,2025-11-18 12:41:00,SHORT,91523.86,91592.502895,SL,1,5e-05,0.0008,0.0008500000000000001,-0.0007499999999999697,-0.0015999999999999697,0.003542901271865006,0.0,91935.4883604002,92697.0579048402,98.29151914620668,98.05962691374937,Low,Trending,train,2025-11,c555ac9efd53
993,2025-11-18 12:42:00,2025-11-18 12:49:00,SHORT,91817.94,91634.30412,TP,7,5e-05,0.0008,0.0008500000000000001,0.002000000000000018,0.0011500000000000178,0.00032248599783441645,0.0020468766779128604,91923.86846340672,92661.28270221927,89.751765534174,94.7524983901106,Medium,Trending,train,2025-11,c555ac9efd53
994,2025-11-18 13:06:00,2025-11-18 13:22:00,SHORT,91537.64,91354.56472,TP,16,5e-05,0.0008,0.0008500000000000001,0.00200000000000005,0.0011500000000000499,0.0005838035588420494,0.002134859496049912,91699.69657414737,92245.63723388984,53.44112771669768,71.16510723757675,Medium,Ranging,train,2025-11,c555ac9efd53
995,2025-11-18 14:46:00,2025-11-18 14:47:00,LONG,91802.95,91734.0977875,SL,1,5e-05,0.0008,0.0008500000000000001,-0.0007500000000000193,-0.0016000000000000194,0.0036485755632035474,0.0,91682.56738694699,91668.15689094643,20.728492574651792,15.750352781426608,High,Ranging,train,2025-11,c555ac9efd53
996,2025-11-18 15:38:00,2025-11-18 15:40:00,LONG,92685.62,92870.99123999999,TP,2,5e-05,0.0008,0.0008500000000000001,0.001999999999999926,0.0011499999999999258,0.0,0.0021403535953042627,92260.40385362359,92016.55910371167,43.620171447301914,27.577685387897592,Medium,Ranging,train,2025-11,c555ac9efd53
997,2025-11-19 12:11:00,2025-11-19 12:20:00,SHORT,91458.72,91275.80256,TP,9,5e-05,0.0008,0.0008500000000000001,0.0020000000000000516,0.0011500000000000516,0.0,0.0020305335565597945,92166.4408752512,92121.34389735344,43.24803862202345,69.63378222030595,Medium,Ranging,train,2025-11,c555ac9efd53
998,2025-11-19 12:27:00,2025-11-19 12:31:00,SHORT,91403.91,91472.46293250001,SL,4,5e-05,0.0008,0.0008500000000000001,-0.0007500000000001069,-0.001600000000000107,0.0010511585335901028,0.00044943372772567107,91801.62529440528,91922.29616828087,77.25654190129097,83.63728330226873,Low,Ranging,train,2025-11,c555ac9efd53
999,2025-11-19 12:34:00,2025-11-19 12:46:00,SHORT,91477.39,91545.9980425,SL,12,5e-05,0.0008,0.0008500000000000001,-0.0007499999999999603,-0.0015999999999999604,0.0009660310596967769,0.0018359728015851467,91714.41487323403,91859.70280905583,68.91563095942864,73.90070776960626,Low,Ranging,train,2025-11,c555ac9efd53
1000,2025-11-19 13:49:00,2025-11-19 13:52:00,SHORT,91457.54,91274.62491999999,TP,3,5e-05,0.0008,0.0008500000000000001,0.0020000000000000673,0.0011500000000000672,0.0,0.0025008326268122524,91596.08429735231,91663.31783277301,40.08492287256804,64.17721504047124,Medium,Ranging,train,2025-11,c555ac9efd53
1001,2025-11-19 14:03:00,2025-11-19 14:09:00,SHORT,91339.49,91156.81102000001,TP,6,5e-05,0.0008,0.0008500000000000001,0.0019999999999999666,0.0011499999999999666,0.0004781064575683338,0.002096464519344319,91507.92400616151,91596.48204552892,40.67059242813354,64.29357989903879,Low,Ranging,train,2025-11,c555ac9efd53
1002,2025-11-20 12:18:00,2025-11-20 12:26:00,LONG,91772.0,91703.171,SL,8,5e-05,0.0008,0.0008500000000000001,-0.0007499999999999771,-0.0015999999999999773,0.0009153118598265266,0.001173233666041911,91346.606506848,91336.15628695455,36.853381922697054,22.696632267004357,Medium,Ranging,train,2025-11,c555ac9efd53
1003,2025-11-20 12:29:00,2025-11-20 12:39:00,LONG,91747.59,91931.08518,TP,10,5e-05,0.0008,0.0008500000000000001,0.0019999999999999792,0.0011499999999999792,0.00032731104980521925,0.0020411435330345363,91497.92102829317,91422.65181715309,27.150832159440057,19.392828903976845,Low,Ranging,train,2025-11,c555ac9efd53
1004,2025-11-20 12:45:00,2025-11-20 12:50:00,LONG,91758.22,91941.73644000001,TP,5,5e-05,0.0008,0.0008500000000000001,0.002000000000000073,0.0011500000000000728,0.00011094373888254988,0.0026348593074277606,91648.6410901684,91531.03207731093,20.738969593067566,12.326349904312726,Low,Trending,train,2025-11,c555ac9efd53
1005,2025-11-20 13:04:00,2025-11-20 13:13:00,LONG,91790.8,91974.38160000001,TP,9,5e-05,0.0008,0.0008500000000000001,0.0020000000000000543,0.0011500000000000542,0.0006089934939014446,0.002172548882894563,91750.18018399263,91629.7134382337,15.859070177115038,12.13168770707181,Medium,Trending,train,2025-11,c555ac9efd53
1006,2025-11-20 13:39:00,2025-11-20 13:40:00,LONG,92058.12,91989.07641,SL,1,5e-05,0.0008,0.0008500000000000001,-0.0007500000000000124,-0.0016000000000000124,0.0013806495287975822,0.00032946577662026715,91889.52341308884,91777.12622423659,48.95521264261979,32.53172517854684,Medium,Ranging,train,2025-11,c555ac9efd53
1007,2025-11-20 14:20:00,2025-11-20 14:21:00,SHORT,91186.43,91254.8198225,SL,1,5e-05,0.0008,0.0008500000000000001,-0.0007500000000000129,-0.0016000000000000129,0.002531955686827576,0.0,91342.41671656843,91501.79533500847,86.81188877948368,90.72173427168661,High,Trending,train,2025-11,c555ac9efd53
1008,2025-11-20 14:59:00,2025-11-20 15:01:00,SHORT,91103.66,90921.45268,TP,2,5e-05,0.0008,0.0008500000000000001,0.002000000000000015,0.0011500000000000147,0.0007477196854659335,0.0023452405754061196,91167.62241736389,91310.97693594151,67.72340928369645,77.75864485222945,Medium,Trending,train,2025-11,c555ac9efd53
1009,2025-11-20 15:26:00,2025-11-20 15:27:00,SHORT,90719.6,90538.16080000001,TP,1,5e-05,0.0008,0.0008500000000000001,0.0019999999999999276,0.0011499999999999276,0.00017813129687508476,0.0022965268806301067,90823.74143747379,91037.73873688754,77.81592440967022,84.89371496341819,Low,Trending,train,2025-11,c555ac9efd53
1010,2025-11-20 15:41:00,2025-11-20 15:42:00,SHORT,90395.48,90463.27661,SL,1,5e-05,0.0008,0.0008500000000000001,-0.000750000000000054,-0.001600000000000054,0.0010762706276907668,4.734750011835587e-05,90676.50265550743,90898.16870256094,49.98024331912205,66.16269800006906,Low,Trending,train,2025-11,c555ac9efd53
1011,2025-11-21 12:35:00,2025-11-21 12:36:00,SHORT,81699.83,81761.1048725,SL,1,5e-05,0.0008,0.0008500000000000001,-0.0007499999999999793,-0.0015999999999999795,0.006890467213946432,0.0,83755.1968458303,86102.62398643019,85.69271804433407,81.89488189515966,High,Trending,train,2025-11,c555ac9efd53
1012,2025-11-21 12:41:00,2025-11-21 12:42:00,SHORT,82742.85,82804.9071375,SL,1,5e-05,0.0008,0.0008500000000000001,-0.0007499999999999994,-0.0015999999999999994,0.0020683358139101976,0.0005178695198437788,83526.34166451477,85715.0024142884,92.74456138313928,93.887540324319,High,Trending,train,2025-11,c555ac9efd53
1013,2025-11-21 12:47:00,2025-11-21 12:48:00,SHORT,83181.84,83244.22638,SL,1,5e-05,0.0008,0.0008500000000000001,-0.0007499999999999553,-0.0015999999999999554,0.001968819155719615,0.001910994034274691,83431.8233347053,85416.70823138586,79.46532874203287,85.43892604360205,High,Trending,train,2025-11,c555ac9efd53
1014,2025-11-21 14:26:00,2025-11-21 14:30:00,SHORT,83669.85,83732.60238750001,SL,4,5e-05,0.0008,0.0008500000000000001,-0.0007500000000000509,-0.001600000000000051,0.007531386754009887,0.0012491954987370489,83858.96128902066,84071.43345361238,38.80584942938861,62.671157440232015,Low,Ranging,train,2025-11,c555ac9efd53
1015,2025-11-21 14:49:00,2025-11-21 14:50:00,LONG,84645.17,84581.6861225,SL,1,5e-05,0.0008,0.0008500000000000001,-0.0007499999999999444,-0.0015999999999999443,0.0018484220659015966,0.0004494054415627986,84298.14144831416,84251.79277963084,23.178871364685936,13.028417060280281,High,Ranging,train,2025-11,c555ac9efd53
1016,2025-11-21 15:04:00,2025-11-21 15:06:00,LONG,84569.74,84738.87948,TP,2,5e-05,0.0008,0.0008500000000000001,0.001999999999999976,0.0011499999999999761,0.0006836960832563395,0.002669276268319977,84566.67734743422,84422.32606372693,15.599283467258994,7.958240709666254,Medium,Ranging,train,2025-11,c555ac9efd53
1017,2025-11-21 15:49:00,2025-11-21 15:50:00,SHORT,83183.86,83246.24789500001,SL,1,5e-05,0.0008,0.0008500000000000001,-0.0007500000000000856,-0.0016000000000000857,0.0009706209834456496,0.0009204910664160931,83702.75890651006,83958.76223870323,77.42940751719777,84.00374123527399,Medium,Ranging,train,2025-11,c555ac9efd53
1018,2025-11-22 13:23:00,2025-11-22 13:24:00,LONG,83958.0,83895.0315,SL,1,5e-05,0.0008,0.0008500000000000001,-0.0007500000000000319,-0.001600000000000032,0.001405464637080445,0.0,83892.25384302306,83856.66520080912,16.86942950612524,16.70863584543408,Low,Ranging,train,2025-11,c555ac9efd53
1019,2025-11-22 13:57:00,2025-11-22 13:58:00,LONG,83971.39,83908.4114575,SL,1,5e-05,0.0008,0.0008500000000000001,-0.0007500000000000109,-0.001600000000000011,0.0007787176084616369,0.0,83894.94844223908,83871.87751261929,40.74022529170526,28.434925482459192,Low,Ranging,train,2025-11,c555ac9efd53
1020,2025-11-22 14:38:00,2025-11-22 14:42:00,LONG,84523.87,84460.4770975,SL,4,5e-05,0.0008,0.0008500000000000001,-0.0007499999999999542,-0.0015999999999999543,0.001007289420136577,0.0013502694564269794,84337.89442551252,84174.46847962397,46.236607142858,26.440300876508946,Medium,Trending,train,2025-11,c555ac9efd53
1021,2025-11-23 12:44:00,2025-11-23 12:48:00,LONG,86539.7,86474.795225,SL,4,5e-05,0.0008,0.0008500000000000001,-0.0007500000000000312,-0.0016000000000000313,0.0010071678085318472,0.0012693596118314003,86264.81562521268,85683.19021005002,15.021641708548652,10.593162495484554,High,Trending,train,2025-11,c555ac9efd53
1022,2025-11-23 12:51:00,2025-11-23 12:58:00,LONG,86566.55,86501.6250875,SL,7,5e-05,0.0008,0.0008500000000000001,-0.0007500000000000696,-0.0016000000000000697,0.0007687726956890728,0.00133873880846585,86333.31045088732,85795.76745165781,55.97516200531276,30.674099981014212,High,Trending,train,2025-11,c555ac9efd53
1023,2025-11-23 13:30:00,2025-11-23 13:31:00,LONG,86478.51,86413.65111749999,SL,1,5e-05,0.0008,0.0008500000000000001,-0.0007500000000000492,-0.0016000000000000493,0.0007872476063706665,0.00029776183701592457,86473.87962612452,86189.43228414837,62.4555239734885,39.65705183076,Medium,Ranging,train,2025-11,c555ac9efd53
1024,2025-11-23 14:12:00,2025-11-23 14:15:00,LONG,86837.53,86772.4018525,SL,3,5e-05,0.0008,0.0008500000000000001,-0.0007499999999999956,-0.0015999999999999955,0.0011591762225388435,7.220380404652314e-05,86781.30222573859,86551.5763508724,17.924979486676808,14.088723669454495,High,Ranging,train,2025-11,c555ac9efd53
1025,2025-11-24 12:31:00,2025-11-24 12:36:00,SHORT,86248.27,86075.77346,TP,5,5e-05,0.0008,0.0008500000000000001,0.0020000000000000855,0.0011500000000000854,9.032065222866031e-05,0.0023987727521954864,86311.0991579895,86464.6134136753,87.28305114552894,91.16169816469242,Low,Ranging,train,2025-11,c555ac9efd53
1026,2025-11-24 13:20:00,2025-11-24 13:28:00,LONG,86300.01,86472.61002,TP,8,5e-05,0.0008,0.0008500000000000001,0.0019999999999999775,0.0011499999999999774,0.00045202775758652593,0.0027035918072316214,86191.58099629973,86264.31051713614,41.304499052116675,27.42110838369131,Medium,Ranging,train,2025-11,c555ac9efd53
1027,2025-11-24 13:39:00,2025-11-24 13:47:00,LONG,86493.99,86429.1195075,SL,8,5e-05,0.0008,0.0008500000000000001,-0.0007500000000000652,-0.0016000000000000653,0.0017707588700671976,0.0009249197545401709,86315.99635862745,86313.7143992025,62.91416344141444,37.8846785935562,Medium,Ranging,train,2025-11,c555ac9efd53
1028,2025-11-24 13:52:00,2025-11-24 13:53:00,LONG,86387.08,86322.28969,SL,1,5e-05,0.0008,0.0008500000000000001,-0.0007499999999999615,-0.0015999999999999617,0.0014745260518124314,0.0,86362.04209457464,86341.36575955119,17.203949417550415,12.24808641743815,Low,Ranging,train,2025-11,c555ac9efd53
1029,2025-11-24 14:30:00,2025-11-24 14:31:00,SHORT,85935.62,86000.071715,SL,1,5e-05,0.0008,0.0008500000000000001,-0.0007500000000000335,-0.0016000000000000337,0.005302225084313219,0.0,86125.10225237247,86195.96743308242,50.92643128489482,65.65438060875955,High,Ranging,train,2025-11,c555ac9efd53
1030,2025-11-24 14:57:00,2025-11-24 14:58:00,SHORT,85831.9,85896.273925,SL,1,5e-05,0.0008,0.0008500000000000001,-0.0007500000000000833,-0.0016000000000000833,0.002700045088131569,0.0,85932.11538085244,86058.83227271288,87.00638327475282,84.46030469271848,High,Ranging,train,2025-11,c555ac9efd53
1031,2025-11-24 15:57:00,2025-11-24 15:59:00,LONG,86538.83,86616.44,EOD,2,5e-05,0.0008,0.0008500000000000001,0.0008968228481942797,4.6822848194279644e-05,0.0,0.0009970090882901795,86394.8506293481,86304.38960011664,41.24291983079785,22.30993045174711,Medium,Ranging,train,2025-11,c555ac9efd53
1032,2025-11-25 12:36:00,2025-11-25 12:43:00,LONG,87457.93,87632.84585999999,TP,7,5e-05,0.0008,0.0008500000000000001,0.001999999999999928,0.001149999999999928,0.0006652341302840465,0.002931123569926773,87304.44787369834,86969.24655870214,11.047536622110103,8.154693860487681,Low,Trending,train,2025-11,c555ac9efd53
1033,2025-11-25 12:54:00,2025-11-25 13:01:00,LONG,87506.26,87440.630305,SL,7,5e-05,0.0008,0.0008500000000000001,-0.0007499999999999543,-0.0015999999999999543,0.000983015386556225,0.0005742446311841004,87426.62532236741,87142.24425494815,26.415790160269484,20.881514360694897,Low,Trending,train,2025-11,c555ac9efd53
1034,2025-11-25 13:03:00,2025-11-25 13:04:00,LONG,87514.66,87449.024005,SL,1,5e-05,0.0008,0.0008500000000000001,-0.0007500000000000478,-0.001600000000000048,0.001310180488617604,0.0003883920705398465,87450.64270279376,87202.29585524523,50.58275678675574,32.12879042841408,Medium,Ranging,train,2025-11,c555ac9efd53
1035,2025-11-25 14:03:00,2025-11-25 14:04:00,SHORT,87108.98,87174.311735,SL,1,5e-05,0.0008,0.0008500000000000001,-0.0007499999999999972,-0.0015999999999999973,0.000844803830787722,0.0,87221.7686846382,87245.34706922079,90.26336792167939,89.94665931747961,Medium,Ranging,train,2025-11,c555ac9efd53
1036,2025-11-25 14:05:00,2025-11-25 14:06:00,SHORT,87146.7,87212.060025,SL,1,5e-05,0.0008,0.0008500000000000001,-0.0007500000000000203,-0.0016000000000000202,0.001740169163032091,0.0,87218.0485474111,87242.51517355484,86.98676055614244,86.90817232633303,Medium,Ranging,train,2025-11,c555ac9efd53
1037,2025-11-25 15:01:00,2025-11-25 15:03:00,SHORT,86550.01,86376.90998,TP,2,5e-05,0.0008,0.0008500000000000001,0.0019999999999999775,0.0011499999999999774,0.00036510683245450607,0.0033507795088642367,86755.36975514384,86919.33979519927,56.51048569788086,73.86195475328658,Medium,Ranging,train,2025-11,c555ac9efd53
1038,2025-11-25 15:12:00,2025-11-25 15:13:00,SHORT,86637.79,86702.7683425,SL,1,5e-05,0.0008,0.0008500000000000001,-0.0007500000000000689,-0.0016000000000000688,0.0012951623073488648,7.825684380913729e-05,86674.7221414042,86840.34490552092,75.09794596893057,85.31226027673556,Medium,Ranging,train,2025-11,c555ac9efd53
1039,2025-11-25 15:54:00,2025-11-25 15:55:00,LONG,87048.32,86983.03376,SL,1,5e-05,0.0008,0.0008500000000000001,-0.0007500000000000145,-0.0016000000000000146,0.0011294876225067523,0.0,86884.18251420681,86867.44006133331,27.220496391138226,20.214684567526305,Medium,Ranging,train,2025-11,c555ac9efd53
1040,2025-11-25 15:58:00,2025-11-25 15:59:00,LONG,86967.31,86988.94,EOD,1,5e-05,0.0008,0.0008500000000000001,0.00024871414327986755,-0.0006012858567201326,0.00041762818695889793,0.0003021825097269174,86895.94869738267,86874.82242093698,41.824762198179954,29.298904044063534,Medium,Ranging,train,2025-11,c555ac9efd53
1041,2025-11-26 12:04:00,2025-11-26 12:05:00,SHORT,86890.07,86716.28986,TP,1,5e-05,0.0008,0.0008500000000000001,0.0020000000000000295,0.0011500000000000295,0.0,0.0021946121116026528,86915.657732973,86888.0650701433,26.878595513648893,58.528297267514404,High,Ranging,train,2025-11,c555ac9efd53
1042,2025-11-26 12:31:00,2025-11-26 12:32:00,SHORT,86434.21,86499.0356575,SL,1,5e-05,0.0008,0.0008500000000000001,-0.000749999999999974,-0.001599999999999974,0.0009085522965964382,0.0,86660.48683665137,86744.79191628666,55.95451106557548,72.23830030484051,Low,Ranging,train,2025-11,c555ac9efd53
1043,2025-11-26 14:05:00,2025-11-26 14:12:00,LONG,87021.96,87196.00392,TP,7,5e-05,0.0008,0.0008500000000000001,0.001999999999999959,0.0011499999999999588,0.0002001793570268103,0.0028503150239318166,86901.43943535937,86824.22241013104,39.93332642415314,28.51270065178763,Low,Ranging,train,2025-11,c555ac9efd53
1044,2025-11-26 15:12:00,2025-11-26 15:16:00,SHORT,87086.75,86912.5765,TP,4,5e-05,0.0008,0.0008500000000000001,0.0020000000000000508,0.0011500000000000507,0.0003803104375808644,0.0024255124918543397,87171.52808135023,87114.65092266016,58.88147780222005,69.03395711659213,Medium,Ranging,train,2025-11,c555ac9efd53
1045,2025-11-26 15:38:00,2025-11-26 15:39:00,LONG,87198.6,87133.20105,SL,1,5e-05,0.0008,0.0008500000000000001,-0.0007500000000000287,-0.001600000000000029,0.0015785803900522338,0.0,87150.788750912,87120.87300622163,25.930178563683338,24.73755870747327,High,Ranging,train,2025-11,c555ac9efd53
1046,2025-11-26 15:56:00,2025-11-26 15:57:00,SHORT,86942.03,87007.2365225,SL,1,5e-05,0.0008,0.0008500000000000001,-0.0007499999999999648,-0.0015999999999999647,0.0007700533332382173,0.0003917552879774911,87034.75558042196,87062.54580793338,79.16108249144776,81.73581810261486,Medium,Ranging,train,2025-11,c555ac9efd53
1047,2025-11-27 12:21:00,2025-11-27 12:22:00,LONG,91291.09,91222.6216825,SL,1,5e-05,0.0008,0.0008500000000000001,-0.0007499999999999504,-0.0015999999999999504,0.0011073369810788382,0.0,89559.828428431,88587.56230362228,24.98848631013709,19.373082751329193,Low,Trending,train,2025-11,c555ac9efd53
1048,2025-11-27 12:25:00,2025-11-27 12:35:00,LONG,91315.87,91247.38309749999,SL,10,5e-05,0.0008,0.0008500000000000001,-0.0007500000000000876,-0.0016000000000000877,0.0008845121882974945,0.0005175442121945432,89814.67990675039,88794.73862724571,65.86320681558816,39.17655577911143,Low,Trending,train,2025-11,c555ac9efd53
1049,2025-11-27 12:40:00,2025-11-27 12:42:00,LONG,91188.42,91120.028685,SL,2,5e-05,0.0008,0.0008500000000000001,-0.0007500000000000084,-0.0016000000000000085,0.0008490113108659878,0.0,90462.18505224003,89432.08614691281,2.453544596502123,2.5716161500242305,Low,Trending,train,2025-11,c555ac9efd53
1050,2025-11-27 12:45:00,2025-11-27 12:53:00,LONG,91108.62,91040.288535,SL,8,5e-05,0.0008,0.0008500000000000001,-0.0007499999999999524,-0.0015999999999999526,0.0011889105553348567,0.0011090059316012926,90581.70907029152,89592.8594080284,15.156148267125047,6.31113528851769,Medium,Trending,train,2025-11,c555ac9efd53
1051,2025-11-27 12:56:00,2025-11-27 13:05:00,LONG,91014.23,90945.96932749999,SL,9,5e-05,0.0008,0.0008500000000000001,-0.0007500000000000856,-0.0016000000000000857,0.0013869259784980428,0.0006785752074154703,90761.95424578912,89889.07385774328,14.276884764019892,13.289435639830694,Medium,Trending,train,2025-11,c555ac9efd53
1052,2025-11-27 14:03:00,2025-11-27 14:06:00,LONG,90881.78,90813.618665,SL,3,5e-05,0.0008,0.0008500000000000001,-0.0007499999999999676,-0.0015999999999999678,0.001170201551950301,7.25117839901079e-05,90814.2323759477,90564.35134780171,23.396646893268166,12.798872324861444,Low,Ranging,train,2025-11,c555ac9efd53
1053,2025-11-27 14:15:00,2025-11-27 14:16:00,LONG,90836.66,90768.532505,SL,1,5e-05,0.0008,0.0008500000000000001,-0.0007500000000000871,-0.001600000000000087,0.0010076328213740888,0.0,90819.00393669207,90620.62314049924,26.51649502626771,24.780270747922824,Medium,Ranging,train,2025-11,c555ac9efd53
1054,2025-11-27 15:36:00,2025-11-27 15:40:00,LONG,90898.56,90830.38608,SL,4,5e-05,0.0008,0.0008500000000000001,-0.000750000000000012,-0.001600000000000012,0.0013552469918115572,0.0009812036626323049,90834.40669102667,90776.67549346261,57.37226448719389,30.75879465419355,High,Ranging,train,2025-11,c555ac9efd53
1055,2025-11-27 15:45:00,2025-11-27 15:59:00,LONG,90885.59,90958.3,EOD,14,5e-05,0.0008,0.0008500000000000001,0.0008000168123462301,-4.998318765376999e-05,0.00039159123024889325,0.0011268012894013616,90841.41412694726,90790.07813414324,47.25754867894406,26.964599389618595,High,Ranging,train,2025-11,c555ac9efd53
1056,2025-11-28 12:34:00,2025-11-28 12:42:00,LONG,91566.59,91497.9150575,SL,8,5e-05,0.0008,0.0008500000000000001,-0.0007500000000000179,-0.001600000000000018,0.000797561643389787,0.0013728806543959584,91378.38219280337,91184.72316197924,69.4562512021911,40.667894471809426,High,Ranging,train,2025-11,c555ac9efd53
1057,2025-11-28 12:47:00,2025-11-28 13:08:00,LONG,91472.03,91403.4259775,SL,21,5e-05,0.0008,0.0008500000000000001,-0.0007500000000000366,-0.0016000000000000367,0.0008865004963812054,0.001767316194906831,91435.71471453915,91262.20899945838,35.61341218301332,16.414584296035077,Medium,Ranging,train,2025-11,c555ac9efd53
1058,2025-11-28 13:12:00,2025-11-28 13:35:00,LONG,91483.41,91666.37682,TP,23,5e-05,0.0008,0.0008500000000000001,0.002000000000000016,0.001150000000000016,0.0005981412367553982,0.0022517743927560198,91476.74034449275,91356.70447690386,29.180349488952128,24.360326148037654,Medium,Ranging,train,2025-11,c555ac9efd53
1059,2025-11-28 14:14:00,2025-11-28 14:16:00,LONG,92259.5,92444.019,TP,2,5e-05,0.0008,0.0008500000000000001,0.0020000000000000026,0.0011500000000000026,0.0,0.0021515399498154664,92093.30410520623,91851.41077275565,32.81328422626469,25.558808309886462,High,Trending,train,2025-11,c555ac9efd53
1060,2025-11-28 15:44:00,2025-11-28 15:45:00,LONG,92583.55,92514.1123375,SL,1,5e-05,0.0008,0.0008500000000000001,-0.0007500000000000048,-0.0016000000000000048,0.0014379444296530501,0.0,92505.58340234878,92367.43274748692,14.086337149947072,17.767533304726427,Medium,Ranging,train,2025-11,c555ac9efd53
1061,2025-11-29 12:36:00,2025-11-29 12:47:00,SHORT,90590.01,90657.9525075,SL,11,5e-05,0.0008,0.0008500000000000001,-0.0007500000000000393,-0.0016000000000000393,0.0010154541323044919,0.00046848432845948224,91033.44810797427,91459.37717231453,62.56707199382557,82.87353285494522,Low,Trending,train,2025-11,c555ac9efd53
1062,2025-11-29 12:56:00,2025-11-29 13:20:00,SHORT,90660.16,90728.15512000001,SL,24,5e-05,0.0008,0.0008500000000000001,-0.0007500000000000757,-0.0016000000000000758,0.0008334421646729685,0.0007589882921009368,90819.98356968303,91190.0690103408,40.446381215377514,62.80010735977796,Low,Trending,train,2025-11,c555ac9efd53
1063,2025-11-29 14:18:00,2025-11-29 14:48:00,SHORT,90682.04,90691.99,MAX_HOLD,30,5e-05,0.0008,0.0008500000000000001,-0.00010972404237941319,-0.0009597240423794133,0.00035232996522808314,0.000623166395462594,90730.1619779091,90812.4702213162,30.835691941010637,59.61898141251657,Low,Ranging,train,2025-11,c555ac9efd53
1064,2025-11-29 14:52:00,2025-11-29 15:14:00,SHORT,90674.25,90742.2556875,SL,22,5e-05,0.0008,0.0008500000000000001,-0.0007500000000000103,-0.0016000000000000103,0.0009423844145388254,0.0007040587597911922,90683.40999726215,90740.95524183457,59.93680884676032,77.97186489129304,Medium,Ranging,train,2025-11,c555ac9efd53
1065,2025-11-29 15:30:00,2025-11-29 15:59:00,LONG,90882.16,91063.5,EOD,29,5e-05,0.0008,0.0008500000000000001,0.0019953310968841027,0.0011453310968841026,0.000418343930205929,0.0019953310968841027,90796.27134573493,90774.25545012689,12.219323760358932,7.493064720197019,High,Ranging,train,2025-11,c555ac9efd53
1066,2025-11-30 12:33:00,2025-11-30 12:44:00,LONG,91234.2,91416.6684,TP,11,5e-05,0.0008,0.0008500000000000001,0.0019999999999999775,0.0011499999999999774,0.0002180103513813835,0.002574144344993498,91157.42251867274,91041.40391232815,19.89603632391115,18.21434276773671,Low,Ranging,train,2025-11,c555ac9efd53
1067,2025-11-30 12:59:00,2025-11-30 13:18:00,LONG,91454.31,91637.21862,TP,19,5e-05,0.0008,0.0008500000000000001,0.0020000000000000217,0.0011500000000000217,0.0006081725399272636,0.0024979686577920393,91311.26556685133,91180.95743228425,65.78077409066765,36.792689064070615,Medium,Ranging,train,2025-11,c555ac9efd53
1068,2025-11-30 13:47:00,2025-11-30 13:50:00,LONG,91712.68,91643.89549,SL,3,5e-05,0.0008,0.0008500000000000001,-0.0007499999999999748,-0.0015999999999999747,0.0007653249256262905,0.00043723506934925275,91661.9663354528,91500.0613843319,30.858352330978647,17.401753526691888,High,Trending,train,2025-11,c555ac9efd53
1069,2025-11-30 13:53:00,2025-11-30 14:13:00,LONG,91717.96,91649.17153,SL,20,5e-05,0.0008,0.0008500000000000001,-0.0007499999999999946,-0.0015999999999999947,0.0008385489603127183,0.0008804164418833563,91667.85141212557,91521.42547548407,57.70665782273888,34.26880052892374,Medium,Trending,train,2025-11,c555ac9efd53
1070,2025-11-30 14:51:00,2025-11-30 14:59:00,SHORT,91422.82,91491.387115,SL,8,5e-05,0.0008,0.0008500000000000001,-0.0007499999999999782,-0.0015999999999999782,0.0008440999741639806,0.00021340404944858747,91497.30611780999,91518.06577105277,82.3663756781515,87.14656731805182,Medium,Ranging,train,2025-11,c555ac9efd53
1071,2025-11-30 15:01:00,2025-11-30 15:22:00,SHORT,91444.55,91513.1334125,SL,21,5e-05,0.0008,0.0008500000000000001,-0.0007499999999999615,-0.0015999999999999617,0.001153157842648874,0.001289962058974607,91481.80413434563,91505.6375823875,62.885249464004005,80.28753946569246,Low,Ranging,train,2025-11,c555ac9efd53
1072,2025-12-01 12:26:00,2025-12-01 12:31:00,SHORT,85970.86,85798.91828,TP,5,5e-05,0.0008,0.0008500000000000001,0.0020000000000000295,0.0011500000000000295,0.0,0.0024402454506095854,87830.32158747812,89174.88473667606,57.94849645299064,71.25340707090409,High,Trending,train,2025-12,c555ac9efd53
1073,2025-12-01 12:56:00,2025-12-01 12:57:00,SHORT,85253.03,85316.9697725,SL,1,5e-05,0.0008,0.0008500000000000001,-0.0007500000000000201,-0.0016000000000000202,0.0024990314127251887,0.0,86172.96158415858,87514.82002788899,74.83362759744631,81.05832609776736,High,Trending,train,2025-12,c555ac9efd53
1074,2025-12-01 13:01:00,2025-12-01 13:02:00,SHORT,85408.93,85472.98669749999,SL,1,5e-05,0.0008,0.0008500000000000001,-0.0007499999999999592,-0.0015999999999999593,0.006251102782812158,0.0,86048.70961207456,87321.78955968693,71.51356144811031,74.99123542996894,High,Trending,train,2025-12,c555ac9efd53
1075,2025-12-01 13:05:00,2025-12-01 13:08:00,SHORT,85925.74,85990.184305,SL,3,5e-05,0.0008,0.0008500000000000001,-0.000749999999999968,-0.0015999999999999682,0.0017418529069403214,0.0018479910676359394,86029.97222270812,87214.22635482764,74.8294821831444,84.81589350787175,High,Trending,train,2025-12,c555ac9efd53
1076,2025-12-01 13:11:00,2025-12-01 13:12:00,SHORT,85935.31,85999.7614825,SL,1,5e-05,0.0008,0.0008500000000000001,-0.0007500000000000913,-0.0016000000000000914,0.000933143779896789,0.0002785816447279044,86014.37208264747,87071.96700164115,54.24210453361686,68.37893326815917,High,Ranging,train,2025-12,c555ac9efd53
1077,2025-12-01 14:59:00,2025-12-01 15:03:00,SHORT,86137.99,85965.71402,TP,4,5e-05,0.0008,0.0008500000000000001,0.0020000000000000673,0.0011500000000000672,0.0,0.0029813790639880524,86138.05243744039,86222.27305237277,47.596988370325874,66.63134721995381,High,Ranging,train,2025-12,c555ac9efd53
1078,2025-12-01 15:54:00,2025-12-01 15:56:00,SHORT,84786.69,84617.11662,TP,2,5e-05,0.0008,0.0008500000000000001,0.002000000000000019,0.001150000000000019,0.0,0.002343410268758013,84894.69953586714,85333.90971214123,90.64167711915923,93.64582434945406,High,Ranging,train,2025-12,c555ac9efd53
1079,2025-12-02 12:25:00,2025-12-02 12:34:00,LONG,87415.94,87350.378045,SL,9,5e-05,0.0008,0.0008500000000000001,-0.0007499999999999702,-0.0015999999999999704,0.0015068190080665055,0.0016567916560755595,86512.62691024537,86141.18420263084,27.4759584049164,14.639152472420887,Low,Ranging,train,2025-12,c555ac9efd53
1080,2025-12-02 12:37:00,2025-12-02 12:39:00,LONG,87258.94,87433.45788,TP,2,5e-05,0.0008,0.0008500000000000001,0.0019999999999999935,0.0011499999999999935,0.0,0.002026268024800641,86843.04440618413,86406.20759675789,16.075279636240683,9.680735463126899,Low,Ranging,train,2025-12,c555ac9efd53
1081,2025-12-02 12:51:00,2025-12-02 12:52:00,LONG,87333.12,87267.62015999999,SL,1,5e-05,0.0008,0.0008500000000000001,-0.0007500000000000463,-0.0016000000000000463,0.0008078264007971817,0.0,87052.79517512143,86632.99873381191,22.29128235355937,18.737747032062867,Medium,Ranging,train,2025-12,c555ac9efd53
1082,2025-12-02 13:00:00,2025-12-02 13:02:00,LONG,87264.2,87198.75185,SL,2,5e-05,0.0008,0.0008500000000000001,-0.0007499999999999602,-0.0015999999999999604,0.0008930351736450116,0.0005299997020542216,87118.63223981243,86738.14201599844,38.13874529841103,21.874931024498,Medium,Ranging,train,2025-12,c555ac9efd53
1083,2025-12-02 13:06:00,2025-12-02 13:08:00,LONG,87165.44,87100.06592,SL,2,5e-05,0.0008,0.0008500000000000001,-0.0007500000000000997,-0.0016000000000000996,0.0015222776366413378,0.00034463200093974854,87129.4367293046,86786.9339307227,24.1926155906641,15.917369291493557,Low,Ranging,train,2025-12,c555ac9efd53
1084,2025-12-02 14:44:00,2025-12-02 14:45:00,LONG,88654.98,88832.28996,TP,1,5e-05,0.0008,0.0008500000000000001,0.0019999999999999853,0.0011499999999999852,0.0,0.0037916651721088736,88349.99155502477,87964.70662077388,58.545226291910275,33.796129625629796,High,Ranging,train,2025-12,c555ac9efd53
1085,2025-12-02 15:24:00,2025-12-02 15:26:00,LONG,90529.86,90461.962605,SL,2,5e-05,0.0008,0.0008500000000000001,-0.0007500000000000799,-0.00160000000000008,0.001114218004976428,0.0006855196727355777,89740.10549976377,89066.07933630185,33.89049692627072,23.84231103159728,Medium,Trending,train,2025-12,c555ac9efd53
1086,2025-12-02 15:31:00,2025-12-02 15:33:00,LONG,90248.9,90181.21332499999,SL,2,5e-05,0.0008,0.0008500000000000001,-0.0007500000000000496,-0.0016000000000000497,0.003651568052352864,0.0014525384796935038,89877.2288830938,89227.77417460171,24.055148920498183,12.986825942399227,High,Trending,train,2025-12,c555ac9efd53
1087,2025-12-03 12:15:00,2025-12-03 12:18:00,LONG,92882.91,92813.2478175,SL,3,5e-05,0.0008,0.0008500000000000001,-0.0007500000000000413,-0.0016000000000000415,0.0007609580707582005,0.0,91605.62482017903,90685.19880790781,27.536776636245033,26.166309548530275,Medium,Trending,train,2025-12,c555ac9efd53
1088,2025-12-03 12:21:00,2025-12-03 12:22:00,LONG,92883.81,92814.14714249999,SL,1,5e-05,0.0008,0.0008500000000000001,-0.0007500000000000732,-0.0016000000000000732,0.0016557245013958148,0.0,91867.76845751505,90928.20634303792,29.090299387043803,22.495847668808192,Medium,Trending,train,2025-12,c555ac9efd53
1089,2025-12-03 12:32:00,2025-12-03 12:49:00,LONG,92735.31,92920.78062,TP,17,5e-05,0.0008,0.0008500000000000001,0.002000000000000079,0.001150000000000079,0.00019377732171274527,0.0026385850222531452,92186.54542718407,91291.06671091368,28.6084264942621,22.081500619026595,Low,Trending,train,2025-12,c555ac9efd53
1090,2025-12-03 13:33:00,2025-12-03 13:50:00,LONG,93066.47,93252.60294,TP,17,5e-05,0.0008,0.0008500000000000001,0.001999999999999956,0.0011499999999999557,0.00023005062940502087,0.0020636863093657434,92930.89961904044,92482.8535398451,60.21995844102869,38.71926242344244,Low,Ranging,train,2025-12,c555ac9efd53
1091,2025-12-03 14:14:00,2025-12-03 14:15:00,SHORT,92116.95,92186.0377125,SL,1,5e-05,0.0008,0.0008500000000000001,-0.0007499999999999674,-0.0015999999999999673,0.001337213183892949,0.0012427680247771547,92664.9270028388,92604.65135588965,62.58097903709743,76.95721036192799,High,Ranging,train,2025-12,c555ac9efd53
1092,2025-12-03 14:20:00,2025-12-03 14:25:00,SHORT,92345.17,92414.4288775,SL,5,5e-05,0.0008,0.0008500000000000001,-0.0007500000000000435,-0.0016000000000000437,0.001567272007837507,0.001845683970260733,92596.35994185018,92575.09577248454,66.61597835960612,76.84290575550135,High,Ranging,train,2025-12,c555ac9efd53
1093,2025-12-03 14:31:00,2025-12-03 14:32:00,SHORT,92309.89,92379.1224175,SL,1,5e-05,0.0008,0.0008500000000000001,-0.0007499999999999544,-0.0015999999999999543,0.0019161543795578639,0.00045444751369541327,92519.12202891102,92536.00940356596,55.54759822364965,72.73912911172032,High,Ranging,train,2025-12,c555ac9efd53
1094,2025-12-03 15:30:00,2025-12-03 15:31:00,SHORT,92317.2,92386.4379,SL,1,5e-05,0.0008,0.0008500000000000001,-0.0007500000000000797,-0.0016000000000000797,0.0015467323532343718,0.0,92481.22408445655,92539.98392715551,78.7367959019379,83.74703559646274,Medium,Ranging,train,2025-12,c555ac9efd53
1095,2025-12-03 15:46:00,2025-12-03 15:47:00,LONG,92544.0,92474.592,SL,1,5e-05,0.0008,0.0008500000000000001,-0.0007499999999999547,-0.0015999999999999548,0.0008531077109266629,0.0002490707123098516,92475.88125006143,92521.70055295332,52.98880485611636,31.561225318634225,Medium,Ranging,train,2025-12,c555ac9efd53
1096,2025-12-03 15:51:00,2025-12-03 15:52:00,SHORT,92470.27,92539.62270250001,SL,1,5e-05,0.0008,0.0008500000000000001,-0.000750000000000082,-0.001600000000000082,0.0011340942337466446,0.0,92491.66081871314,92525.6770588608,68.13253732641827,78.05159402662254,Medium,Ranging,train,2025-12,c555ac9efd53
1097,2025-12-04 12:13:00,2025-12-04 12:19:00,LONG,92983.59,92913.8523075,SL,6,5e-05,0.0008,0.0008500000000000001,-0.0007499999999999888,-0.001599999999999989,0.0008276729259430815,0.0005226728716325733,92688.94218969285,92624.70700343855,48.434377283544954,32.84838613299697,Low,Ranging,train,2025-12,c555ac9efd53
1098,2025-12-04 12:25:00,2025-12-04 12:37:00,LONG,92822.08,93007.72416,TP,12,5e-05,0.0008,0.0008500000000000001,0.001999999999999959,0.0011499999999999588,0.0,0.002757102620410987,92762.57486305012,92680.648807536,14.257531501605738,7.251249265273141,Low,Ranging,train,2025-12,c555ac9efd53
1099,2025-12-04 13:01:00,2025-12-04 13:02:00,LONG,93050.61,92980.8220425,SL,1,5e-05,0.0008,0.0008500000000000001,-0.0007499999999999677,-0.0015999999999999678,0.001618581543957644,0.0,92965.15369055427,92855.76209371953,28.231349228402262,26.222543334752547,Medium,Ranging,train,2025-12,c555ac9efd53
1100,2025-12-04 13:19:00,2025-12-04 13:20:00,SHORT,92601.66,92671.11124500001,SL,1,5e-05,0.0008,0.0008500000000000001,-0.0007500000000000414,-0.0016000000000000415,0.0010750347239995796,0.0,92805.87126846905,92795.55042313802,70.70481912215958,73.59802514503262,Medium,Ranging,train,2025-12,c555ac9efd53
1101,2025-12-04 13:24:00,2025-12-04 13:25:00,SHORT,92742.57,92812.12692750001,SL,1,5e-05,0.0008,0.0008500000000000001,-0.0007500000000000174,-0.0016000000000000174,0.0013225857338220078,0.0,92793.77586441644,92790.05736118634,89.73139959250648,86.51932850276224,Medium,Ranging,train,2025-12,c555ac9efd53
1102,2025-12-04 13:40:00,2025-12-04 13:43:00,LONG,92819.99,92750.3750075,SL,3,5e-05,0.0008,0.0008500000000000001,-0.0007500000000000682,-0.0016000000000000684,0.0008617755722663323,0.0006488903952693372,92799.83723397671,92795.03759820282,39.68931397578964,29.496880432250066,Low,Ranging,train,2025-12,c555ac9efd53
1103,2025-12-04 14:11:00,2025-12-04 14:12:00,SHORT,92570.92,92640.34819,SL,1,5e-05,0.0008,0.0008500000000000001,-0.0007500000000000649,-0.001600000000000065,0.00099782955597714,0.0,92650.49801524202,92701.3012699128,48.05647138388769,66.37664337156926,Low,Ranging,train,2025-12,c555ac9efd53
1104,2025-12-04 14:17:00,2025-12-04 14:23:00,SHORT,92631.16,92700.63337000001,SL,6,5e-05,0.0008,0.0008500000000000001,-0.0007500000000000754,-0.0016000000000000753,0.0008783221542297493,0.00029374564671333494,92651.8160947784,92696.28669333881,66.1568836078634,71.10422409696201,Low,Ranging,train,2025-12,c555ac9efd53
1105,2025-12-04 15:08:00,2025-12-04 15:09:00,SHORT,92306.03,92375.2595225,SL,1,5e-05,0.0008,0.0008500000000000001,-0.0007499999999999781,-0.0015999999999999782,0.0017655401277684802,0.0,92365.65921790618,92493.13418170124,89.9509301679114,91.85516884165138,High,Trending,train,2025-12,c555ac9efd53
1106,2025-12-04 15:29:00,2025-12-04 15:30:00,LONG,92542.29,92472.88328249998,SL,1,5e-05,0.0008,0.0008500000000000001,-0.0007500000000000985,-0.0016000000000000985,0.0009947884367244174,0.0004041395560884514,92489.26069413208,92523.74442429745,33.566650391607986,23.60067948798682,Medium,Ranging,train,2025-12,c555ac9efd53
1107,2025-12-04 15:51:00,2025-12-04 15:54:00,LONG,92779.45,92965.0089,TP,3,5e-05,0.0008,0.0008500000000000001,0.002000000000000039,0.001150000000000039,0.0001162973050604805,0.0021478894302563644,92683.01442868539,92624.44947238159,28.167218423323032,17.924625082113376,High,Ranging,train,2025-12,c555ac9efd53
1108,2025-12-05 12:12:00,2025-12-05 12:19:00,SHORT,91280.68,91349.14051,SL,7,5e-05,0.0008,0.0008500000000000001,-0.0007500000000000486,-0.0016000000000000486,0.0007594159026861652,0.0004458774846988113,92175.48307327995,92363.28506388041,32.23643131913057,58.84399258949591,Low,Trending,train,2025-12,c555ac9efd53
1109,2025-12-05 13:01:00,2025-12-05 13:11:00,SHORT,91219.95,91288.3649625,SL,10,5e-05,0.0008,0.0008500000000000001,-0.00074999999999999,-0.00159999999999999,0.0014537390121349616,0.0016004174525418035,91356.44931112645,91650.31259097965,44.577950759244686,67.3971513984963,Low,Trending,train,2025-12,c555ac9efd53
1110,2025-12-05 13:14:00,2025-12-05 13:15:00,SHORT,91196.03,91013.63794,TP,1,5e-05,0.0008,0.0008500000000000001,0.0019999999999999814,0.0011499999999999813,0.0,0.0023855205100485506,91288.22051428774,91544.21638491786,36.048612830196085,62.1530150017742,Medium,Ranging,train,2025-12,c555ac9efd53
1111,2025-12-05 13:57:00,2025-12-05 14:08:00,SHORT,90600.03,90667.9800225,SL,11,5e-05,0.0008,0.0008500000000000001,-0.0007500000000000921,-0.0016000000000000922,0.0007895140873573534,0.001686864783598877,90755.8823270373,91044.02065242434,64.8784701248938,78.33376011996683,Medium,Ranging,train,2025-12,c555ac9efd53
1112,2025-12-05 14:13:00,2025-12-05 14:19:00,SHORT,90581.77,90400.60646000001,TP,6,5e-05,0.0008,0.0008500000000000001,0.001999999999999935,0.001149999999999935,0.0,0.0029064347053496973,90668.60882753257,90913.58171612264,41.18622765788936,64.16034859622562,Medium,Ranging,train,2025-12,c555ac9efd53
1113,2025-12-05 14:36:00,2025-12-05 14:37:00,SHORT,90544.7,90363.6106,TP,1,5e-05,0.0008,0.0008500000000000001,0.0019999999999999684,0.0011499999999999683,0.0,0.003172797524316706,90550.24986870127,90748.84235108361,38.10348143873761,62.49676561063609,High,Ranging,train,2025-12,c555ac9efd53
1114,2025-12-05 15:22:00,2025-12-05 15:23:00,LONG,91054.59,90986.2990575,SL,1,5e-05,0.0008,0.0008500000000000001,-0.0007499999999999578,-0.0015999999999999578,0.0008039133447308597,0.0003669227438177855,90745.41631882555,90716.6551963588,47.77823195856458,34.193506699177384,Medium,Ranging,train,2025-12,c555ac9efd53
1115,2025-12-05 15:43:00,2025-12-05 15:45:00,LONG,90988.01,90919.76899249999,SL,2,5e-05,0.0008,0.0008500000000000001,-0.0007500000000000877,-0.001600000000000088,0.0018284826759041696,0.00047094117125988166,90974.20540524666,90866.7145423988,11.605059136296026,10.271454332382236,Medium,Ranging,train,2025-12,c555ac9efd53
1116,2025-12-06 12:25:00,2025-12-06 12:55:00,SHORT,89622.86,89602.68,MAX_HOLD,30,5e-05,0.0008,0.0008500000000000001,0.00022516576685912017,-0.0006248342331408799,0.00029122034266710326,0.0006344363480478148,90036.30797553757,90325.69700183318,56.28512861205044,80.66454086018928,Low,Trending,train,2025-12,c555ac9efd53
1117,2025-12-06 13:19:00,2025-12-06 13:26:00,SHORT,89605.0,89672.20375,SL,7,5e-05,0.0008,0.0008500000000000001,-0.0007500000000000065,-0.0016000000000000066,0.0008343284414931618,0.00016740137269125608,89654.02634151952,89848.90693185691,76.33312744490782,85.50667286058967,Low,Ranging,train,2025-12,c555ac9efd53
1118,2025-12-06 14:08:00,2025-12-06 14:13:00,SHORT,89665.51,89732.7591325,SL,5,5e-05,0.0008,0.0008500000000000001,-0.0007500000000000112,-0.0016000000000000111,0.0008322040436730901,0.0,89688.94101482783,89753.25373230263,33.30699848574083,57.995959677219275,Low,Ranging,train,2025-12,c555ac9efd53
1119,2025-12-06 14:29:00,2025-12-06 14:45:00,LONG,89931.17,90111.03234,TP,16,5e-05,0.0008,0.0008500000000000001,0.0020000000000000772,0.0011500000000000772,0.00029578176287477714,0.0029090025182592484,89824.63601219485,89810.52738568938,16.728965829709843,13.985951229316735,Low,Ranging,train,2025-12,c555ac9efd53
1120,2025-12-06 15:55:00,2025-12-06 15:59:00,LONG,89878.8,89811.3909,SL,4,5e-05,0.0008,0.0008500000000000001,-0.0007500000000000489,-0.0016000000000000489,0.0016941703716560977,4.094402684496249e-05,89808.47352150657,89822.64058920914,18.18341801894484,15.140997295920599,High,Ranging,train,2025-12,c555ac9efd53
1121,2025-12-07 12:15:00,2025-12-07 12:45:00,SHORT,89285.29,89352.2539675,SL,30,5e-05,0.0008,0.0008500000000000001,-0.0007500000000000799,-0.00160000000000008,0.0016918800398140863,0.0008570280725972837,89533.28204543995,89657.25387653208,86.7088688802779,89.54038448661383,High,Ranging,train,2025-12,c555ac9efd53
1122,2025-12-07 13:48:00,2025-12-07 13:51:00,SHORT,88968.85,89035.57663750001,SL,3,5e-05,0.0008,0.0008500000000000001,-0.00075000000000004,-0.0016000000000000402,0.0010598091354445246,0.0006586574964159458,89106.9899119104,89244.85224530226,45.01338115465588,66.82167253865872,High,Trending,train,2025-12,c555ac9efd53
1123,2025-12-07 13:59:00,2025-12-07 14:12:00,SHORT,89060.37,88882.24926,TP,13,5e-05,0.0008,0.0008500000000000001,0.001999999999999983,0.001149999999999983,0.0005123490953384166,0.0022498222273273213,89086.81077552488,89206.18419197958,48.16728191514989,67.10692291890565,High,Ranging,train,2025-12,c555ac9efd53
1124,2025-12-07 14:40:00,2025-12-07 14:42:00,SHORT,88300.23,88123.62954,TP,2,5e-05,0.0008,0.0008500000000000001,0.002000000000000017,0.001150000000000017,0.00024416697442348307,0.002255600013725879,88525.16683187347,88793.3653104679,82.03025192907181,83.28161407917331,High,Trending,train,2025-12,c555ac9efd53
1125,2025-12-07 15:22:00,2025-12-07 15:34:00,LONG,88740.64,88918.12128,TP,12,5e-05,0.0008,0.0008500000000000001,0.0020000000000000816,0.0011500000000000815,0.00032104794376066297,0.002630925357310936,88547.94670299231,88624.788510047,36.632420325143784,23.873676346601695,High,Ranging,train,2025-12,c555ac9efd53
1126,2025-12-07 15:47:00,2025-12-07 15:48:00,LONG,88978.49,88911.7561325,SL,1,5e-05,0.0008,0.0008500000000000001,-0.0007500000000000724,-0.0016000000000000725,0.000850655029097508,0.00024174381920838127,88773.08933707628,88731.39941246924,50.406229191825766,31.942194498452693,Medium,Ranging,train,2025-12,c555ac9efd53
1127,2025-12-08 12:12:00,2025-12-08 12:19:00,LONG,91831.61,91762.7362925,SL,7,5e-05,0.0008,0.0008500000000000001,-0.0007499999999999495,-0.0015999999999999496,0.0007702140907689185,0.0002567743285781633,90133.74454186125,89531.55612996747,49.562234505000184,32.785236051874314,Low,Trending,train,2025-12,c555ac9efd53
1128,2025-12-08 12:38:00,2025-12-08 12:40:00,LONG,91782.2,91713.36335,SL,2,5e-05,0.0008,0.0008500000000000001,-0.0007499999999999724,-0.0015999999999999725,0.0013974387190544002,0.0,91228.73161992322,90462.80704161951,23.573035451089556,23.33998627904729,Low,Trending,train,2025-12,c555ac9efd53
1129,2025-12-08 12:41:00,2025-12-08 13:10:00,LONG,91760.03,91943.55006,TP,29,5e-05,0.0008,0.0008500000000000001,0.0019999999999999484,0.0011499999999999484,0.000618243041114916,0.0028037261975612264,91289.20783433481,90538.52204332169,38.05327076529792,26.088993947317167,Medium,Trending,train,2025-12,c555ac9efd53
1130,2025-12-08 13:19:00,2025-12-08 13:20:00,LONG,91722.16,91653.36838,SL,1,5e-05,0.0008,0.0008500000000000001,-0.0007500000000000393,-0.0016000000000000393,0.0007569599320383162,0.0004098246268949238,91699.90815971528,91216.15439788664,14.057313743938797,11.394177108194212,High,Ranging,train,2025-12,c555ac9efd53
1131,2025-12-08 14:15:00,2025-12-08 14:17:00,LONG,91560.25,91491.5798125,SL,2,5e-05,0.0008,0.0008500000000000001,-0.0007499999999999987,-0.0015999999999999988,0.0008467648351768244,0.0,91557.71797465245,91444.85322560045,39.13138367675578,30.09153359374839,Medium,Ranging,train,2025-12,c555ac9efd53
1132,2025-12-08 15:36:00,2025-12-08 15:37:00,SHORT,89968.4,89788.4632,TP,1,5e-05,0.0008,0.0008500000000000001,0.001999999999999954,0.001149999999999954,0.0,0.0031122038404595392,90443.87062649519,90770.7966445239,42.155761562379354,68.37366196575248,High,Ranging,train,2025-12,c555ac9efd53
1133,2025-12-09 12:33:00,2025-12-09 13:03:00,LONG,90579.6,90511.66530000001,SL,30,5e-05,0.0008,0.0008500000000000001,-0.0007499999999999776,-0.0015999999999999777,0.000910138706728693,0.0009380699406930607,90413.43464576054,90472.97664538071,37.80016222436399,26.45963235564194,Low,Ranging,train,2025-12,c555ac9efd53
1134,2025-12-09 13:58:00,2025-12-09 14:00:00,SHORT,90386.64,90454.42998,SL,2,5e-05,0.0008,0.0008500000000000001,-0.0007500000000000153,-0.0016000000000000155,0.002050745552661329,0.0,90445.6384807227,90486.55166497774,87.2635266438151,90.87866814691388,Medium,Ranging,train,2025-12,c555ac9efd53
1135,2025-12-09 14:40:00,2025-12-09 14:44:00,SHORT,90342.0,90161.316,TP,4,5e-05,0.0008,0.0008500000000000001,0.0019999999999999315,0.0011499999999999315,0.0,0.002789400278940028,90355.29371872963,90407.52051942938,60.81536146628964,77.27614748927093,High,Ranging,train,2025-12,c555ac9efd53
1136,2025-12-09 14:58:00,2025-12-09 14:59:00,SHORT,90225.99,90293.65949250001,SL,1,5e-05,0.0008,0.0008500000000000001,-0.0007500000000000522,-0.0016000000000000523,0.0014852704858100726,0.0,90283.87993499126,90348.71302953783,63.8110736420241,70.3872242948588,Medium,Ranging,train,2025-12,c555ac9efd53
1137,2025-12-09 15:13:00,2025-12-09 15:14:00,LONG,90761.1,90693.029175,SL,1,5e-05,0.0008,0.0008500000000000001,-0.0007500000000000277,-0.0016000000000000276,0.002062227099495409,0.0,90501.12504409414,90457.18133147396,29.684525061622725,21.96835929330233,High,Ranging,train,2025-12,c555ac9efd53
1138,2025-12-10 12:08:00,2025-12-10 12:12:00,LONG,92109.52,92040.43786,SL,4,5e-05,0.0008,0.0008500000000000001,-0.0007499999999999849,-0.0015999999999999851,0.0008198935354348179,0.0,91824.85381041234,91376.92932251524,14.715338582573088,10.361958043818456,Medium,Trending,train,2025-12,c555ac9efd53
1139,2025-12-10 12:16:00,2025-12-10 12:20:00,LONG,92074.27,92005.2142975,SL,4,5e-05,0.0008,0.0008500000000000001,-0.0007500000000000178,-0.0016000000000000179,0.0008225968014734761,0.0002794483192752538,91889.883691442,91478.34265625423,28.3206909260727,22.57259023931473,Medium,Trending,train,2025-12,c555ac9efd53
1140,2025-12-10 12:23:00,2025-12-10 12:27:00,LONG,92063.9,91994.85207499999,SL,4,5e-05,0.0008,0.0008500000000000001,-0.0007500000000000676,-0.0016000000000000675,0.0010557884252133257,7.668586709896304e-05,91927.42493627314,91552.21378001403,36.76948851877601,30.512071525925695,Low,Trending,train,2025-12,c555ac9efd53
1141,2025-12-10 12:30:00,2025-12-10 12:38:00,LONG,92022.55,91953.5330875,SL,8,5e-05,0.0008,0.0008500000000000001,-0.000749999999999953,-0.001599999999999953,0.001898447717434445,0.0010345290366328371,91950.16937299941,91613.48879930336,44.99968028646388,31.931469287655073,Low,Trending,train,2025-12,c555ac9efd53
1142,2025-12-10 15:45:00,2025-12-10 15:48:00,SHORT,91872.02,91940.92401500001,SL,3,5e-05,0.0008,0.0008500000000000001,-0.0007500000000000799,-0.00160000000000008,0.0011212336465443425,0.0007216560602455776,91904.81592903087,91921.34294921174,83.7484331472135,85.65257276994862,High,Ranging,train,2025-12,c555ac9efd53
1143,2025-12-11 12:01:00,2025-12-11 12:21:00,SHORT,90219.5,90287.164625,SL,20,5e-05,0.0008,0.0008500000000000001,-0.0007500000000000542,-0.0016000000000000543,0.0008666640803817614,0.00099922965655977,91799.70944000212,91864.6476562658,29.760074595471604,59.19885479346328,Low,Ranging,train,2025-12,c555ac9efd53
1144,2025-12-11 12:24:00,2025-12-11 12:32:00,SHORT,90295.72,90363.44179,SL,8,5e-05,0.0008,0.0008500000000000001,-0.0007499999999999552,-0.0015999999999999552,0.0009027005931177553,0.00016468111666860115,90853.69591274326,91259.65212814024,84.01021552261459,87.1255281511388,Low,Trending,train,2025-12,c555ac9efd53
1145,2025-12-11 12:36:00,2025-12-11 12:54:00,SHORT,90315.03,90134.39994,TP,18,5e-05,0.0008,0.0008500000000000001,0.001999999999999954,0.001149999999999954,0.00024115587405550146,0.00202524430319077,90653.36045033278,91060.79193741037,47.82668595439399,65.88568116161842,Medium,Trending,train,2025-12,c555ac9efd53
1146,2025-12-11 13:30:00,2025-12-11 13:33:00,SHORT,90051.66,89871.55668000001,TP,3,5e-05,0.0008,0.0008500000000000001,0.001999999999999941,0.001149999999999941,0.0001313690386162981,0.002017286521980866,90146.00458288506,90424.73545588157,41.38949224075325,68.79801561918501,Medium,Ranging,train,2025-12,c555ac9efd53
1147,2025-12-11 13:41:00,2025-12-11 13:53:00,SHORT,90086.07,90153.6345525,SL,12,5e-05,0.0008,0.0008500000000000001,-0.0007499999999999998,-0.0015999999999999999,0.0009234502071184565,0.0013551484707902313,90112.81719669535,90350.72295910306,83.86669664493378,83.96743254965371,Medium,Ranging,train,2025-12,c555ac9efd53
1148,2025-12-11 13:56:00,2025-12-11 14:01:00,SHORT,90078.0,90145.5585,SL,5,5e-05,0.0008,0.0008500000000000001,-0.0007499999999999909,-0.001599999999999991,0.0007805457492395221,6.8829236883072825e-06,90089.37381108417,90274.97701254082,69.16419025348809,80.2435468878934,Medium,Ranging,train,2025-12,c555ac9efd53
1149,2025-12-12 12:13:00,2025-12-12 12:28:00,LONG,92250.0,92180.8125,SL,15,5e-05,0.0008,0.0008500000000000001,-0.00075,-0.0016,0.0008300271002710784,0.0004426016260162791,90945.6948145741,90566.45976381599,9.716675231856549,7.759334564920903,Low,Trending,train,2025-12,c555ac9efd53
1150,2025-12-12 12:30:00,2025-12-12 12:43:00,LONG,92182.64,92113.50302,SL,13,5e-05,0.0008,0.0008500000000000001,-0.0007499999999999531,-0.001599999999999953,0.001215955628955696,0.0006506648106410917,91585.32783764877,91049.98424221794,19.6523429211281,7.794594408683987,Medium,Trending,train,2025-12,c555ac9efd53
1151,2025-12-12 12:45:00,2025-12-12 12:50:00,LONG,92100.0,92284.2,TP,5,5e-05,0.0008,0.0008500000000000001,0.0019999999999999684,0.0011499999999999683,0.0,0.0027433224755700706,91835.1758740572,91332.72694242602,43.831212917930486,19.74263774299879,Medium,Trending,train,2025-12,c555ac9efd53
1152,2025-12-12 13:09:00,2025-12-12 13:28:00,LONG,92360.62,92291.34953499999,SL,19,5e-05,0.0008,0.0008500000000000001,-0.0007500000000000942,-0.0016000000000000944,0.0009378455883037094,0.0018488399060119921,92146.58658336318,91715.11436115124,29.073719452097336,23.1729072292095,Low,Ranging,train,2025-12,c555ac9efd53
1153,2025-12-12 13:31:00,2025-12-12 14:01:00,LONG,92293.92,92300.03,MAX_HOLD,30,5e-05,0.0008,0.0008500000000000001,6.620154393702838e-05,-0.0007837984560629717,0.000582703606044676,0.001251003316361537,92283.7695528242,91953.12438767744,13.351444194828296,7.223882331990907,Medium,Ranging,train,2025-12,c555ac9efd53
1154,2025-12-12 14:53:00,2025-12-12 15:00:00,LONG,92427.96,92358.63903,SL,7,5e-05,0.0008,0.0008500000000000001,-0.0007500000000000072,-0.0016000000000000072,0.0015142604034537428,0.0019916051376659962,92349.85782678484,92256.59769373435,41.01446359510769,29.439287387239798,High,Ranging,train,2025-12,c555ac9efd53
1155,2025-12-13 12:05:00,2025-12-13 12:07:00,SHORT,90378.21,90445.9936575,SL,2,5e-05,0.0008,0.0008500000000000001,-0.000749999999999961,-0.001599999999999961,0.0008996637574477041,0.0,90734.54801531007,91205.59757369194,98.23292894680094,98.09515625861945,Low,Trending,train,2025-12,c555ac9efd53
1156,2025-12-13 12:08:00,2025-12-13 12:38:00,SHORT,90453.42,90385.96,MAX_HOLD,30,5e-05,0.0008,0.0008500000000000001,0.0007457982241024369,-0.00010420177589756316,0.0001866153872347188,0.001415092983769989,90700.6255417088,91160.67402578054,96.80357614303078,98.40839988170899,Low,Ranging,train,2025-12,c555ac9efd53
1157,2025-12-13 13:00:00,2025-12-13 13:06:00,SHORT,90341.05,90408.80578750001,SL,6,5e-05,0.0008,0.0008500000000000001,-0.0007500000000000629,-0.001600000000000063,0.0007950981309161421,0.0,90397.86137309368,90644.85258173232,89.79028861929754,92.5138900508383,Medium,Ranging,train,2025-12,c555ac9efd53
1158,2025-12-13 13:39:00,2025-12-13 14:00:00,SHORT,90247.16,90314.84537000001,SL,21,5e-05,0.0008,0.0008500000000000001,-0.0007500000000000721,-0.0016000000000000723,0.0009372040073061772,0.00030095129863370206,90321.89171246579,90464.20648512994,38.70559211368215,62.596132770449294,Medium,Ranging,train,2025-12,c555ac9efd53
1159,2025-12-13 14:17:00,2025-12-13 14:25:00,SHORT,90265.22,90084.68956,TP,8,5e-05,0.0008,0.0008500000000000001,0.002000000000000025,0.0011500000000000251,0.0001052454090290812,0.0021470063441932884,90272.9061706096,90354.669889692,60.795661921897086,70.5350021842372,Low,Ranging,train,2025-12,c555ac9efd53
1160,2025-12-13 14:39:00,2025-12-13 14:40:00,SHORT,90117.67,90185.2582525,SL,1,5e-05,0.0008,0.0008500000000000001,-0.0007500000000000575,-0.0016000000000000575,0.0021548493208934753,0.0,90176.1026986783,90267.25482055738,96.41101503435844,95.42350204219616,High,Ranging,train,2025-12,c555ac9efd53
1161,2025-12-14 12:14:00,2025-12-14 12:15:00,SHORT,89341.75,89408.7563125,SL,1,5e-05,0.0008,0.0008500000000000001,-0.0007500000000000169,-0.001600000000000017,0.0008732759320251067,0.00021255460073263887,89734.31423427668,89922.86083837756,58.95751494516216,74.91254421888875,Medium,Ranging,train,2025-12,c555ac9efd53
1162,2025-12-14 12:21:00,2025-12-14 12:40:00,SHORT,89449.7,89516.787275,SL,19,5e-05,0.0008,0.0008500000000000001,-0.0007499999999999781,-0.0015999999999999782,0.0010459509646203137,0.0007628868514929697,89667.05327680666,89862.25830065894,63.58577339503836,75.54844388753777,High,Ranging,train,2025-12,c555ac9efd53
1163,2025-12-14 13:15:00,2025-12-14 13:16:00,SHORT,89243.88,89310.81291000001,SL,1,5e-05,0.0008,0.0008500000000000001,-0.0007500000000000356,-0.0016000000000000356,0.000870872041869999,0.0,89407.19926535668,89556.53374520833,75.86823303143065,84.36997970295329,High,Ranging,train,2025-12,c555ac9efd53
1164,2025-12-14 13:33:00,2025-12-14 13:57:00,SHORT,89326.69,89393.6850175,SL,24,5e-05,0.0008,0.0008500000000000001,-0.0007499999999999735,-0.0015999999999999734,0.0007992012241805827,0.0012943499865493207,89334.67963280746,89467.99296464982,81.91329137754657,79.61143070443472,Medium,Ranging,train,2025-12,c555ac9efd53
1165,2025-12-14 14:12:00,2025-12-14 14:14:00,LONG,89437.31,89370.23201749999,SL,2,5e-05,0.0008,0.0008500000000000001,-0.0007500000000000708,-0.001600000000000071,0.0009667106490567735,1.565342249234387e-05,89377.56143896237,89417.25012799124,41.98584675652123,26.332606945308196,Low,Ranging,train,2025-12,c555ac9efd53
1166,2025-12-14 14:50:00,2025-12-14 14:51:00,SHORT,89089.73,88911.55054,TP,1,5e-05,0.0008,0.0008500000000000001,0.001999999999999993,0.001149999999999993,0.0,0.0023063264418918,89191.21127223772,89283.69482769693,62.95728164365469,77.04385462020204,High,Ranging,train,2025-12,c555ac9efd53
1167,2025-12-14 15:01:00,2025-12-14 15:06:00,SHORT,89046.33,89113.1147475,SL,5,5e-05,0.0008,0.0008500000000000001,-0.0007500000000000189,-0.001600000000000019,0.000988024997773585,0.0006114794399723952,89136.78932776031,89234.93728317291,65.9211135356725,83.77326479000014,High,Ranging,train,2025-12,c555ac9efd53
1168,2025-12-14 15:10:00,2025-12-14 15:11:00,SHORT,88930.18,88996.877635,SL,1,5e-05,0.0008,0.0008500000000000001,-0.000750000000000046,-0.001600000000000046,0.0009044173755187224,0.0,89112.1758893766,89205.55602911314,26.31492615085095,55.91822577879031,High,Ranging,train,2025-12,c555ac9efd53
1169,2025-12-15 12:12:00,2025-12-15 12:31:00,LONG,89474.22,89653.16844000001,TP,19,5e-05,0.0008,0.0008500000000000001,0.0020000000000000824,0.0011500000000000824,0.00047723243633749577,0.002533802474053329,89225.11490382648,89186.58185504672,12.769478102765225,9.85452192280263,Medium,Ranging,train,2025-12,c555ac9efd53
1170,2025-12-15 12:52:00,2025-12-15 13:04:00,LONG,89665.08,89597.83119,SL,12,5e-05,0.0008,0.0008500000000000001,-0.0007500000000000512,-0.0016000000000000513,0.0008191594765765791,0.0008009807162386119,89569.46019304964,89439.9523268485,31.596184541802263,20.06267521687258,Low,Ranging,train,2025-12,c555ac9efd53
1171,2025-12-15 14:02:00,2025-12-15 14:17:00,LONG,89522.88,89701.92576,TP,15,5e-05,0.0008,0.0008500000000000001,0.0019999999999999285,0.0011499999999999284,0.0006459801114530915,0.002112532572678575,89477.44351006602,89471.25490727065,76.01308947931406,46.5901008418866,Medium,Ranging,train,2025-12,c555ac9efd53
1172,2025-12-15 14:40:00,2025-12-15 14:41:00,SHORT,89444.92,89266.03016,TP,1,5e-05,0.0008,0.0008500000000000001,0.0020000000000000386,0.0011500000000000386,0.00019688094080692992,0.002404943735205986,89476.5104267171,89481.2342479113,51.99458606632883,68.31181858939685,High,Ranging,train,2025-12,c555ac9efd53
1173,2025-12-15 15:35:00,2025-12-15 15:36:00,SHORT,87057.18,86883.06563999999,TP,1,5e-05,0.0008,0.0008500000000000001,0.002000000000000079,0.001150000000000079,0.0,0.003046043990857423,87597.08289009902,88191.21834688171,62.44565121700075,75.0662410630008,High,Trending,train,2025-12,c555ac9efd53
1174,2025-12-15 15:48:00,2025-12-15 15:49:00,SHORT,87207.54,87033.12491999999,TP,1,5e-05,0.0008,0.0008500000000000001,0.0020000000000000703,0.0011500000000000702,0.0,0.0023799547607923394,87351.10879980007,87913.26615732026,72.47463791065782,84.072125864126,High,Trending,train,2025-12,c555ac9efd53
1175,2025-12-16 14:10:00,2025-12-16 14:12:00,SHORT,86841.58,86667.89684,TP,2,5e-05,0.0008,0.0008500000000000001,0.0020000000000000057,0.0011500000000000056,0.0,0.0022060860707509206,86902.615265942,87062.95894915813,89.9368114231351,91.57471545308914,Low,Ranging,train,2025-12,c555ac9efd53
1176,2025-12-16 14:19:00,2025-12-16 14:20:00,SHORT,86822.01,86887.1265075,SL,1,5e-05,0.0008,0.0008500000000000001,-0.0007500000000000303,-0.0016000000000000302,0.0021863119731967387,0.0,86882.37090523202,87024.88012871891,72.22005062913989,76.6124210763532,Medium,Ranging,train,2025-12,c555ac9efd53
1177,2025-12-16 14:59:00,2025-12-16 15:02:00,LONG,87260.0,87194.555,SL,3,5e-05,0.0008,0.0008500000000000001,-0.00075000000000008,-0.00160000000000008,0.0014471693788677383,0.001821567728627058,87113.62415216056,87095.02269539855,30.785122902467048,17.169673845791888,Medium,Ranging,train,2025-12,c555ac9efd53
1178,2025-12-16 15:06:00,2025-12-16 15:07:00,LONG,87231.99,87406.45398,TP,1,5e-05,0.0008,0.0008500000000000001,0.002000000000000005,0.0011500000000000048,0.0,0.0023080982103010203,87135.59724634774,87109.33155646095,53.74498843624849,33.44687679827482,High,Ranging,train,2025-12,c555ac9efd53
1179,2025-12-17 12:28:00,2025-12-17 12:43:00,SHORT,87101.95,86927.7461,TP,15,5e-05,0.0008,0.0008500000000000001,0.0019999999999999215,0.0011499999999999215,0.0,0.0022051171070222014,87213.90991140313,87222.18951909248,53.78149133965428,76.53777138730202,Medium,Ranging,train,2025-12,c555ac9efd53
1180,2025-12-17 12:55:00,2025-12-17 13:00:00,SHORT,87024.0,87089.268,SL,5,5e-05,0.0008,0.0008500000000000001,-0.0007499999999999585,-0.0015999999999999587,0.0007780612244898695,0.00020005975363122233,87075.73565155835,87133.05043036163,69.91790139117853,79.7512318979469,Low,Ranging,train,2025-12,c555ac9efd53
1181,2025-12-17 13:05:00,2025-12-17 13:07:00,LONG,87132.0,87306.264,TP,2,5e-05,0.0008,0.0008500000000000001,0.0019999999999999493,0.0011499999999999492,0.0002676399026764792,0.0021692374787677863,87069.4683713729,87118.83210894366,66.66161692672716,37.49532816000892,Low,Ranging,train,2025-12,c555ac9efd53
1182,2025-12-17 14:09:00,2025-12-17 14:18:00,LONG,87593.34,87768.52668,TP,9,5e-05,0.0008,0.0008500000000000001,0.0019999999999999875,0.0011499999999999874,0.00027639087629255664,0.0029301314460666015,87407.9607844301,87292.59284877496,38.734610504898015,24.772021741164085,Medium,Trending,train,2025-12,c555ac9efd53
1183,2025-12-17 14:29:00,2025-12-17 14:31:00,LONG,87725.59,87901.04118,TP,2,5e-05,0.0008,0.0008500000000000001,0.0020000000000000417,0.0011500000000000416,0.0005264142424119692,0.002218850850703982,87590.33501969404,87438.34331865053,26.83678465113901,21.548585664797738,Low,Trending,train,2025-12,c555ac9efd53
1184,2025-12-17 14:41:00,2025-12-17 14:42:00,LONG,87599.75,87534.0501875,SL,1,5e-05,0.0008,0.0008500000000000001,-0.0007499999999999482,-0.0015999999999999483,0.0021036589716294718,0.0,87589.0060962514,87471.61167236482,28.994016549571658,25.470413558826483,High,Trending,train,2025-12,c555ac9efd53
1185,2025-12-17 15:23:00,2025-12-17 15:24:00,LONG,89920.0,89852.56,SL,1,5e-05,0.0008,0.0008500000000000001,-0.0007500000000000259,-0.0016000000000000259,0.0019432829181495245,0.0005839635231316144,89225.92019370246,88583.29898026795,22.61234011930503,22.2945058457332,High,Trending,train,2025-12,c555ac9efd53
1186,2025-12-17 15:28:00,2025-12-17 15:29:00,LONG,89738.9,89918.37779999999,TP,1,5e-05,0.0008,0.0008500000000000001,0.0019999999999999254,0.0011499999999999254,0.0,0.0023523800715186593,89325.30312136863,88696.51260375055,40.279172602782445,26.451718256460996,High,Trending,train,2025-12,c555ac9efd53
1187,2025-12-18 12:35:00,2025-12-18 12:36:00,SHORT,87339.53,87405.0346475,SL,1,5e-05,0.0008,0.0008500000000000001,-0.0007499999999999782,-0.0015999999999999782,0.001012943394588924,0.0,87575.82210670822,87913.14623847327,81.8685986117179,83.52245379639956,Low,Ranging,train,2025-12,c555ac9efd53
1188,2025-12-18 12:38:00,2025-12-18 12:52:00,SHORT,87354.51,87179.80098,TP,14,5e-05,0.0008,0.0008500000000000001,0.00199999999999994,0.0011499999999999401,0.0005207515902728462,0.0028018015326283672,87551.53881291597,87881.00379605997,71.77463505087339,78.85061698385367,Low,Ranging,train,2025-12,c555ac9efd53
1189,2025-12-18 14:01:00,2025-12-18 14:02:00,LONG,88999.92,89177.91984,TP,1,5e-05,0.0008,0.0008500000000000001,0.0020000000000000456,0.0011500000000000455,0.0,0.003517418892061958,88431.30307607724,88157.98103497516,58.84828643362659,36.12299873133538,High,Ranging,train,2025-12,c555ac9efd53
1190,2025-12-18 15:49:00,2025-12-18 15:50:00,LONG,88775.49,88708.9083825,SL,1,5e-05,0.0008,0.0008500000000000001,-0.0007500000000000819,-0.0016000000000000818,0.0008922507777766859,0.00010915174897922586,88654.89826428071,88508.38157196053,12.333992784872637,9.78795842232042,Medium,Ranging,train,2025-12,c555ac9efd53
1191,2025-12-18 15:53:00,2025-12-18 15:54:00,LONG,88754.72,88688.15396,SL,1,5e-05,0.0008,0.0008500000000000001,-0.0007500000000000581,-0.0016000000000000582,0.0011798809122489616,0.00034984054932518416,88667.97780530744,88526.42162014061,26.461866675577955,18.610618447512405,Medium,Ranging,train,2025-12,c555ac9efd53
1192,2025-12-19 12:15:00,2025-12-19 12:16:00,SHORT,88203.02,88269.172265,SL,1,5e-05,0.0008,0.0008500000000000001,-0.0007499999999999658,-0.0015999999999999658,0.0008734394808703103,0.0,88397.31279583428,88418.13712951321,82.75181751844525,81.40898566203425,Low,Ranging,train,2025-12,c555ac9efd53
1193,2025-12-19 12:19:00,2025-12-19 12:49:00,SHORT,88089.22,88131.41,MAX_HOLD,30,5e-05,0.0008,0.0008500000000000001,-0.00047894623201343283,-0.001328946232013433,0.000658990963934099,0.0014488719505065962,88361.58390366794,88398.09565499621,29.208212850305596,59.660250172440705,Low,Ranging,train,2025-12,c555ac9efd53
1194,2025-12-19 12:51:00,2025-12-19 12:53:00,SHORT,88036.6,87860.5268,TP,2,5e-05,0.0008,0.0008500000000000001,0.0019999999999999875,0.0011499999999999874,0.0,0.0020087100137898446,88129.92893926216,88227.89777173591,32.38390812377657,61.239396386620115,Medium,Ranging,train,2025-12,c555ac9efd53
1195,2025-12-19 13:09:00,2025-12-19 13:24:00,SHORT,87986.73,88052.7200475,SL,15,5e-05,0.0008,0.0008500000000000001,-0.0007500000000000356,-0.0016000000000000356,0.0007984158520267773,0.001105621268116213,88043.30871873553,88146.5864324978,52.89255001995729,71.92528917691675,Low,Ranging,train,2025-12,c555ac9efd53
1196,2025-12-19 15:24:00,2025-12-19 15:25:00,LONG,88447.09,88380.75468249999,SL,1,5e-05,0.0008,0.0008500000000000001,-0.0007500000000000949,-0.0016000000000000948,0.0017838913637520334,0.000973689467906857,88334.78575757204,88214.37367328096,20.31813457214309,12.777499759626666,High,Trending,train,2025-12,c555ac9efd53
1197,2025-12-20 12:19:00,2025-12-20 12:49:00,LONG,88224.01,88212.77,MAX_HOLD,30,5e-05,0.0008,0.0008500000000000001,-0.00012740295980641424,-0.0009774029598064143,0.00032304131267667387,0.00023791709309070445,88183.42927060624,88168.68016743397,9.71771399112225,3.361590771109416,Low,Ranging,train,2025-12,c555ac9efd53
1198,2025-12-20 13:57:00,2025-12-20 14:01:00,LONG,88237.63,88171.4517775,SL,4,5e-05,0.0008,0.0008500000000000001,-0.000750000000000069,-0.001600000000000069,0.0010566920258398287,0.00037127017124094063,88170.11191377827,88168.78493167358,36.65048543690093,22.78380607906968,Low,Ranging,train,2025-12,c555ac9efd53
1199,2025-12-20 14:02:00,2025-12-20 14:32:00,SHORT,88144.38,88115.08,MAX_HOLD,30,5e-05,0.0008,0.0008500000000000001,0.00033240916777681017,-0.00051759083222319,0.00012774495662678392,0.0015018541170747886,88176.16883628105,88172.25192834949,22.320578716922878,52.365315058064084,Medium,Ranging,train,2025-12,c555ac9efd53
1200,2025-12-20 15:06:00,2025-12-20 15:18:00,LONG,88202.08,88135.92844,SL,12,5e-05,0.0008,0.0008500000000000001,-0.0007499999999999821,-0.001599999999999982,0.0013348891545415396,0.00015158372682362302,88194.08174677943,88174.9819651836,19.012226979519387,12.428118803212959,Medium,Ranging,train,2025-12,c555ac9efd53
1201,2025-12-20 15:33:00,2025-12-20 15:41:00,SHORT,88102.85,88168.92713750001,SL,8,5e-05,0.0008,0.0008500000000000001,-0.0007500000000000457,-0.0016000000000000458,0.0007579777498684644,0.0,88145.89889319683,88155.03920311056,68.83777090773985,74.95874970963507,Medium,Ranging,train,2025-12,c555ac9efd53
1202,2025-12-21 12:31:00,2025-12-21 12:33:00,LONG,88830.42,88763.79718499999,SL,2,5e-05,0.0008,0.0008500000000000001,-0.0007500000000001095,-0.0016000000000001096,0.0008204396647005008,0.000643585834672382,88626.64008448513,88459.80545062527,36.00955577731591,20.243531202436337,High,Trending,train,2025-12,c555ac9efd53
1203,2025-12-21 15:14:00,2025-12-21 15:37:00,SHORT,87970.57,88036.54792750001,SL,23,5e-05,0.0008,0.0008500000000000001,-0.0007500000000000422,-0.0016000000000000424,0.0014712874998990344,0.001791167205123338,87989.41079497055,88023.3496456332,42.09641774643872,68.00439821055001,Medium,Ranging,train,2025-12,c555ac9efd53
1204,2025-12-22 12:01:00,2025-12-22 12:10:00,LONG,90020.99,89953.4742575,SL,9,5e-05,0.0008,0.0008500000000000001,-0.0007500000000000781,-0.0016000000000000781,0.0008141434569871776,0.0005436509862865069,88170.217761818,88090.46729705187,71.03948945401096,43.94418218331811,Medium,Ranging,train,2025-12,c555ac9efd53
1205,2025-12-22 12:44:00,2025-12-22 12:56:00,LONG,90092.92,90273.10584,TP,12,5e-05,0.0008,0.0008500000000000001,0.0020000000000000616,0.0011500000000000616,0.00021122636495741104,0.002132021028955458,89814.26261894744,89286.83851456264,30.498975138744395,13.80080679158158,High,Trending,train,2025-12,c555ac9efd53
1206,2025-12-22 13:12:00,2025-12-22 13:16:00,LONG,90189.81,90122.16764249999,SL,4,5e-05,0.0008,0.0008500000000000001,-0.0007500000000000896,-0.0016000000000000896,0.0007518587742894421,0.0,90066.75104437226,89673.28399228987,28.518777853886544,22.92458065651293,Medium,Ranging,train,2025-12,c555ac9efd53
1207,2025-12-22 14:13:00,2025-12-22 14:17:00,LONG,89987.43,90167.40486,TP,4,5e-05,0.0008,0.0008500000000000001,0.0020000000000000235,0.0011500000000000234,0.0001674678341185256,0.002150078072015286,89973.29065215334,89879.51489790507,23.82414117015216,18.903202719625256,Low,Ranging,train,2025-12,c555ac9efd53
1208,2025-12-22 14:28:00,2025-12-22 14:29:00,LONG,90027.66,89960.139255,SL,1,5e-05,0.0008,0.0008500000000000001,-0.000750000000000018,-0.001600000000000018,0.0008275234522367903,0.00025458842315793007,90012.48842406084,89926.88862334551,40.08660762351195,25.221280074695837,Medium,Ranging,train,2025-12,c555ac9efd53
1209,2025-12-22 15:05:00,2025-12-22 15:07:00,LONG,89988.01,90167.98602,TP,2,5e-05,0.0008,0.0008500000000000001,0.002000000000000021,0.0011500000000000208,0.0,0.002422433833129605,89974.6156500912,89936.82005839376,31.99095223296337,23.783644900985333,High,Ranging,train,2025-12,c555ac9efd53
1210,2025-12-22 15:52:00,2025-12-22 15:54:00,SHORT,89498.12,89565.24359,SL,2,5e-05,0.0008,0.0008500000000000001,-0.0007500000000000322,-0.0016000000000000324,0.0013247205639626584,0.0002673799181479233,89584.56967713113,89703.11405060814,83.0299304591502,85.81780166820437,Medium,Ranging,train,2025-12,c555ac9efd53
1211,2025-12-23 12:37:00,2025-12-23 12:42:00,SHORT,87810.06,87875.917545,SL,5,5e-05,0.0008,0.0008500000000000001,-0.0007500000000000708,-0.001600000000000071,0.0007696156909584363,0.0,88169.31604540443,88673.33900825311,95.82383159835268,97.15634262271446,Low,Trending,train,2025-12,c555ac9efd53
1212,2025-12-23 12:43:00,2025-12-23 12:49:00,SHORT,87873.83,87939.7353725,SL,6,5e-05,0.0008,0.0008500000000000001,-0.0007499999999999728,-0.001599999999999973,0.0010150917514349504,0.00015328795842859205,88101.50341927778,88580.3413376161,96.72182191138218,98.38679074826085,Low,Trending,train,2025-12,c555ac9efd53
1213,2025-12-23 13:17:00,2025-12-23 13:19:00,SHORT,87717.05,87782.8377875,SL,2,5e-05,0.0008,0.0008500000000000001,-0.0007499999999999731,-0.0015999999999999732,0.0009456542371180641,0.0,87862.40946714027,88189.66447737788,50.19804996952678,67.39187136061446,Low,Ranging,train,2025-12,c555ac9efd53
1214,2025-12-23 13:47:00,2025-12-23 13:52:00,SHORT,87670.35,87495.0093,TP,5,5e-05,0.0008,0.0008500000000000001,0.0020000000000000074,0.0011500000000000074,0.0001498796343347485,0.002091699189064543,87743.80464137635,87968.83879998693,66.79498017731584,73.46663255523124,Low,Ranging,train,2025-12,c555ac9efd53
1215,2025-12-23 14:00:00,2025-12-23 14:02:00,SHORT,87616.66,87682.372495,SL,2,5e-05,0.0008,0.0008500000000000001,-0.0007499999999999973,-0.0015999999999999973,0.0010468328740219173,0.0,87692.77660530726,87888.1884321803,70.9700017984318,78.80671544552251,Low,Ranging,train,2025-12,c555ac9efd53
1216,2025-12-23 14:04:00,2025-12-23 14:06:00,SHORT,87654.51,87720.2508825,SL,2,5e-05,0.0008,0.0008500000000000001,-0.0007500000000000233,-0.0016000000000000233,0.0007916306873428352,0.00016553626276611167,87688.30015622772,87870.85272710235,66.59568486469944,74.24838884333714,Medium,Ranging,train,2025-12,c555ac9efd53
1217,2025-12-23 15:08:00,2025-12-23 15:09:00,SHORT,86914.52,86979.70589000001,SL,1,5e-05,0.0008,0.0008500000000000001,-0.0007500000000000912,-0.0016000000000000914,0.001971247151799282,0.0,87215.38047740355,87446.76053346063,50.76357430311224,67.37703810339688,High,Ranging,train,2025-12,c555ac9efd53
1218,2025-12-23 15:53:00,2025-12-23 15:59:00,LONG,87405.92,87443.45,EOD,6,5e-05,0.0008,0.0008500000000000001,0.0004293759507365043,-0.00042062404926349577,0.0006707783637539043,0.0010849379538594383,87308.57001319452,87365.6003009829,69.59908892160962,42.77157077733907,Medium,Ranging,train,2025-12,c555ac9efd53
1219,2025-12-24 12:01:00,2025-12-24 12:09:00,SHORT,87172.68,87238.05950999999,SL,8,5e-05,0.0008,0.0008500000000000001,-0.0007499999999999868,-0.0015999999999999868,0.0008729799290328785,0.0004956828217279985,87318.68787494829,87363.13037961001,24.891144344360914,56.86160123690155,Low,Ranging,train,2025-12,c555ac9efd53
1220,2025-12-24 13:44:00,2025-12-24 13:45:00,SHORT,87137.8,87203.15335000001,SL,1,5e-05,0.0008,0.0008500000000000001,-0.0007500000000000559,-0.0016000000000000558,0.001033650149533181,0.0,87257.4408210561,87295.37049522826,69.07587594928397,75.18766452104789,Medium,Ranging,train,2025-12,c555ac9efd53
1221,2025-12-24 13:50:00,2025-12-24 13:55:00,SHORT,87242.0,87307.4315,SL,5,5e-05,0.0008,0.0008500000000000001,-0.0007500000000000694,-0.0016000000000000695,0.0008702230577015457,0.0002521721189335412,87254.49939318787,87289.48691943914,91.96973330135775,95.46710006305375,Low,Ranging,train,2025-12,c555ac9efd53
1222,2025-12-24 14:20:00,2025-12-24 14:26:00,LONG,87340.0,87274.495,SL,6,5e-05,0.0008,0.0008500000000000001,-0.0007500000000000534,-0.0016000000000000534,0.0008296313258530616,0.0003290588504694898,87321.25896871653,87315.11813457146,18.867930761840373,13.902785227025825,Low,Ranging,train,2025-12,c555ac9efd53
1223,2025-12-24 14:46:00,2025-12-24 14:50:00,SHORT,86877.2,86942.3579,SL,4,5e-05,0.0008,0.0008500000000000001,-0.0007500000000000646,-0.0016000000000000647,0.0010484914338859507,0.0008886105905806942,87118.38667365079,87200.35527005511,71.81156298232808,79.15905577443705,High,Ranging,train,2025-12,c555ac9efd53
1224,2025-12-24 15:04:00,2025-12-24 15:07:00,SHORT,87064.95,86890.8201,TP,3,5e-05,0.0008,0.0008500000000000001,0.001999999999999999,0.0011499999999999991,0.0006066735236166447,0.0020692597882385907,87071.31966119345,87146.47476254407,69.07287194329162,79.97672537551055,High,Ranging,train,2025-12,c555ac9efd53
1225,2025-12-25 12:14:00,2025-12-25 12:44:00,LONG,87492.66,87516.22,MAX_HOLD,30,5e-05,0.0008,0.0008500000000000001,0.00026927973157974246,-0.0005807202684202577,6.400536913617462e-05,0.001077347516923074,87229.08262253291,87153.27450154963,9.553136127184521,6.123284538392558,Low,Ranging,train,2025-12,c555ac9efd53
1226,2025-12-25 12:45:00,2025-12-25 13:15:00,LONG,87516.22,87534.68,MAX_HOLD,30,5e-05,0.0008,0.0008500000000000001,0.00021093232774440957,-0.0006390676722555905,0.00026932150405955586,0.0005916617513873295,87448.9316226234,87331.34112566426,23.8244983099605,11.130987792383323,Low,Trending,train,2025-12,c555ac9efd53
1227,2025-12-25 13:37:00,2025-12-25 13:44:00,LONG,87493.01,87667.99601999999,TP,7,5e-05,0.0008,0.0008500000000000001,0.001999999999999962,0.0011499999999999618,0.0,0.0021382279567247918,87492.06315492597,87442.91850266038,41.14015055401304,25.952130870286254,Low,Ranging,train,2025-12,c555ac9efd53
1228,2025-12-25 14:22:00,2025-12-25 14:26:00,LONG,87640.93,87575.1993025,SL,4,5e-05,0.0008,0.0008500000000000001,-0.0007499999999999497,-0.0015999999999999498,0.00103752892626759,2.2820387693369455e-07,87626.81085843315,87564.09507779348,14.315278965829625,9.804349094604058,Low,Ranging,train,2025-12,c555ac9efd53
1229,2025-12-25 15:38:00,2025-12-25 15:40:00,LONG,87991.44,88167.42288,TP,2,5e-05,0.0008,0.0008500000000000001,0.0019999999999999536,0.0011499999999999536,0.0,0.0022873815907547834,87866.58915893655,87767.17085456295,31.792119829127056,18.23246263212526,High,Trending,train,2025-12,c555ac9efd53
1230,2025-12-26 12:00:00,2025-12-26 12:12:00,LONG,88533.43,88710.49686,TP,12,5e-05,0.0008,0.0008500000000000001,0.002000000000000071,0.001150000000000071,0.0,0.0021817747262249244,88173.46182361055,87986.58890027493,45.461480510106384,24.09351456282148,High,Trending,train,2025-12,c555ac9efd53
1231,2025-12-26 12:23:00,2025-12-26 12:53:00,LONG,88657.67,88711.03,MAX_HOLD,30,5e-05,0.0008,0.0008500000000000001,0.0006018655802707266,-0.0002481344197292735,0.00014854890727444397,0.0011705699010587448,88459.57902422927,88230.21334518558,53.16929787133761,30.0886897305728,Medium,Trending,train,2025-12,c555ac9efd53
1232,2025-12-26 12:54:00,2025-12-26 13:02:00,LONG,88711.03,88644.4967275,SL,8,5e-05,0.0008,0.0008500000000000001,-0.0007500000000000495,-0.0016000000000000495,0.0009722579029913191,0.0,88634.58944591695,88449.17270669474,16.38659073590645,14.954120763437928,Low,Ranging,train,2025-12,c555ac9efd53
1233,2025-12-26 13:04:00,2025-12-26 13:34:00,LONG,88688.6,88839.34,MAX_HOLD,30,5e-05,0.0008,0.0008500000000000001,0.0016996547470587051,0.0008496547470587051,0.0,0.0016996547470587051,88649.19930143905,88490.86910388322,57.519398701273786,32.29999150874155,Medium,Ranging,train,2025-12,c555ac9efd53
1234,2025-12-26 14:04:00,2025-12-26 14:09:00,LONG,88989.27,88922.5280475,SL,5,5e-05,0.0008,0.0008500000000000001,-0.0007500000000000053,-0.0016000000000000055,0.0007790826916548674,0.0006810933497937513,88905.95627584324,88781.02555686614,56.92994793594568,32.26843037981538,High,Ranging,train,2025-12,c555ac9efd53
1235,2025-12-26 14:17:00,2025-12-26 14:30:00,LONG,88939.93,88873.22505249998,SL,13,5e-05,0.0008,0.0008500000000000001,-0.0007500000000001062,-0.0016000000000001061,0.0012942443287282332,0.0008093102839187132,88930.43204524848,88823.69341432839,46.992389068337765,28.580271513346514,High,Ranging,train,2025-12,c555ac9efd53
1236,2025-12-26 15:26:00,2025-12-26 15:27:00,SHORT,86866.51,86931.6598825,SL,1,5e-05,0.0008,0.0008500000000000001,-0.0007500000000000195,-0.0016000000000000196,0.0009017284106383663,0.0005118198025912616,87416.72567255542,87878.7248922838,44.35839052578158,67.14958865477993,High,Trending,train,2025-12,c555ac9efd53
1237,2025-12-26 15:36:00,2025-12-26 15:37:00,SHORT,87007.87,87073.1259025,SL,1,5e-05,0.0008,0.0008500000000000001,-0.0007500000000000947,-0.0016000000000000948,0.0007632642886212879,7.217737889686112e-05,87292.94418936297,87726.561458184,59.184969998175525,74.09003053662624,Medium,Trending,train,2025-12,c555ac9efd53
1238,2025-12-26 15:51:00,2025-12-26 15:59:00,SHORT,87085.92,87137.81,EOD,8,5e-05,0.0008,0.0008500000000000001,-0.0005958483300170615,-0.0014458483300170614,0.0007213565637247328,0.0009751289301416148,87189.94826486715,87554.04008547922,65.18829100057832,72.23318979478285,High,Trending,train,2025-12,c555ac9efd53
1239,2025-12-27 13:02:00,2025-12-27 13:32:00,SHORT,87452.2,87406.99,MAX_HOLD,30,5e-05,0.0008,0.0008500000000000001,0.0005169681265879172,-0.0003330318734120829,0.0001739235833976321,0.0005968975051513523,87452.03965006633,87478.95380377595,33.37542824851534,60.321696955980144,Low,Ranging,train,2025-12,c555ac9efd53
1240,2025-12-27 14:56:00,2025-12-27 15:26:00,LONG,87534.52,87532.47,MAX_HOLD,30,5e-05,0.0008,0.0008500000000000001,-2.3419332167502722e-05,-0.0008734193321675028,0.0005690326513471219,0.00019957840632474095,87481.75052619416,87468.50442756181,60.4622871046088,32.267816665614305,Low,Ranging,train,2025-12,c555ac9efd53
1241,2025-12-27 15:56:00,2025-12-27 15:59:00,LONG,87566.0,87551.25,EOD,3,5e-05,0.0008,0.0008500000000000001,-0.000168444373386931,-0.001018444373386931,0.00029691889546170887,0.0,87555.01629057156,87530.26792224382,0.027777777763216393,0.03240740739058965,Low,Ranging,train,2025-12,c555ac9efd53
1242,2025-12-28 12:13:00,2025-12-28 12:43:00,LONG,87847.16,87830.0,MAX_HOLD,30,5e-05,0.0008,0.0008500000000000001,-0.00019533926879370365,-0.0010453392687937036,0.00030974251188093505,0.00025988318802795386,87682.22152493968,87610.09330505741,48.36200801320434,30.73035326158029,Low,Trending,train,2025-12,c555ac9efd53
1243,2025-12-28 13:49:00,2025-12-28 14:19:00,LONG,87913.96,87976.2,MAX_HOLD,30,5e-05,0.0008,0.0008500000000000001,0.0007079649238868398,-0.00014203507611316025,0.00024216859301990433,0.0008956484271666374,87891.14172791119,87843.64101675051,0.06738544477401304,0.037436358204317954,Low,Ranging,train,2025-12,c555ac9efd53
1244,2025-12-28 14:25:00,2025-12-28 14:55:00,LONG,87943.37,87933.31,MAX_HOLD,30,5e-05,0.0008,0.0008500000000000001,-0.00011439179553839786,-0.000964391795538398,0.00014395627549852754,0.0016531092679300857,87942.86125969578,87901.28297998007,23.74914634075421,11.813194530081446,Low,Ranging,train,2025-12,c555ac9efd53
1245,2025-12-28 15:53:00,2025-12-28 15:59:00,SHORT,87922.79,87836.27,EOD,6,5e-05,0.0008,0.0008500000000000001,0.0009840452060266688,0.00013404520602666877,0.0,0.0011215522164389983,87940.7391451282,87939.49886045337,36.46028793931247,67.6863919033334,High,Ranging,train,2025-12,c555ac9efd53
1246,2025-12-29 12:27:00,2025-12-29 12:28:00,SHORT,87245.24,87310.67393,SL,1,5e-05,0.0008,0.0008500000000000001,-0.0007499999999999912,-0.0015999999999999912,0.0012937095479363153,0.0,87381.58684411692,87588.32104512615,88.14514093739382,86.86930222008193,High,Trending,train,2025-12,c555ac9efd53
1247,2025-12-29 12:30:00,2025-12-29 12:32:00,SHORT,87268.34,87333.791255,SL,2,5e-05,0.0008,0.0008500000000000001,-0.0007500000000000827,-0.0016000000000000827,0.0010679703544263256,0.0003340272084927269,87373.97503526934,87572.36837734298,88.60591057963632,90.33976298533014,High,Trending,train,2025-12,c555ac9efd53
1248,2025-12-29 12:34:00,2025-12-29 12:35:00,SHORT,87361.53,87427.0511475,SL,1,5e-05,0.0008,0.0008500000000000001,-0.0007499999999999543,-0.0015999999999999543,0.000831487269053088,0.0003712160260928697,87368.6673698144,87554.29862081949,81.10725331811211,83.05733025778956,High,Trending,train,2025-12,c555ac9efd53
1249,2025-12-29 14:54:00,2025-12-29 14:55:00,LONG,87733.27,87667.4700475,SL,1,5e-05,0.0008,0.0008500000000000001,-0.0007500000000000572,-0.001600000000000057,0.00217420369718352,0.0,87712.49485020993,87592.89075492964,11.472206766026046,14.254665769903276,High,Ranging,train,2025-12,c555ac9efd53
1250,2025-12-30 12:27:00,2025-12-30 12:36:00,LONG,88008.11,87942.1039175,SL,9,5e-05,0.0008,0.0008500000000000001,-0.0007499999999999592,-0.0015999999999999593,0.0007739059502584544,0.0006350551102619909,87910.12718276022,87805.93969967282,14.18620455317829,13.615765127235028,Low,Ranging,train,2025-12,c555ac9efd53
1251,2025-12-30 12:38:00,2025-12-30 13:08:00,LONG,87975.51,87950.88,MAX_HOLD,30,5e-05,0.0008,0.0008500000000000001,-0.0002799642764218145,-0.0011299642764218145,0.0006034633956654131,0.0008197735938104809,87939.533117697,87843.02727124844,28.26344086021098,22.050769520919914,Low,Ranging,train,2025-12,c555ac9efd53
1252,2025-12-30 13:54:00,2025-12-30 14:02:00,LONG,88066.52,88000.47011,SL,8,5e-05,0.0008,0.0008500000000000001,-0.0007500000000001058,-0.001600000000000106,0.001454128084089137,0.0007889490807629951,88030.16509931254,87983.70071040418,52.85495052124483,25.996054837025525,Medium,Ranging,train,2025-12,c555ac9efd53
1253,2025-12-30 14:30:00,2025-12-30 14:31:00,LONG,88130.53,88064.4321025,SL,1,5e-05,0.0008,0.0008500000000000001,-0.0007500000000000393,-0.0016000000000000393,0.0022784385842227763,0.0,88077.90376995852,88034.6054049766,19.076369838152242,16.245799437256643,High,Ranging,train,2025-12,c555ac9efd53
1254,2025-12-30 15:06:00,2025-12-30 15:07:00,LONG,88398.09,88331.79143249999,SL,1,5e-05,0.0008,0.0008500000000000001,-0.0007500000000001028,-0.0016000000000001029,0.0018929142021055177,0.0,88364.88620997315,88227.53418669275,15.987606625688265,11.630270173200335,High,Trending,train,2025-12,c555ac9efd53
1255,2025-12-31 12:07:00,2025-12-31 12:37:00,LONG,88944.04,88877.33196999998,SL,30,5e-05,0.0008,0.0008500000000000001,-0.0007500000000000999,-0.0016000000000001,0.0009484615270455512,0.0006291596379027353,88766.86074823192,88581.13675249253,21.108685861013026,12.070046831682186,Low,Trending,train,2025-12,c555ac9efd53
1256,2025-12-31 13:46:00,2025-12-31 13:50:00,SHORT,88780.23,88846.81517249999,SL,4,5e-05,0.0008,0.0008500000000000001,-0.0007499999999999513,-0.0015999999999999513,0.0013061466499918553,0.0,88809.03505633782,88792.37877808885,81.96112401047102,82.76355047192716,Medium,Ranging,train,2025-12,c555ac9efd53
1257,2025-12-31 14:25:00,2025-12-31 14:30:00,LONG,88996.28,88929.53279,SL,5,5e-05,0.0008,0.0008500000000000001,-0.0007500000000000153,-0.0016000000000000155,0.0017972661329214781,0.0,88978.11771377083,88913.96042370773,13.137248386252963,6.7401687415104545,Medium,Ranging,train,2025-12,c555ac9efd53
1258,2025-12-31 15:42:00,2025-12-31 15:49:00,SHORT,88060.26,88126.305195,SL,7,5e-05,0.0008,0.0008500000000000001,-0.0007499999999999862,-0.0015999999999999864,0.0010190748925793002,0.00046865634964045674,88155.11724863871,88360.04106791827,76.70031876016664,80.3362339602274,High,Trending,train,2025-12,c555ac9efd53
1259,2025-12-31 15:53:00,2025-12-31 15:59:00,SHORT,88064.03,87953.97,EOD,6,5e-05,0.0008,0.0008500000000000001,0.0012497724666926744,0.00039977246669267437,0.00020405607147437114,0.0014765392862443251,88125.13173975186,88302.83653270877,33.353473098652294,58.75880173011718,Medium,Ranging,train,2025-12,c555ac9efd53
1260,2026-01-01 12:15:00,2026-01-01 12:45:00,SHORT,88003.8,87979.26,MAX_HOLD,30,5e-05,0.0008,0.0008500000000000001,0.00027885159504485203,-0.000571148404955148,0.0003578254575369551,0.0008922341989778177,88061.68033564326,88201.10428494286,35.59358780876901,65.89221386959078,Low,Ranging,train,2026-01,c555ac9efd53
1261,2026-01-01 12:48:00,2026-01-01 13:18:00,SHORT,87979.26,87983.57,MAX_HOLD,30,5e-05,0.0008,0.0008500000000000001,-4.898881850122658e-05,-0.0008989888185012266,0.00014457952931180786,0.0009918246641310096,87999.79720355141,88093.2406776021,99.96179563784462,99.98079020614341,Low,Ranging,train,2026-01,c555ac9efd53
1262,2026-01-01 13:46:00,2026-01-01 14:16:00,SHORT,87965.81,87948.68,MAX_HOLD,30,5e-05,0.0008,0.0008500000000000001,0.00019473474978522515,-0.0006552652502147749,9.139914700959553e-05,0.001572429106262904,87978.10977905948,88011.77066151127,33.333333333333314,66.65171898356552,Low,Ranging,train,2026-01,c555ac9efd53
1263,2026-01-01 14:43:00,2026-01-01 14:52:00,SHORT,87883.68,87949.59276,SL,9,5e-05,0.0008,0.0008500000000000001,-0.0007500000000000744,-0.0016000000000000745,0.0009447715434767114,0.0,87905.59456455719,87937.25608617385,70.62814498818152,86.41308808387754,Low,Ranging,train,2026-01,c555ac9efd53
1264,2026-01-01 15:07:00,2026-01-01 15:37:00,LONG,87969.05,87990.99,MAX_HOLD,30,5e-05,0.0008,0.0008500000000000001,0.00024940589900655205,-0.0006005941009934481,0.0005986196281533504,0.001272606672460338,87933.52045129337,87941.61937776176,43.58567842516917,22.31910864491192,Low,Ranging,train,2026-01,c555ac9efd53
1265,2026-01-01 15:52:00,2026-01-01 15:59:00,LONG,88025.99,88032.18,EOD,7,5e-05,0.0008,0.0008500000000000001,7.032014067649539e-05,-0.0007796798593235046,0.00011564766269606927,0.00016040717065488662,87994.31433356267,87978.39694559755,29.634564141604812,23.41005156000053,Medium,Ranging,train,2026-01,c555ac9efd53
1266,2026-01-02 12:12:00,2026-01-02 12:42:00,LONG,89426.1,89509.99,MAX_HOLD,30,5e-05,0.0008,0.0008500000000000001,0.0009380930175865817,8.809301758658163e-05,0.0,0.001868246518633737,88585.77560369446,88318.75850687828,71.49876258747106,42.344706052425494,High,Trending,train,2026-01,c555ac9efd53
1267,2026-01-02 12:58:00,2026-01-02 13:15:00,LONG,89403.99,89582.79798,TP,17,5e-05,0.0008,0.0008500000000000001,0.001999999999999975,0.0011499999999999748,0.00023522440105859743,0.0023062729079539714,89343.13156001108,89023.35390548705,3.9586047994301485,1.9129835791325547,High,Trending,train,2026-01,c555ac9efd53
1268,2026-01-02 14:30:00,2026-01-02 14:31:00,SHORT,88900.0,88966.675,SL,1,5e-05,0.0008,0.0008500000000000001,-0.0007500000000000328,-0.0016000000000000328,0.0008374578177727457,0.0013385826771653542,89147.2201165205,89208.3705925663,85.39775186432631,86.7817629658329,High,Ranging,train,2026-01,c555ac9efd53
1269,2026-01-02 15:01:00,2026-01-02 15:02:00,LONG,89809.99,89742.6325075,SL,1,5e-05,0.0008,0.0008500000000000001,-0.0007499999999999928,-0.001599999999999993,0.0019149317353226569,0.0,89370.31624472656,89298.36290206645,57.722904160604315,38.2077121597377,High,Ranging,train,2026-01,c555ac9efd53
1270,2026-01-02 15:07:00,2026-01-02 15:08:00,LONG,89427.01,89359.93974249999,SL,1,5e-05,0.0008,0.0008500000000000001,-0.0007500000000000359,-0.0016000000000000359,0.002102384950587018,0.0,89369.49527027753,89306.37795105788,20.948362328791358,15.454484573091827,High,Ranging,train,2026-01,c555ac9efd53
1271,2026-01-02 15:55:00,2026-01-02 15:57:00,LONG,89571.68,89504.50123999998,SL,2,5e-05,0.0008,0.0008500000000000001,-0.0007500000000001093,-0.0016000000000001094,0.0015872204250271767,0.0012317509284184662,89474.98095561736,89386.36096441437,22.691830390868308,12.482414420693004,High,Ranging,train,2026-01,c555ac9efd53
1272,2026-01-03 12:01:00,2026-01-03 12:09:00,LONG,89740.01,89672.70499249999,SL,8,5e-05,0.0008,0.0008500000000000001,-0.0007500000000000721,-0.0016000000000000723,0.0008366390866237005,0.0,89489.10775973224,89403.48429974055,73.38871222627643,42.16971913598081,Low,Ranging,train,2026-01,c555ac9efd53
1273,2026-01-03 12:12:00,2026-01-03 12:42:00,LONG,89683.0,89783.64,MAX_HOLD,30,5e-05,0.0008,0.0008500000000000001,0.0011221747711383364,0.0002721747711383364,0.00016725577868715365,0.0013002464235139389,89559.29849728472,89459.44942541335,39.459786026338115,24.915994751998795,Low,Ranging,train,2026-01,c555ac9efd53
1274,2026-01-03 12:43:00,2026-01-03 12:46:00,LONG,89783.64,89963.20728,TP,3,5e-05,0.0008,0.0008500000000000001,0.0020000000000000326,0.0011500000000000325,0.0,0.0029221359258769257,89697.79978691957,89593.26326430147,55.28166562216598,31.088828540246325,Low,Ranging,train,2026-01,c555ac9efd53
1275,2026-01-03 13:14:00,2026-01-03 13:44:00,LONG,89922.26,89960.01,MAX_HOLD,30,5e-05,0.0008,0.0008500000000000001,0.0004198070644576771,-0.00043019293554232295,1.1120716933450417e-07,0.0015956004664474679,89881.60991030789,89760.96915233825,3.0267181942107744,1.8479016103390329,Low,Ranging,train,2026-01,c555ac9efd53
1276,2026-01-03 13:47:00,2026-01-03 14:17:00,LONG,89977.65,90055.82,MAX_HOLD,30,5e-05,0.0008,0.0008500000000000001,0.0008687713004286376,1.877130042863759e-05,0.00019615982413403974,0.000868882439139137,89962.0743248825,89872.77634836947,23.208702728162468,10.263134065166073,Medium,Ranging,train,2026-01,c555ac9efd53
1277,2026-01-03 14:49:00,2026-01-03 15:05:00,LONG,90123.77,90056.1771725,SL,16,5e-05,0.0008,0.0008500000000000001,-0.0007500000000000466,-0.0016000000000000467,0.001048336082700607,2.4965666660416e-05,90119.00176306728,90044.41505780123,13.053418902708628,8.05614503348208,Medium,Ranging,train,2026-01,c555ac9efd53
1278,2026-01-04 12:01:00,2026-01-04 12:08:00,LONG,91281.25,91212.7890625,SL,7,5e-05,0.0008,0.0008500000000000001,-0.00075,-0.0016,0.0008778363574118963,0.0005500581992469035,90120.71869032919,90080.50692931208,67.57477068810186,40.32081689086149,High,Ranging,train,2026-01,c555ac9efd53
1279,2026-01-04 12:11:00,2026-01-04 12:41:00,LONG,91251.07,91182.63169750001,SL,30,5e-05,0.0008,0.0008500000000000001,-0.0007499999999999871,-0.0015999999999999873,0.0009515504859285676,0.0011937394268362333,90498.71410205844,90295.92248923397,33.427957649227615,24.394428744109515,Low,Trending,train,2026-01,c555ac9efd53
1280,2026-01-04 12:46:00,2026-01-04 13:16:00,LONG,91133.22,91154.01,MAX_HOLD,30,5e-05,0.0008,0.0008500000000000001,0.0002281275697269733,-0.0006218724302730267,0.00025479183112372375,0.0009471847916708357,91047.20955021214,90769.27968568914,27.182923175126792,15.763007401653292,High,Trending,train,2026-01,c555ac9efd53
1281,2026-01-04 14:08:00,2026-01-04 14:25:00,LONG,91328.58,91260.083565,SL,17,5e-05,0.0008,0.0008500000000000001,-0.0007500000000000898,-0.0016000000000000898,0.0010880493269466726,0.0009924604105308482,91233.56579389883,91133.81763652292,56.35451928695257,30.90593156629775,Medium,Ranging,train,2026-01,c555ac9efd53
1282,2026-01-04 14:46:00,2026-01-04 14:50:00,SHORT,91182.72,91251.10704,SL,4,5e-05,0.0008,0.0008500000000000001,-0.0007500000000000157,-0.001600000000000016,0.0016046900114406813,6.240217444711375e-05,91230.28165349946,91191.73767746816,58.09834256250385,69.9298054174549,High,Ranging,train,2026-01,c555ac9efd53
1283,2026-01-04 15:07:00,2026-01-04 15:24:00,LONG,91329.5,91261.00287499999,SL,17,5e-05,0.0008,0.0008500000000000001,-0.0007500000000000981,-0.0016000000000000983,0.0009289440980186742,0.00010445693888605102,91279.6879627078,91234.12512836079,28.74818049490355,16.881503853765736,Low,Ranging,train,2026-01,c555ac9efd53
1284,2026-01-05 12:23:00,2026-01-05 12:29:00,LONG,92999.52,92929.77036,SL,6,5e-05,0.0008,0.0008500000000000001,-0.0007500000000000978,-0.0016000000000000979,0.0007710792485811367,0.0,92387.09137703887,91951.49931897811,14.795184053629294,9.491408050594126,High,Trending,train,2026-01,c555ac9efd53
1285,2026-01-05 12:36:00,2026-01-05 12:39:00,LONG,92910.34,92840.657245,SL,3,5e-05,0.0008,0.0008500000000000001,-0.0007500000000000176,-0.0016000000000000176,0.0007540603123398071,0.00010300252910501657,92607.45683476608,92176.09245351794,30.01752537223412,17.91413547116159,Low,Trending,train,2026-01,c555ac9efd53
1286,2026-01-05 12:47:00,2026-01-05 13:07:00,LONG,92829.65,93015.3093,TP,20,5e-05,0.0008,0.0008500000000000001,0.001999999999999993,0.001149999999999993,0.0005347429404290485,0.002050530191592943,92691.36272232924,92308.07833177134,46.712388357348196,26.14339156467412,High,Trending,train,2026-01,c555ac9efd53
1287,2026-01-05 14:10:00,2026-01-05 14:27:00,LONG,92786.88,92717.28984,SL,17,5e-05,0.0008,0.0008500000000000001,-0.0007500000000000756,-0.0016000000000000758,0.0009363392755528007,0.0004808869529829577,92735.47922058502,92668.23294945469,19.92688481361206,15.177118062825405,High,Ranging,train,2026-01,c555ac9efd53
1288,2026-01-05 14:30:00,2026-01-05 14:31:00,LONG,92766.91,92697.3348175,SL,1,5e-05,0.0008,0.0008500000000000001,-0.0007500000000000463,-0.0016000000000000463,0.0016914436408413678,0.00030280193659567304,92752.22494121613,92700.89833709541,35.05045962975152,29.47222917927594,High,Ranging,train,2026-01,c555ac9efd53
1289,2026-01-06 12:07:00,2026-01-06 12:31:00,LONG,93928.72,93858.27346,SL,24,5e-05,0.0008,0.0008500000000000001,-0.0007500000000000475,-0.0016000000000000476,0.0010190706314320173,0.0005576569126035642,93725.4805498839,93501.67204241335,59.257460799194575,29.72592041558885,Medium,Ranging,train,2026-01,c555ac9efd53
1290,2026-01-06 12:34:00,2026-01-06 13:00:00,LONG,93842.69,93772.3079825,SL,26,5e-05,0.0008,0.0008500000000000001,-0.0007500000000000008,-0.0016000000000000007,0.0008040050855319374,0.0008214811404063173,93837.06429634232,93667.64901240499,13.9831157237715,11.390052682512454,Low,Ranging,train,2026-01,c555ac9efd53
1291,2026-01-06 14:00:00,2026-01-06 14:04:00,SHORT,93716.53,93786.8173975,SL,4,5e-05,0.0008,0.0008500000000000001,-0.0007499999999999636,-0.0015999999999999636,0.0008906646458207657,0.0,93729.4075679429,93733.78088114696,88.80664543333582,89.90258385104148,Medium,Ranging,train,2026-01,c555ac9efd53
1292,2026-01-06 14:34:00,2026-01-06 14:35:00,LONG,94115.17,94044.5836225,SL,1,5e-05,0.0008,0.0008500000000000001,-0.0007500000000000366,-0.0016000000000000367,0.001017051767531219,0.0006972308502443904,94042.23408475492,93928.65519064806,18.541396038061873,12.453105885661634,High,Ranging,train,2026-01,c555ac9efd53
1293,2026-01-06 14:51:00,2026-01-06 14:52:00,LONG,94099.7,94029.125225,SL,1,5e-05,0.0008,0.0008500000000000001,-0.0007500000000000102,-0.0016000000000000103,0.004878867839110978,0.0,94049.99237462808,93968.60372488946,54.97566399051169,35.28935634207186,High,Ranging,train,2026-01,c555ac9efd53
1294,2026-01-06 15:35:00,2026-01-06 15:36:00,LONG,94051.98,93981.44101499999,SL,1,5e-05,0.0008,0.0008500000000000001,-0.0007500000000000692,-0.0016000000000000692,0.00321045872718466,0.0,93991.1437565932,93955.52661003114,23.054951357472987,22.428086296184464,High,Ranging,train,2026-01,c555ac9efd53
1295,2026-01-07 12:01:00,2026-01-07 12:31:00,SHORT,92129.84,92081.94,MAX_HOLD,30,5e-05,0.0008,0.0008500000000000001,0.0005199184107993044,-0.0003300815892006957,0.0005116691834046322,0.001350376816024032,93574.7310844787,93721.86467559174,35.59581037412156,59.570111924997974,Medium,Trending,train,2026-01,c555ac9efd53
1296,2026-01-07 12:34:00,2026-01-07 13:04:00,SHORT,92044.0,92060.22,MAX_HOLD,30,5e-05,0.0008,0.0008500000000000001,-0.0001762200686628261,-0.001026220068662826,0.00021859110860018407,0.0007199817478597636,92478.91703814117,92929.7409205273,47.93869399438907,70.03506367934519,Medium,Trending,train,2026-01,c555ac9efd53
1297,2026-01-07 14:38:00,2026-01-07 14:39:00,SHORT,91640.0,91708.73,SL,1,5e-05,0.0008,0.0008500000000000001,-0.0007499999999999556,-0.0015999999999999556,0.0020631820165867196,0.0,91748.12159260549,91924.06502795589,72.1097929751096,79.72667958640021,High,Ranging,train,2026-01,c555ac9efd53
1298,2026-01-07 15:13:00,2026-01-07 15:16:00,SHORT,91672.35,91489.0053,TP,3,5e-05,0.0008,0.0008500000000000001,0.002000000000000016,0.001150000000000016,0.00026354729643113695,0.002343018369224833,91787.13802430192,91871.20575438351,61.64869630589572,71.80799245768233,High,Ranging,train,2026-01,c555ac9efd53
1299,2026-01-08 12:26:00,2026-01-08 12:44:00,SHORT,89947.0,90014.46025,SL,18,5e-05,0.0008,0.0008500000000000001,-0.0007500000000000414,-0.0016000000000000415,0.0007889090242032131,0.0018348583054464695,90467.24487453597,90899.56293915116,81.16437225578325,83.39975016225743,Medium,Trending,train,2026-01,c555ac9efd53
1300,2026-01-08 12:46:00,2026-01-08 12:50:00,SHORT,89987.19,90054.6803925,SL,4,5e-05,0.0008,0.0008500000000000001,-0.0007499999999999582,-0.0015999999999999582,0.0010301466242028125,0.00014035331028788273,90169.41494208892,90578.10140599341,83.34995726572411,90.90687206017337,Low,Trending,train,2026-01,c555ac9efd53
1301,2026-01-08 12:52:00,2026-01-08 13:22:00,SHORT,90037.44,90080.16,MAX_HOLD,30,5e-05,0.0008,0.0008500000000000001,-0.00047446928744310327,-0.0013244692874431034,0.0005837571570226527,0.0012266008451595506,90138.30989371803,90515.41203484306,60.378281428338816,73.53337760272841,Medium,Trending,train,2026-01,c555ac9efd53
1302,2026-01-08 14:01:00,2026-01-08 14:05:00,SHORT,89911.47,89731.64706,TP,4,5e-05,0.0008,0.0008500000000000001,0.00199999999999998,0.00114999999999998,0.0,0.002098731118510209,89980.40870412256,90113.72432163851,37.41730090036256,59.949592929743964,Low,Ranging,train,2026-01,c555ac9efd53
1303,2026-01-08 15:38:00,2026-01-08 15:41:00,LONG,90428.55,90609.4071,TP,3,5e-05,0.0008,0.0008500000000000001,0.0019999999999999315,0.0011499999999999315,0.0007025436103973671,0.0024820700984368,90290.1729085094,90161.54699033078,25.004747162023502,23.010558935450888,High,Ranging,train,2026-01,c555ac9efd53
1304,2026-01-08 15:50:00,2026-01-08 15:52:00,LONG,90383.43,90564.19686,TP,2,5e-05,0.0008,0.0008500000000000001,0.0020000000000000373,0.0011500000000000373,0.0,0.002181705208576421,90354.2876905155,90225.5189853676,40.89814990863184,24.934240148169362,High,Ranging,train,2026-01,c555ac9efd53
1305,2026-01-09 12:06:00,2026-01-09 12:10:00,LONG,90525.77,90457.8756725,SL,4,5e-05,0.0008,0.0008500000000000001,-0.0007500000000000618,-0.0016000000000000619,0.0014399214720847535,0.0008589819230479316,90435.68629610706,90307.87598787235,17.123908386883183,12.424960168911776,Medium,Ranging,train,2026-01,c555ac9efd53
1306,2026-01-09 13:09:00,2026-01-09 13:12:00,LONG,90474.38,90655.32876,TP,3,5e-05,0.0008,0.0008500000000000001,0.0019999999999999922,0.0011499999999999922,0.0,0.002148785103583898,90432.22865761889,90387.24422719219,46.08359150462321,22.1503053553394,Medium,Ranging,train,2026-01,c555ac9efd53
1307,2026-01-09 14:22:00,2026-01-09 14:28:00,SHORT,90485.23,90553.0939225,SL,6,5e-05,0.0008,0.0008500000000000001,-0.0007500000000000874,-0.0016000000000000875,0.001091559362782236,0.0007376894549530349,90494.83896677372,90499.26046693095,83.96811412157153,92.85668633743875,Medium,Ranging,train,2026-01,c555ac9efd53
1308,2026-01-09 15:46:00,2026-01-09 15:48:00,LONG,91397.95,91329.4015375,SL,2,5e-05,0.0008,0.0008500000000000001,-0.0007499999999999494,-0.0015999999999999496,0.0014216949067238633,0.0017470851370299616,91031.10015126423,90765.93496446399,29.30141927126182,14.259612576825296,High,Trending,train,2026-01,c555ac9efd53
1309,2026-01-10 12:20:00,2026-01-10 12:50:00,SHORT,90761.19,90735.66,MAX_HOLD,30,5e-05,0.0008,0.0008500000000000001,0.0002812876296575534,-0.0005687123703424467,0.0001630652925551429,0.0010515507784770377,90893.14939603297,90819.74279630097,63.661254377595604,74.93882411795538,Low,Ranging,train,2026-01,c555ac9efd53
1310,2026-01-10 12:52:00,2026-01-10 13:22:00,SHORT,90706.66,90721.51,MAX_HOLD,30,5e-05,0.0008,0.0008500000000000001,-0.00016371454973638394,-0.001013714549736384,0.0007289431669074282,0.0,90763.88052955274,90770.15155085578,40.652644552581464,69.09877951891524,Low,Ranging,train,2026-01,c555ac9efd53
1311,2026-01-10 13:42:00,2026-01-10 14:12:00,SHORT,90717.11,90538.47,MAX_HOLD,30,5e-05,0.0008,0.0008500000000000001,0.0019691985337716273,0.0011191985337716272,7.021828627472087e-05,0.0019693087665600697,90728.08228267627,90740.14526976302,77.71707584907632,81.01972050094857,Low,Ranging,train,2026-01,c555ac9efd53
1312,2026-01-10 14:25:00,2026-01-10 14:55:00,SHORT,90623.87,90578.95,MAX_HOLD,30,5e-05,0.0008,0.0008500000000000001,0.0004956751460735263,-0.00035432485392647374,7.205607087844335e-05,0.0007183537847146814,90656.4245098723,90686.1455254848,74.31283484741955,86.51681031135122,Medium,Ranging,train,2026-01,c555ac9efd53
1313,2026-01-11 13:11:00,2026-01-11 13:27:00,LONG,90924.02,90855.826985,SL,16,5e-05,0.0008,0.0008500000000000001,-0.0007499999999999681,-0.0015999999999999682,0.0011278647820455244,0.00045246569608338276,90895.0939098621,90830.1993401322,14.86671728750485,7.3758287259634585,Low,Trending,train,2026-01,c555ac9efd53
1314,2026-01-11 13:42:00,2026-01-11 14:05:00,SHORT,90845.5,90913.634125,SL,23,5e-05,0.0008,0.0008500000000000001,-0.0007499999999999654,-0.0015999999999999656,0.0009069243936133261,0.0002002300609276445,90883.40272451838,90855.60644350966,33.360085124221975,61.348099429162495,Low,Ranging,train,2026-01,c555ac9efd53
1315,2026-01-11 14:19:00,2026-01-11 14:49:00,LONG,90944.58,91051.05,MAX_HOLD,30,5e-05,0.0008,0.0008500000000000001,0.001170712977068025,0.0003207129770680249,0.0,0.001170712977068025,90900.84331924675,90878.01978810821,27.136367532347133,12.922487928907193,Medium,Ranging,train,2026-01,c555ac9efd53
1316,2026-01-11 15:06:00,2026-01-11 15:11:00,LONG,91047.28,90978.99454,SL,5,5e-05,0.0008,0.0008500000000000001,-0.0007499999999999907,-0.0015999999999999908,0.0017105398425961242,0.00046140862198184023,91024.00885674765,90975.62739435873,7.550241169765133,6.0941800743463235,High,Ranging,train,2026-01,c555ac9efd53
1317,2026-01-11 15:42:00,2026-01-11 15:48:00,SHORT,90964.52,90782.59096,TP,6,5e-05,0.0008,0.0008500000000000001,0.00200000000000003,0.00115000000000003,0.0,0.0028172522649490598,90980.4699921661,90971.2520858775,39.64111329350156,70.86847396947759,High,Ranging,train,2026-01,c555ac9efd53
1318,2026-01-12 12:01:00,2026-01-12 12:05:00,SHORT,90671.2,90739.2034,SL,4,5e-05,0.0008,0.0008500000000000001,-0.0007500000000000157,-0.001600000000000016,0.001077409364825902,0.00034387986483021087,90885.15175707224,90918.4049448367,40.337112670373266,67.72093022388036,High,Ranging,train,2026-01,c555ac9efd53
1319,2026-01-12 12:20:00,2026-01-12 12:50:00,SHORT,90802.92,90782.42,MAX_HOLD,30,5e-05,0.0008,0.0008500000000000001,0.00022576366486892714,-0.0006242363351310729,0.0006698022486502304,0.0013423577127255316,90818.6395187289,90866.83102130804,90.55231192755156,93.97614249239554,High,Ranging,train,2026-01,c555ac9efd53
1320,2026-01-12 13:56:00,2026-01-12 14:17:00,SHORT,90658.05,90476.7339,TP,21,5e-05,0.0008,0.0008500000000000001,0.0019999999999999597,0.0011499999999999596,9.640622095876413e-05,0.0023116535156007326,90687.92206367553,90722.48171186371,62.648735562671305,80.28646851186886,Low,Ranging,train,2026-01,c555ac9efd53
1321,2026-01-13 12:41:00,2026-01-13 13:01:00,LONG,92103.09,92034.01268249999,SL,20,5e-05,0.0008,0.0008500000000000001,-0.0007500000000000734,-0.0016000000000000736,0.0010494761902125488,0.0005329897183688029,91934.29903631753,91664.89910094484,30.309859048265242,18.514569649054398,Low,Trending,train,2026-01,c555ac9efd53
1322,2026-01-13 13:17:00,2026-01-13 13:30:00,LONG,92033.0,92217.066,TP,13,5e-05,0.0008,0.0008500000000000001,0.002000000000000067,0.0011500000000000668,0.000358458379059742,0.005921788923538296,92027.92580597916,91869.90933607827,30.422044650161155,20.58089106749796,Low,Ranging,train,2026-01,c555ac9efd53
1323,2026-01-13 13:42:00,2026-01-13 13:47:00,LONG,92193.11,92123.96516749999,SL,5,5e-05,0.0008,0.0008500000000000001,-0.0007500000000001,-0.0016000000000001,0.000770990370104683,0.000778040788514412,92128.2005353519,91990.66187294046,20.37221307369215,13.168696868717547,High,Ranging,train,2026-01,c555ac9efd53
1324,2026-01-13 13:54:00,2026-01-13 13:55:00,LONG,92252.0,92182.811,SL,1,5e-05,0.0008,0.0008500000000000001,-0.0007499999999999836,-0.0015999999999999838,0.0015609417682001475,0.0,92146.67983869114,92030.48230977057,53.04555078604042,34.4602889040644,High,Ranging,train,2026-01,c555ac9efd53
1325,2026-01-13 14:13:00,2026-01-13 14:16:00,SHORT,91989.59,92058.5821925,SL,3,5e-05,0.0008,0.0008500000000000001,-0.0007500000000000975,-0.0016000000000000974,0.0009670659473534604,0.0005050571483141936,92065.47681426133,92019.84123964056,57.07236563504841,79.37504000541033,Medium,Ranging,train,2026-01,c555ac9efd53
1326,2026-01-13 14:53:00,2026-01-13 14:54:00,LONG,92539.31,92469.9055175,SL,1,5e-05,0.0008,0.0008500000000000001,-0.0007500000000000206,-0.0016000000000000207,0.0013057153765248708,0.0008144646853320535,92432.7224335191,92277.78382062148,32.00958010446131,19.72213848176708,High,Ranging,train,2026-01,c555ac9efd53
1327,2026-01-13 15:52:00,2026-01-13 15:54:00,LONG,92920.96,93106.80192000001,TP,2,5e-05,0.0008,0.0008500000000000001,0.002000000000000067,0.0011500000000000668,7.75928272803725e-05,0.0023572722451424694,92713.51998922016,92550.37941346214,39.56427504696597,28.753092426769246,Medium,Ranging,train,2026-01,c555ac9efd53
1328,2026-01-14 12:47:00,2026-01-14 13:04:00,LONG,95068.66,94997.358505,SL,17,5e-05,0.0008,0.0008500000000000001,-0.0007500000000000734,-0.0016000000000000736,0.0009834997148376761,0.00022825608355053168,94737.12096618509,94124.74030024967,6.409839030561668,5.012203349950014,Low,Trending,train,2026-01,c555ac9efd53
1329,2026-01-14 13:07:00,2026-01-14 13:21:00,LONG,94989.77,95179.74954,TP,14,5e-05,0.0008,0.0008500000000000001,0.0020000000000000026,0.0011500000000000026,0.00027381895966280696,0.002164759426199159,94906.5064269969,94428.92749099775,44.78153105728369,23.64988869638047,Medium,Ranging,train,2026-01,c555ac9efd53
1330,2026-01-14 13:36:00,2026-01-14 13:48:00,LONG,95085.74,95014.425695,SL,12,5e-05,0.0008,0.0008500000000000001,-0.0007500000000000752,-0.0016000000000000753,0.0012434041108583735,0.0005967245982414469,95045.09533685319,94725.3167558335,24.11627448391935,12.731366934510914,Medium,Ranging,train,2026-01,c555ac9efd53
1331,2026-01-14 14:31:00,2026-01-14 14:32:00,LONG,95687.8,95616.03415,SL,1,5e-05,0.0008,0.0008500000000000001,-0.0007499999999999596,-0.0015999999999999595,0.0033969847775787813,0.0,95400.15482873375,95153.89701308591,21.142238564109324,20.319631283264798,High,Ranging,train,2026-01,c555ac9efd53
1332,2026-01-14 14:35:00,2026-01-14 14:36:00,LONG,95536.13,95464.4779025,SL,1,5e-05,0.0008,0.0008500000000000001,-0.0007500000000000222,-0.0016000000000000224,0.0012936467072720138,0.0005763264641345391,95413.06971861431,95179.52506622307,40.27663276417834,31.29949078708817,High,Ranging,train,2026-01,c555ac9efd53
1333,2026-01-14 15:05:00,2026-01-14 15:06:00,LONG,96373.49,96566.23698,TP,1,5e-05,0.0008,0.0008500000000000001,0.001999999999999961,0.001149999999999961,0.0,0.002682376657730199,96070.21247980034,95694.25009812896,33.96988707314142,19.26808971520524,Medium,Ranging,train,2026-01,c555ac9efd53
1334,2026-01-14 15:34:00,2026-01-14 15:37:00,LONG,96757.57,96685.00182250001,SL,3,5e-05,0.0008,0.0008500000000000001,-0.0007499999999999745,-0.0015999999999999747,0.0018411996084648334,0.0019061040908736444,96576.69174233875,96182.91547375555,38.52396029686941,22.750977701481883,High,Ranging,train,2026-01,c555ac9efd53
1335,2026-01-15 12:04:00,2026-01-15 12:22:00,LONG,96653.99,96581.4995075,SL,18,5e-05,0.0008,0.0008500000000000001,-0.0007500000000000101,-0.0016000000000000103,0.0009724378683177511,0.0004343328195762629,96605.1219059861,96374.7231048631,39.41905108176463,28.30694082551462,Medium,Ranging,train,2026-01,c555ac9efd53
1336,2026-01-15 13:11:00,2026-01-15 13:31:00,LONG,96878.84,96806.18087,SL,20,5e-05,0.0008,0.0008500000000000001,-0.0007500000000000001,-0.0016000000000000003,0.00188596395249976,0.0011622765095040963,96808.97284585975,96679.09021100812,18.19526144696592,17.086012859855828,Low,Ranging,train,2026-01,c555ac9efd53
1337,2026-01-15 14:01:00,2026-01-15 14:09:00,LONG,96868.01,97061.74601999999,TP,8,5e-05,0.0008,0.0008500000000000001,0.0019999999999999653,0.0011499999999999653,0.0,0.002394908288092274,96851.61777732504,96790.69734857276,28.738770607214054,15.932588958752751,Low,Ranging,train,2026-01,c555ac9efd53
1338,2026-01-15 14:54:00,2026-01-15 14:55:00,SHORT,96177.65,96249.7832375,SL,1,5e-05,0.0008,0.0008500000000000001,-0.0007500000000000587,-0.0016000000000000588,0.002557038979430331,0.0,96424.56543616971,96588.73782173713,89.11393617571252,85.13642894956276,High,Ranging,train,2026-01,c555ac9efd53
1339,2026-01-15 14:57:00,2026-01-15 15:02:00,SHORT,96203.56,96275.71267,SL,5,5e-05,0.0008,0.0008500000000000001,-0.0007499999999999569,-0.001599999999999957,0.001144864077795036,0.0019381819134343039,96397.54231419235,96565.36329889394,53.69341996397552,76.0737727393139,High,Ranging,train,2026-01,c555ac9efd53
1340,2026-01-15 15:14:00,2026-01-15 15:15:00,SHORT,96195.3,96267.446475,SL,1,5e-05,0.0008,0.0008500000000000001,-0.0007500000000000142,-0.0016000000000000142,0.0008253001965792447,0.00029710391256123475,96296.69690435671,96456.82435696386,74.81657048639774,80.60089768251437,High,Ranging,train,2026-01,c555ac9efd53
1341,2026-01-15 15:47:00,2026-01-15 15:49:00,SHORT,95688.23,95496.85354,TP,2,5e-05,0.0008,0.0008500000000000001,0.001999999999999995,0.0011499999999999948,0.00018863344007933797,0.0026368969307927676,96015.73811779816,96208.32063729182,43.17979910981516,62.177549997163176,High,Trending,train,2026-01,c555ac9efd53
1342,2026-01-16 12:19:00,2026-01-16 12:49:00,SHORT,95510.31,95410.46,MAX_HOLD,30,5e-05,0.0008,0.0008500000000000001,0.0010454368748252546,0.00019543687482525456,0.0006144886347872007,0.0010455415755639425,95704.2407006842,95923.07257074537,93.35605944682914,85.14622900974443,Low,Trending,train,2026-01,c555ac9efd53
1343,2026-01-16 12:59:00,2026-01-16 13:14:00,SHORT,95442.48,95514.06186,SL,15,5e-05,0.0008,0.0008500000000000001,-0.0007500000000000596,-0.0016000000000000597,0.0009169920982774554,0.0005315243275321002,95507.60828458596,95671.22678906494,80.39643470564702,83.64632205156998,Low,Ranging,train,2026-01,c555ac9efd53
1344,2026-01-16 13:53:00,2026-01-16 14:01:00,SHORT,95437.11,95508.6878325,SL,8,5e-05,0.0008,0.0008500000000000001,-0.0007499999999999917,-0.0015999999999999916,0.001302009249860927,4.442716255768054e-05,95468.96714704031,95537.49332004531,64.16160941981035,80.47019285937039,Low,Ranging,train,2026-01,c555ac9efd53
1345,2026-01-17 12:22:00,2026-01-17 12:52:00,LONG,95304.2,95251.17,MAX_HOLD,30,5e-05,0.0008,0.0008500000000000001,-0.000556428782781859,-0.001406428782781859,0.0006355438690004474,0.0,95095.54842846906,95109.63533689422,7.327110308139581,4.478524600689063,Low,Ranging,train,2026-01,c555ac9efd53
1346,2026-01-17 12:55:00,2026-01-17 13:25:00,LONG,95246.74,95335.8,MAX_HOLD,30,5e-05,0.0008,0.0008500000000000001,0.0009350451259538926,8.504512595389256e-05,0.0005032193227821505,0.0013161605321085066,95216.2685316769,95182.92254740866,0.07845712610254246,0.06479331635673874,Low,Ranging,train,2026-01,c555ac9efd53
1347,2026-01-17 13:40:00,2026-01-17 14:10:00,LONG,95348.32,95390.21,MAX_HOLD,30,5e-05,0.0008,0.0008500000000000001,0.00043933652947424155,-0.0004106634705257585,0.0,0.0009440124377649733,95309.20154615249,95261.89094200094,37.5405719884833,16.731260317301917,Medium,Ranging,train,2026-01,c555ac9efd53
1348,2026-01-17 14:29:00,2026-01-17 14:59:00,LONG,95453.32,95471.18,MAX_HOLD,30,5e-05,0.0008,0.0008500000000000001,0.00018710716400420675,-0.0006628928359957933,0.0004238721083772298,0.0009507264912315254,95403.8807939497,95359.06386116578,66.65802934608696,33.3332868012962,Medium,Ranging,train,2026-01,c555ac9efd53
1349,2026-01-17 15:16:00,2026-01-17 15:23:00,LONG,95545.59,95473.9308075,SL,7,5e-05,0.0008,0.0008500000000000001,-0.000749999999999955,-0.0015999999999999552,0.001119779573290517,7.776392400745621e-05,95481.94253130862,95439.30682144505,37.149280269178355,23.10544136995938,Medium,Ranging,train,2026-01,c555ac9efd53
1350,2026-01-18 12:33:00,2026-01-18 13:03:00,SHORT,95141.02,95104.56,MAX_HOLD,30,5e-05,0.0008,0.0008500000000000001,0.0003832206129386294,-0.00046677938706137065,0.0002436383381215906,0.0006274895938681032,95229.28704270016,95313.2825289903,81.66861463688376,93.87521271284758,Medium,Trending,train,2026-01,c555ac9efd53
1351,2026-01-18 13:33:00,2026-01-18 13:40:00,SHORT,94946.14,95017.349605,SL,7,5e-05,0.0008,0.0008500000000000001,-0.0007499999999999619,-0.001599999999999962,0.0023314270595940034,0.0,95038.7377160269,95124.07159754132,63.29768539439076,70.61304413315554,Medium,Trending,train,2026-01,c555ac9efd53
1352,2026-01-18 13:54:00,2026-01-18 14:16:00,LONG,95166.21,95356.54242000001,TP,22,5e-05,0.0008,0.0008500000000000001,0.002000000000000064,0.0011500000000000637,0.0002037487885668602,0.0022069808180865754,95090.1745025363,95123.39247984554,20.752247638545597,14.215311496712332,Medium,Ranging,train,2026-01,c555ac9efd53
1353,2026-01-18 14:26:00,2026-01-18 14:40:00,LONG,95202.49,95131.08813250001,SL,14,5e-05,0.0008,0.0008500000000000001,-0.0007499999999999687,-0.0015999999999999686,0.0007855886962621266,0.0005307634285615726,95168.49385953875,95156.58986015392,8.337555575525615,6.696064822869651,High,Ranging,train,2026-01,c555ac9efd53
1354,2026-01-18 15:08:00,2026-01-18 15:38:00,SHORT,94998.5,95069.748875,SL,30,5e-05,0.0008,0.0008500000000000001,-0.0007500000000000502,-0.0016000000000000502,0.0008158023547740228,9.736995847302852e-05,95077.6246701364,95110.49546239841,71.61764705882513,77.00452896277687,Low,Ranging,train,2026-01,c555ac9efd53
1355,2026-01-18 15:48:00,2026-01-18 15:59:00,LONG,95087.38,95119.28,EOD,11,5e-05,0.0008,0.0008500000000000001,0.0003354809018819761,-0.000514519098118024,0.0002774290342209939,0.00040057892014688497,95059.8171976245,95077.69245642137,46.32710142793272,30.737685113817133,Medium,Ranging,train,2026-01,c555ac9efd53
1356,2026-01-19 12:21:00,2026-01-19 12:34:00,SHORT,93117.99,93187.8284925,SL,13,5e-05,0.0008,0.0008500000000000001,-0.0007499999999999905,-0.0015999999999999905,0.0008592324641027449,0.0014874676740768277,93916.9288802641,94374.5928115866,79.91171655689678,83.82503215365234,High,Trending,train,2026-01,c555ac9efd53
1357,2026-01-19 12:35:00,2026-01-19 13:04:00,SHORT,93190.2,93003.8196,TP,29,5e-05,0.0008,0.0008500000000000001,0.0019999999999999415,0.0011499999999999414,0.0003888820927522984,0.002039055608851618,93572.19291468919,94065.81727830373,93.44819818415478,95.83452520312478,High,Trending,train,2026-01,c555ac9efd53
1358,2026-01-19 13:15:00,2026-01-19 13:40:00,SHORT,92991.51,93061.2536325,SL,25,5e-05,0.0008,0.0008500000000000001,-0.0007500000000000182,-0.0016000000000000183,0.0017190816667026977,0.0019805033814377063,93158.67576827799,93515.94334665274,59.592399192548214,73.2593850279515,High,Ranging,train,2026-01,c555ac9efd53
1359,2026-01-19 14:52:00,2026-01-19 15:02:00,SHORT,92877.5,92947.158125,SL,10,5e-05,0.0008,0.0008500000000000001,-0.0007500000000000188,-0.001600000000000019,0.000780598099647385,0.0010358805954079988,92877.3556735473,92989.91928932423,67.40614334471185,84.22463363597208,High,Ranging,train,2026-01,c555ac9efd53
1360,2026-01-20 12:01:00,2026-01-20 12:13:00,SHORT,91235.99,91304.4169925,SL,12,5e-05,0.0008,0.0008500000000000001,-0.0007499999999999686,-0.0015999999999999686,0.0009091806862620451,0.0005506598876167753,92859.86604590777,92921.611975683,29.038255419793174,59.304840124713174,High,Ranging,train,2026-01,c555ac9efd53
1361,2026-01-20 12:38:00,2026-01-20 12:50:00,SHORT,91166.46,91234.834845,SL,12,5e-05,0.0008,0.0008500000000000001,-0.000749999999999983,-0.001599999999999983,0.000905815581739021,6.888498248164278e-05,91570.95586794663,92018.91034794101,59.5011447860959,72.1188445330642,High,Trending,train,2026-01,c555ac9efd53
1362,2026-01-20 12:53:00,2026-01-20 13:01:00,SHORT,91212.74,91281.14955500001,SL,8,5e-05,0.0008,0.0008500000000000001,-0.0007500000000000618,-0.0016000000000000619,0.0008430839814700685,0.0,91407.44927900602,91808.63138136346,74.37298121034861,83.4402919990785,Medium,Trending,train,2026-01,c555ac9efd53
1363,2026-01-20 13:23:00,2026-01-20 13:34:00,SHORT,91010.46,90828.43908000001,TP,11,5e-05,0.0008,0.0008500000000000001,0.0019999999999999493,0.0011499999999999492,0.0,0.002565199648480036,91153.2337190031,91469.88403165301,70.23579638050144,83.16277798601278,Medium,Ranging,train,2026-01,c555ac9efd53
1364,2026-01-20 13:42:00,2026-01-20 14:03:00,SHORT,91035.46,91103.73659500001,SL,21,5e-05,0.0008,0.0008500000000000001,-0.0007500000000000329,-0.0016000000000000328,0.0008040822773894599,0.0011930515867113823,91051.958854656,91308.53100359949,74.85132881841172,85.16927484738208,High,Ranging,train,2026-01,c555ac9efd53
1365,2026-01-20 14:31:00,2026-01-20 14:32:00,SHORT,90958.98,90777.06203999999,TP,1,5e-05,0.0008,0.0008500000000000001,0.0020000000000000677,0.0011500000000000676,0.0,0.0024074588347406264,90989.68695330225,91110.208118839,57.9647370093451,75.45322668423853,High,Ranging,train,2026-01,c555ac9efd53
1366,2026-01-20 15:16:00,2026-01-20 15:17:00,SHORT,90237.83,90305.5083725,SL,1,5e-05,0.0008,0.0008500000000000001,-0.0007499999999999852,-0.0015999999999999851,0.00273854103096224,0.0,90535.14826341909,90752.30882957777,72.44472640055126,75.93786071279379,High,Ranging,train,2026-01,c555ac9efd53
1367,2026-01-21 12:01:00,2026-01-21 12:06:00,SHORT,88774.56,88597.01088,TP,5,5e-05,0.0008,0.0008500000000000001,0.0019999999999999554,0.0011499999999999553,0.0006853314733409718,0.0021015029530982486,90402.11813507369,90557.06701180116,36.697297006824535,59.72476947451159,Medium,Ranging,train,2026-01,c555ac9efd53
1368,2026-01-21 12:37:00,2026-01-21 12:38:00,SHORT,88578.13,88644.5635975,SL,1,5e-05,0.0008,0.0008500000000000001,-0.0007499999999999937,-0.0015999999999999938,0.0010586134523272225,0.0,88912.59657009243,89480.36287969767,94.81452578271426,96.65281022204755,Medium,Trending,train,2026-01,c555ac9efd53
1369,2026-01-21 12:41:00,2026-01-21 12:50:00,SHORT,88631.89,88698.3639175,SL,9,5e-05,0.0008,0.0008500000000000001,-0.0007499999999999946,-0.0015999999999999947,0.0010761363658160134,0.0011614329785814375,88872.3623225216,89415.80661339936,87.26667907349342,91.32289576632051,Low,Trending,train,2026-01,c555ac9efd53
1370,2026-01-21 12:54:00,2026-01-21 12:55:00,SHORT,88658.32,88724.81374000001,SL,1,5e-05,0.0008,0.0008500000000000001,-0.0007500000000000602,-0.0016000000000000601,0.0008310556753161238,0.0,88778.89925779511,89238.02237356607,78.57032171818115,78.51855509023041,Medium,Trending,train,2026-01,c555ac9efd53
1371,2026-01-21 12:59:00,2026-01-21 13:04:00,SHORT,88736.3,88802.85222500001,SL,5,5e-05,0.0008,0.0008500000000000001,-0.0007500000000000758,-0.0016000000000000758,0.0020755880062611693,0.000687993526888127,88771.44267067018,89190.4051852527,78.40870118414311,84.77053312776978,Low,Trending,train,2026-01,c555ac9efd53
1372,2026-01-21 13:37:00,2026-01-21 13:48:00,SHORT,88840.12,88662.43976,TP,11,5e-05,0.0008,0.0008500000000000001,0.002000000000000017,0.001150000000000017,0.0,0.0028854080791425826,88842.44700376283,89016.33109881554,50.020962809509484,68.76179372996745,Low,Ranging,train,2026-01,c555ac9efd53
1373,2026-01-21 14:30:00,2026-01-21 14:31:00,LONG,89594.54,89773.72907999999,TP,1,5e-05,0.0008,0.0008500000000000001,0.0019999999999999606,0.0011499999999999605,0.0,0.0033804515319796266,89240.52272844968,89134.84497944494,57.61946275251813,34.26728697069806,High,Ranging,train,2026-01,c555ac9efd53
1374,2026-01-21 14:48:00,2026-01-21 14:49:00,LONG,89732.79,89665.4904075,SL,1,5e-05,0.0008,0.0008500000000000001,-0.0007499999999999951,-0.001599999999999995,0.0024822587150136613,0.0,89465.09106886765,89300.78279726068,39.10179340968205,28.440431956654663,High,Ranging,train,2026-01,c555ac9efd53
1375,2026-01-21 15:32:00,2026-01-21 15:38:00,LONG,90019.59,89952.0753075,SL,6,5e-05,0.0008,0.0008500000000000001,-0.0007500000000000091,-0.0016000000000000092,0.0018839232660357208,0.001964128030354256,90006.03201198915,89758.3324810575,29.821158071666066,20.555164972875087,High,Ranging,train,2026-01,c555ac9efd53
1376,2026-01-22 13:10:00,2026-01-22 13:15:00,SHORT,90000.0,90067.5,SL,5,5e-05,0.0008,0.0008500000000000001,-0.00075,-0.0016,0.0010718888888889017,0.0,90033.33112978388,90002.35298661186,43.62943690041897,60.81117184687465,Low,Ranging,train,2026-01,c555ac9efd53
1377,2026-01-22 14:16:00,2026-01-22 14:21:00,SHORT,89689.55,89510.1709,TP,5,5e-05,0.0008,0.0008500000000000001,0.002000000000000062,0.001150000000000062,4.1810891012386615e-05,0.002559384008504925,89699.94284187406,89802.03585038846,89.26989052667312,88.77909383945381,Medium,Ranging,train,2026-01,c555ac9efd53
1378,2026-01-22 14:32:00,2026-01-22 14:35:00,SHORT,89574.39,89395.24122,TP,3,5e-05,0.0008,0.0008500000000000001,0.0020000000000000356,0.0011500000000000355,0.00025286245320782177,0.003802426117554424,89630.10038868964,89733.75649186109,70.54930887507346,82.42128504138408,High,Ranging,train,2026-01,c555ac9efd53
1379,2026-01-22 14:42:00,2026-01-22 14:45:00,SHORT,89535.61,89356.53878,TP,3,5e-05,0.0008,0.0008500000000000001,0.0019999999999999775,0.0011499999999999774,0.0005181178751113598,0.0025197795603335987,89587.83810428085,89690.97837644046,73.35996553479829,78.75609407019,Medium,Ranging,train,2026-01,c555ac9efd53
1380,2026-01-22 14:57:00,2026-01-22 14:58:00,SHORT,89153.85,89220.71538750001,SL,1,5e-05,0.0008,0.0008500000000000001,-0.0007500000000000203,-0.0016000000000000202,0.0009279464655760342,0.0002180500337338469,89449.07640198167,89585.49794000809,38.69264910575941,59.62333633893886,High,Ranging,train,2026-01,c555ac9efd53
1381,2026-01-22 15:12:00,2026-01-22 15:13:00,SHORT,89163.5,89230.372625,SL,1,5e-05,0.0008,0.0008500000000000001,-0.0007500000000000405,-0.0016000000000000406,0.0020916630684080367,0.0,89349.94415104217,89492.57777395436,52.63273978649011,64.57337039125106,High,Ranging,train,2026-01,c555ac9efd53
1382,2026-01-22 15:41:00,2026-01-22 15:42:00,SHORT,88822.8,88889.4171,SL,1,5e-05,0.0008,0.0008500000000000001,-0.0007500000000000351,-0.0016000000000000352,0.0017342394069990317,0.0,89034.2407956522,89238.01203521958,84.19942344185405,85.30732775337691,High,Trending,train,2026-01,c555ac9efd53
1383,2026-01-23 13:02:00,2026-01-23 13:32:00,LONG,89297.51,89288.58,MAX_HOLD,30,5e-05,0.0008,0.0008500000000000001,-0.00010000278843153651,-0.0009500027884315366,0.0005607099234905031,0.0014492005432178736,89227.77700357816,89218.00662284349,54.2772672661261,27.867254131436056,Low,Ranging,train,2026-01,c555ac9efd53
1384,2026-01-23 13:56:00,2026-01-23 14:01:00,LONG,89356.7,89289.682475,SL,5,5e-05,0.0008,0.0008500000000000001,-0.0007500000000000329,-0.0016000000000000328,0.001146752286062502,0.00011179911523148503,89325.99562412266,89297.25894776573,32.66984280668402,21.116950082028186,Low,Ranging,train,2026-01,c555ac9efd53
1385,2026-01-24 12:08:00,2026-01-24 12:38:00,LONG,89544.19,89519.99,MAX_HOLD,30,5e-05,0.0008,0.0008500000000000001,-0.00027025762363808403,-0.001120257623638084,0.0006401308672288731,0.0004378843563160474,89391.75753342462,89293.08911897315,1.9773586667838758,1.6531239409301193,Low,Trending,train,2026-01,c555ac9efd53
1386,2026-01-24 12:39:00,2026-01-24 13:09:00,LONG,89520.0,89527.25,MAX_HOLD,30,5e-05,0.0008,0.0008500000000000001,8.098748882931188e-05,-0.0007690125111706882,1.117068810853587e-07,0.00019906166219846945,89498.5024464179,89408.98657857189,22.892488182628217,11.448083009510029,Low,Ranging,train,2026-01,c555ac9efd53
1387,2026-01-24 13:13:00,2026-01-24 13:43:00,LONG,89535.59,89536.77,MAX_HOLD,30,5e-05,0.0008,0.0008500000000000001,1.3179116818324054e-05,-0.000836820883181676,0.00016183508703065104,5.416840387164278e-05,89525.2121950175,89470.765772567,64.68178953995239,38.4268010921518,Low,Ranging,train,2026-01,c555ac9efd53
1388,2026-01-24 14:11:00,2026-01-24 14:41:00,SHORT,89445.57,89507.75,MAX_HOLD,30,5e-05,0.0008,0.0008500000000000001,-0.0006951713762905531,-0.001545171376290553,0.0007432453054969175,0.0005013104617703376,89475.33894116784,89480.6975863779,73.74308136222008,87.60817552119067,Medium,Ranging,train,2026-01,c555ac9efd53
1389,2026-01-24 15:15:00,2026-01-24 15:28:00,LONG,89470.52,89403.41711,SL,13,5e-05,0.0008,0.0008500000000000001,-0.0007500000000001029,-0.001600000000000103,0.0008952669549702608,0.0,89464.21724432925,89469.63358140572,35.69035323904878,28.797254867880582,High,Ranging,train,2026-01,c555ac9efd53
1390,2026-01-25 12:19:00,2026-01-25 12:24:00,SHORT,88601.51,88667.9611325,SL,5,5e-05,0.0008,0.0008500000000000001,-0.0007500000000000652,-0.0016000000000000653,0.0014050550605740832,0.0006565350861401601,88931.37716302046,89131.14156693919,55.93735363228341,79.52366307930549,High,Trending,train,2026-01,c555ac9efd53
1391,2026-01-25 12:28:00,2026-01-25 12:44:00,SHORT,88684.05,88750.5630375,SL,16,5e-05,0.0008,0.0008500000000000001,-0.0007500000000000089,-0.001600000000000009,0.0009009511856979262,0.00028325273823207096,88848.73838779294,89052.81352898268,67.63343275245705,78.25922799238315,High,Trending,train,2026-01,c555ac9efd53
1392,2026-01-25 12:50:00,2026-01-25 13:06:00,SHORT,88756.88,88823.44766,SL,16,5e-05,0.0008,0.0008500000000000001,-0.0007500000000000068,-0.0016000000000000068,0.0010208786068189933,0.0005137629894156466,88782.7864856036,88938.77366739328,60.82958174612995,77.81963618971476,High,Trending,train,2026-01,c555ac9efd53
1393,2026-01-25 14:39:00,2026-01-25 15:09:00,SHORT,88700.36,88720.0,MAX_HOLD,30,5e-05,0.0008,0.0008500000000000001,-0.00022141961994291137,-0.0010714196199429113,0.00028444078468222594,0.0008102560124896376,88781.46089821085,88815.67902799603,69.95126273815117,76.35504356816153,Medium,Ranging,train,2026-01,c555ac9efd53
1394,2026-01-26 12:19:00,2026-01-26 12:49:00,SHORT,87903.5,87773.24,MAX_HOLD,30,5e-05,0.0008,0.0008500000000000001,0.001481852258442437,0.000631852258442437,0.00035607228381125794,0.0019125518324070753,88213.43604502297,88414.08588749231,87.89410783276621,92.77929635234932,High,Trending,train,2026-01,c555ac9efd53
1395,2026-01-26 12:55:00,2026-01-26 13:15:00,SHORT,87820.0,87885.865,SL,20,5e-05,0.0008,0.0008500000000000001,-0.0007500000000000596,-0.0016000000000000597,0.000781598724664079,0.0015782281940333162,87907.58403860455,88108.74007543868,81.2341460889295,89.07487304971244,Low,Trending,train,2026-01,c555ac9efd53
1396,2026-01-26 13:17:00,2026-01-26 13:18:00,SHORT,87809.84,87875.69738,SL,1,5e-05,0.0008,0.0008500000000000001,-0.0007500000000000147,-0.0016000000000000146,0.0014243278429844194,0.0,87839.17167052334,87995.22840273648,75.08369778346243,75.3863097947986,High,Ranging,train,2026-01,c555ac9efd53
1397,2026-01-26 15:29:00,2026-01-26 15:30:00,LONG,88437.79,88371.4616575,SL,1,5e-05,0.0008,0.0008500000000000001,-0.0007499999999999688,-0.0015999999999999689,0.0011056359504234428,0.0006864712471897637,88344.41114073609,88195.06456903875,31.33965453255296,19.480681844441392,High,Ranging,train,2026-01,c555ac9efd53
1398,2026-01-26 15:54:00,2026-01-26 15:55:00,SHORT,87570.91,87636.58818250001,SL,1,5e-05,0.0008,0.0008500000000000001,-0.000750000000000081,-0.001600000000000081,0.0010173469705864254,0.00010585707057291142,87975.70144117661,88040.21141775131,68.09484421204463,76.04033641520337,Medium,Ranging,train,2026-01,c555ac9efd53
1399,2026-01-27 12:33:00,2026-01-27 12:45:00,LONG,88070.71,88004.6569675,SL,12,5e-05,0.0008,0.0008500000000000001,-0.0007499999999999996,-0.0015999999999999996,0.0008028775968764916,0.0,88033.52029968581,88036.41377003849,24.592971598214586,15.833787351480872,Low,Ranging,train,2026-01,c555ac9efd53
1400,2026-01-27 13:07:00,2026-01-27 13:37:00,SHORT,87962.0,88027.9715,SL,30,5e-05,0.0008,0.0008500000000000001,-0.000749999999999996,-0.001599999999999996,0.0009397239717150985,0.0018507992087492657,88008.07286693873,88019.8851273338,26.34248403969491,58.510916237060506,Low,Ranging,train,2026-01,c555ac9efd53
1401,2026-01-28 12:18:00,2026-01-28 12:19:00,LONG,89953.56,89886.09483,SL,1,5e-05,0.0008,0.0008500000000000001,-0.0007499999999999539,-0.0015999999999999539,0.001075666154846954,0.0,88989.76204458383,88543.10271730743,12.584304419187845,7.509500790264609,Low,Trending,train,2026-01,c555ac9efd53
1402,2026-01-28 12:22:00,2026-01-28 12:23:00,LONG,89944.0,89876.542,SL,1,5e-05,0.0008,0.0008500000000000001,-0.0007499999999999858,-0.001599999999999986,0.0015440718669394806,0.0,89122.88566989789,88646.6160627621,43.286365365891804,25.97201688944069,Medium,Trending,train,2026-01,c555ac9efd53
1403,2026-01-28 12:54:00,2026-01-28 13:10:00,LONG,89926.04,90105.89207999999,TP,16,5e-05,0.0008,0.0008500000000000001,0.001999999999999966,0.0011499999999999662,0.0,0.0041474082479335955,89692.23779505306,89242.35602305684,57.2274895540632,34.863429503611684,High,Trending,train,2026-01,c555ac9efd53
1404,2026-01-28 13:22:00,2026-01-28 13:36:00,LONG,90102.79,90282.99557999999,TP,14,5e-05,0.0008,0.0008500000000000001,0.0019999999999999376,0.0011499999999999375,0.0005663531617611269,0.003110891460741703,89971.18034479678,89609.09310156488,15.664171244316607,14.257819695867965,Low,Ranging,train,2026-01,c555ac9efd53
1405,2026-01-28 13:59:00,2026-01-28 14:07:00,LONG,90213.76,90146.09968,SL,8,5e-05,0.0008,0.0008500000000000001,-0.0007499999999999492,-0.0015999999999999491,0.0007860219993046398,0.0006985630573429605,90212.4512876505,89956.88120846142,21.180155873070344,9.926233307243026,Low,Ranging,train,2026-01,c555ac9efd53
1406,2026-01-28 14:37:00,2026-01-28 14:40:00,SHORT,89962.21,89782.28558000001,TP,3,5e-05,0.0008,0.0008500000000000001,0.0019999999999999523,0.0011499999999999523,0.0,0.0026145422616897294,90107.70098641959,90029.9513924899,39.60025789813098,62.69490746745013,High,Ranging,train,2026-01,c555ac9efd53
1407,2026-01-28 15:24:00,2026-01-28 15:27:00,SHORT,89200.01,89266.9100075,SL,3,5e-05,0.0008,0.0008500000000000001,-0.0007500000000000856,-0.0016000000000000857,0.0013450671137818313,0.0011211882151133702,89511.95258062669,89680.52970828985,73.01343063197521,80.12614225831776,Medium,Ranging,train,2026-01,c555ac9efd53
1408,2026-01-28 15:33:00,2026-01-28 15:36:00,SHORT,89294.2,89361.17065,SL,3,5e-05,0.0008,0.0008500000000000001,-0.0007500000000000329,-0.0016000000000000328,0.0018642868181808132,0.0007107964459057941,89444.32003436693,89615.54338293031,69.51418370951355,76.65954430977094,Low,Ranging,train,2026-01,c555ac9efd53
1409,2026-01-28 15:41:00,2026-01-28 15:42:00,SHORT,89410.5,89477.557875,SL,1,5e-05,0.0008,0.0008500000000000001,-0.0007499999999999844,-0.0015999999999999845,0.0007854782156457679,1.1408056100839103e-05,89430.13850123095,89582.2377760556,80.70627313544162,82.61098484624586,Low,Ranging,train,2026-01,c555ac9efd53
1410,2026-01-29 12:12:00,2026-01-29 12:16:00,SHORT,88026.67,88092.6900025,SL,4,5e-05,0.0008,0.0008500000000000001,-0.0007500000000000973,-0.0016000000000000974,0.000924038135260558,0.0002836640304580551,88860.03565267625,89191.685886869,77.76469963588694,83.69605087247788,Low,Ranging,train,2026-01,c555ac9efd53
1411,2026-01-29 12:38:00,2026-01-29 12:40:00,SHORT,88033.91,87857.84218,TP,2,5e-05,0.0008,0.0008500000000000001,0.001999999999999961,0.001149999999999961,0.0,0.0022489061317395817,88308.53876304392,88711.68958875138,66.11391308777871,84.24926682192257,Medium,Trending,train,2026-01,c555ac9efd53
1412,2026-01-29 12:49:00,2026-01-29 12:58:00,SHORT,88026.41,88092.42980750001,SL,9,5e-05,0.0008,0.0008500000000000001,-0.0007500000000000912,-0.0016000000000000914,0.001021738816793759,0.0002501521986413404,88195.65533498926,88568.93768292222,72.48809543611671,85.28701180268563,Low,Ranging,train,2026-01,c555ac9efd53
1413,2026-01-29 13:02:00,2026-01-29 13:29:00,SHORT,88110.31,88176.3927325,SL,27,5e-05,0.0008,0.0008500000000000001,-0.0007499999999999899,-0.0015999999999999899,0.0008169305045005054,0.0002771525829383446,88143.59694971003,88453.3336692827,93.7382378100961,94.76665716187101,Low,Ranging,train,2026-01,c555ac9efd53
1414,2026-01-29 14:03:00,2026-01-29 14:17:00,SHORT,88003.88,88069.88291,SL,14,5e-05,0.0008,0.0008500000000000001,-0.00074999999999995,-0.00159999999999995,0.0007590574415581263,0.0005823606868242627,88066.2129046553,88183.55600119366,36.2266118088994,65.31918388660095,Medium,Ranging,train,2026-01,c555ac9efd53
1415,2026-01-29 15:55:00,2026-01-29 15:56:00,SHORT,84813.02,84876.629765,SL,1,5e-05,0.0008,0.0008500000000000001,-0.0007500000000000125,-0.0016000000000000124,0.003973210716939402,0.0,85371.93866737741,86103.5251947153,82.51158034049186,81.15074627686471,High,Trending,train,2026-01,c555ac9efd53
1416,2026-01-30 12:43:00,2026-01-30 12:50:00,SHORT,82823.93,82886.04794749999,SL,7,5e-05,0.0008,0.0008500000000000001,-0.000749999999999944,-0.001599999999999944,0.0012589356723353273,0.0013760515831594399,83271.63193371693,84178.45111421126,77.76909676172477,79.98116392499537,Low,Trending,train,2026-01,c555ac9efd53
1417,2026-01-30 12:52:00,2026-01-30 13:05:00,SHORT,82820.01,82654.36997999999,TP,13,5e-05,0.0008,0.0008500000000000001,0.0020000000000000746,0.0011500000000000746,0.0004818883745607311,0.00275307863401604,83134.78012650728,83954.29501611271,58.69532013685168,75.68358899525441,Medium,Trending,train,2026-01,c555ac9efd53
1418,2026-01-30 13:15:00,2026-01-30 13:30:00,SHORT,82755.2,82589.6896,TP,15,5e-05,0.0008,0.0008500000000000001,0.0019999999999999905,0.0011499999999999904,0.0006886576311821522,0.004030683268241726,82895.0659982492,83505.60109120022,68.90449725527832,77.5306476890532,Low,Ranging,train,2026-01,c555ac9efd53
1419,2026-01-30 14:31:00,2026-01-30 14:32:00,LONG,83069.1,83006.798175,SL,1,5e-05,0.0008,0.0008500000000000001,-0.0007500000000000274,-0.0016000000000000276,0.0029092646964998152,0.0013013262452583603,82922.869967911,83023.55318352292,30.412054553014453,29.973938012598982,High,Ranging,train,2026-01,c555ac9efd53
1420,2026-01-30 14:56:00,2026-01-30 14:57:00,LONG,83250.0,83187.5625,SL,1,5e-05,0.0008,0.0008500000000000001,-0.00075,-0.0016,0.004235075075075159,0.0,83195.02041916801,83154.08038292047,30.845579351019733,23.30104740400948,High,Ranging,train,2026-01,c555ac9efd53
1421,2026-01-31 12:22:00,2026-01-31 12:24:00,SHORT,82948.98,83011.191735,SL,2,5e-05,0.0008,0.0008500000000000001,-0.0007500000000000532,-0.0016000000000000532,0.0009873539132127813,0.0,83013.01219907751,83059.43540170538,58.18594629247129,73.13321277736024,Low,Ranging,train,2026-01,c555ac9efd53
1422,2026-01-31 12:45:00,2026-01-31 12:50:00,SHORT,82918.77,82752.93246000001,TP,5,5e-05,0.0008,0.0008500000000000001,0.0019999999999999176,0.0011499999999999176,0.000406421851168283,0.002191421797501415,82970.98966115418,83017.6714239465,75.74271282947956,80.36972764515205,Low,Ranging,train,2026-01,c555ac9efd53
1423,2026-01-31 13:11:00,2026-01-31 13:17:00,SHORT,82836.25,82898.37718750001,SL,6,5e-05,0.0008,0.0008500000000000001,-0.0007500000000001124,-0.0016000000000001126,0.0008129291222139644,0.0005825951802501292,82867.43733071833,82933.14847697745,68.6241020936694,78.41600844307881,Low,Ranging,train,2026-01,c555ac9efd53
1424,2026-01-31 13:20:00,2026-01-31 13:32:00,SHORT,82823.23,82657.58353999999,TP,12,5e-05,0.0008,0.0008500000000000001,0.0020000000000000434,0.0011500000000000433,0.0004198097562725346,0.002133097199903919,82860.91352366135,82918.66594511585,48.44892407204879,70.33085352851602,Low,Ranging,train,2026-01,c555ac9efd53
1425,2026-01-31 13:48:00,2026-01-31 13:55:00,SHORT,82634.16,82696.13562,SL,7,5e-05,0.0008,0.0008500000000000001,-0.0007499999999999689,-0.001599999999999969,0.0011115257903025972,0.0005344036897089956,82725.0417416045,82812.47107406778,57.45299761479271,67.41902178713241,Medium,Trending,train,2026-01,c555ac9efd53
1426,2026-01-31 14:57:00,2026-01-31 14:58:00,SHORT,81449.04,81510.12677999999,SL,1,5e-05,0.0008,0.0008500000000000001,-0.0007499999999999732,-0.0015999999999999734,0.0012909912750353931,0.0,81614.25073838199,81997.41769460791,87.86128641638372,89.55495675685728,Medium,Trending,train,2026-01,c555ac9efd53
1427,2026-01-31 15:36:00,2026-01-31 15:44:00,SHORT,81289.53,81350.4971475,SL,8,5e-05,0.0008,0.0008500000000000001,-0.000750000000000084,-0.001600000000000084,0.0009313622553852434,0.0014781731423469111,81353.86753009519,81617.10246691786,53.59674401136246,71.18094871514546,High,Ranging,train,2026-01,c555ac9efd53
1428,2026-02-01 12:14:00,2026-02-01 12:22:00,SHORT,78605.46,78448.24908000001,TP,8,5e-05,0.0008,0.0008500000000000001,0.0019999999999999706,0.0011499999999999705,0.0002676658847870567,0.0022506070189017846,80107.6678117217,80759.79566195063,73.5514204357367,81.94048711048367,Medium,Trending,train,2026-02,c555ac9efd53
1429,2026-02-01 12:23:00,2026-02-01 12:24:00,SHORT,78458.01,78301.09397999999,TP,1,5e-05,0.0008,0.0008500000000000001,0.002000000000000054,0.0011500000000000538,0.0,0.002727701097695376,79624.79199148045,80389.51848237895,22.243857361947203,53.66771010459155,High,Trending,train,2026-02,c555ac9efd53
1430,2026-02-01 12:34:00,2026-02-01 12:35:00,SHORT,78492.82,78551.68961500001,SL,1,5e-05,0.0008,0.0008500000000000001,-0.0007500000000000413,-0.0016000000000000415,0.0012710716725426543,5.1979276575892497e-05,79197.796184508,80000.84112658775,85.88381932373186,85.2401046575725,Low,Trending,train,2026-02,c555ac9efd53
1431,2026-02-01 12:38:00,2026-02-01 12:39:00,SHORT,78612.61,78455.38478000001,TP,1,5e-05,0.0008,0.0008500000000000001,0.0019999999999999107,0.0011499999999999106,0.0,0.0021406234953908645,79106.5282451516,79891.70890898054,60.540659110648825,79.92337479139648,High,Trending,train,2026-02,c555ac9efd53
1432,2026-02-01 13:04:00,2026-02-01 13:10:00,SHORT,78560.0,78618.92,SL,6,5e-05,0.0008,0.0008500000000000001,-0.0007499999999999778,-0.0015999999999999777,0.0017768584521384485,0.00024872708757629324,78702.59339776948,79318.29040408586,71.42392593458545,83.49078212554724,Low,Ranging,train,2026-02,c555ac9efd53
1433,2026-02-01 13:14:00,2026-02-01 13:21:00,SHORT,78671.38,78730.383535,SL,7,5e-05,0.0008,0.0008500000000000001,-0.0007499999999999516,-0.0015999999999999517,0.0012367903041740002,0.0006785186684154346,78681.9986112228,79194.8367803842,72.22494288800567,81.550185835162,Medium,Ranging,train,2026-02,c555ac9efd53
1434,2026-02-01 13:25:00,2026-02-01 13:29:00,SHORT,78631.7,78690.673775,SL,4,5e-05,0.0008,0.0008500000000000001,-0.0007500000000000744,-0.0016000000000000745,0.0008577965375287205,0.00030140515847930404,78681.42092596152,79093.17656420029,33.24705778250047,56.385865557624385,Low,Ranging,train,2026-02,c555ac9efd53
1435,2026-02-01 13:49:00,2026-02-01 13:51:00,SHORT,78596.45,78439.2571,TP,2,5e-05,0.0008,0.0008500000000000001,0.0019999999999999307,0.0011499999999999306,0.0,0.002699994719863198,78616.40131781652,78897.1781636187,57.051931343117126,81.68995300707725,High,Ranging,train,2026-02,c555ac9efd53
1436,2026-02-02 12:36:00,2026-02-02 12:43:00,LONG,77907.33,77848.8995025,SL,7,5e-05,0.0008,0.0008500000000000001,-0.0007499999999999709,-0.0015999999999999708,0.0007807994446735852,0.0008839989767329382,77887.68378682883,77837.19050384828,6.50997731107099,3.499521025515706,Medium,Ranging,train,2026-02,c555ac9efd53
1437,2026-02-02 12:47:00,2026-02-02 12:49:00,LONG,77893.05,77834.63021250001,SL,2,5e-05,0.0008,0.0008500000000000001,-0.0007499999999999414,-0.0015999999999999413,0.0008631065287595739,0.0,77888.85110160192,77847.94872280027,40.81349206349387,29.98798473735353,Low,Ranging,train,2026-02,c555ac9efd53
1438,2026-02-02 12:52:00,2026-02-02 12:57:00,LONG,77883.36,78039.12672,TP,5,5e-05,0.0008,0.0008500000000000001,0.0019999999999999953,0.0011499999999999952,8.564088657703332e-05,0.002256451185465101,77883.28270642596,77848.87588550226,45.26773229150947,29.69341159140681,Medium,Ranging,train,2026-02,c555ac9efd53
1439,2026-02-02 13:20:00,2026-02-02 13:22:00,LONG,77930.56,78086.42112,TP,2,5e-05,0.0008,0.0008500000000000001,0.002000000000000018,0.0011500000000000178,9.713775956431512e-05,0.0025404667950544167,77895.16647942067,77872.65213304578,43.666277258565664,28.876897266494115,Medium,Ranging,train,2026-02,c555ac9efd53
1440,2026-02-02 13:41:00,2026-02-02 13:42:00,SHORT,77858.0,77916.3935,SL,1,5e-05,0.0008,0.0008500000000000001,-0.0007500000000000718,-0.0016000000000000719,0.0018488787279405724,0.0,77917.31170797849,77895.44120307316,48.11449579831855,65.80736998636739,Medium,Ranging,train,2026-02,c555ac9efd53
1441,2026-02-02 14:07:00,2026-02-02 14:08:00,LONG,78067.99,78009.4390075,SL,1,5e-05,0.0008,0.0008500000000000001,-0.0007500000000001005,-0.0016000000000001005,0.0017163244500083227,0.0,78005.06694378455,77955.04882814744,15.48782894564315,12.408707874292721,Medium,Ranging,train,2026-02,c555ac9efd53
1442,2026-02-02 14:52:00,2026-02-02 14:53:00,LONG,78564.3,78505.376775,SL,1,5e-05,0.0008,0.0008500000000000001,-0.0007500000000000753,-0.0016000000000000753,0.003007727428361265,0.0,78273.51506703538,78137.7391676365,49.488863087373964,35.509396791935046,High,Ranging,train,2026-02,c555ac9efd53
1443,2026-02-02 15:13:00,2026-02-02 15:14:00,SHORT,78080.01,78138.57000749999,SL,1,5e-05,0.0008,0.0008500000000000001,-0.0007499999999999561,-0.001599999999999956,0.0040213878046379,0.0,78107.20881169642,78083.66039801422,72.52211509688404,77.62307461923965,High,Ranging,train,2026-02,c555ac9efd53
1444,2026-02-02 15:56:00,2026-02-02 15:57:00,LONG,78762.01,78702.93849249999,SL,1,5e-05,0.0008,0.0008500000000000001,-0.0007500000000000555,-0.0016000000000000556,0.0016469869166619944,0.0007493460362426515,78695.47851405607,78490.41105666208,12.376438165404556,14.445156260862754,Medium,Trending,train,2026-02,c555ac9efd53
1445,2026-02-02 15:58:00,2026-02-02 15:59:00,LONG,78821.02,78761.90423500001,SL,1,5e-05,0.0008,0.0008500000000000001,-0.0007499999999999366,-0.0015999999999999365,0.0008556093285776095,0.00037325068871220206,78704.07183861923,78502.83959477943,28.521296438839162,19.56940496164579,Medium,Trending,train,2026-02,c555ac9efd53
1446,2026-02-03 12:31:00,2026-02-03 12:33:00,SHORT,78285.93,78344.64444749999,SL,2,5e-05,0.0008,0.0008500000000000001,-0.0007499999999999363,-0.0015999999999999363,0.0007886474619386299,0.00034450634999145586,78334.58832638217,78352.52075511536,84.95794547901198,88.07801897893044,Medium,Ranging,train,2026-02,c555ac9efd53
1447,2026-02-03 12:34:00,2026-02-03 12:38:00,SHORT,78264.44,78323.13833,SL,4,5e-05,0.0008,0.0008500000000000001,-0.0007499999999999905,-0.0015999999999999905,0.0010041597435565437,0.0007339220723997044,78327.44048269924,78347.83864873245,49.082019753010194,69.77685966561474,Low,Ranging,train,2026-02,c555ac9efd53
1448,2026-02-03 12:42:00,2026-02-03 12:46:00,SHORT,78313.95,78372.6854625,SL,4,5e-05,0.0008,0.0008500000000000001,-0.0007500000000000092,-0.0016000000000000094,0.0010683920297724513,0.0011485820853117112,78320.36959343897,78340.83005602335,79.31924680093016,82.29390780789733,Low,Ranging,train,2026-02,c555ac9efd53
1449,2026-02-03 14:05:00,2026-02-03 14:14:00,SHORT,78320.01,78378.7500075,SL,9,5e-05,0.0008,0.0008500000000000001,-0.0007500000000000529,-0.001600000000000053,0.0008299283925014821,0.000731230754439249,78324.9279045017,78332.04992422211,49.868731066977766,65.76215454732043,Low,Ranging,train,2026-02,c555ac9efd53
1450,2026-02-04 12:01:00,2026-02-04 12:02:00,SHORT,76047.53,76104.5656475,SL,1,5e-05,0.0008,0.0008500000000000001,-0.0007500000000000102,-0.0016000000000000103,0.00128669530752683,0.0,77660.3424366353,77752.92771235072,29.214345816963498,57.76528975940143,Medium,Ranging,train,2026-02,c555ac9efd53
1451,2026-02-04 12:22:00,2026-02-04 12:26:00,SHORT,76235.99,76083.51802,TP,4,5e-05,0.0008,0.0008500000000000001,0.002000000000000027,0.0011500000000000269,0.0,0.002644813820873903,76809.87572866362,77206.75675253302,86.13994481186688,87.54604718927072,Medium,Trending,train,2026-02,c555ac9efd53
1452,2026-02-04 12:36:00,2026-02-04 12:39:00,SHORT,76220.9,76068.4582,TP,3,5e-05,0.0008,0.0008500000000000001,0.002000000000000007,0.001150000000000007,0.0,0.002000894767708001,76523.00115490102,76945.85389079124,67.15595539213999,84.35440190551864,High,Trending,train,2026-02,c555ac9efd53
1453,2026-02-04 13:33:00,2026-02-04 13:34:00,SHORT,75893.84,75742.05232,TP,1,5e-05,0.0008,0.0008500000000000001,0.001999999999999921,0.001149999999999921,0.0,0.002938578414269057,76038.77979899298,76316.42106646711,57.28402773192638,74.81293237723538,High,Ranging,train,2026-02,c555ac9efd53
1454,2026-02-04 14:09:00,2026-02-04 14:11:00,SHORT,75124.82,75181.16361500001,SL,2,5e-05,0.0008,0.0008500000000000001,-0.0007500000000000695,-0.0016000000000000697,0.0012348781667628557,0.0011026981495597732,75372.72575413491,75743.63374362231,65.22234378544088,80.35321358600181,High,Trending,train,2026-02,c555ac9efd53
1455,2026-02-04 14:17:00,2026-02-04 14:18:00,SHORT,75233.18,75289.604885,SL,1,5e-05,0.0008,0.0008500000000000001,-0.0007500000000000048,-0.0016000000000000048,0.0022173727070955527,0.0,75341.0840372293,75671.4830420037,72.84319976573924,82.48975655585882,Low,Ranging,train,2026-02,c555ac9efd53
1456,2026-02-04 15:15:00,2026-02-04 15:16:00,SHORT,74850.03,74906.1675225,SL,1,5e-05,0.0008,0.0008500000000000001,-0.0007500000000001115,-0.0016000000000001115,0.0008080157082100825,0.0019775543176135542,74901.02798240601,75155.4240853895,64.8744762771779,74.84756014922141,High,Ranging,train,2026-02,c555ac9efd53
1457,2026-02-05 12:31:00,2026-02-05 12:32:00,SHORT,69686.87,69547.49626,TP,1,5e-05,0.0008,0.0008500000000000001,0.001999999999999935,0.001149999999999935,0.0,0.002119911541442397,71059.12913850785,72392.37375136926,68.68319782264014,76.40519853502867,High,Trending,train,2026-02,c555ac9efd53
1458,2026-02-05 13:09:00,2026-02-05 13:10:00,SHORT,69698.44,69750.71383000001,SL,1,5e-05,0.0008,0.0008500000000000001,-0.0007500000000000796,-0.0016000000000000797,0.0011222632816459187,0.0013809491288470732,69872.30430630098,70866.71866132111,71.69352394814719,80.76993737869616,Low,Ranging,train,2026-02,c555ac9efd53
1459,2026-02-05 13:38:00,2026-02-05 13:40:00,SHORT,69530.88,69391.81824000001,TP,2,5e-05,0.0008,0.0008500000000000001,0.001999999999999955,0.0011499999999999549,0.0005059622429630261,0.0024540175530642595,69601.6599590462,70255.39253110265,79.5623308474618,86.06081214252771,Low,Ranging,train,2026-02,c555ac9efd53
1460,2026-02-05 15:43:00,2026-02-05 15:44:00,SHORT,67644.91,67509.62018,TP,1,5e-05,0.0008,0.0008500000000000001,0.00200000000000008,0.0011500000000000798,0.0,0.0027985845498204914,68040.88892732246,68705.0243272953,80.57107403700654,86.0030363566359,High,Ranging,train,2026-02,c555ac9efd53
1461,2026-02-05 15:54:00,2026-02-05 15:55:00,SHORT,67876.95,67741.1961,TP,1,5e-05,0.0008,0.0008500000000000001,0.001999999999999942,0.0011499999999999419,0.0,0.004025372383408447,67898.66086377065,68491.63018862282,71.73284806488643,82.92044923437358,High,Ranging,train,2026-02,c555ac9efd53
1462,2026-02-06 12:28:00,2026-02-06 12:30:00,SHORT,66462.63,66329.70474,TP,2,5e-05,0.0008,0.0008500000000000001,0.0020000000000000543,0.0011500000000000542,0.0,0.002948574258948241,66828.40914484691,67506.82408691512,78.59093861595902,86.03386338787999,Low,Ranging,train,2026-02,c555ac9efd53
1463,2026-02-06 12:45:00,2026-02-06 12:46:00,SHORT,66339.43,66389.1845725,SL,1,5e-05,0.0008,0.0008500000000000001,-0.0007500000000001371,-0.0016000000000001371,0.0011407996722312443,0.0,66555.97435030402,67151.05149351186,84.95500672667323,84.94498337147675,Low,Ranging,train,2026-02,c555ac9efd53
1464,2026-02-06 12:49:00,2026-02-06 12:55:00,SHORT,66397.88,66447.67841000001,SL,6,5e-05,0.0008,0.0008500000000000001,-0.000750000000000046,-0.001600000000000046,0.001266907919349162,0.0012254909343492578,66532.59383218727,67093.17186107808,76.83387143228168,86.92888399118634,Low,Ranging,train,2026-02,c555ac9efd53
1465,2026-02-06 14:17:00,2026-02-06 14:19:00,SHORT,67067.99,66933.85402,TP,2,5e-05,0.0008,0.0008500000000000001,0.002000000000000095,0.001150000000000095,0.0,0.0030164911755967668,67126.26328301198,67109.30368077986,55.757869771452874,72.43348026767596,Low,Ranging,train,2026-02,c555ac9efd53
1466,2026-02-06 14:58:00,2026-02-06 14:59:00,LONG,68286.58,68235.365065,SL,1,5e-05,0.0008,0.0008500000000000001,-0.0007499999999999462,-0.0015999999999999463,0.002381580685399747,1.347263254358695e-05,67832.26615740912,67548.50288441833,40.739157212153444,27.880964598878705,Medium,Ranging,train,2026-02,c555ac9efd53
1467,2026-02-06 15:05:00,2026-02-06 15:06:00,LONG,68130.33,68079.2322525,SL,1,5e-05,0.0008,0.0008500000000000001,-0.0007499999999999461,-0.001599999999999946,0.0019277757791573372,0.0024903739641360645,67873.01111310058,67607.36108507827,47.073213177646096,29.72666606053743,High,Ranging,train,2026-02,c555ac9efd53
1468,2026-02-06 15:18:00,2026-02-06 15:19:00,LONG,68224.84,68173.67137,SL,1,5e-05,0.0008,0.0008500000000000001,-0.0007500000000000019,-0.001600000000000002,0.0023155789005880546,0.0,68002.1585422096,67741.94536452855,41.43704680290086,28.31333122885879,Medium,Ranging,train,2026-02,c555ac9efd53
1469,2026-02-06 15:56:00,2026-02-06 15:58:00,LONG,68525.41,68662.46082000001,TP,2,5e-05,0.0008,0.0008500000000000001,0.0020000000000000586,0.0011500000000000585,0.0,0.0020805420938012982,68452.75523565385,68168.95681558638,20.748159836190954,11.019294539502242,Medium,Ranging,train,2026-02,c555ac9efd53
1470,2026-02-07 12:29:00,2026-02-07 12:30:00,LONG,69404.76,69352.70642999999,SL,1,5e-05,0.0008,0.0008500000000000001,-0.000750000000000053,-0.0016000000000000532,0.0015094065594347531,0.008390346713971805,68901.08494986374,68568.89183214733,43.837563507542065,30.668167601838885,Low,Trending,train,2026-02,c555ac9efd53
1471,2026-02-07 12:43:00,2026-02-07 12:44:00,LONG,69335.53,69283.5283525,SL,1,5e-05,0.0008,0.0008500000000000001,-0.0007500000000000163,-0.0016000000000000163,0.0027720275593191126,0.0,69143.59471221935,68791.38540356867,10.17926024721155,9.388421710595232,High,Trending,train,2026-02,c555ac9efd53
1472,2026-02-07 12:47:00,2026-02-07 12:50:00,LONG,69167.5,69305.835,TP,3,5e-05,0.0008,0.0008500000000000001,0.0020000000000000924,0.0011500000000000924,0.0,0.002068457006542191,69148.95431912769,68821.16829934329,29.385674356417635,17.015754525345834,Low,Trending,train,2026-02,c555ac9efd53
1473,2026-02-07 14:19:00,2026-02-07 14:21:00,LONG,69034.8,68983.0239,SL,2,5e-05,0.0008,0.0008500000000000001,-0.0007500000000000401,-0.0016000000000000402,0.000955749853696917,0.00019714694617787814,69030.00290983914,69001.85127620568,46.320800952179916,29.305928188585543,Low,Ranging,train,2026-02,c555ac9efd53
1474,2026-02-07 15:45:00,2026-02-07 15:47:00,LONG,69310.97,69449.59194,TP,2,5e-05,0.0008,0.0008500000000000001,0.0019999999999999606,0.0011499999999999605,0.0,0.0024854651435408286,69211.39563481956,69093.7229969593,24.247153562476864,18.992727721557717,Medium,Ranging,train,2026-02,c555ac9efd53
1475,2026-02-08 12:17:00,2026-02-08 12:20:00,LONG,70858.87,70805.7258475,SL,3,5e-05,0.0008,0.0008500000000000001,-0.0007499999999999619,-0.001599999999999962,0.0007644773336069042,0.0013628498450512546,70076.62344327517,69659.51983939728,28.153135101920615,20.68263396347419,Low,Trending,train,2026-02,c555ac9efd53
1476,2026-02-08 12:25:00,2026-02-08 12:28:00,LONG,70800.01,70941.61002,TP,3,5e-05,0.0008,0.0008500000000000001,0.0019999999999999723,0.0011499999999999722,0.0,0.002174999692796728,70283.8823280021,69833.30253084021,26.764102564101304,19.1434742261055,Low,Trending,train,2026-02,c555ac9efd53
1477,2026-02-08 12:46:00,2026-02-08 12:47:00,LONG,70738.07,70879.54614,TP,1,5e-05,0.0008,0.0008500000000000001,0.0019999999999999836,0.0011499999999999835,0.0,0.005399214312745499,70610.29764491862,70186.71237253785,20.62474142605626,16.58660946977243,Medium,Trending,train,2026-02,c555ac9efd53
1478,2026-02-08 13:08:00,2026-02-08 13:17:00,LONG,71066.71,71208.84342,TP,9,5e-05,0.0008,0.0008500000000000001,0.0019999999999999758,0.0011499999999999757,0.0002914163326261537,0.002414632674004344,70907.47497028734,70517.87141574486,27.634421296450114,22.82656076718506,Low,Ranging,train,2026-02,c555ac9efd53
1479,2026-02-08 13:38:00,2026-02-08 13:39:00,LONG,71326.08,71272.58544,SL,1,5e-05,0.0008,0.0008500000000000001,-0.0007500000000000905,-0.0016000000000000905,0.0016835356716645826,0.0,71197.2655153176,70876.00756562177,20.459844937982893,19.12155869106988,High,Ranging,train,2026-02,c555ac9efd53
1480,2026-02-08 13:41:00,2026-02-08 13:44:00,LONG,71292.0,71238.531,SL,3,5e-05,0.0008,0.0008500000000000001,-0.0007499999999999624,-0.0015999999999999626,0.001110924086854024,0.0015148964820737249,71209.11696957881,70900.78161375677,52.083862503554315,33.89804766527349,Medium,Ranging,train,2026-02,c555ac9efd53
1481,2026-02-08 14:12:00,2026-02-08 14:13:00,LONG,71400.64,71347.08952,SL,1,5e-05,0.0008,0.0008500000000000001,-0.0007500000000000747,-0.0016000000000000749,0.0008680594459656934,9.145576286149306e-05,71346.06478085408,71131.0501973492,38.44531947715085,21.49506785595018,Low,Ranging,train,2026-02,c555ac9efd53
1482,2026-02-08 15:20:00,2026-02-08 15:22:00,LONG,71324.96,71271.46628000001,SL,2,5e-05,0.0008,0.0008500000000000001,-0.00074999999999998,-0.00159999999999998,0.0009362781276009602,0.0013965658024904686,71303.71810583796,71248.90063541141,52.792443506063286,33.644826668525454,High,Ranging,train,2026-02,c555ac9efd53
1483,2026-02-08 15:37:00,2026-02-08 15:39:00,SHORT,71098.24,71151.56368,SL,2,5e-05,0.0008,0.0008500000000000001,-0.0007500000000000187,-0.0016000000000000187,0.001147285783726748,0.00020197405730438026,71185.54281887885,71196.03172458072,70.26991208341066,79.84260422701907,High,Ranging,train,2026-02,c555ac9efd53
1484,2026-02-09 12:01:00,2026-02-09 12:02:00,SHORT,68872.21,68923.86415750001,SL,1,5e-05,0.0008,0.0008500000000000001,-0.0007500000000000148,-0.0016000000000000148,0.0021098495314728198,0.0,70959.9236115129,71070.84987154616,34.94597519913383,63.87972811546097,High,Ranging,train,2026-02,c555ac9efd53
1485,2026-02-09 12:14:00,2026-02-09 12:18:00,SHORT,69204.19,69065.78162000001,TP,4,5e-05,0.0008,0.0008500000000000001,0.001999999999999906,0.0011499999999999059,0.0,0.002371243706486642,70218.32327211076,70625.55708014457,73.11871651760617,81.77862204923598,Medium,Trending,train,2026-02,c555ac9efd53
1486,2026-02-09 12:44:00,2026-02-09 12:52:00,SHORT,69174.32,69035.97136000001,TP,8,5e-05,0.0008,0.0008500000000000001,0.0019999999999999493,0.0011499999999999492,0.0002555861770667643,0.002216429449541491,69431.86075394912,69932.00273620614,63.690189477232,76.76006220361329,Low,Trending,train,2026-02,c555ac9efd53
1487,2026-02-09 13:02:00,2026-02-09 13:09:00,SHORT,69043.74,69095.522805,SL,7,5e-05,0.0008,0.0008500000000000001,-0.0007499999999999316,-0.0015999999999999318,0.001140870989896977,0.001414755342048498,69253.39538799341,69676.39204185056,32.14634909460536,59.22829219569164,Medium,Trending,train,2026-02,c555ac9efd53
1488,2026-02-09 14:49:00,2026-02-09 14:51:00,LONG,69280.09,69418.65018,TP,2,5e-05,0.0008,0.0008500000000000001,0.0020000000000000057,0.0011500000000000056,0.00039506299717560045,0.0024525083613488883,68983.26534421937,69028.47658104594,42.19860894773206,26.988924820173466,High,Ranging,train,2026-02,c555ac9efd53
1489,2026-02-09 15:15:00,2026-02-09 15:17:00,LONG,69483.18,69431.06761499999,SL,2,5e-05,0.0008,0.0008500000000000001,-0.0007500000000000052,-0.0016000000000000053,0.001880599016913133,0.0015246855426018547,69319.53940960791,69215.85929042687,21.469406508629916,14.77793412599845,High,Ranging,train,2026-02,c555ac9efd53
1490,2026-02-09 15:21:00,2026-02-09 15:22:00,LONG,69364.46,69312.436655,SL,1,5e-05,0.0008,0.0008500000000000001,-0.0007500000000001253,-0.0016000000000001254,0.0038701375315256777,0.0,69330.56923731125,69233.7675171884,17.58259278839306,17.5216122398086,High,Ranging,train,2026-02,c555ac9efd53
1491,2026-02-09 15:54:00,2026-02-09 15:55:00,LONG,69396.0,69534.792,TP,1,5e-05,0.0008,0.0008500000000000001,0.0020000000000000183,0.0011500000000000182,0.0,0.0025906392299267804,69310.36086696967,69252.40067196397,49.87471982270589,27.25278622436241,High,Ranging,train,2026-02,c555ac9efd53
1492,2026-02-10 12:27:00,2026-02-10 12:31:00,SHORT,68759.75,68811.3198125,SL,4,5e-05,0.0008,0.0008500000000000001,-0.0007500000000000779,-0.001600000000000078,0.0013811859409029435,0.0004109962587123246,68911.32759117906,69030.31408220364,93.60697931923092,94.89334136418677,Low,Ranging,train,2026-02,c555ac9efd53
1493,2026-02-10 12:33:00,2026-02-10 12:35:00,SHORT,68813.17,68675.54366,TP,2,5e-05,0.0008,0.0008500000000000001,0.002000000000000037,0.0011500000000000368,0.000612964059060316,0.002372510959747891,68887.91266211783,69004.30138490497,85.5920974950386,86.06744992644963,Low,Ranging,train,2026-02,c555ac9efd53
1494,2026-02-10 12:55:00,2026-02-10 12:56:00,SHORT,68636.97,68688.44772750001,SL,1,5e-05,0.0008,0.0008500000000000001,-0.0007500000000001277,-0.0016000000000001278,0.0007522185201357906,0.00021358751704807907,68719.30812653141,68861.10092006483,83.7194083418814,84.69215431705406,Low,Ranging,train,2026-02,c555ac9efd53
1495,2026-02-10 12:58:00,2026-02-10 13:00:00,SHORT,68657.79,68520.47442,TP,2,5e-05,0.0008,0.0008500000000000001,0.0019999999999999267,0.0011499999999999267,0.0,0.0022690797358900366,68711.48587299224,68848.8400461593,71.44135040545389,79.62991259998996,Low,Ranging,train,2026-02,c555ac9efd53
1496,2026-02-10 13:54:00,2026-02-10 14:04:00,LONG,68964.7,68912.97647499999,SL,10,5e-05,0.0008,0.0008500000000000001,-0.0007500000000001236,-0.0016000000000001237,0.0012214944747093903,0.0013653361792337747,68857.89911411738,68833.71061210966,25.803641600829195,19.130982234659864,Low,Ranging,train,2026-02,c555ac9efd53
1497,2026-02-10 14:08:00,2026-02-10 14:10:00,LONG,68986.7,69124.6734,TP,2,5e-05,0.0008,0.0008500000000000001,0.0020000000000000373,0.0011500000000000373,0.0,0.003245553128356752,68910.32733991594,68869.74982078563,63.12162833434763,40.96512743831425,Low,Ranging,train,2026-02,c555ac9efd53
1498,2026-02-10 14:29:00,2026-02-10 14:30:00,LONG,69262.18,69210.233365,SL,1,5e-05,0.0008,0.0008500000000000001,-0.0007500000000000036,-0.0016000000000000038,0.0010815426254268772,0.0012621606770103512,69134.57322134946,69017.41233572293,11.390376847484243,10.497881673711921,Low,Ranging,train,2026-02,c555ac9efd53
1499,2026-02-10 14:36:00,2026-02-10 14:37:00,LONG,69143.51,69091.65236749999,SL,1,5e-05,0.0008,0.0008500000000000001,-0.0007500000000000448,-0.001600000000000045,0.006579214737579694,0.0,69137.86167305891,69034.92804126184,24.513046254758876,21.59289527912335,High,Ranging,train,2026-02,c555ac9efd53
1500,2026-02-10 14:58:00,2026-02-10 14:59:00,SHORT,68441.88,68493.21141,SL,1,5e-05,0.0008,0.0008500000000000001,-0.0007499999999999834,-0.0015999999999999834,0.0013328096773496164,0.00015414538583690147,68632.73520329135,68761.35513047094,76.12892573547917,86.21051239656354,Medium,Trending,train,2026-02,c555ac9efd53
1501,2026-02-10 15:05:00,2026-02-10 15:06:00,SHORT,68573.64,68625.07023,SL,1,5e-05,0.0008,0.0008500000000000001,-0.0007499999999999726,-0.0015999999999999725,0.004123596180689899,0.0009156579700303731,68607.65253529549,68730.89790196726,80.57123293599845,79.343030301012,High,Ranging,train,2026-02,c555ac9efd53
1502,2026-02-10 15:49:00,2026-02-10 15:50:00,LONG,69328.93,69276.9333025,SL,1,5e-05,0.0008,0.0008500000000000001,-0.0007499999999999834,-0.0015999999999999834,0.002020080217594421,0.0011368991271033175,69107.65752648313,68987.59536819224,50.75086540419394,32.78575437646547,Medium,Ranging,train,2026-02,c555ac9efd53
1503,2026-02-11 12:24:00,2026-02-11 12:27:00,SHORT,67382.35,67247.5853,TP,3,5e-05,0.0008,0.0008500000000000001,0.0019999999999999957,0.0011499999999999956,0.0001432125771807332,0.0020748756907411543,67911.95625295647,68304.14336214181,83.80681232490157,85.76364278796255,Low,Trending,train,2026-02,c555ac9efd53
1504,2026-02-11 13:24:00,2026-02-11 13:29:00,SHORT,66943.77,66993.9778275,SL,5,5e-05,0.0008,0.0008500000000000001,-0.0007499999999999237,-0.0015999999999999237,0.00134291809379714,0.0017835864338086834,67095.12418059031,67425.43495999071,60.78603594183391,70.4701322379968,Low,Ranging,train,2026-02,c555ac9efd53
1505,2026-02-11 14:25:00,2026-02-11 14:30:00,LONG,67968.0,67917.024,SL,5,5e-05,0.0008,0.0008500000000000001,-0.000749999999999928,-0.001599999999999928,0.0009541254708098785,0.0028166195856874163,67799.21020038311,67644.2097413318,16.34465355309433,8.78683589524036,High,Ranging,train,2026-02,c555ac9efd53
1506,2026-02-11 15:36:00,2026-02-11 15:37:00,SHORT,66451.61,66318.70678000001,TP,1,5e-05,0.0008,0.0008500000000000001,0.0019999999999998925,0.0011499999999998924,0.0,0.003171179750197112,66471.78570068133,66797.64532107215,80.9983460155764,86.25269301410778,High,Ranging,train,2026-02,c555ac9efd53
1507,2026-02-12 12:22:00,2026-02-12 12:23:00,LONG,67950.01,67899.04749249999,SL,1,5e-05,0.0008,0.0008500000000000001,-0.0007500000000001123,-0.0016000000000001124,0.0014226635139567788,0.0,67378.06704236098,67160.71300680631,24.081390444776474,20.30242346333222,Low,Ranging,train,2026-02,c555ac9efd53
1508,2026-02-12 12:26:00,2026-02-12 12:45:00,LONG,67900.72,67849.79446,SL,19,5e-05,0.0008,0.0008500000000000001,-0.0007499999999999491,-0.0015999999999999491,0.000845057313088943,0.0016781854448671102,67453.04612987695,67216.36964394693,29.59963102360903,18.008909564022066,Low,Ranging,train,2026-02,c555ac9efd53
1509,2026-02-12 12:58:00,2026-02-12 13:05:00,LONG,67779.34,67728.50549499999,SL,7,5e-05,0.0008,0.0008500000000000001,-0.0007500000000000911,-0.0016000000000000911,0.0010065013911318872,0.0015641934548197736,67758.32932593164,67532.14208889018,29.62094395280265,18.337563343334562,Low,Ranging,train,2026-02,c555ac9efd53
1510,2026-02-12 13:53:00,2026-02-12 13:57:00,LONG,68047.14,68183.23428,TP,4,5e-05,0.0008,0.0008500000000000001,0.0020000000000000707,0.0011500000000000707,0.0,0.0032431928807000903,67944.62930821722,67806.04916594326,40.38216422558978,29.210906889308703,Medium,Ranging,train,2026-02,c555ac9efd53
1511,2026-02-12 14:57:00,2026-02-12 14:59:00,SHORT,67812.0,67676.376,TP,2,5e-05,0.0008,0.0008500000000000001,0.0019999999999999432,0.0011499999999999432,0.0,0.003525039815961682,67884.74594077395,67885.81801009802,53.3275704471856,71.45940104506406,Medium,Ranging,train,2026-02,c555ac9efd53
1512,2026-02-12 15:18:00,2026-02-12 15:19:00,SHORT,67580.02,67630.705015,SL,1,5e-05,0.0008,0.0008500000000000001,-0.000749999999999933,-0.001599999999999933,0.0007940216649830666,0.0015269305927995038,67624.37942692326,67729.27350898566,84.8026075251496,86.8066754669552,High,Ranging,train,2026-02,c555ac9efd53
1513,2026-02-13 12:25:00,2026-02-13 12:26:00,SHORT,67011.7,67061.95877499999,SL,1,5e-05,0.0008,0.0008500000000000001,-0.0007499999999999222,-0.0015999999999999222,0.0015024242035347197,0.0,67178.6581953144,67356.4560875255,77.43473624213794,76.13367099002404,Medium,Ranging,train,2026-02,c555ac9efd53
1514,2026-02-13 12:31:00,2026-02-13 12:37:00,SHORT,67063.75,67114.04781250001,SL,6,5e-05,0.0008,0.0008500000000000001,-0.0007500000000001216,-0.0016000000000001217,0.0010402042832378857,0.00044002907681116494,67159.05028479807,67325.94075025491,72.22299488027987,74.5319763936561,Low,Ranging,train,2026-02,c555ac9efd53
1515,2026-02-13 13:42:00,2026-02-13 13:43:00,LONG,67343.41,67292.9024425,SL,1,5e-05,0.0008,0.0008500000000000001,-0.0007500000000001226,-0.0016000000000001226,0.0010407848370018165,0.0001719544644383429,67223.2056432005,67222.31897632776,22.268355645425867,17.67950788873328,High,Ranging,train,2026-02,c555ac9efd53
1516,2026-02-13 13:50:00,2026-02-13 14:00:00,LONG,67285.96,67235.49553,SL,10,5e-05,0.0008,0.0008500000000000001,-0.0007500000000000929,-0.001600000000000093,0.0007902094285347612,0.0019977421738502097,67230.37178551649,67226.45385412904,50.07011022151247,31.557085942710728,Medium,Ranging,train,2026-02,c555ac9efd53
1517,2026-02-13 14:03:00,2026-02-13 14:04:00,LONG,67272.36,67221.90573,SL,1,5e-05,0.0008,0.0008500000000000001,-0.0007500000000000297,-0.0016000000000000298,0.001851726325641125,0.0,67263.57733623311,67246.86518607933,17.109619217925392,17.95956994046683,Medium,Ranging,train,2026-02,c555ac9efd53
1518,2026-02-13 14:14:00,2026-02-13 14:16:00,SHORT,67182.37,67232.75677749999,SL,2,5e-05,0.0008,0.0008500000000000001,-0.0007499999999999441,-0.0015999999999999441,0.001198082175427947,0.000266438948194209,67246.464013804,67240.55975113327,39.336937748741526,61.83715675745299,Low,Ranging,train,2026-02,c555ac9efd53
1519,2026-02-13 14:28:00,2026-02-13 14:29:00,LONG,67390.38,67339.837215,SL,1,5e-05,0.0008,0.0008500000000000001,-0.0007499999999999676,-0.0015999999999999678,0.0014294325095065756,0.0,67264.22251948882,67252.05273047255,60.10151420591103,35.129551810210565,Medium,Ranging,train,2026-02,c555ac9efd53
1520,2026-02-13 15:00:00,2026-02-13 15:01:00,LONG,67733.51,67868.97701999999,TP,1,5e-05,0.0008,0.0008500000000000001,0.001999999999999947,0.001149999999999947,0.00034576681468298715,0.0021020614463949185,67512.19914450013,67406.1087330138,45.08049345763161,30.37235033139622,High,Ranging,train,2026-02,c555ac9efd53
1521,2026-02-13 15:21:00,2026-02-13 15:22:00,LONG,68369.99,68318.71250750001,SL,1,5e-05,0.0008,0.0008500000000000001,-0.0007499999999999649,-0.001599999999999965,0.003513968628633703,0.0,67904.57636746699,67672.38046076165,19.473915598817232,19.462643454195526,High,Trending,train,2026-02,c555ac9efd53
1522,2026-02-13 15:25:00,2026-02-13 15:26:00,LONG,68328.0,68464.656,TP,1,5e-05,0.0008,0.0008500000000000001,0.002000000000000039,0.001150000000000039,0.0,0.005876800140498813,67967.01309115725,67722.48677873651,69.91966729540717,41.91546470436504,High,Trending,train,2026-02,c555ac9efd53
1523,2026-02-14 12:15:00,2026-02-14 12:16:00,LONG,70488.48,70435.61364,SL,1,5e-05,0.0008,0.0008500000000000001,-0.0007499999999999998,-0.0015999999999999999,0.002517574502954126,0.0,69433.87263835614,68838.89651540064,62.48825193959425,42.96065429586241,Low,Trending,train,2026-02,c555ac9efd53
1524,2026-02-14 12:21:00,2026-02-14 12:30:00,LONG,70379.99,70327.2050075,SL,9,5e-05,0.0008,0.0008500000000000001,-0.0007500000000000652,-0.0016000000000000653,0.0014485651390403953,0.0012388464391652765,69632.15090518336,69011.10820103303,47.03389830508555,31.55308380414495,Medium,Trending,train,2026-02,c555ac9efd53
1525,2026-02-14 12:32:00,2026-02-14 12:36:00,LONG,70300.04,70247.31496999999,SL,4,5e-05,0.0008,0.0008500000000000001,-0.0007500000000000203,-0.0016000000000000202,0.002465716946960436,0.00010455186085250906,69895.456997587,69280.44659034601,19.452750152946862,16.655131649807327,Low,Trending,train,2026-02,c555ac9efd53
1526,2026-02-14 12:39:00,2026-02-14 12:40:00,LONG,70136.31,70083.70776749999,SL,1,5e-05,0.0008,0.0008500000000000001,-0.0007500000000001218,-0.0016000000000001217,0.0012548421780386617,0.0,69962.0938386157,69396.84052025029,21.104100232907594,15.322300491563547,Medium,Trending,train,2026-02,c555ac9efd53
1527,2026-02-14 12:45:00,2026-02-14 12:46:00,LONG,70087.52,70034.95436,SL,1,5e-05,0.0008,0.0008500000000000001,-0.0007500000000000101,-0.0016000000000000103,0.001391403205592152,5.0365600038335435e-05,69986.0117391072,69473.45242503773,40.10044770596611,30.04430094302711,High,Trending,train,2026-02,c555ac9efd53
1528,2026-02-14 13:40:00,2026-02-14 13:46:00,SHORT,69440.0,69492.08,SL,6,5e-05,0.0008,0.0008500000000000001,-0.0007500000000000252,-0.0016000000000000252,0.0011041186635944449,0.0016902361751151404,69551.09710750778,69514.19321526293,59.122666755268455,79.95633751772861,High,Ranging,train,2026-02,c555ac9efd53
1529,2026-02-14 13:50:00,2026-02-14 13:51:00,SHORT,69479.48,69340.52103999999,TP,1,5e-05,0.0008,0.0008500000000000001,0.0020000000000000516,0.0011500000000000516,0.00013428425198348847,0.0026960478115264025,69525.08421106015,69506.07353900625,69.39834734401329,82.19030812134903,High,Ranging,train,2026-02,c555ac9efd53
1530,2026-02-14 14:03:00,2026-02-14 14:04:00,SHORT,69404.99,69457.04374250001,SL,1,5e-05,0.0008,0.0008500000000000001,-0.000750000000000108,-0.001600000000000108,0.0010046828045072252,0.0,69474.75429295535,69481.36820312965,87.94410702234933,93.55501744450216,Low,Ranging,train,2026-02,c555ac9efd53
1531,2026-02-14 14:08:00,2026-02-14 14:13:00,SHORT,69381.91,69433.9464325,SL,5,5e-05,0.0008,0.0008500000000000001,-0.0007499999999999613,-0.0015999999999999613,0.0011269508147008684,0.00027283768924792594,69464.76398461679,69475.59214508896,68.12602057712002,76.42043399982653,Medium,Ranging,train,2026-02,c555ac9efd53
1532,2026-02-14 14:51:00,2026-02-14 14:55:00,LONG,69694.19,69833.57838,TP,4,5e-05,0.0008,0.0008500000000000001,0.002000000000000057,0.0011500000000000568,0.0,0.0022851259193914838,69563.94514849184,69528.79521361041,68.873899990114,37.42775080256174,Medium,Ranging,train,2026-02,c555ac9efd53
1533,2026-02-14 15:03:00,2026-02-14 15:09:00,LONG,69762.7,69710.377975,SL,6,5e-05,0.0008,0.0008500000000000001,-0.0007500000000000188,-0.001600000000000019,0.0007680322005885917,0.0002438265720794825,69639.4912037362,69578.93402251984,44.2294013531168,31.763439023308297,Low,Ranging,train,2026-02,c555ac9efd53
1534,2026-02-14 15:40:00,2026-02-14 15:41:00,LONG,69856.81,69804.41739249999,SL,1,5e-05,0.0008,0.0008500000000000001,-0.0007500000000000773,-0.0016000000000000775,0.0011894330703047635,0.0,69792.8685459684,69708.26319694347,36.01995367895999,29.61399132965106,Low,Ranging,train,2026-02,c555ac9efd53
1535,2026-02-15 12:15:00,2026-02-15 12:16:00,LONG,70224.74,70172.07144500001,SL,1,5e-05,0.0008,0.0008500000000000001,-0.0007499999999999509,-0.0015999999999999509,0.001201286042497282,0.0003515854953679825,70005.15289736648,69876.56219884941,39.77018994377698,21.204312355815272,Medium,Ranging,train,2026-02,c555ac9efd53
1536,2026-02-15 12:40:00,2026-02-15 12:48:00,LONG,70182.46,70129.823155,SL,8,5e-05,0.0008,0.0008500000000000001,-0.0007500000000000128,-0.0016000000000000129,0.0011834865862497869,0.0011266347745575236,70181.79336542354,70036.1591185734,16.29958626553592,9.120827966808116,Medium,Ranging,train,2026-02,c555ac9efd53
1537,2026-02-15 13:21:00,2026-02-15 13:26:00,SHORT,69505.83,69366.81834,TP,5,5e-05,0.0008,0.0008500000000000001,0.002000000000000054,0.0011500000000000538,0.0,0.002098097382622461,69694.55417771378,69800.84989564725,57.71586474090805,79.51558258361088,High,Ranging,train,2026-02,c555ac9efd53
1538,2026-02-15 13:50:00,2026-02-15 13:56:00,SHORT,68899.72,68951.39479,SL,6,5e-05,0.0008,0.0008500000000000001,-0.0007500000000000665,-0.0016000000000000666,0.0013149545455337964,0.001850805779762299,69242.40190415662,69473.65293865115,40.224770117920364,67.23871107063768,High,Trending,train,2026-02,c555ac9efd53
1539,2026-02-15 14:19:00,2026-02-15 14:23:00,SHORT,69008.21,69059.9661575,SL,4,5e-05,0.0008,0.0008500000000000001,-0.0007499999999999995,-0.0015999999999999994,0.0008651144552220248,0.0007500556817806071,69068.39363024736,69258.53864697988,62.92351658712081,74.59888623765316,High,Trending,train,2026-02,c555ac9efd53
1540,2026-02-15 14:28:00,2026-02-15 14:29:00,SHORT,69022.81,69074.5771075,SL,1,5e-05,0.0008,0.0008500000000000001,-0.0007499999999999449,-0.001599999999999945,0.000952149006973219,0.0,69060.42202656611,69222.8192844347,52.9291836016755,69.00529475735496,Low,Ranging,train,2026-02,c555ac9efd53
1541,2026-02-15 15:46:00,2026-02-15 15:49:00,SHORT,69048.01,69099.7960075,SL,3,5e-05,0.0008,0.0008500000000000001,-0.0007500000000000903,-0.0016000000000000905,0.0007601956957196195,0.00019566096111958567,69048.42774771462,69098.3551904372,60.890217225109645,71.89253070984519,Low,Ranging,train,2026-02,c555ac9efd53
1542,2026-02-16 12:01:00,2026-02-16 12:04:00,SHORT,68874.92,68926.57619,SL,3,5e-05,0.0008,0.0008500000000000001,-0.0007500000000001276,-0.0016000000000001278,0.0011859178928992958,0.0008484946334602251,69032.89467517838,69077.33733736789,40.15655528725742,67.67185858387269,Medium,Ranging,train,2026-02,c555ac9efd53
1543,2026-02-16 12:12:00,2026-02-16 12:26:00,SHORT,68941.8,68993.50635000001,SL,14,5e-05,0.0008,0.0008500000000000001,-0.000750000000000111,-0.001600000000000111,0.007806004484942422,0.0019474397245213978,68996.0558602041,69047.86208553679,67.38584204210667,80.72729817302242,Low,Ranging,train,2026-02,c555ac9efd53
1544,2026-02-16 13:13:00,2026-02-16 13:14:00,LONG,69728.41,69676.1136925,SL,1,5e-05,0.0008,0.0008500000000000001,-0.0007500000000000099,-0.0016000000000000098,0.001369599564940603,0.0,69582.88597722998,69406.36407765717,9.298143565447953,9.32061171895986,High,Ranging,train,2026-02,c555ac9efd53
1545,2026-02-16 13:15:00,2026-02-16 13:19:00,LONG,69662.01,69609.76349249999,SL,4,5e-05,0.0008,0.0008500000000000001,-0.0007500000000001046,-0.0016000000000001048,0.0007553614947371652,0.0013344432639828569,69589.28658643951,69416.54823106734,10.18788717749183,10.419715750189503,Low,Ranging,train,2026-02,c555ac9efd53
1546,2026-02-16 14:52:00,2026-02-16 14:53:00,SHORT,68527.71,68390.65458,TP,1,5e-05,0.0008,0.0008500000000000001,0.0020000000000000616,0.0011500000000000616,0.0,0.0029392489549120025,68523.50942879815,68647.71709531192,39.756923076923556,64.3635820423424,High,Ranging,train,2026-02,c555ac9efd53
1547,2026-02-16 15:10:00,2026-02-16 15:11:00,SHORT,68497.01,68548.3827575,SL,1,5e-05,0.0008,0.0008500000000000001,-0.0007500000000001234,-0.0016000000000001235,0.0008652932441869226,0.0,68502.14834526535,68595.5588727133,37.848089802682885,57.84298093654482,Medium,Ranging,train,2026-02,c555ac9efd53
1548,2026-02-16 15:54:00,2026-02-16 15:55:00,SHORT,67599.6,67650.2997,SL,1,5e-05,0.0008,0.0008500000000000001,-0.0007499999999999613,-0.0015999999999999613,0.0013072562559541083,0.0,67851.0683569606,68125.57929390772,77.95538633285956,85.96417310189895,Low,Trending,train,2026-02,c555ac9efd53
1549,2026-02-17 12:49:00,2026-02-17 12:50:00,LONG,68100.88,68049.80434,SL,1,5e-05,0.0008,0.0008500000000000001,-0.0007500000000000329,-0.0016000000000000328,0.0009560816247895853,0.0,68084.78420102298,68099.66876964713,4.611864851297152,3.169438573547129,Low,Ranging,train,2026-02,c555ac9efd53
1550,2026-02-17 14:02:00,2026-02-17 14:03:00,LONG,68126.29,68075.19528249999,SL,1,5e-05,0.0008,0.0008500000000000001,-0.0007500000000000552,-0.0016000000000000554,0.0010003480301069409,0.00016205197729111844,68088.34300911528,68076.79829700182,11.240888394476244,12.322276231770914,Medium,Ranging,train,2026-02,c555ac9efd53
1551,2026-02-17 14:04:00,2026-02-17 14:05:00,LONG,68137.33,68273.60466,TP,1,5e-05,0.0008,0.0008500000000000001,0.0019999999999999337,0.0011499999999999336,0.0,0.002055994856270366,68094.73253551935,68080.49621300997,52.225838549716514,29.758974182833427,Medium,Ranging,train,2026-02,c555ac9efd53
1552,2026-02-17 14:16:00,2026-02-17 14:22:00,LONG,68124.0,68072.90699999999,SL,6,5e-05,0.0008,0.0008500000000000001,-0.0007500000000001179,-0.0016000000000001178,0.0007979566672538398,0.0009258117550350388,68124.88746422088,68101.10605993398,30.322319567561582,14.281897488244908,Medium,Ranging,train,2026-02,c555ac9efd53
1553,2026-02-17 15:06:00,2026-02-17 15:08:00,SHORT,67027.57,67077.8406775,SL,2,5e-05,0.0008,0.0008500000000000001,-0.0007499999999999546,-0.0015999999999999548,0.0015208667120110092,0.0014650687769228636,67350.35865081073,67619.03105389043,65.69201551190706,78.12497034232035,High,Trending,train,2026-02,c555ac9efd53
1554,2026-02-17 15:22:00,2026-02-17 15:25:00,SHORT,67039.55,66905.4709,TP,3,5e-05,0.0008,0.0008500000000000001,0.0020000000000000395,0.0011500000000000394,0.00014543653708892735,0.004219300398048623,67190.75700157485,67452.76188544076,65.25440072936388,76.45306412557188,High,Trending,train,2026-02,c555ac9efd53
1555,2026-02-18 13:01:00,2026-02-18 13:03:00,LONG,67524.92,67474.27631,SL,2,5e-05,0.0008,0.0008500000000000001,-0.0007499999999999578,-0.0015999999999999578,0.0008402823727892642,2.961869485232198e-07,67494.21569035763,67450.671804304,30.894972923364605,17.92297846318505,Low,Ranging,train,2026-02,c555ac9efd53
1556,2026-02-18 13:08:00,2026-02-18 13:18:00,LONG,67525.69,67475.0457325,SL,10,5e-05,0.0008,0.0008500000000000001,-0.0007499999999999976,-0.0015999999999999977,0.0009135782248208396,0.001096027304570968,67489.7865718584,67453.87684211663,66.75078447777258,41.15697202792593,Medium,Ranging,train,2026-02,c555ac9efd53
1557,2026-02-18 14:02:00,2026-02-18 14:03:00,SHORT,67248.47,67298.90635250001,SL,1,5e-05,0.0008,0.0008500000000000001,-0.00075000000000012,-0.00160000000000012,0.0009357833717256766,0.0,67316.04405442809,67370.80479322845,86.7320974191174,87.2516785849698,Medium,Ranging,train,2026-02,c555ac9efd53
1558,2026-02-18 14:07:00,2026-02-18 14:08:00,SHORT,67220.0,67270.41500000001,SL,1,5e-05,0.0008,0.0008500000000000001,-0.0007500000000001212,-0.0016000000000001213,0.0013597143707229126,0.0,67311.18288759506,67363.10680862029,43.968700265364184,68.67619161125494,Medium,Ranging,train,2026-02,c555ac9efd53
1559,2026-02-18 14:30:00,2026-02-18 14:31:00,SHORT,67086.0,67136.31450000001,SL,1,5e-05,0.0008,0.0008500000000000001,-0.0007500000000001145,-0.0016000000000001146,0.003635631875502999,0.0,67227.3472354986,67295.1211780769,49.04576404918839,71.36190757998419,High,Ranging,train,2026-02,c555ac9efd53
1560,2026-02-18 15:14:00,2026-02-18 15:18:00,LONG,67358.91,67493.62782000001,TP,4,5e-05,0.0008,0.0008500000000000001,0.0020000000000000785,0.0011500000000000785,0.0004351317442636419,0.002208616499287021,67244.06670612493,67252.7733010415,37.57568972061815,25.99242156862438,Medium,Ranging,train,2026-02,c555ac9efd53
1561,2026-02-18 15:28:00,2026-02-18 15:29:00,LONG,67387.95,67337.4090375,SL,1,5e-05,0.0008,0.0008500000000000001,-0.0007500000000000436,-0.0016000000000000437,0.0010473682609428206,0.0,67309.88563959918,67288.50662961953,17.384016247844375,19.838948038802815,Medium,Ranging,train,2026-02,c555ac9efd53
1562,2026-02-18 15:33:00,2026-02-18 15:35:00,LONG,67393.99,67528.77798,TP,2,5e-05,0.0008,0.0008500000000000001,0.0019999999999999064,0.0011499999999999063,0.0,0.0029288961819889194,67317.2267292923,67294.29153962742,68.57965155045049,36.07582445666417,Low,Ranging,train,2026-02,c555ac9efd53
1563,2026-02-18 15:52:00,2026-02-18 15:53:00,LONG,67829.25,67778.37806249999,SL,1,5e-05,0.0008,0.0008500000000000001,-0.0007500000000001081,-0.0016000000000001083,0.0009401548741878183,0.0,67660.11507054944,67504.70141770113,10.028896487014466,6.948407093122445,High,Trending,train,2026-02,c555ac9efd53
1564,2026-02-19 12:14:00,2026-02-19 12:18:00,SHORT,66528.76,66578.65656999999,SL,4,5e-05,0.0008,0.0008500000000000001,-0.0007499999999999573,-0.0015999999999999574,0.0012196229119556627,0.0005962834719901326,67145.67161602277,67266.1621387134,90.43601554072917,90.89628991241945,Medium,Trending,train,2026-02,c555ac9efd53
1565,2026-02-19 12:27:00,2026-02-19 12:38:00,SHORT,66631.74,66498.47652000001,TP,11,5e-05,0.0008,0.0008500000000000001,0.001999999999999912,0.001149999999999912,0.000734784953837193,0.0025711470239259395,66920.58844442177,67110.8408635182,92.21429820655221,92.0418712571042,Low,Trending,train,2026-02,c555ac9efd53
1566,2026-02-19 12:44:00,2026-02-19 13:03:00,SHORT,66609.8,66476.5804,TP,19,5e-05,0.0008,0.0008500000000000001,0.0019999999999999506,0.0011499999999999505,0.0003639104155843537,0.002312572624448777,66778.88054032135,66973.57104772674,70.85617882750007,78.14590915954739,Low,Trending,train,2026-02,c555ac9efd53
1567,2026-02-19 13:17:00,2026-02-19 13:19:00,SHORT,66385.0,66252.23,TP,2,5e-05,0.0008,0.0008500000000000001,0.002000000000000061,0.0011500000000000611,0.0,0.003134894931083838,66527.39778682661,66719.89560861258,51.87660450735374,68.33093993837927,High,Trending,train,2026-02,c555ac9efd53
1568,2026-02-19 13:39:00,2026-02-19 13:42:00,SHORT,66143.68,66011.39263999999,TP,3,5e-05,0.0008,0.0008500000000000001,0.0020000000000000317,0.0011500000000000316,0.0,0.002172240794585258,66340.71809447012,66538.25022646583,36.26504189833385,63.843871883885036,Medium,Trending,train,2026-02,c555ac9efd53
1569,2026-02-19 14:16:00,2026-02-19 14:26:00,SHORT,65990.56,66040.05292,SL,10,5e-05,0.0008,0.0008500000000000001,-0.0007500000000000642,-0.0016000000000000643,0.0011063703657009324,0.0016599343906157729,66039.11754797156,66228.96144351798,57.13055057174258,71.3370112251918,Medium,Ranging,train,2026-02,c555ac9efd53
1570,2026-02-19 14:27:00,2026-02-19 14:28:00,SHORT,66013.56,65881.53288,TP,1,5e-05,0.0008,0.0008500000000000001,0.0019999999999999823,0.0011499999999999822,0.0,0.002025189976120093,66014.68534003997,66177.80913841946,54.9263132218749,77.00415628910112,High,Ranging,train,2026-02,c555ac9efd53
1571,2026-02-20 12:22:00,2026-02-20 12:27:00,LONG,67413.96,67363.39953000001,SL,5,5e-05,0.0008,0.0008500000000000001,-0.0007499999999999511,-0.0015999999999999513,0.001414840487044592,0.0005620497594266739,66981.87041716986,66703.58577456634,36.56230401852282,27.068624206492814,Medium,Trending,train,2026-02,c555ac9efd53
1572,2026-02-20 12:31:00,2026-02-20 12:45:00,LONG,67366.55,67501.2831,TP,14,5e-05,0.0008,0.0008500000000000001,0.001999999999999965,0.0011499999999999649,0.00022384996708309606,0.002121082347247995,67098.28929941569,66813.0881321239,39.13490447095102,26.7898290384459,Medium,Trending,train,2026-02,c555ac9efd53
1573,2026-02-20 13:51:00,2026-02-20 13:52:00,SHORT,66750.61,66800.6729575,SL,1,5e-05,0.0008,0.0008500000000000001,-0.0007500000000000858,-0.0016000000000000857,0.002015412293610483,0.00018411816760915888,66938.54081407703,66993.65471826597,82.56250971924793,88.74901779706106,Low,Ranging,train,2026-02,c555ac9efd53
1574,2026-02-20 13:56:00,2026-02-20 13:57:00,SHORT,66779.51,66829.5946325,SL,1,5e-05,0.0008,0.0008500000000000001,-0.0007500000000000307,-0.0016000000000000307,0.0016496077913719868,0.002388606924489185,66927.16045361903,66982.47450480773,81.5576637230041,86.11647944701552,High,Ranging,train,2026-02,c555ac9efd53
1575,2026-02-20 14:43:00,2026-02-20 14:44:00,LONG,67210.07,67159.6624475,SL,1,5e-05,0.0008,0.0008500000000000001,-0.0007500000000001193,-0.0016000000000001193,0.0027202768870795957,0.0,67000.30576009184,66987.44744754602,29.543521707699867,26.25380253252035,High,Ranging,train,2026-02,c555ac9efd53
1576,2026-02-20 15:09:00,2026-02-20 15:10:00,LONG,67451.6,67401.0113,SL,1,5e-05,0.0008,0.0008500000000000001,-0.0007500000000001115,-0.0016000000000001115,0.0016248687948099943,8.658060001536668e-05,67143.7418169647,67072.9360699099,25.515242180875003,20.232932209415942,High,Ranging,train,2026-02,c555ac9efd53
1577,2026-02-21 12:14:00,2026-02-21 12:30:00,LONG,67990.51,67939.5171175,SL,16,5e-05,0.0008,0.0008500000000000001,-0.0007499999999999291,-0.0015999999999999292,0.000919393015289851,0.0003312226956380247,67618.45225499506,67412.93566311379,22.351856648054618,10.279309952400636,Low,Ranging,train,2026-02,c555ac9efd53
1578,2026-02-21 13:10:00,2026-02-21 13:12:00,LONG,68182.86,68131.722855,SL,2,5e-05,0.0008,0.0008500000000000001,-0.0007500000000000088,-0.001600000000000009,0.0007529751612061522,0.0,68062.70866386202,67870.9533132418,41.96625945317018,24.320091711211422,Low,Ranging,train,2026-02,c555ac9efd53
1579,2026-02-21 13:15:00,2026-02-21 13:45:00,LONG,68147.29,68167.62,MAX_HOLD,30,5e-05,0.0008,0.0008500000000000001,0.0002983244087916298,-0.0005516755912083702,0.0005928335521485034,0.0015071765876531027,68077.41421194846,67896.92937329652,19.19230524236519,12.899306960398903,Low,Ranging,train,2026-02,c555ac9efd53
1580,2026-02-21 13:48:00,2026-02-21 14:18:00,LONG,68197.99,68226.56,MAX_HOLD,30,5e-05,0.0008,0.0008500000000000001,0.00041892730269605353,-0.0004310726973039465,0.00025601927564150204,0.0010265698446537024,68159.43536732098,68037.74798478329,57.6725913806575,27.34529018885708,Low,Ranging,train,2026-02,c555ac9efd53
1581,2026-02-21 14:32:00,2026-02-21 14:36:00,LONG,68520.1,68468.709925,SL,4,5e-05,0.0008,0.0008500000000000001,-0.0007500000000000434,-0.0016000000000000434,0.0008267647011608087,0.0015221810826310579,68321.7143221503,68208.82613719547,49.42648560611849,32.54668843823789,Medium,Ranging,train,2026-02,c555ac9efd53
1582,2026-02-21 14:59:00,2026-02-21 15:03:00,LONG,68481.01,68429.64924249999,SL,4,5e-05,0.0008,0.0008500000000000001,-0.0007500000000000877,-0.001600000000000088,0.0008091294214263041,0.0,68442.26932908501,68333.27296946029,20.303520114940344,17.786907327584768,Medium,Ranging,train,2026-02,c555ac9efd53
1583,2026-02-21 15:58:00,2026-02-21 15:59:00,LONG,68624.79,68615.0,EOD,1,5e-05,0.0008,0.0008500000000000001,-0.0001426598172467063,-0.0009926598172467064,0.0001426598172467063,0.00047912714924161747,68560.0484781114,68485.50643669943,55.92329309365099,33.65732216684071,High,Ranging,train,2026-02,c555ac9efd53
1584,2026-02-22 12:20:00,2026-02-22 12:44:00,SHORT,68036.0,67899.928,TP,24,5e-05,0.0008,0.0008500000000000001,0.0020000000000000018,0.0011500000000000017,0.0007349050502675054,0.002110647304368361,68277.02789197308,68342.95697071981,72.6495440907471,79.59205560251388,High,Ranging,train,2026-02,c555ac9efd53
1585,2026-02-22 12:55:00,2026-02-22 13:03:00,SHORT,67946.66,67997.619995,SL,8,5e-05,0.0008,0.0008500000000000001,-0.0007499999999999622,-0.0015999999999999621,0.0009837128123736545,0.0002713893515884714,68051.66159311254,68162.81467886285,72.445703214229,83.6877639413584,Low,Ranging,train,2026-02,c555ac9efd53
1586,2026-02-22 13:06:00,2026-02-22 13:18:00,SHORT,67980.31,68031.2952325,SL,12,5e-05,0.0008,0.0008500000000000001,-0.0007499999999999356,-0.0015999999999999357,0.0008898164777419409,0.0005658991552112834,68022.68719858202,68124.56359551237,76.91916823014809,84.732349956491,High,Ranging,train,2026-02,c555ac9efd53
1587,2026-02-22 13:20:00,2026-02-22 13:33:00,SHORT,67999.88,67863.88024,TP,13,5e-05,0.0008,0.0008500000000000001,0.002000000000000089,0.0011500000000000889,0.0,0.0026488282038146225,68007.15899152374,68090.50775108654,58.951707891640304,78.11249644802353,Medium,Ranging,train,2026-02,c555ac9efd53
1588,2026-02-22 13:51:00,2026-02-22 13:58:00,SHORT,67611.99,67662.69899250001,SL,7,5e-05,0.0008,0.0008500000000000001,-0.0007500000000000541,-0.001600000000000054,0.0008368338219301301,0.00027524703828419456,67815.1097404442,67936.81190509729,32.458203052863695,59.520330131770805,Low,Trending,train,2026-02,c555ac9efd53
1589,2026-02-22 14:02:00,2026-02-22 14:06:00,SHORT,67608.9,67473.6822,TP,4,5e-05,0.0008,0.0008500000000000001,0.0019999999999999784,0.0011499999999999783,5.191624179670596e-05,0.0020804953194030512,67748.99082398841,67876.0615774967,44.02225074882235,62.89064328054132,Low,Trending,train,2026-02,c555ac9efd53
1590,2026-02-22 14:18:00,2026-02-22 14:22:00,SHORT,67593.85,67644.54538750001,SL,4,5e-05,0.0008,0.0008500000000000001,-0.0007500000000000526,-0.0016000000000000528,0.000934108650417152,0.00022457664417706,67679.27652817534,67800.15738458768,42.96473917050927,69.6825161189258,Medium,Trending,train,2026-02,c555ac9efd53
1591,2026-02-22 14:55:00,2026-02-22 15:07:00,SHORT,67485.7,67350.7286,TP,12,5e-05,0.0008,0.0008500000000000001,0.0019999999999999246,0.0011499999999999245,1.570703126733029e-05,0.002699831223503603,67565.36723608445,67666.85141428653,68.28490866740187,81.44661010625582,High,Ranging,train,2026-02,c555ac9efd53
1592,2026-02-23 12:40:00,2026-02-23 12:41:00,SHORT,66243.8,66293.48285,SL,1,5e-05,0.0008,0.0008500000000000001,-0.000749999999999961,-0.001599999999999961,0.000982582520930208,0.0,66440.50679484822,66803.10980709075,80.50607027023443,87.02540823200094,High,Trending,train,2026-02,c555ac9efd53
1593,2026-02-23 12:46:00,2026-02-23 12:47:00,SHORT,66394.8,66444.59610000001,SL,1,5e-05,0.0008,0.0008500000000000001,-0.000750000000000103,-0.001600000000000103,0.0017578183833672494,0.0,66427.23328883584,66754.87646693074,71.16474409059668,77.71135111029514,High,Trending,train,2026-02,c555ac9efd53
1594,2026-02-23 14:09:00,2026-02-23 14:20:00,SHORT,66228.95,66096.4921,TP,11,5e-05,0.0008,0.0008500000000000001,0.001999999999999909,0.001149999999999909,0.0005435689377530521,0.0020057693803087096,66239.667912652,66338.97158628625,85.38406778244602,84.99124589882096,Low,Ranging,train,2026-02,c555ac9efd53
1595,2026-02-23 14:55:00,2026-02-23 14:56:00,SHORT,65944.03,65993.4880225,SL,1,5e-05,0.0008,0.0008500000000000001,-0.0007499999999999306,-0.0015999999999999307,0.0016069688188604968,0.0,66007.77221305917,66127.7816731012,77.60435450477448,79.89709249294171,High,Ranging,train,2026-02,c555ac9efd53
1596,2026-02-23 15:14:00,2026-02-23 15:16:00,SHORT,65945.55,65995.0091625,SL,2,5e-05,0.0008,0.0008500000000000001,-0.0007500000000000456,-0.0016000000000000456,0.0009985510773659672,0.00039578106483312097,65953.80376133925,66057.69490347581,61.484677542736456,70.68536030217284,High,Ranging,train,2026-02,c555ac9efd53
1597,2026-02-24 12:14:00,2026-02-24 12:29:00,SHORT,63294.7,63342.171024999996,SL,15,5e-05,0.0008,0.0008500000000000001,-0.0007499999999999829,-0.001599999999999983,0.0007724185437327204,0.0011345341711074969,64640.748568432304,65210.21256233326,81.35556645437391,85.83684256232475,Low,Trending,train,2026-02,c555ac9efd53
1598,2026-02-24 12:31:00,2026-02-24 12:39:00,SHORT,63313.7,63187.0726,TP,8,5e-05,0.0008,0.0008500000000000001,0.001999999999999962,0.0011499999999999618,0.00028903696988176193,0.003564631351508363,63971.27692258494,64654.249038819406,80.46657433756484,85.24541575980093,Low,Trending,train,2026-02,c555ac9efd53
1599,2026-02-24 13:14:00,2026-02-24 13:20:00,SHORT,63069.78,62943.640439999996,TP,6,5e-05,0.0008,0.0008500000000000001,0.0020000000000000516,0.0011500000000000516,0.00047915182199781203,0.0022072377610957124,63215.951589850934,63735.89400525439,85.11301781330961,88.93962583245853,Low,Ranging,train,2026-02,c555ac9efd53
1600,2026-02-24 14:10:00,2026-02-24 14:11:00,SHORT,62906.2,62953.379649999995,SL,1,5e-05,0.0008,0.0008500000000000001,-0.0007499999999999717,-0.0015999999999999717,0.0010242233674900136,0.0,62952.65469343962,63187.58307030005,68.37552991823144,76.07343238775833,High,Ranging,train,2026-02,c555ac9efd53
1601,2026-02-24 15:02:00,2026-02-24 15:03:00,LONG,63444.6,63397.01655,SL,1,5e-05,0.0008,0.0008500000000000001,-0.0007499999999999727,-0.0015999999999999728,0.0007671259650151196,0.0006979317388713749,63274.74458929619,63230.72727710464,19.126797978685346,13.60979796847989,High,Ranging,train,2026-02,c555ac9efd53
1602,2026-02-24 15:41:00,2026-02-24 15:42:00,LONG,63820.46,63772.594655,SL,1,5e-05,0.0008,0.0008500000000000001,-0.000749999999999974,-0.001599999999999974,0.0024167798226461855,0.0,63660.09150204558,63506.170843981665,14.971447696752657,13.641522285791615,High,Ranging,train,2026-02,c555ac9efd53
1603,2026-02-25 12:33:00,2026-02-25 12:49:00,LONG,65791.06,65922.64212,TP,16,5e-05,0.0008,0.0008500000000000001,0.002000000000000097,0.0011500000000000971,0.0006377766219299682,0.0034038059274315133,65181.34947209563,64613.66761401979,41.03037994711582,24.43651363352842,Medium,Trending,train,2026-02,c555ac9efd53
1604,2026-02-25 13:14:00,2026-02-25 13:15:00,LONG,66082.77,66033.2079225,SL,1,5e-05,0.0008,0.0008500000000000001,-0.0007499999999999826,-0.0015999999999999825,0.0008265392022763255,0.0,65882.87746757506,65405.335197750974,7.90702963267008,9.360324116716997,Low,Ranging,train,2026-02,c555ac9efd53
1605,2026-02-25 13:16:00,2026-02-25 13:25:00,LONG,66050.07,66182.17014,TP,9,5e-05,0.0008,0.0008500000000000001,0.001999999999999924,0.001149999999999924,0.00037365592496734016,0.002269944604146415,65896.13072650817,65430.817027071585,13.180592647891872,10.508815059887835,Medium,Ranging,train,2026-02,c555ac9efd53
1606,2026-02-25 13:58:00,2026-02-25 14:01:00,LONG,66268.93,66219.22830249999,SL,3,5e-05,0.0008,0.0008500000000000001,-0.000750000000000009,-0.001600000000000009,0.0009236606053544528,0.0001567853894730754,66220.78887494675,65910.67107040693,7.345169461596211,5.170933818547019,Low,Ranging,train,2026-02,c555ac9efd53
1607,2026-02-25 14:41:00,2026-02-25 14:42:00,LONG,66445.26,66395.42605499999,SL,1,5e-05,0.0008,0.0008500000000000001,-0.0007500000000000869,-0.001600000000000087,0.0032018837762091685,0.0,66414.13345201328,66224.8640620362,32.831352468022395,21.376761746547242,Medium,Ranging,train,2026-02,c555ac9efd53
1608,2026-02-25 15:13:00,2026-02-25 15:15:00,LONG,66856.25,66989.9625,TP,2,5e-05,0.0008,0.0008500000000000001,0.001999999999999913,0.0011499999999999128,0.00020760961017114566,0.002074301205945488,66727.36223665696,66508.94761924059,35.35164561791036,22.46827853736835,Medium,Ranging,train,2026-02,c555ac9efd53
1609,2026-02-25 15:24:00,2026-02-25 15:26:00,LONG,66842.23,66975.91446,TP,2,5e-05,0.0008,0.0008500000000000001,0.0020000000000000603,0.0011500000000000603,0.0,0.0030591438975032773,66776.2038975146,66579.72668409969,35.98038555622848,22.648621540425566,Low,Ranging,train,2026-02,c555ac9efd53
1610,2026-02-25 15:58:00,2026-02-25 15:59:00,LONG,67303.25,67412.33,EOD,1,5e-05,0.0008,0.0008500000000000001,0.0016207241106484715,0.0007707241106484715,0.00027903555920403303,0.001742114979588653,67197.77888369755,66949.72274123582,15.199660650109868,10.38421270219317,High,Ranging,train,2026-02,c555ac9efd53
1611,2026-02-26 12:31:00,2026-02-26 12:44:00,LONG,68158.93,68107.8108025,SL,13,5e-05,0.0008,0.0008500000000000001,-0.000749999999999949,-0.0015999999999999491,0.001123990649500895,0.0019254997107496443,67924.44240624679,67544.72689304873,6.197862321603098,11.673350911584734,Low,Ranging,train,2026-02,c555ac9efd53
1612,2026-02-26 12:48:00,2026-02-26 12:49:00,LONG,68076.7,68212.85339999999,TP,1,5e-05,0.0008,0.0008500000000000001,0.0019999999999999354,0.0011499999999999354,0.0,0.0020673740060843907,68043.60903225523,67724.97379224122,28.078998216837903,22.154006221068713,Low,Ranging,train,2026-02,c555ac9efd53
1613,2026-02-26 14:31:00,2026-02-26 14:32:00,SHORT,67853.46,67904.350095,SL,1,5e-05,0.0008,0.0008500000000000001,-0.0007499999999999292,-0.0015999999999999292,0.0029613817777308297,0.0,67985.69443930476,67965.41805476711,60.2802731220506,72.98451111244172,High,Ranging,train,2026-02,c555ac9efd53
1614,2026-02-26 14:59:00,2026-02-26 15:01:00,SHORT,67694.23,67558.84154,TP,2,5e-05,0.0008,0.0008500000000000001,0.0020000000000000287,0.0011500000000000286,0.0007257634808757654,0.002366966874429267,67761.03793511492,67841.5130353752,80.56487392356829,82.66413379765244,Medium,Ranging,train,2026-02,c555ac9efd53
1615,2026-02-26 15:43:00,2026-02-26 15:44:00,SHORT,67239.55,67289.9796625,SL,1,5e-05,0.0008,0.0008500000000000001,-0.0007499999999999823,-0.0015999999999999825,0.0032299442813045745,0.0,67263.36061145952,67455.9599611633,90.0454214333411,89.80853886169507,High,Ranging,train,2026-02,c555ac9efd53
1616,2026-02-27 12:24:00,2026-02-27 12:30:00,SHORT,66010.0,65877.98,TP,6,5e-05,0.0008,0.0008500000000000001,0.0020000000000000616,0.0011500000000000616,0.0002234509922738979,0.002167550371155912,66502.89105417985,66883.35413842891,47.14982794607116,64.8816692214926,High,Trending,train,2026-02,c555ac9efd53
1617,2026-02-27 12:36:00,2026-02-27 12:37:00,SHORT,65994.61,65862.62078,TP,1,5e-05,0.0008,0.0008500000000000001,0.0020000000000000473,0.0011500000000000473,0.0,0.0020397120310279974,66299.61803737076,66688.18884882033,64.21718026865,75.64806231853447,Medium,Trending,train,2026-02,c555ac9efd53
1618,2026-02-27 15:32:00,2026-02-27 15:36:00,SHORT,66009.52,65877.50096,TP,4,5e-05,0.0008,0.0008500000000000001,0.001999999999999988,0.0011499999999999878,0.0002490549847961677,0.0021742318380743274,66048.19069539708,66067.27818691738,28.314460251591996,55.76452558345748,Medium,Ranging,train,2026-02,c555ac9efd53
1619,2026-02-28 12:19:00,2026-02-28 12:20:00,SHORT,63994.47,64042.465852500005,SL,1,5e-05,0.0008,0.0008500000000000001,-0.0007500000000000596,-0.0016000000000000597,0.0012302625523736023,0.0,64903.851280208844,65371.636350170935,91.22027453254611,90.27988435905131,Low,Trending,train,2026-02,c555ac9efd53
1620,2026-02-28 12:23:00,2026-02-28 12:31:00,SHORT,64014.0,64062.010500000004,SL,8,5e-05,0.0008,0.0008500000000000001,-0.0007500000000000618,-0.0016000000000000619,0.0007840472396663594,0.0008434092542256063,64774.65435285948,65268.548665194336,55.075208146833205,74.86709637770014,Low,Trending,train,2026-02,c555ac9efd53
1621,2026-02-28 12:45:00,2026-02-28 12:52:00,SHORT,64014.05,63886.0219,TP,7,5e-05,0.0008,0.0008500000000000001,0.0020000000000000495,0.0011500000000000494,0.000315087078539762,0.0020268987823766813,64334.21105821612,64824.09700255376,57.17242895848991,73.41731339953778,Low,Trending,train,2026-02,c555ac9efd53
1622,2026-02-28 13:02:00,2026-02-28 13:14:00,SHORT,64000.01,64048.0100075,SL,12,5e-05,0.0008,0.0008500000000000001,-0.0007499999999999828,-0.001599999999999983,0.0010720310824951524,0.001374218535278422,64147.07597090105,64572.7403141136,56.72992297827617,74.83353700359531,High,Trending,train,2026-02,c555ac9efd53
1623,2026-02-28 14:08:00,2026-02-28 14:10:00,LONG,64904.32,65034.12864,TP,2,5e-05,0.0008,0.0008500000000000001,0.002000000000000045,0.001150000000000045,0.00022063246329365608,0.0023571620502302153,64520.61753479112,64461.423564128854,22.651700769628178,20.73909860272047,High,Ranging,train,2026-02,c555ac9efd53
1624,2026-02-28 14:17:00,2026-02-28 14:18:00,LONG,64889.5,64840.832875,SL,1,5e-05,0.0008,0.0008500000000000001,-0.0007499999999999991,-0.0015999999999999992,0.002774871127069829,0.0,64633.49898203346,64533.06179745697,27.581850305489287,18.662530968715785,Medium,Ranging,train,2026-02,c555ac9efd53
1625,2026-02-28 14:24:00,2026-02-28 14:25:00,LONG,64723.87,64853.317740000006,TP,1,5e-05,0.0008,0.0008500000000000001,0.0020000000000000503,0.0011500000000000503,0.0,0.0022569725821400123,64660.92112800823,64560.812869351146,36.99246161175569,18.521567783434794,High,Ranging,train,2026-02,c555ac9efd53
1626,2026-02-28 15:06:00,2026-02-28 15:08:00,SHORT,64535.6,64406.5288,TP,2,5e-05,0.0008,0.0008500000000000001,0.0019999999999999766,0.0011499999999999766,0.0003718877642727425,0.002128127731050715,64647.5843269958,64629.6351387445,87.03588318479062,84.702470676232,Medium,Ranging,train,2026-02,c555ac9efd53
1627,2026-02-28 15:45:00,2026-02-28 15:53:00,LONG,64832.39,64783.765707499995,SL,8,5e-05,0.0008,0.0008500000000000001,-0.0007500000000000653,-0.0016000000000000653,0.0016641373239517996,0.0005651496111742821,64678.457543378536,64639.632094464796,36.31058678993839,26.842956198724067,Medium,Ranging,train,2026-02,c555ac9efd53
1628,2026-03-01 12:26:00,2026-03-01 12:28:00,LONG,66481.72,66431.85871,SL,2,5e-05,0.0008,0.0008500000000000001,-0.0007500000000000111,-0.0016000000000000111,0.0009163421162990105,0.0,65901.1398406867,65441.762508914166,30.589849108371098,21.455166428714193,Low,Trending,train,2026-03,c555ac9efd53
1629,2026-03-01 12:31:00,2026-03-01 12:32:00,LONG,66443.58,66393.747315,SL,1,5e-05,0.0008,0.0008500000000000001,-0.0007500000000000183,-0.0016000000000000185,0.0007838229065923562,0.0,65997.3014893645,65535.98018026385,21.80133728058289,15.443630151101999,Low,Trending,train,2026-03,c555ac9efd53
1630,2026-03-01 12:36:00,2026-03-01 12:37:00,LONG,66315.77,66266.0331725,SL,1,5e-05,0.0008,0.0008500000000000001,-0.0007500000000000669,-0.001600000000000067,0.001112857469648666,0.0,66057.07813767072,65611.34901234883,12.07194501514526,8.900220689842572,Medium,Trending,train,2026-03,c555ac9efd53
1631,2026-03-01 12:39:00,2026-03-01 12:42:00,LONG,66316.64,66449.27328,TP,3,5e-05,0.0008,0.0008500000000000001,0.001999999999999918,0.001149999999999918,0.0,0.002734758576429695,66084.72594823125,65651.51144303757,30.050186153447005,18.925443700058267,Low,Trending,train,2026-03,c555ac9efd53
1632,2026-03-01 12:52:00,2026-03-01 13:04:00,LONG,66333.6,66283.84980000001,SL,12,5e-05,0.0008,0.0008500000000000001,-0.0007499999999999238,-0.001599999999999924,0.0021636093925251165,0.0005485907594341242,66208.80038088144,65821.54225960268,9.409661099511629,7.181894528249299,Medium,Ranging,train,2026-03,c555ac9efd53
1633,2026-03-01 14:24:00,2026-03-01 14:28:00,LONG,66841.96,66975.64392,TP,4,5e-05,0.0008,0.0008500000000000001,0.0019999999999999376,0.0011499999999999375,0.0,0.002143414106947036,66831.40501140142,66586.8512161624,21.324029712436367,12.300265663926178,High,Ranging,train,2026-03,c555ac9efd53
1634,2026-03-01 15:26:00,2026-03-01 15:35:00,LONG,67079.15,67213.30829999999,TP,9,5e-05,0.0008,0.0008500000000000001,0.0019999999999999333,0.0011499999999999332,0.00028563271895945227,0.002052947898117469,66982.94455299672,66859.65177261068,36.75667533097796,26.745793346939035,Medium,Ranging,train,2026-03,c555ac9efd53
1635,2026-03-02 12:55:00,2026-03-02 13:05:00,SHORT,65992.87,65860.88425999999,TP,10,5e-05,0.0008,0.0008500000000000001,0.0020000000000000564,0.0011500000000000564,0.0,0.0024922389342970108,66176.70676679925,66392.57033556349,48.22475064476381,68.89636909868513,High,Ranging,train,2026-03,c555ac9efd53
1636,2026-03-02 13:21:00,2026-03-02 13:22:00,SHORT,65975.44,66024.92158000001,SL,1,5e-05,0.0008,0.0008500000000000001,-0.0007500000000001052,-0.0016000000000001052,0.0015805881703858107,0.0,66020.30527502482,66206.25434864957,92.81769206392396,92.14993888360868,High,Ranging,train,2026-03,c555ac9efd53
1637,2026-03-02 13:24:00,2026-03-02 13:25:00,SHORT,66014.3,66063.810725,SL,1,5e-05,0.0008,0.0008500000000000001,-0.0007500000000000014,-0.0016000000000000016,0.0021658943592524032,0.0,66022.07360171725,66196.3337027532,78.69900930968215,86.04320237116549,Medium,Ranging,train,2026-03,c555ac9efd53
1638,2026-03-02 14:10:00,2026-03-02 14:11:00,SHORT,65525.0,65574.14375,SL,1,5e-05,0.0008,0.0008500000000000001,-0.0007500000000000445,-0.0016000000000000445,0.0009265165967189073,9.767264402901878e-05,65606.92638652903,65814.50988696575,91.46133496805787,92.84275170840048,Medium,Ranging,train,2026-03,c555ac9efd53
1639,2026-03-02 14:14:00,2026-03-02 14:19:00,SHORT,65582.56,65451.39488,TP,5,5e-05,0.0008,0.0008500000000000001,0.001999999999999967,0.001149999999999967,0.000740135792198538,0.0022065317364860283,65602.28347029882,65796.1529415406,77.93509872952633,88.62005507077619,Medium,Ranging,train,2026-03,c555ac9efd53
1640,2026-03-02 15:56:00,2026-03-02 15:57:00,LONG,69071.04,69019.23671999999,SL,1,5e-05,0.0008,0.0008500000000000001,-0.0007500000000001067,-0.0016000000000001068,0.0026398907559520824,0.0,68679.08863044859,67945.16053925022,27.884152523538358,18.44113877378336,High,Trending,train,2026-03,c555ac9efd53
1641,2026-03-03 12:13:00,2026-03-03 12:14:00,SHORT,67861.35,67725.62730000001,TP,1,5e-05,0.0008,0.0008500000000000001,0.001999999999999977,0.001149999999999977,0.0,0.002817214806366327,68170.46018982776,67865.49493856855,84.15947317472325,91.41931304596757,High,Ranging,train,2026-03,c555ac9efd53
1642,2026-03-03 12:31:00,2026-03-03 12:32:00,SHORT,67551.95,67416.8461,TP,1,5e-05,0.0008,0.0008500000000000001,0.002000000000000028,0.0011500000000000277,0.0,0.0024783888547998726,67851.98539589261,67770.73169425092,53.21064522683204,73.83792095954016,Medium,Ranging,train,2026-03,c555ac9efd53
1643,2026-03-03 12:58:00,2026-03-03 13:01:00,SHORT,67417.66,67282.82468,TP,3,5e-05,0.0008,0.0008500000000000001,0.001999999999999975,0.0011499999999999748,0.0002572026380031064,0.002420582381530334,67539.72293107606,67607.29020643429,73.82910570513614,83.7171308188844,Low,Ranging,train,2026-03,c555ac9efd53
1644,2026-03-03 13:56:00,2026-03-03 13:57:00,SHORT,66872.0,66922.154,SL,1,5e-05,0.0008,0.0008500000000000001,-0.0007499999999999251,-0.0015999999999999253,0.0011542947721019609,0.0002717131235793494,67017.76211378642,67191.13070876802,79.36087204714481,88.40544328793804,Medium,Ranging,train,2026-03,c555ac9efd53
1645,2026-03-03 14:02:00,2026-03-03 14:03:00,SHORT,66918.86,66969.049145,SL,1,5e-05,0.0008,0.0008500000000000001,-0.0007499999999999498,-0.00159999999999995,0.0023132492095651793,0.0,67002.84513187475,67163.57057784464,89.50315164997984,87.49687821968406,Medium,Ranging,train,2026-03,c555ac9efd53
1646,2026-03-03 14:31:00,2026-03-03 14:32:00,LONG,67335.5,67284.998375,SL,1,5e-05,0.0008,0.0008500000000000001,-0.0007500000000000657,-0.0016000000000000658,0.0027034773633520743,0.0,67122.32547868867,67167.83993471658,45.032083358724115,34.4514336019839,High,Ranging,train,2026-03,c555ac9efd53
1647,2026-03-03 14:57:00,2026-03-03 14:58:00,SHORT,66633.17,66683.1448775,SL,1,5e-05,0.0008,0.0008500000000000001,-0.0007500000000000656,-0.0016000000000000658,0.0014216643152351288,0.0012859961487649819,66828.0366174296,66971.55360902278,84.19577104417488,90.6288060157372,Medium,Ranging,train,2026-03,c555ac9efd53
1648,2026-03-04 12:20:00,2026-03-04 12:23:00,LONG,70789.99,70736.8975075,SL,3,5e-05,0.0008,0.0008500000000000001,-0.000749999999999999,-0.001599999999999999,0.00143466611592984,0.0001414041731040612,69351.74383035014,68446.36665232516,26.72825917814268,16.04723858585393,Low,Trending,train,2026-03,c555ac9efd53
1649,2026-03-04 12:27:00,2026-03-04 12:29:00,LONG,70686.91,70633.8948175,SL,2,5e-05,0.0008,0.0008500000000000001,-0.0007500000000000938,-0.001600000000000094,0.0010015998718857977,0.0011560839199223896,69685.70344670888,68743.3649707728,43.49139655862685,24.211992266696033,Medium,Trending,train,2026-03,c555ac9efd53
1650,2026-03-04 12:33:00,2026-03-04 12:35:00,LONG,70665.38,70806.71076,TP,2,5e-05,0.0008,0.0008500000000000001,0.001999999999999959,0.0011499999999999588,0.0,0.0021879171950961074,69896.01245750584,68961.26462802543,52.5388584117037,29.540200094019344,High,Trending,train,2026-03,c555ac9efd53
1651,2026-03-04 13:17:00,2026-03-04 13:22:00,LONG,71314.56,71261.07407999999,SL,5,5e-05,0.0008,0.0008500000000000001,-0.0007500000000000904,-0.0016000000000000905,0.0011847510522394122,0.0011991941056637534,71033.8525894259,70286.46805031628,21.53019043570329,11.331101211181371,Medium,Ranging,train,2026-03,c555ac9efd53
1652,2026-03-04 13:26:00,2026-03-04 13:28:00,LONG,71276.72,71419.27344,TP,2,5e-05,0.0008,0.0008500000000000001,0.0020000000000000464,0.0011500000000000464,0.0,0.002035026303118366,71112.24875858951,70452.60046476265,29.734482703493388,19.076019778815564,Low,Ranging,train,2026-03,c555ac9efd53
1653,2026-03-04 13:52:00,2026-03-04 13:56:00,LONG,71349.4,71492.09879999999,TP,4,5e-05,0.0008,0.0008500000000000001,0.001999999999999976,0.0011499999999999761,8.969942284019459e-05,0.002391050240086193,71296.42201647481,70834.59438232883,16.728552870581055,11.8817875017151,Low,Ranging,train,2026-03,c555ac9efd53
1654,2026-03-04 14:24:00,2026-03-04 14:29:00,LONG,71614.78,71758.00956,TP,5,5e-05,0.0008,0.0008500000000000001,0.0020000000000000985,0.0011500000000000984,0.0004286824591236207,0.0020502750968445583,71530.94298122931,71198.99485504934,8.971876601771402,9.457308334763978,Low,Ranging,train,2026-03,c555ac9efd53
1655,2026-03-04 15:42:00,2026-03-04 15:43:00,LONG,72695.2,72840.5904,TP,1,5e-05,0.0008,0.0008500000000000001,0.0020000000000000534,0.0011500000000000533,0.0,0.0024113008836898196,72378.31456136022,72040.10197094701,43.792157054861086,28.115701899767217,Medium,Ranging,train,2026-03,c555ac9efd53
1656,2026-03-05 12:05:00,2026-03-05 12:06:00,LONG,72805.0,72750.39624999999,SL,1,5e-05,0.0008,0.0008500000000000001,-0.000750000000000128,-0.001600000000000128,0.0009492479912094029,0.0002473731199779515,72730.04951590895,72380.81625914472,11.019659949313068,7.822221717615079,Low,Ranging,train,2026-03,c555ac9efd53
1657,2026-03-05 12:20:00,2026-03-05 12:27:00,LONG,72889.53,72834.8628525,SL,7,5e-05,0.0008,0.0008500000000000001,-0.0007500000000000538,-0.0016000000000000539,0.002510511454800233,0.0010233294137031272,72799.47362054106,72511.78940881701,44.22209516549131,26.546929778056864,High,Ranging,train,2026-03,c555ac9efd53
1658,2026-03-05 13:47:00,2026-03-05 13:48:00,SHORT,72483.17,72537.5323775,SL,1,5e-05,0.0008,0.0008500000000000001,-0.0007500000000000201,-0.0016000000000000202,0.002800926063250325,0.0,72552.43192464755,72597.85153714803,81.62578155976611,86.76376438123134,Medium,Ranging,train,2026-03,c555ac9efd53
1659,2026-03-05 14:09:00,2026-03-05 14:10:00,SHORT,72372.9,72427.17967499999,SL,1,5e-05,0.0008,0.0008500000000000001,-0.0007499999999999717,-0.0015999999999999717,0.0026254302370087327,0.0,72548.19538016178,72581.13024207212,54.5956301194733,69.56440088643677,High,Ranging,train,2026-03,c555ac9efd53
1660,2026-03-05 15:41:00,2026-03-05 15:42:00,SHORT,71446.66,71500.244995,SL,1,5e-05,0.0008,0.0008500000000000001,-0.000749999999999964,-0.001599999999999964,0.0011663246399482039,0.0,71729.81766528975,71999.18513360164,64.57094228047448,79.25322565407801,Medium,Trending,train,2026-03,c555ac9efd53
1661,2026-03-05 15:56:00,2026-03-05 15:59:00,SHORT,71582.25,71635.9366875,SL,3,5e-05,0.0008,0.0008500000000000001,-0.0007499999999999691,-0.001599999999999969,0.0009853001267772226,0.0015656115866713744,71633.35442962885,71872.5276359777,60.632033773691155,77.6153256086485,High,Ranging,train,2026-03,c555ac9efd53
1662,2026-03-06 12:22:00,2026-03-06 12:31:00,SHORT,70099.13,69958.93174,TP,9,5e-05,0.0008,0.0008500000000000001,0.0020000000000000664,0.0011500000000000663,0.0004864539688294458,0.002312867506344296,70670.18945505632,71185.14513670471,69.55863453305098,81.89779209925267,Low,Trending,train,2026-03,c555ac9efd53
1663,2026-03-06 12:54:00,2026-03-06 12:55:00,SHORT,69856.26,69908.652195,SL,1,5e-05,0.0008,0.0008500000000000001,-0.0007500000000001093,-0.0016000000000001094,0.0029088302179362544,0.0,70077.9239212997,70559.95729756815,86.57950051658315,88.56876992799569,Low,Trending,train,2026-03,c555ac9efd53
1664,2026-03-06 12:59:00,2026-03-06 13:00:00,SHORT,69993.66,70046.155245,SL,1,5e-05,0.0008,0.0008500000000000001,-0.000749999999999975,-0.0015999999999999751,0.0021906269796436095,0.0012382550076678123,70062.6447360516,70506.17599507234,62.42704881358393,78.65477532828803,Medium,Ranging,train,2026-03,c555ac9efd53
1665,2026-03-06 13:15:00,2026-03-06 13:19:00,SHORT,70003.02,70055.522265,SL,4,5e-05,0.0008,0.0008500000000000001,-0.00075000000000004,-0.0016000000000000402,0.0007773950323857207,0.0009216745220421072,70026.53146466998,70363.25530043329,74.71044231646385,80.2606136431521,Low,Ranging,train,2026-03,c555ac9efd53
1666,2026-03-06 14:22:00,2026-03-06 14:26:00,SHORT,68973.29,69025.01996749999,SL,4,5e-05,0.0008,0.0008500000000000001,-0.0007499999999999397,-0.0015999999999999398,0.0017003683599841823,0.0014233045864565582,69305.14250837156,69662.36067152092,92.36072166023966,92.75956522356165,Low,Ranging,train,2026-03,c555ac9efd53
1667,2026-03-06 15:07:00,2026-03-06 15:08:00,SHORT,68579.43,68442.27114,TP,1,5e-05,0.0008,0.0008500000000000001,0.0019999999999999406,0.0011499999999999406,0.0,0.002544932204889992,68680.8042037891,69027.34303316561,70.40943582522014,85.61283364457756,High,Ranging,train,2026-03,c555ac9efd53
1668,2026-03-07 12:20:00,2026-03-07 12:25:00,SHORT,68026.2,68077.21965,SL,5,5e-05,0.0008,0.0008500000000000001,-0.0007500000000000295,-0.0016000000000000296,0.0008703999341431155,0.0,68295.11078057617,68536.4312369038,84.38314985385419,90.60977514977543,Low,Ranging,train,2026-03,c555ac9efd53
1669,2026-03-07 12:56:00,2026-03-07 13:02:00,SHORT,67986.5,68037.489875,SL,6,5e-05,0.0008,0.0008500000000000001,-0.0007499999999999897,-0.0015999999999999899,0.000818397770145535,0.00015561913026853488,68062.46761904807,68258.03542151023,83.97136377298659,90.13853594556947,Low,Ranging,train,2026-03,c555ac9efd53
1670,2026-03-07 13:06:00,2026-03-07 13:36:00,SHORT,68038.24,67999.99,MAX_HOLD,30,5e-05,0.0008,0.0008500000000000001,0.0005621838542560772,-0.0002878161457439229,0.000604219039175625,0.0014300781442906651,68047.10076335286,68214.07537665115,51.91829669073818,70.10543149793855,Medium,Ranging,train,2026-03,c555ac9efd53
1671,2026-03-07 13:50:00,2026-03-07 14:01:00,SHORT,67918.26,67782.42348,TP,11,5e-05,0.0008,0.0008500000000000001,0.0019999999999999575,0.0011499999999999575,0.0006759596020275475,0.00217585079476416,67977.84367714646,68073.29285287678,69.62035573923576,75.86521599745053,Low,Ranging,train,2026-03,c555ac9efd53
1672,2026-03-07 14:21:00,2026-03-07 14:25:00,SHORT,67761.99,67812.81149250001,SL,4,5e-05,0.0008,0.0008500000000000001,-0.0007500000000000969,-0.001600000000000097,0.0009686846563980694,0.00021737850378966846,67842.09616085068,67946.03954614156,76.65872407230455,86.29470873205419,Low,Ranging,train,2026-03,c555ac9efd53
1673,2026-03-07 14:27:00,2026-03-07 14:35:00,SHORT,67809.98,67860.837485,SL,8,5e-05,0.0008,0.0008500000000000001,-0.0007500000000000067,-0.0016000000000000068,0.0007894118240412228,0.00014673356340758528,67833.96732283728,67929.93336853053,84.71457085828598,87.15987085302464,Low,Ranging,train,2026-03,c555ac9efd53
1674,2026-03-07 15:03:00,2026-03-07 15:11:00,LONG,67990.98,67939.986765,SL,8,5e-05,0.0008,0.0008500000000000001,-0.0007500000000000255,-0.0016000000000000254,0.0008217266466815943,0.0004346164741264637,67955.48964483559,67956.65840173177,36.62103821663584,25.0099827063829,Medium,Ranging,train,2026-03,c555ac9efd53
1675,2026-03-07 15:20:00,2026-03-07 15:33:00,SHORT,67916.74,67967.677555,SL,13,5e-05,0.0008,0.0008500000000000001,-0.0007499999999999527,-0.0015999999999999528,0.0014813726336099255,0.0008447107443615505,67958.72181631156,67958.74880797794,39.008768882555735,62.74366459965182,High,Ranging,train,2026-03,c555ac9efd53
1676,2026-03-07 15:52:00,2026-03-07 15:54:00,SHORT,67846.78,67897.665085,SL,2,5e-05,0.0008,0.0008500000000000001,-0.0007500000000000252,-0.0016000000000000252,0.0007549363433312703,0.0,67901.65261756297,67924.97329179783,82.71303010735548,79.72682340236673,Medium,Ranging,train,2026-03,c555ac9efd53
1677,2026-03-07 15:57:00,2026-03-07 15:59:00,SHORT,67897.99,67877.45,EOD,2,5e-05,0.0008,0.0008500000000000001,0.0003025126369721423,-0.0005474873630278577,0.00019779672417391168,0.00030457455367983007,67901.21092871601,67922.50484395993,87.0593422872583,89.72224704997281,Low,Ranging,train,2026-03,c555ac9efd53
1678,2026-03-08 12:00:00,2026-03-08 12:02:00,SHORT,67515.0,67565.63625,SL,2,5e-05,0.0008,0.0008500000000000001,-0.0007499999999999396,-0.0015999999999999396,0.0010267347996742498,8.679552691995234e-05,67885.3103014113,67913.23419644308,49.456422291847126,73.55147292124907,Medium,Ranging,train,2026-03,c555ac9efd53
1679,2026-03-08 12:26:00,2026-03-08 12:28:00,SHORT,67324.26,67374.753195,SL,2,5e-05,0.0008,0.0008500000000000001,-0.0007500000000000408,-0.0016000000000000408,0.0017224103168754683,0.00047917348070360914,67497.94664009349,67664.39536269418,89.36702003721543,93.08536479995838,Medium,Trending,train,2026-03,c555ac9efd53
1680,2026-03-08 13:04:00,2026-03-08 13:12:00,SHORT,67339.82,67205.14036,TP,8,5e-05,0.0008,0.0008500000000000001,0.0020000000000000313,0.0011500000000000312,0.0,0.004303842808014737,67376.89523073616,67494.8398160589,45.97623924222842,69.01090877433374,High,Ranging,train,2026-03,c555ac9efd53
1681,2026-03-08 13:24:00,2026-03-08 13:25:00,SHORT,67064.2,66930.0716,TP,1,5e-05,0.0008,0.0008500000000000001,0.0020000000000000213,0.0011500000000000212,0.0,0.0037319464035953437,67234.1635821291,67373.05243215777,52.5963755279676,74.33205923441486,High,Trending,train,2026-03,c555ac9efd53
1682,2026-03-08 13:32:00,2026-03-08 13:41:00,SHORT,67088.0,66953.824,TP,9,5e-05,0.0008,0.0008500000000000001,0.0020000000000001007,0.0011500000000001006,0.00039649415692830043,0.0034274385881230968,67195.51609967474,67331.41414789692,74.1031758380456,80.2788006615628,High,Trending,train,2026-03,c555ac9efd53
1683,2026-03-08 14:31:00,2026-03-08 14:35:00,LONG,67283.99,67233.5270075,SL,4,5e-05,0.0008,0.0008500000000000001,-0.0007500000000000665,-0.0016000000000000666,0.0007844362381006066,0.0015483623964630071,67275.1304743804,67280.3172961584,19.792444997923848,13.079441568152637,Low,Ranging,train,2026-03,c555ac9efd53
1684,2026-03-08 15:45:00,2026-03-08 15:46:00,SHORT,67146.0,67196.3595,SL,1,5e-05,0.0008,0.0008500000000000001,-0.0007500000000000884,-0.0016000000000000883,0.0009424239716438632,0.0,67224.03666762794,67243.14416885431,53.55498362851637,74.2802195159063,Medium,Ranging,train,2026-03,c555ac9efd53
1685,2026-03-09 12:14:00,2026-03-09 12:20:00,LONG,67857.45,67993.1649,TP,6,5e-05,0.0008,0.0008500000000000001,0.0020000000000000933,0.0011500000000000932,0.0,0.0023272315714781247,67496.6145513552,67389.26153987087,62.834943719496074,34.26994386526308,High,Ranging,train,2026-03,c555ac9efd53
1686,2026-03-09 12:37:00,2026-03-09 12:38:00,LONG,68058.51,68194.62702,TP,1,5e-05,0.0008,0.0008500000000000001,0.0020000000000000755,0.0011500000000000754,0.0,0.00425736619858413,67831.6706875005,67631.69461135865,47.08831640672775,28.357100067799706,High,Trending,train,2026-03,c555ac9efd53
1687,2026-03-09 12:51:00,2026-03-09 13:02:00,LONG,68082.5,68218.665,TP,11,5e-05,0.0008,0.0008500000000000001,0.001999999999999906,0.0011499999999999059,0.0005386112437116477,0.002406051481658248,67974.18851599077,67763.00518573596,30.67455284893053,16.42772110434829,High,Trending,train,2026-03,c555ac9efd53
1688,2026-03-09 13:24:00,2026-03-09 13:25:00,LONG,68206.32,68342.73264,TP,1,5e-05,0.0008,0.0008500000000000001,0.0019999999999999267,0.0011499999999999267,7.667911126139744e-05,0.004691500728964569,68198.99188005799,68009.49728675648,6.5345316636546835,3.4445607624801347,Low,Ranging,train,2026-03,c555ac9efd53
1689,2026-03-09 13:41:00,2026-03-09 13:43:00,LONG,68805.54,68943.15108,TP,2,5e-05,0.0008,0.0008500000000000001,0.002000000000000035,0.0011500000000000351,0.0004995237302111915,0.005693436894761749,68486.97659781428,68231.1456010536,16.74763880516089,15.79356852434469,High,Trending,train,2026-03,c555ac9efd53
1690,2026-03-10 12:12:00,2026-03-10 12:22:00,LONG,70384.39,70525.15878,TP,10,5e-05,0.0008,0.0008500000000000001,0.001999999999999979,0.0011499999999999787,2.8699545453247156e-05,0.0023222478734275754,69567.4420801394,69309.94911873477,24.95042979478565,17.566414052733325,Low,Trending,train,2026-03,c555ac9efd53
1691,2026-03-10 12:33:00,2026-03-10 12:46:00,LONG,70370.81,70511.55162,TP,13,5e-05,0.0008,0.0008500000000000001,0.00200000000000001,0.00115000000000001,0.0,0.0021884073808444153,70058.69274392595,69696.0432541726,38.49627450171371,25.15924969053927,Low,Trending,train,2026-03,c555ac9efd53
1692,2026-03-10 13:00:00,2026-03-10 13:05:00,LONG,70519.86,70660.89972,TP,5,5e-05,0.0008,0.0008500000000000001,0.0020000000000000096,0.0011500000000000095,0.0,0.0023623132547341487,70347.185988294,70027.32872413802,58.060081966633824,35.53582888042174,Medium,Trending,train,2026-03,c555ac9efd53
1693,2026-03-10 13:24:00,2026-03-10 13:26:00,LONG,70734.42,70875.88884,TP,2,5e-05,0.0008,0.0008500000000000001,0.002000000000000019,0.001150000000000019,0.0,0.002040449331457044,70575.08141969629,70287.65851425921,51.010679197404464,28.856325433439036,High,Ranging,train,2026-03,c555ac9efd53
1694,2026-03-10 13:53:00,2026-03-10 13:54:00,SHORT,70198.7,70251.349025,SL,1,5e-05,0.0008,0.0008500000000000001,-0.0007500000000000866,-0.0016000000000000866,0.00107338170080081,0.0005669620662491316,70314.07358595105,70260.7348202905,91.34422854448923,93.10329854553487,Medium,Ranging,train,2026-03,c555ac9efd53
1695,2026-03-10 14:25:00,2026-03-10 14:26:00,SHORT,69725.76,69778.05432,SL,1,5e-05,0.0008,0.0008500000000000001,-0.0007500000000000127,-0.0016000000000000129,0.002863073848173253,0.0,69873.40047256027,70006.4510010533,94.31978020465307,95.68270992603756,High,Ranging,train,2026-03,c555ac9efd53
1696,2026-03-10 15:11:00,2026-03-10 15:12:00,LONG,71281.52,71228.05886,SL,1,5e-05,0.0008,0.0008500000000000001,-0.000749999999999992,-0.001599999999999992,0.0014104637499313727,6.074505706390304e-05,70805.33776046173,70512.9922465129,19.694596848163762,16.144690838382825,Medium,Ranging,train,2026-03,c555ac9efd53
1697,2026-03-11 12:01:00,2026-03-11 12:06:00,SHORT,69212.67,69074.24466,TP,5,5e-05,0.0008,0.0008500000000000001,0.002000000000000023,0.001150000000000023,0.00034054458526173005,0.0021335688971397615,70975.07326881269,70862.88576496248,32.710013434324026,63.197747991296616,Medium,Ranging,train,2026-03,c555ac9efd53
1698,2026-03-11 12:16:00,2026-03-11 12:22:00,SHORT,69205.0,69256.90375,SL,6,5e-05,0.0008,0.0008500000000000001,-0.0007499999999999664,-0.0015999999999999665,0.0015621703634130567,0.0006541434867423462,70135.87468521009,70409.37997347691,85.04568668794096,87.13158331620677,Low,Ranging,train,2026-03,c555ac9efd53
1699,2026-03-11 12:26:00,2026-03-11 12:30:00,SHORT,69420.41,69472.4753075,SL,4,5e-05,0.0008,0.0008500000000000001,-0.0007500000000000134,-0.0016000000000000133,0.005146181072684532,0.0008702051745301345,69861.3152307075,70207.97020676162,86.98722371415302,90.3405024922266,Medium,Trending,train,2026-03,c555ac9efd53
1700,2026-03-11 12:31:00,2026-03-11 12:32:00,SHORT,69455.04,69507.13128,SL,1,5e-05,0.0008,0.0008500000000000001,-0.0007500000000001128,-0.0016000000000001128,0.0008224025211130813,0.001850261694471629,69784.0587637543,70134.29960261281,52.70549763019073,66.80334956052683,High,Trending,train,2026-03,c555ac9efd53
1701,2026-03-11 12:54:00,2026-03-11 12:55:00,SHORT,69288.28,69340.24621,SL,1,5e-05,0.0008,0.0008500000000000001,-0.000749999999999981,-0.0015999999999999812,0.0016121052507003652,0.0,69480.38319748493,69819.12875884597,92.93565919371345,89.33717852573807,Medium,Trending,train,2026-03,c555ac9efd53
1702,2026-03-11 12:56:00,2026-03-11 13:05:00,SHORT,69357.04,69409.05778,SL,9,5e-05,0.0008,0.0008500000000000001,-0.000750000000000133,-0.001600000000000133,0.001749786323061085,0.00037487182267293995,69470.91498545227,69801.01752626697,84.70847240450045,88.56559620346853,Low,Trending,train,2026-03,c555ac9efd53
1703,2026-03-11 14:59:00,2026-03-11 15:00:00,LONG,70684.61,70631.5965425,SL,1,5e-05,0.0008,0.0008500000000000001,-0.000749999999999964,-0.001599999999999964,0.0015167375189593095,0.0,70599.00708175743,70437.61085833545,24.909638150244607,21.60243994106622,High,Ranging,train,2026-03,c555ac9efd53
1704,2026-03-11 15:27:00,2026-03-11 15:28:00,SHORT,70339.66,70392.414745,SL,1,5e-05,0.0008,0.0008500000000000001,-0.0007499999999999767,-0.0015999999999999769,0.0009289211804549027,0.0004252224136426518,70390.54389579229,70375.61998779414,69.20545848505151,80.94607147872445,Medium,Ranging,train,2026-03,c555ac9efd53
1705,2026-03-11 15:43:00,2026-03-11 15:44:00,SHORT,70209.99,70069.57002,TP,1,5e-05,0.0008,0.0008500000000000001,0.002000000000000086,0.0011500000000000858,0.0,0.002060390551259208,70255.00833905436,70299.52569419154,83.99074491363746,87.21088556590632,Low,Ranging,train,2026-03,c555ac9efd53
1706,2026-03-12 12:39:00,2026-03-12 12:44:00,LONG,70333.86,70474.52772,TP,5,5e-05,0.0008,0.0008500000000000001,0.0019999999999999666,0.0011499999999999666,7.663449723930149e-05,0.0020432548419780515,70330.36417099938,70316.28965584219,29.41269148729373,17.156897912816735,Low,Ranging,train,2026-03,c555ac9efd53
1707,2026-03-12 12:56:00,2026-03-12 12:57:00,LONG,70395.37,70342.5734725,SL,1,5e-05,0.0008,0.0008500000000000001,-0.0007500000000000343,-0.0016000000000000343,0.0008435213850000378,0.0,70387.99154425024,70354.38308545039,13.873931700126954,11.41141717100635,Low,Ranging,train,2026-03,c555ac9efd53
1708,2026-03-12 13:38:00,2026-03-12 13:40:00,SHORT,70260.02,70312.71501500001,SL,2,5e-05,0.0008,0.0008500000000000001,-0.0007500000000000681,-0.0016000000000000682,0.0015192139142572217,0.0002914886730748223,70261.74643759191,70295.80028099204,70.01263233493142,78.98500452449423,Medium,Ranging,train,2026-03,c555ac9efd53
1709,2026-03-12 15:02:00,2026-03-12 15:03:00,SHORT,69541.27,69593.42595250001,SL,1,5e-05,0.0008,0.0008500000000000001,-0.0007500000000000688,-0.0016000000000000688,0.0029453014015992578,7.017415701503088e-05,69719.37980183634,69894.67522449938,60.6814929139938,70.33408465509872,Medium,Trending,train,2026-03,c555ac9efd53
1710,2026-03-12 15:07:00,2026-03-12 15:13:00,SHORT,69707.21,69567.79558,TP,6,5e-05,0.0008,0.0008500000000000001,0.002000000000000014,0.0011500000000000139,0.00013757543875298563,0.003314865133750253,69720.0570136474,69878.41300370304,77.30253339786357,86.68503322671351,Medium,Trending,train,2026-03,c555ac9efd53
1711,2026-03-13 12:15:00,2026-03-13 12:16:00,LONG,72420.0,72365.685,SL,1,5e-05,0.0008,0.0008500000000000001,-0.0007500000000000321,-0.0016000000000000322,0.0008010218171775029,0.0,71227.61350445538,70718.90303148705,30.505402040997613,24.809608488139688,Low,Trending,train,2026-03,c555ac9efd53
1712,2026-03-13 12:20:00,2026-03-13 12:33:00,LONG,72368.44,72513.17688,TP,13,5e-05,0.0008,0.0008500000000000001,0.001999999999999955,0.0011499999999999549,0.0002887999243870495,0.0036354245027251726,71432.61774247955,70874.91922770515,30.924443469674333,22.954181034472402,Low,Trending,train,2026-03,c555ac9efd53
1713,2026-03-13 12:39:00,2026-03-13 12:45:00,LONG,72340.77,72485.45154000001,TP,6,5e-05,0.0008,0.0008500000000000001,0.0020000000000000694,0.0011500000000000694,1.7970502664029015e-05,0.002369203424293098,71951.5675728521,71359.66147137714,15.94429302665889,15.408421783481176,Medium,Trending,train,2026-03,c555ac9efd53
1714,2026-03-13 13:12:00,2026-03-13 13:17:00,LONG,72753.12,72898.62624,TP,5,5e-05,0.0008,0.0008500000000000001,0.0020000000000000334,0.0011500000000000334,0.00059914956224553,0.0039660154780991955,72523.15488375074,72014.4898385842,35.96865489091783,22.123616918394685,High,Ranging,train,2026-03,c555ac9efd53
1715,2026-03-13 13:31:00,2026-03-13 13:32:00,LONG,73173.89,73320.23778,TP,1,5e-05,0.0008,0.0008500000000000001,0.001999999999999951,0.001149999999999951,0.0,0.0020067267163191202,72805.04522327158,72339.83827038694,54.89148359645892,34.5345783869397,High,Ranging,train,2026-03,c555ac9efd53
1716,2026-03-13 13:39:00,2026-03-13 13:41:00,LONG,72917.11,73062.94422,TP,2,5e-05,0.0008,0.0008500000000000001,0.0020000000000000586,0.0011500000000000585,0.00011615929375150996,0.002260649112396206,72855.05217393658,72436.39003645614,28.690296719605957,17.997754902902077,Medium,Ranging,train,2026-03,c555ac9efd53
1717,2026-03-13 14:06:00,2026-03-13 14:07:00,LONG,73426.93,73573.78386,TP,1,5e-05,0.0008,0.0008500000000000001,0.0020000000000000395,0.0011500000000000394,0.0,0.0021129849770378352,73203.19331547077,72825.12388972461,53.12154393905811,28.549571643871378,High,Ranging,train,2026-03,c555ac9efd53
1718,2026-03-13 15:11:00,2026-03-13 15:12:00,SHORT,72604.89,72659.3436675,SL,1,5e-05,0.0008,0.0008500000000000001,-0.0007499999999999741,-0.0015999999999999743,0.0011722350932561235,0.00017409295709971352,72848.19469230162,72931.24306565798,85.56424985060336,89.98793087506169,Low,Ranging,train,2026-03,c555ac9efd53
1719,2026-03-13 15:17:00,2026-03-13 15:21:00,SHORT,72708.59,72763.12144249999,SL,4,5e-05,0.0008,0.0008500000000000001,-0.0007499999999999457,-0.0015999999999999456,0.001319376431313103,0.001395295934084227,72812.36614176628,72902.7028817069,65.54733134260935,73.67375975528749,Medium,Ranging,train,2026-03,c555ac9efd53
1720,2026-03-13 15:54:00,2026-03-13 15:55:00,SHORT,71957.95,71814.03409999999,TP,1,5e-05,0.0008,0.0008500000000000001,0.0020000000000001007,0.0011500000000001006,0.0003991219872161612,0.002195031959637498,72390.64765352142,72591.8303633457,34.61034333294494,56.36986991749728,High,Ranging,train,2026-03,c555ac9efd53
1721,2026-03-14 12:27:00,2026-03-14 12:57:00,SHORT,70750.91,70723.39,MAX_HOLD,30,5e-05,0.0008,0.0008500000000000001,0.000388970262007995,-0.0004610297379920051,0.00012847891285068286,0.0019006115963738298,71252.32952596412,71761.17501657747,49.79350598622039,76.31476498538915,Low,Trending,train,2026-03,c555ac9efd53
1722,2026-03-14 14:00:00,2026-03-14 14:03:00,SHORT,70847.34,70900.475505,SL,3,5e-05,0.0008,0.0008500000000000001,-0.0007499999999999771,-0.0015999999999999773,0.0008823196467222244,0.0,70854.94380194417,70971.21690954699,66.83786040930939,76.43459004343966,Medium,Ranging,train,2026-03,c555ac9efd53
1723,2026-03-14 14:25:00,2026-03-14 14:30:00,SHORT,70777.99,70831.07349250001,SL,5,5e-05,0.0008,0.0008500000000000001,-0.0007500000000001273,-0.0016000000000001274,0.0008509707608254476,0.0,70819.27072418857,70905.6045554331,70.01103730267594,79.10769277818976,Low,Ranging,train,2026-03,c555ac9efd53
1724,2026-03-14 14:32:00,2026-03-14 14:44:00,SHORT,70799.11,70657.51178,TP,12,5e-05,0.0008,0.0008500000000000001,0.001999999999999998,0.0011499999999999978,0.0,0.0029127484794653656,70814.04099816513,70891.59382210927,38.33663791712446,66.58438047718381,High,Ranging,train,2026-03,c555ac9efd53
1725,2026-03-14 15:55:00,2026-03-14 15:59:00,SHORT,70593.53,70580.09,EOD,4,5e-05,0.0008,0.0008500000000000001,0.000190385719484524,-0.0006596142805154761,0.00017593680327358972,0.000190385719484524,70607.70853821472,70670.20666240614,80.40176747986264,83.08964383304831,Low,Ranging,train,2026-03,c555ac9efd53
1726,2026-03-15 12:12:00,2026-03-15 12:41:00,LONG,71716.42,71662.63268499999,SL,29,5e-05,0.0008,0.0008500000000000001,-0.000750000000000121,-0.001600000000000121,0.0016679583280927205,0.0005683496192363585,71065.90716797224,70911.12738666989,24.831973731462366,12.980253190558782,Medium,Ranging,train,2026-03,c555ac9efd53
1727,2026-03-15 12:47:00,2026-03-15 13:07:00,LONG,71628.42,71574.698685,SL,20,5e-05,0.0008,0.0008500000000000001,-0.000750000000000035,-0.001600000000000035,0.0012183711437443975,0.0007174526535696225,71526.5858308652,71300.09661876572,33.319566263097094,21.44696909242651,Low,Ranging,train,2026-03,c555ac9efd53
1728,2026-03-15 15:09:00,2026-03-15 15:17:00,LONG,71537.79,71484.13665749998,SL,8,5e-05,0.0008,0.0008500000000000001,-0.0007500000000001242,-0.0016000000000001243,0.0008373196879578498,0.000442982652944721,71520.28418736499,71493.35386090554,10.990321695243166,9.260090656048066,High,Ranging,train,2026-03,c555ac9efd53
1729,2026-03-15 15:19:00,2026-03-15 15:29:00,LONG,71533.03,71479.38022749999,SL,10,5e-05,0.0008,0.0008500000000000001,-0.0007500000000001134,-0.0016000000000001135,0.0010279167539806273,0.001004291304310701,71522.89367056225,71499.75563053649,48.939112712452676,29.99676350905112,Low,Ranging,train,2026-03,c555ac9efd53
1730,2026-03-15 15:51:00,2026-03-15 15:59:00,SHORT,71489.49,71481.24,EOD,8,5e-05,0.0008,0.0008500000000000001,0.00011540157860966695,-0.0007345984213903332,0.0003925052479741801,0.00022324959934679072,71509.6758863708,71503.05172463269,64.32340161390078,81.34825875535768,Medium,Ranging,train,2026-03,c555ac9efd53
1731,2026-03-16 12:12:00,2026-03-16 12:18:00,LONG,73486.81,73633.78362,TP,6,5e-05,0.0008,0.0008500000000000001,0.0020000000000000586,0.0011500000000000585,0.0,0.0027609036233849234,72341.39338803459,71975.19021296318,16.153685318529458,17.49328918454663,High,Trending,train,2026-03,c555ac9efd53
1732,2026-03-16 12:40:00,2026-03-16 12:47:00,LONG,73807.47,73752.1143975,SL,7,5e-05,0.0008,0.0008500000000000001,-0.0007499999999999973,-0.0015999999999999973,0.0008870375857619989,0.0009547814062723077,73308.70788145164,72742.22432341667,12.048333567056789,10.56280606240878,Medium,Trending,train,2026-03,c555ac9efd53
1733,2026-03-16 12:51:00,2026-03-16 13:02:00,LONG,73782.16,73929.72432000001,TP,11,5e-05,0.0008,0.0008500000000000001,0.0020000000000000673,0.0011500000000000672,0.0005974343933547316,0.0020246086587867597,73481.17437175337,72950.04349480572,39.99553689164432,30.15818734529364,Medium,Trending,train,2026-03,c555ac9efd53
1734,2026-03-16 13:13:00,2026-03-16 13:18:00,LONG,73901.99,73846.5635075,SL,5,5e-05,0.0008,0.0008500000000000001,-0.0007500000000000337,-0.0016000000000000337,0.0010181051958141484,0.001163838754544969,73717.56191665819,73281.15618509379,42.103480565017044,27.744793685001515,High,Ranging,train,2026-03,c555ac9efd53
1735,2026-03-16 13:22:00,2026-03-16 13:32:00,LONG,73867.5,74015.235,TP,10,5e-05,0.0008,0.0008500000000000001,0.002000000000000008,0.0011500000000000078,0.0003993637255897384,0.0038244153382746135,73767.66048902804,73380.6316115445,39.56882255389813,25.4489680977568,Low,Ranging,train,2026-03,c555ac9efd53
1736,2026-03-16 13:46:00,2026-03-16 13:48:00,LONG,74289.69,74233.9727325,SL,2,5e-05,0.0008,0.0008500000000000001,-0.0007500000000000511,-0.001600000000000051,0.0009118358146332989,0.0016536614973085937,74014.79823064605,73674.15317844445,47.240897416528526,29.32678343631589,High,Ranging,train,2026-03,c555ac9efd53
1737,2026-03-16 14:58:00,2026-03-16 15:00:00,SHORT,73532.8,73587.9496,SL,2,5e-05,0.0008,0.0008500000000000001,-0.0007500000000000582,-0.0016000000000000584,0.0011511869533051126,0.0014637005526785959,73552.22315260567,73661.13970257678,85.15347704433451,91.71864694995038,High,Ranging,train,2026-03,c555ac9efd53
1738,2026-03-16 15:12:00,2026-03-16 15:13:00,SHORT,73522.47,73577.6118525,SL,1,5e-05,0.0008,0.0008500000000000001,-0.0007500000000000606,-0.0016000000000000606,0.002173213168708816,0.0002614166798259248,73529.88951175833,73621.65123554981,74.02408111533623,79.39774659945444,Medium,Ranging,train,2026-03,c555ac9efd53
1739,2026-03-16 15:38:00,2026-03-16 15:39:00,LONG,73742.78,73687.47291499999,SL,1,5e-05,0.0008,0.0008500000000000001,-0.0007500000000001037,-0.0016000000000001037,0.0012968049211055598,0.0,73691.41438457604,73685.49861587935,10.704561189653022,10.681160702349233,High,Ranging,train,2026-03,c555ac9efd53
1740,2026-03-17 12:19:00,2026-03-17 12:20:00,LONG,73949.87,74097.76973999999,TP,1,5e-05,0.0008,0.0008500000000000001,0.001999999999999912,0.001149999999999912,0.0,0.002748348306765181,73820.13682448232,73749.17249911194,33.86303342618935,13.023468917276864,High,Ranging,train,2026-03,c555ac9efd53
1741,2026-03-17 13:20:00,2026-03-17 13:23:00,LONG,73802.76,73747.40792999999,SL,3,5e-05,0.0008,0.0008500000000000001,-0.0007500000000001097,-0.0016000000000001098,0.0008872296916808521,0.0009353308738047038,73787.9830501803,73779.23270446704,68.7463688772549,40.14774202917522,Medium,Ranging,train,2026-03,c555ac9efd53
1742,2026-03-17 13:47:00,2026-03-17 13:48:00,LONG,73863.51,73808.1123675,SL,1,5e-05,0.0008,0.0008500000000000001,-0.0007499999999999552,-0.0015999999999999552,0.0019423663998637646,0.0002446404185233952,73826.0976610947,73804.57902882039,27.674366718992626,19.083938804446845,Medium,Ranging,train,2026-03,c555ac9efd53
1743,2026-03-17 14:54:00,2026-03-17 15:00:00,LONG,74243.27,74391.75654,TP,6,5e-05,0.0008,0.0008500000000000001,0.0019999999999999736,0.0011499999999999735,0.0,0.004905091060778953,74038.90484273469,73925.76153046117,43.055379680047615,29.749769356212777,Medium,Trending,train,2026-03,c555ac9efd53
1744,2026-03-17 15:48:00,2026-03-17 15:49:00,SHORT,73874.02,73726.27196,TP,1,5e-05,0.0008,0.0008500000000000001,0.002000000000000079,0.001150000000000079,0.0,0.002045780099688695,74025.2882487067,74032.61020749806,57.72884827726881,75.36170294193943,Medium,Ranging,train,2026-03,c555ac9efd53
1745,2026-03-17 15:56:00,2026-03-17 15:59:00,SHORT,74007.46,73914.39,EOD,3,5e-05,0.0008,0.0008500000000000001,0.0012575759254540959,0.0004075759254540958,0.0,0.0012758173297666587,74008.03219707502,74021.9205003694,77.87064854199501,87.63562932336511,High,Ranging,train,2026-03,c555ac9efd53
1746,2026-03-18 12:28:00,2026-03-18 12:30:00,SHORT,72812.21,72666.58558,TP,2,5e-05,0.0008,0.0008500000000000001,0.002000000000000101,0.001150000000000101,0.0007134792365181209,0.004287879738851579,73179.08809878898,73484.0774681825,83.77720256926511,85.2704367958073,Low,Trending,train,2026-03,c555ac9efd53
1747,2026-03-18 12:58:00,2026-03-18 13:01:00,SHORT,72360.38,72215.65924000001,TP,3,5e-05,0.0008,0.0008500000000000001,0.001999999999999952,0.0011499999999999518,0.0005686813695560219,0.003252885073295699,72645.74154957771,73004.75303234548,49.31580956718894,70.80159544229407,Low,Trending,train,2026-03,c555ac9efd53
1748,2026-03-18 13:09:00,2026-03-18 13:14:00,SHORT,72361.43,72415.7010725,SL,5,5e-05,0.0008,0.0008500000000000001,-0.0007500000000000967,-0.0016000000000000968,0.001223994605966286,0.000780664505939016,72531.16944148314,72869.6396699562,78.7239591169411,79.18568223686543,Low,Trending,train,2026-03,c555ac9efd53
1749,2026-03-18 13:28:00,2026-03-18 13:31:00,SHORT,72474.6,72329.6508,TP,3,5e-05,0.0008,0.0008500000000000001,0.0020000000000000378,0.0011500000000000377,0.0,0.002508878972771174,72475.0107247662,72727.409465539,64.62096670038089,80.06895700208234,Low,Ranging,train,2026-03,c555ac9efd53
1750,2026-03-18 15:10:00,2026-03-18 15:11:00,SHORT,71342.89,71200.20422,TP,1,5e-05,0.0008,0.0008500000000000001,0.001999999999999997,0.001149999999999997,0.0,0.002956146015391221,71530.24392355265,71800.80583185155,61.23689341296471,76.74206155201374,High,Ranging,train,2026-03,c555ac9efd53
1751,2026-03-18 15:22:00,2026-03-18 15:23:00,SHORT,71210.01,71263.4175075,SL,1,5e-05,0.0008,0.0008500000000000001,-0.000750000000000001,-0.0016000000000000012,0.0011940736983466066,0.0001377615309982076,71391.9964141759,71665.10843963361,81.28873256165531,83.61631301096213,Low,Ranging,train,2026-03,c555ac9efd53
1752,2026-03-18 15:29:00,2026-03-18 15:32:00,SHORT,71290.23,71343.6976725,SL,3,5e-05,0.0008,0.0008500000000000001,-0.0007500000000000374,-0.0016000000000000376,0.00264510298255465,0.0010734991316481773,71368.3565987092,71616.72270299909,80.8794887549855,85.2805380154605,Low,Ranging,train,2026-03,c555ac9efd53
1753,2026-03-18 15:37:00,2026-03-18 15:38:00,SHORT,71313.34,71366.82500499999,SL,1,5e-05,0.0008,0.0008500000000000001,-0.0007499999999999299,-0.00159999999999993,0.001748060040379591,0.0,71371.06905816952,71581.33123662806,58.10763233999677,72.24778909426159,Medium,Ranging,train,2026-03,c555ac9efd53
1754,2026-03-19 12:16:00,2026-03-19 12:27:00,SHORT,69709.55,69570.1309,TP,11,5e-05,0.0008,0.0008500000000000001,0.001999999999999988,0.0011499999999999878,0.0004766922179241714,0.002209023010477119,70586.5758224844,71011.32510605683,44.013664607925364,65.66614440260088,High,Trending,train,2026-03,c555ac9efd53
1755,2026-03-19 12:39:00,2026-03-19 12:40:00,SHORT,69600.0,69652.2,SL,1,5e-05,0.0008,0.0008500000000000001,-0.0007499999999999582,-0.0015999999999999582,0.001118390804597651,0.0,70013.65780877118,70503.94749688912,58.5646046954241,71.92291985571701,Medium,Trending,train,2026-03,c555ac9efd53
1756,2026-03-19 13:08:00,2026-03-19 13:12:00,SHORT,69415.27,69276.43946000001,TP,4,5e-05,0.0008,0.0008500000000000001,0.0019999999999999333,0.0011499999999999332,0.00016927111282575145,0.00307425152995888,69588.84863960909,70022.51787690575,83.07580376940261,81.99217787632524,Low,Ranging,train,2026-03,c555ac9efd53
1757,2026-03-19 14:37:00,2026-03-19 14:40:00,SHORT,69224.02,69275.938015,SL,3,5e-05,0.0008,0.0008500000000000001,-0.0007500000000000422,-0.0016000000000000424,0.0008029004960995005,0.0018470467332004205,69450.84130662546,69579.80901720418,47.96091700980018,68.61147558100468,High,Ranging,train,2026-03,c555ac9efd53
1758,2026-03-19 14:46:00,2026-03-19 14:47:00,SHORT,69210.86,69262.76814500001,SL,1,5e-05,0.0008,0.0008500000000000001,-0.0007500000000001231,-0.001600000000000123,0.0008523228868996172,0.0003301504995026188,69391.11297314377,69525.73278510243,57.54797701992339,69.0050989437659,Medium,Ranging,train,2026-03,c555ac9efd53
1759,2026-03-20 12:29:00,2026-03-20 12:31:00,LONG,70453.68,70400.83974,SL,2,5e-05,0.0008,0.0008500000000000001,-0.0007499999999999606,-0.0015999999999999606,0.0014432177283002538,0.00010886585342331027,70179.58509712166,69912.56677159893,10.997052692112526,10.084706770949559,Low,Ranging,train,2026-03,c555ac9efd53
1760,2026-03-20 12:36:00,2026-03-20 12:41:00,LONG,70366.83,70314.0548775,SL,5,5e-05,0.0008,0.0008500000000000001,-0.0007499999999999379,-0.0015999999999999378,0.001646088078715522,0.00133244598342706,70229.2749344146,69974.10174766273,20.468864073013947,14.847155319212158,Low,Ranging,train,2026-03,c555ac9efd53
1761,2026-03-20 12:44:00,2026-03-20 12:48:00,LONG,70316.5,70263.762625,SL,4,5e-05,0.0008,0.0008500000000000001,-0.000749999999999957,-0.001599999999999957,0.0008440408723415674,0.0008066385556732938,70263.05332497628,70030.27545628499,38.648472414398476,27.222359311407832,Low,Ranging,train,2026-03,c555ac9efd53
1762,2026-03-20 13:04:00,2026-03-20 13:10:00,LONG,70370.37,70317.5922225,SL,6,5e-05,0.0008,0.0008500000000000001,-0.000749999999999993,-0.001599999999999993,0.0008901473731060305,0.0010579736897789744,70298.36340932966,70127.78437502056,51.402960355093434,37.37030258879287,Low,Ranging,train,2026-03,c555ac9efd53
1763,2026-03-20 13:15:00,2026-03-20 13:20:00,LONG,70324.7,70465.34939999999,TP,5,5e-05,0.0008,0.0008500000000000001,0.001999999999999926,0.0011499999999999258,0.0,0.0024266011799553887,70311.26156866626,70169.03344764079,31.72268907563219,18.839414534942044,Low,Ranging,train,2026-03,c555ac9efd53
1764,2026-03-20 13:47:00,2026-03-20 13:48:00,SHORT,70203.99,70256.64299250001,SL,1,5e-05,0.0008,0.0008500000000000001,-0.0007500000000000968,-0.001600000000000097,0.0018518890450527777,0.0,70266.69470689738,70215.51270809934,74.8155429909233,78.75425174006436,Medium,Ranging,train,2026-03,c555ac9efd53
1765,2026-03-20 14:09:00,2026-03-20 14:10:00,SHORT,69748.11,69800.4210825,SL,1,5e-05,0.0008,0.0008500000000000001,-0.000750000000000057,-0.001600000000000057,0.0039029014549641725,0.0,70070.43953131881,70118.40481050822,49.33574307465425,66.5005161043959,High,Ranging,train,2026-03,c555ac9efd53
1766,2026-03-20 15:17:00,2026-03-20 15:23:00,SHORT,69710.01,69762.2925075,SL,6,5e-05,0.0008,0.0008500000000000001,-0.000750000000000001,-0.0016000000000000012,0.0041983927415875895,0.0016911488034501705,69802.64744716953,69894.41492329395,72.64317219053316,85.07849092611872,Medium,Ranging,train,2026-03,c555ac9efd53
1767,2026-03-20 15:24:00,2026-03-20 15:25:00,LONG,69989.75,69937.2576875,SL,1,5e-05,0.0008,0.0008500000000000001,-0.0007500000000000848,-0.0016000000000000849,0.0036941123521658944,0.0,69781.04109314659,69870.41502802396,52.25083661262203,36.01023098826837,High,Ranging,train,2026-03,c555ac9efd53
1768,2026-03-21 12:22:00,2026-03-21 12:52:00,LONG,70743.85,70730.05,MAX_HOLD,30,5e-05,0.0008,0.0008500000000000001,-0.00019506996014498657,-0.0010450699601449866,0.00041431163274280693,0.0006738394927615368,70372.7840198992,70183.4090845648,65.94696030721845,37.37823325694439,Medium,Trending,train,2026-03,c555ac9efd53
1769,2026-03-21 13:06:00,2026-03-21 13:36:00,LONG,70734.24,70744.88,MAX_HOLD,30,5e-05,0.0008,0.0008500000000000001,0.00015042220005473186,-0.0006995777999452682,0.00014052600268275064,0.0011097878481482234,70673.24761519545,70508.59030157878,53.24029087611907,27.0115842979372,Low,Ranging,train,2026-03,c555ac9efd53
1770,2026-03-21 14:28:00,2026-03-21 14:47:00,LONG,70953.35,70900.1349875,SL,19,5e-05,0.0008,0.0008500000000000001,-0.0007500000000000616,-0.0016000000000000617,0.0012983178384108698,0.0009206048763024217,70865.0559834502,70774.25657870347,25.498560952021027,20.469107474390736,Medium,Ranging,train,2026-03,c555ac9efd53
1771,2026-03-21 15:16:00,2026-03-21 15:18:00,SHORT,70610.0,70468.78,TP,2,5e-05,0.0008,0.0008500000000000001,0.0020000000000000165,0.0011500000000000165,0.0,0.00222220648633343,70718.64308208883,70744.94494027727,47.800410176072916,64.32617154545319,High,Ranging,train,2026-03,c555ac9efd53
1772,2026-03-21 15:31:00,2026-03-21 15:33:00,SHORT,70664.65,70717.6484875,SL,2,5e-05,0.0008,0.0008500000000000001,-0.000750000000000116,-0.001600000000000116,0.0012586208238490155,0.0,70672.07154912633,70710.20808943364,95.95653102539701,95.93549381893689,Medium,Ranging,train,2026-03,c555ac9efd53
1773,2026-03-22 12:14:00,2026-03-22 12:17:00,SHORT,68318.08,68369.31856,SL,3,5e-05,0.0008,0.0008500000000000001,-0.0007499999999999701,-0.0015999999999999702,0.002667229524014743,8.987372010453774e-05,69588.46631534117,70064.56876889244,81.35709733729358,83.0538577806076,High,Trending,train,2026-03,c555ac9efd53
1774,2026-03-22 12:22:00,2026-03-22 12:23:00,SHORT,68473.14,68524.494855,SL,1,5e-05,0.0008,0.0008500000000000001,-0.0007499999999999674,-0.0015999999999999673,0.002495285012488117,0.0,69284.00924937493,69829.33897755867,87.7238084109129,87.5605855860524,High,Trending,train,2026-03,c555ac9efd53
1775,2026-03-22 12:27:00,2026-03-22 12:28:00,SHORT,68616.9,68668.362675,SL,1,5e-05,0.0008,0.0008500000000000001,-0.0007500000000000363,-0.0016000000000000363,0.0021318363260362802,0.0,69166.19414360316,69715.60356621078,85.8003887131735,90.9766657024436,High,Trending,train,2026-03,c555ac9efd53
1776,2026-03-22 13:52:00,2026-03-22 13:54:00,SHORT,68670.13,68721.6325975,SL,2,5e-05,0.0008,0.0008500000000000001,-0.0007500000000000377,-0.0016000000000000378,0.0011843577404033127,0.0001660110443945385,68714.66922564807,68891.66137197732,73.7671186034716,77.47415403383849,Medium,Ranging,train,2026-03,c555ac9efd53
1777,2026-03-22 14:23:00,2026-03-22 14:25:00,LONG,68849.55,68797.9128375,SL,2,5e-05,0.0008,0.0008500000000000001,-0.0007500000000000419,-0.001600000000000042,0.0011295643907622355,0.0006377674218641006,68727.82710664884,68815.05043265723,67.1402549957822,43.1714694522926,High,Ranging,train,2026-03,c555ac9efd53
1778,2026-03-22 15:21:00,2026-03-22 15:22:00,LONG,68923.67,68871.97724749999,SL,1,5e-05,0.0008,0.0008500000000000001,-0.0007500000000000938,-0.001600000000000094,0.001657485737483295,0.0,68825.18778872307,68822.16567342076,35.26256851535453,29.843552516978132,High,Ranging,train,2026-03,c555ac9efd53
1779,2026-03-22 15:48:00,2026-03-22 15:51:00,SHORT,68792.09,68843.6840675,SL,3,5e-05,0.0008,0.0008500000000000001,-0.0007500000000000289,-0.001600000000000029,0.00090838932208638,0.0005656173551349217,68812.86879186568,68818.11211190604,57.89882673004936,72.65485003925177,High,Ranging,train,2026-03,c555ac9efd53
1780,2026-03-22 15:53:00,2026-03-22 15:59:00,SHORT,68799.95,68851.5499625,SL,6,5e-05,0.0008,0.0008500000000000001,-0.000749999999999953,-0.001599999999999953,0.0008276168805355575,0.0,68812.56515113458,68817.4504020466,59.90795529257199,70.34182444638539,Low,Ranging,train,2026-03,c555ac9efd53
1781,2026-03-23 12:59:00,2026-03-23 13:00:00,LONG,70676.2,70817.5524,TP,1,5e-05,0.0008,0.0008500000000000001,0.002000000000000048,0.0011500000000000481,0.0,0.0034826433792422263,70371.77617539905,69957.54293342592,31.783030171005553,22.449323266521077,High,Trending,train,2026-03,c555ac9efd53
1782,2026-03-23 13:09:00,2026-03-23 13:10:00,LONG,70708.56,70655.52858,SL,1,5e-05,0.0008,0.0008500000000000001,-0.0007499999999999907,-0.0015999999999999908,0.0008922540637229284,0.0005051722167726392,70482.72393124884,70094.16866583495,26.23618710549408,21.452679243764578,High,Trending,train,2026-03,c555ac9efd53
1783,2026-03-23 14:24:00,2026-03-23 14:26:00,LONG,71516.17,71462.5328725,SL,2,5e-05,0.0008,0.0008500000000000001,-0.0007499999999999765,-0.0015999999999999764,0.0016243878831877917,0.001060319645193552,71377.036632129,71051.84793412218,28.103924496629123,20.701288645540494,Medium,Ranging,train,2026-03,c555ac9efd53
1784,2026-03-23 14:36:00,2026-03-23 14:37:00,LONG,71373.76,71320.22967999999,SL,1,5e-05,0.0008,0.0008500000000000001,-0.0007500000000000744,-0.0016000000000000745,0.0010894760203188786,0.0,71367.49695013647,71116.52167650854,42.16494664146828,28.313084201221017,High,Ranging,train,2026-03,c555ac9efd53
1785,2026-03-23 15:53:00,2026-03-23 15:54:00,SHORT,70564.0,70422.872,TP,1,5e-05,0.0008,0.0008500000000000001,0.001999999999999957,0.001149999999999957,0.0,0.003988719460348143,70917.07051521477,71028.47565240727,39.66314116899144,62.47727389277509,High,Ranging,train,2026-03,c555ac9efd53
1786,2026-03-24 12:01:00,2026-03-24 12:02:00,LONG,71113.31,71059.9750175,SL,1,5e-05,0.0008,0.0008500000000000001,-0.0007500000000000579,-0.001600000000000058,0.0010896694303779515,0.0,70793.40585189417,70943.52727533456,62.467563603542224,33.873583473813795,Low,Ranging,train,2026-03,c555ac9efd53
1787,2026-03-24 13:35:00,2026-03-24 13:39:00,SHORT,70731.83,70590.36634000001,TP,4,5e-05,0.0008,0.0008500000000000001,0.001999999999999915,0.001149999999999915,0.0,0.0038100244260611555,70784.86289773231,70856.82367956187,70.92634954614681,82.05558431687929,High,Ranging,train,2026-03,c555ac9efd53
1788,2026-03-24 14:04:00,2026-03-24 14:05:00,SHORT,70235.08,70287.75631,SL,1,5e-05,0.0008,0.0008500000000000001,-0.0007499999999999328,-0.0015999999999999329,0.0014542590397846691,0.00013070391604889703,70414.03452883499,70595.2245404552,89.07701153824105,85.67219568566587,Medium,Ranging,train,2026-03,c555ac9efd53
1789,2026-03-24 14:06:00,2026-03-24 14:07:00,SHORT,70225.9,70278.569425,SL,1,5e-05,0.0008,0.0008500000000000001,-0.0007500000000000008,-0.0016000000000000007,0.00337496564657782,0.0,70402.08230824023,70582.01214596622,84.41650029725228,85.37321270734117,High,Ranging,train,2026-03,c555ac9efd53
1790,2026-03-24 14:37:00,2026-03-24 14:38:00,SHORT,70079.29,69939.13141999999,TP,1,5e-05,0.0008,0.0008500000000000001,0.002000000000000043,0.001150000000000043,0.0,0.0024604986722895315,70125.0252568992,70317.89138576608,61.02152743231493,80.13297215980124,High,Trending,train,2026-03,c555ac9efd53
1791,2026-03-24 15:00:00,2026-03-24 15:01:00,SHORT,69869.93,69922.3324475,SL,1,5e-05,0.0008,0.0008500000000000001,-0.0007500000000000602,-0.0016000000000000601,0.002395737336505332,0.0,69958.70323896958,70142.33100731327,60.089990105979474,73.1469402761517,High,Trending,train,2026-03,c555ac9efd53
1792,2026-03-25 12:01:00,2026-03-25 12:16:00,LONG,71711.18,71657.39661499999,SL,15,5e-05,0.0008,0.0008500000000000001,-0.0007500000000000343,-0.0016000000000000343,0.0033152431740767715,0.0018978909564729772,70146.48294365926,70125.51938267163,67.00268570700301,35.38768312864852,Low,Ranging,train,2026-03,c555ac9efd53
1793,2026-03-25 12:18:00,2026-03-25 12:19:00,LONG,71450.07,71396.4824475,SL,1,5e-05,0.0008,0.0008500000000000001,-0.0007500000000000144,-0.0016000000000000146,0.00173169879329734,6.871931685985668e-05,70915.84540757391,70584.06561466098,2.251947609758337,2.1459564964498203,Medium,Trending,train,2026-03,c555ac9efd53
1794,2026-03-25 12:24:00,2026-03-25 12:25:00,LONG,71244.89,71191.45633249999,SL,1,5e-05,0.0008,0.0008500000000000001,-0.0007500000000001207,-0.0016000000000001209,0.0015845346943478952,0.0004651561676914571,71003.84669497446,70668.50701946126,21.029497064363937,17.105428586828626,Medium,Trending,train,2026-03,c555ac9efd53
1795,2026-03-25 12:50:00,2026-03-25 12:55:00,LONG,71324.66,71467.30932,TP,5,5e-05,0.0008,0.0008500000000000001,0.001999999999999955,0.0011499999999999549,0.0005270266973581999,0.006136587261684841,71220.86685372985,70939.16940589201,10.269610912911652,9.203644508080153,Low,Trending,train,2026-03,c555ac9efd53
1796,2026-03-25 13:12:00,2026-03-25 13:15:00,LONG,71727.98,71674.18401499999,SL,3,5e-05,0.0008,0.0008500000000000001,-0.0007500000000000599,-0.00160000000000006,0.0011809896221807983,0.00030559901449892017,71490.93794448517,71200.58467472885,56.48796538986679,33.86985823829665,Low,Trending,train,2026-03,c555ac9efd53
1797,2026-03-25 13:19:00,2026-03-25 13:27:00,LONG,71633.08,71579.35519,SL,8,5e-05,0.0008,0.0008500000000000001,-0.0007499999999999959,-0.001599999999999996,0.0009705013382086052,0.0010925120070223806,71531.15027403225,71260.14091434573,25.323290892063955,19.625268163734848,Low,Ranging,train,2026-03,c555ac9efd53
1798,2026-03-25 13:48:00,2026-03-25 13:49:00,LONG,71743.74,71689.932195,SL,1,5e-05,0.0008,0.0008500000000000001,-0.0007500000000000559,-0.0016000000000000558,0.0011304122143619194,0.00017130414444512646,71690.12155330607,71478.09261786896,22.754931234165934,18.423326546851005,Medium,Ranging,train,2026-03,c555ac9efd53
1799,2026-03-25 14:53:00,2026-03-25 14:59:00,SHORT,71402.04,71259.23591999999,TP,6,5e-05,0.0008,0.0008500000000000001,0.002000000000000024,0.0011500000000000238,0.00039648727123219767,0.0024023123148862254,71436.11692322692,71447.18107111125,85.0050793474919,87.47853797484986,Low,Ranging,train,2026-03,c555ac9efd53
1800,2026-03-25 15:27:00,2026-03-25 15:29:00,SHORT,70959.02,71012.23926500001,SL,2,5e-05,0.0008,0.0008500000000000001,-0.0007500000000000986,-0.0016000000000000987,0.0009408247182668921,0.0005749797559211346,71079.71651296907,71219.5263186341,87.9121120388455,91.84272707109454,Medium,Ranging,train,2026-03,c555ac9efd53
1801,2026-03-25 15:33:00,2026-03-25 15:38:00,SHORT,71000.62,70858.61876,TP,5,5e-05,0.0008,0.0008500000000000001,0.001999999999999969,0.0011499999999999688,0.0,0.002234064998305583,71065.48484240734,71196.17945489615,60.74533935618143,81.32774036212804,Low,Ranging,train,2026-03,c555ac9efd53
1802,2026-03-25 15:53:00,2026-03-25 15:55:00,SHORT,70882.4,70935.5618,SL,2,5e-05,0.0008,0.0008500000000000001,-0.0007500000000000238,-0.0016000000000000237,0.0008727131135514681,0.0006664559890747307,70959.68964101412,71090.01252073585,69.83609992266666,83.57800079630002,Low,Ranging,train,2026-03,c555ac9efd53
1803,2026-03-26 12:13:00,2026-03-26 12:29:00,SHORT,69374.28,69426.31071,SL,16,5e-05,0.0008,0.0008500000000000001,-0.0007500000000000917,-0.0016000000000000918,0.00081759407088623,0.0006238623305351614,70253.92823860193,70642.71953902733,84.94605240623368,90.68227613760382,Low,Trending,train,2026-03,c555ac9efd53
1804,2026-03-26 12:33:00,2026-03-26 12:35:00,SHORT,69394.09,69255.30182,TP,2,5e-05,0.0008,0.0008500000000000001,0.002000000000000046,0.001150000000000046,0.0,0.0021367813887320786,69776.27369120913,70228.1914255233,56.15974805443994,68.41168558490875,Medium,Trending,train,2026-03,c555ac9efd53
1805,2026-03-26 12:47:00,2026-03-26 12:57:00,SHORT,69403.41,69455.46255750001,SL,10,5e-05,0.0008,0.0008500000000000001,-0.0007500000000000938,-0.001600000000000094,0.0008338207013170583,0.0003694342972484986,69591.56171352521,70011.76850529823,88.76652541417663,88.98364727072,Low,Trending,train,2026-03,c555ac9efd53
1806,2026-03-26 13:00:00,2026-03-26 13:07:00,SHORT,69436.42,69488.497315,SL,7,5e-05,0.0008,0.0008500000000000001,-0.0007500000000000328,-0.0016000000000000328,0.0009156578060908345,0.00010758043113399516,69522.34697355924,69876.18591430626,71.26192559263406,79.72517693941968,Low,Ranging,train,2026-03,c555ac9efd53
1807,2026-03-26 13:09:00,2026-03-26 13:32:00,SHORT,69503.81,69364.80238,TP,23,5e-05,0.0008,0.0008500000000000001,0.002000000000000057,0.0011500000000000568,0.00034645582738560297,0.0024053357650464487,69507.01648409215,69809.33985320304,67.90183200829594,77.77123651550892,Low,Ranging,train,2026-03,c555ac9efd53
1808,2026-03-26 14:00:00,2026-03-26 14:06:00,LONG,69646.59,69785.88317999999,TP,6,5e-05,0.0008,0.0008500000000000001,0.0019999999999999038,0.0011499999999999037,0.0004535756883430547,0.002130614004217571,69551.67521939294,69630.08735896781,32.87909772769593,19.443606542978248,Medium,Ranging,train,2026-03,c555ac9efd53
1809,2026-03-26 15:27:00,2026-03-26 15:28:00,SHORT,69002.69,69054.4420175,SL,1,5e-05,0.0008,0.0008500000000000001,-0.0007499999999999336,-0.0015999999999999335,0.001161983684983774,0.0,69218.85545718555,69369.44506837954,86.1607418136843,86.63557700923128,Medium,Ranging,train,2026-03,c555ac9efd53
1810,2026-03-26 15:31:00,2026-03-26 15:32:00,SHORT,69010.0,69061.7575,SL,1,5e-05,0.0008,0.0008500000000000001,-0.0007500000000001012,-0.0016000000000001013,0.0008377046804810559,0.0,69191.25393521032,69343.54799123114,63.389756522771314,76.92576425624874,Medium,Ranging,train,2026-03,c555ac9efd53
1811,2026-03-27 12:42:00,2026-03-27 12:45:00,SHORT,66590.53,66640.4728975,SL,3,5e-05,0.0008,0.0008500000000000001,-0.0007500000000000694,-0.0016000000000000695,0.0009128925689585013,0.0001609838516077461,67048.06712351453,67714.81943227492,77.29909789295719,81.02859829381818,Low,Trending,train,2026-03,c555ac9efd53
1812,2026-03-27 12:48:00,2026-03-27 13:01:00,SHORT,66599.99,66649.9399925,SL,13,5e-05,0.0008,0.0008500000000000001,-0.0007499999999999727,-0.0015999999999999728,0.0019521023952104911,0.001805705976832869,66954.05488409963,67589.72282802657,38.42686746727143,65.0225687309352,High,Trending,train,2026-03,c555ac9efd53
1813,2026-03-27 13:23:00,2026-03-27 13:24:00,SHORT,66599.93,66649.8799475,SL,1,5e-05,0.0008,0.0008500000000000001,-0.0007500000000000719,-0.0016000000000000719,0.0010052563118311333,0.0,66677.62364206232,67085.42331583404,69.66044233977614,78.60678314984801,Low,Ranging,train,2026-03,c555ac9efd53
1814,2026-03-27 14:08:00,2026-03-27 14:13:00,SHORT,66372.31,66239.56538,TP,5,5e-05,0.0008,0.0008500000000000001,0.001999999999999965,0.0011499999999999649,0.0004774581448197649,0.002596112746414848,66396.77069899638,66659.95126619909,85.94379537141593,91.8510281800673,Medium,Ranging,train,2026-03,c555ac9efd53
1815,2026-03-27 14:38:00,2026-03-27 14:48:00,SHORT,65898.01,65947.4335075,SL,10,5e-05,0.0008,0.0008500000000000001,-0.0007500000000000505,-0.0016000000000000506,0.000788946434042625,0.001693829601227645,66097.18089610175,66360.31186790447,53.631011544704954,71.99514520505593,High,Ranging,train,2026-03,c555ac9efd53
1816,2026-03-27 15:24:00,2026-03-27 15:25:00,LONG,66437.92,66388.09156,SL,1,5e-05,0.0008,0.0008500000000000001,-0.0007499999999999624,-0.0015999999999999626,0.004893741405510658,0.0,66138.937499375,66220.32431558977,48.32273723839844,28.50065338446132,High,Ranging,train,2026-03,c555ac9efd53
1817,2026-03-27 15:45:00,2026-03-27 15:46:00,LONG,66399.05,66349.2507125,SL,1,5e-05,0.0008,0.0008500000000000001,-0.000750000000000082,-0.001600000000000082,0.0014432435403820046,0.0004087407877070443,66293.43482953114,66283.95622040394,25.439727958839153,17.980313523331215,Medium,Ranging,train,2026-03,c555ac9efd53
1818,2026-03-28 12:29:00,2026-03-28 12:32:00,LONG,66436.43,66386.60267749999,SL,3,5e-05,0.0008,0.0008500000000000001,-0.0007500000000000177,-0.0016000000000000176,0.0010706475347936383,6.442248627768513e-05,66371.34801517344,66333.29047513829,9.033146411281825,5.642795821992967,Low,Ranging,train,2026-03,c555ac9efd53
1819,2026-03-28 12:34:00,2026-03-28 12:36:00,LONG,66378.32,66328.53626000001,SL,2,5e-05,0.0008,0.0008500000000000001,-0.000749999999999984,-0.001599999999999984,0.0013305549161233212,0.0002671052837733152,66375.55355965941,66339.16501703518,18.8420622589032,13.184923634234698,Low,Ranging,train,2026-03,c555ac9efd53
1820,2026-03-28 13:10:00,2026-03-28 13:25:00,LONG,66478.8,66428.9409,SL,15,5e-05,0.0008,0.0008500000000000001,-0.0007500000000000224,-0.0016000000000000224,0.0010702660096152266,0.0005303946521296227,66420.24499149542,66383.30794854926,69.23495009866252,37.12155345660543,Low,Ranging,train,2026-03,c555ac9efd53
1821,2026-03-28 13:54:00,2026-03-28 13:55:00,LONG,66862.27,66812.1232975,SL,1,5e-05,0.0008,0.0008500000000000001,-0.0007500000000000297,-0.0016000000000000298,0.0012304398280226512,1.4956117994141255e-07,66683.48435000882,66567.37139802673,26.053348822661317,16.453291462221912,Low,Ranging,train,2026-03,c555ac9efd53
1822,2026-03-28 13:59:00,2026-03-28 14:01:00,LONG,66809.08,66758.97319,SL,2,5e-05,0.0008,0.0008500000000000001,-0.0007499999999999625,-0.0015999999999999626,0.0009392435878476398,0.0005391482714625628,66705.74734205942,66590.05867990767,43.6556769828928,29.17154570554651,Medium,Ranging,train,2026-03,c555ac9efd53
1823,2026-03-28 14:04:00,2026-03-28 14:06:00,LONG,66782.27,66915.83454000001,TP,2,5e-05,0.0008,0.0008500000000000001,0.0020000000000001,0.0011500000000000997,0.0,0.0023597580615333457,66718.85285905293,66607.92980452898,36.09177019988538,23.653080863927773,Medium,Ranging,train,2026-03,c555ac9efd53
1824,2026-03-28 14:16:00,2026-03-28 14:42:00,LONG,66748.69,66882.18738,TP,26,5e-05,0.0008,0.0008500000000000001,0.0020000000000000104,0.0011500000000000104,0.0006161918683348641,0.002384765903270806,66748.83008255715,66648.94233323776,14.503974337428895,8.022686215646859,Medium,Ranging,train,2026-03,c555ac9efd53
1825,2026-03-28 15:32:00,2026-03-28 15:41:00,LONG,67032.0,66981.726,SL,9,5e-05,0.0008,0.0008500000000000001,-0.000750000000000073,-0.0016000000000000732,0.0008112543262919897,0.0017740780522735148,66946.1745615396,66856.08688691382,12.249931582295481,10.939106476252782,Medium,Trending,train,2026-03,c555ac9efd53
1826,2026-03-28 15:44:00,2026-03-28 15:51:00,LONG,67031.08,66980.80669,SL,7,5e-05,0.0008,0.0008500000000000001,-0.0007500000000000616,-0.0016000000000000617,0.0009993871499609619,0.0005572042103452797,66984.68581326271,66897.20462634727,43.88405948175055,25.460690989606253,High,Ranging,train,2026-03,c555ac9efd53
1827,2026-03-29 12:30:00,2026-03-29 12:51:00,SHORT,66781.63,66831.7162225,SL,21,5e-05,0.0008,0.0008500000000000001,-0.0007500000000000283,-0.0016000000000000285,0.0011254592018791535,0.0011763714063283222,66846.51800384819,66861.78679249735,78.69231354722001,78.16994838355659,Medium,Ranging,holdout,2026-03,c555ac9efd53
1828,2026-03-29 13:25:00,2026-03-29 13:55:00,SHORT,66646.39,66552.71,MAX_HOLD,30,5e-05,0.0008,0.0008500000000000001,0.001405627521610593,0.000555627521610593,0.0006138366984318805,0.0014462898890697518,66721.90084917251,66770.28547170058,50.53437288256104,71.86370746894485,Low,Ranging,holdout,2026-03,c555ac9efd53
1829,2026-03-29 14:39:00,2026-03-29 15:00:00,SHORT,66590.06,66640.002545,SL,21,5e-05,0.0008,0.0008500000000000001,-0.000749999999999971,-0.001599999999999971,0.0021105252045126276,0.0012575450450110826,66598.08967562862,66636.6593638794,67.4174308492478,83.40145747178885,Medium,Ranging,holdout,2026-03,c555ac9efd53
1830,2026-03-29 15:46:00,2026-03-29 15:53:00,SHORT,66449.32,66499.15699,SL,7,5e-05,0.0008,0.0008500000000000001,-0.000749999999999942,-0.0015999999999999422,0.0014134079927378977,0.00038691140857433006,66486.3709797768,66537.78430836854,80.21207654802741,84.55813812827664,Low,Trending,holdout,2026-03,c555ac9efd53
1831,2026-03-30 12:44:00,2026-03-30 13:14:00,LONG,67865.62,67915.01,MAX_HOLD,30,5e-05,0.0008,0.0008500000000000001,0.0007277617149891127,-0.00012223828501088739,0.00034818808109304984,0.0015231570860180738,67644.95940480819,67322.28885736731,24.952644952648765,12.38460343008424,Medium,Trending,holdout,2026-03,c555ac9efd53
1832,2026-03-30 13:32:00,2026-03-30 13:35:00,LONG,67940.64,67889.68452,SL,3,5e-05,0.0008,0.0008500000000000001,-0.0007500000000000614,-0.0016000000000000614,0.0011535069437084394,0.00100661400893485,67894.48120410043,67698.05068111679,44.16683182650061,26.096851689221822,High,Ranging,holdout,2026-03,c555ac9efd53
1833,2026-03-30 14:07:00,2026-03-30 14:08:00,SHORT,67532.0,67582.649,SL,1,5e-05,0.0008,0.0008500000000000001,-0.0007500000000000724,-0.0016000000000000725,0.0008088017532428382,2.9615589652423347e-07,67718.59171627383,67691.11841087947,50.76314218055281,66.25110298229326,High,Ranging,holdout,2026-03,c555ac9efd53
1834,2026-03-30 14:15:00,2026-03-30 14:19:00,SHORT,67678.92,67543.56216,TP,4,5e-05,0.0008,0.0008500000000000001,0.001999999999999955,0.0011499999999999549,0.0,0.004533169264521404,67700.43457840201,67685.20608696327,68.58714533719952,82.93475715343071,High,Ranging,holdout,2026-03,c555ac9efd53
1835,2026-03-30 15:10:00,2026-03-30 15:14:00,LONG,67608.5,67557.79362499999,SL,4,5e-05,0.0008,0.0008500000000000001,-0.0007500000000001309,-0.0016000000000001308,0.000798568227367938,0.001368171161910115,67545.82241812206,67552.6678545683,8.765369501839187,4.941588941557176,Medium,Ranging,holdout,2026-03,c555ac9efd53
1836,2026-03-30 15:30:00,2026-03-30 15:32:00,SHORT,67522.8,67573.4421,SL,2,5e-05,0.0008,0.0008500000000000001,-0.00074999999999996,-0.00159999999999996,0.0021452013245894905,0.0003570645767059509,67524.82613781905,67538.54736865716,54.71720720960024,70.64896343631838,High,Ranging,holdout,2026-03,c555ac9efd53
1837,2026-03-30 15:48:00,2026-03-30 15:56:00,LONG,67710.51,67659.72711749999,SL,8,5e-05,0.0008,0.0008500000000000001,-0.0007500000000000491,-0.0016000000000000493,0.001048138612454716,0.0011555074684861367,67644.36468210586,67604.60187772752,11.103340004581819,12.223635597045188,Low,Ranging,holdout,2026-03,c555ac9efd53
1838,2026-03-31 12:22:00,2026-03-31 12:27:00,SHORT,66642.01,66691.9915075,SL,5,5e-05,0.0008,0.0008500000000000001,-0.0007500000000001181,-0.0016000000000001183,0.0011881394333695453,0.00014105216814430088,67064.1337906744,67272.12549853373,59.14386573655357,70.35700055488557,Medium,Ranging,holdout,2026-03,c555ac9efd53
1839,2026-03-31 12:32:00,2026-03-31 12:34:00,SHORT,66739.22,66789.274415,SL,2,5e-05,0.0008,0.0008500000000000001,-0.0007500000000000895,-0.0016000000000000896,0.0007524810748462623,0.00015313334498067498,66949.18493128546,67170.7540391622,51.552462748303306,65.5724635001627,Low,Ranging,holdout,2026-03,c555ac9efd53
1840,2026-03-31 12:41:00,2026-03-31 12:48:00,SHORT,66879.22,66745.46156,TP,7,5e-05,0.0008,0.0008500000000000001,0.002000000000000076,0.0011500000000000759,0.0006411558029535132,0.0023307688098037726,66924.16971270485,67120.29132040756,74.79438454492045,83.21947581821915,Low,Ranging,holdout,2026-03,c555ac9efd53
1841,2026-03-31 14:10:00,2026-03-31 14:11:00,LONG,67186.04,67320.41208,TP,1,5e-05,0.0008,0.0008500000000000001,0.0020000000000000152,0.0011500000000000152,0.0,0.002170986710929839,67131.19669117032,67064.48921303246,18.875499772864252,12.861225156118692,Medium,Ranging,holdout,2026-03,c555ac9efd53
1842,2026-03-31 15:05:00,2026-03-31 15:06:00,SHORT,66784.0,66834.088,SL,1,5e-05,0.0008,0.0008500000000000001,-0.0007500000000000505,-0.0016000000000000506,0.004628204360325774,0.0,67012.603024413,67088.60537248204,92.46118530174276,92.17764463732397,Medium,Ranging,holdout,2026-03,c555ac9efd53
1843,2026-03-31 15:08:00,2026-03-31 15:10:00,SHORT,66957.86,67008.078395,SL,2,5e-05,0.0008,0.0008500000000000001,-0.0007500000000000524,-0.0016000000000000523,0.0008520284250423014,0.0018702808004914721,67008.25099350298,67081.97703548182,75.9204131768107,84.87678261691738,High,Ranging,holdout,2026-03,c555ac9efd53
1844,2026-03-31 15:40:00,2026-03-31 15:45:00,SHORT,67030.89,66896.82822,TP,5,5e-05,0.0008,0.0008500000000000001,0.0020000000000000543,0.0011500000000000542,0.0001778284608782347,0.002174370652097861,67057.94817803687,67083.35337356738,50.21175658479064,67.08754091703213,Medium,Ranging,holdout,2026-03,c555ac9efd53
1845,2026-03-31 15:55:00,2026-03-31 15:56:00,SHORT,66981.1,66847.13780000001,TP,1,5e-05,0.0008,0.0008500000000000001,0.0019999999999999176,0.0011499999999999176,0.00010898596768324734,0.002046846050602421,67017.48116071046,67053.26399975983,61.35905396191743,75.34729407652746,Low,Ranging,holdout,2026-03,c555ac9efd53
1846,2026-04-01 12:01:00,2026-04-01 12:02:00,LONG,68694.58,68643.059065,SL,1,5e-05,0.0008,0.0008500000000000001,-0.0007500000000001127,-0.0016000000000001126,0.001840756577884268,0.0,67111.3260152337,67096.1224650395,68.13045918232935,36.473958399400836,Low,Ranging,holdout,2026-04,c555ac9efd53
1847,2026-04-01 12:31:00,2026-04-01 12:32:00,LONG,68584.29,68532.85178249999,SL,1,5e-05,0.0008,0.0008500000000000001,-0.0007500000000000938,-0.001600000000000094,0.0015249848033711002,0.0,68134.04386651202,67763.67864624801,28.066008046237744,22.247599152079914,High,Trending,holdout,2026-04,c555ac9efd53
1848,2026-04-01 12:36:00,2026-04-01 12:37:00,LONG,68433.7,68382.374725,SL,1,5e-05,0.0008,0.0008500000000000001,-0.0007499999999999357,-0.0015999999999999357,0.002129944749443546,0.0,68184.81012504615,67825.70536665728,13.415569211580612,7.283590540262655,High,Trending,holdout,2026-04,c555ac9efd53
1849,2026-04-01 12:57:00,2026-04-01 13:02:00,LONG,68379.5,68328.215375,SL,5,5e-05,0.0008,0.0008500000000000001,-0.0007500000000000034,-0.0016000000000000033,0.002382585423994008,0.00047382621984650634,68319.95671735735,68029.81128748531,17.281269254463382,15.426518174776264,Low,Trending,holdout,2026-04,c555ac9efd53
1850,2026-04-01 15:14:00,2026-04-01 15:15:00,LONG,68505.92,68454.54056,SL,1,5e-05,0.0008,0.0008500000000000001,-0.000750000000000062,-0.001600000000000062,0.0008162798193206989,0.00029398919100713365,68487.33614987892,68408.95624216838,18.315311160868976,17.22845441493683,Low,Ranging,holdout,2026-04,c555ac9efd53
1851,2026-04-01 15:18:00,2026-04-01 15:22:00,LONG,68493.24,68630.22648000001,TP,4,5e-05,0.0008,0.0008500000000000001,0.0020000000000001,0.0011500000000000997,0.0,0.002388118885892862,68488.84521995108,68415.69187736316,56.499785987205804,30.920972806890564,High,Ranging,holdout,2026-04,c555ac9efd53
1852,2026-04-01 15:43:00,2026-04-01 15:53:00,LONG,68723.02,68860.46604,TP,10,5e-05,0.0008,0.0008500000000000001,0.001999999999999931,0.001149999999999931,0.0,0.0035210908950159044,68648.20774105562,68542.16750727124,20.10432273458713,12.886088659970872,Low,Ranging,holdout,2026-04,c555ac9efd53
1853,2026-04-02 12:32:00,2026-04-02 12:36:00,SHORT,66137.89,66187.4934175,SL,4,5e-05,0.0008,0.0008500000000000001,-0.000749999999999924,-0.001599999999999924,0.0009554281214596101,0.0004123203809496202,66823.21916211922,67419.20601825183,84.29691697938607,87.9566381658736,Low,Trending,holdout,2026-04,c555ac9efd53
1854,2026-04-02 12:44:00,2026-04-02 12:57:00,SHORT,66213.34,66080.91331999999,TP,13,5e-05,0.0008,0.0008500000000000001,0.0020000000000000625,0.0011500000000000624,0.0005311618474464248,0.002270539441145795,66578.15310518951,67154.51566405455,85.703914597414,84.9688441472441,Low,Trending,holdout,2026-04,c555ac9efd53
1855,2026-04-02 14:53:00,2026-04-02 14:55:00,LONG,66847.81,66981.50562,TP,2,5e-05,0.0008,0.0008500000000000001,0.0019999999999999792,0.0011499999999999792,0.000266276486843816,0.0020898216411277663,66583.82351237234,66485.90512401087,38.707716367172395,24.527344231828597,Medium,Ranging,holdout,2026-04,c555ac9efd53
1856,2026-04-02 15:05:00,2026-04-02 15:06:00,LONG,66806.37,66756.26522249999,SL,1,5e-05,0.0008,0.0008500000000000001,-0.0007500000000000641,-0.001600000000000064,0.0015012041516399349,0.0,66679.52796161093,66561.38005586436,22.20051679635256,21.396473084840135,High,Ranging,holdout,2026-04,c555ac9efd53
1857,2026-04-02 15:09:00,2026-04-02 15:11:00,LONG,66797.94,66931.53588,TP,2,5e-05,0.0008,0.0008500000000000001,0.0019999999999999025,0.0011499999999999024,0.0,0.0026951429939306337,66693.17435727375,66577.49285276218,55.42259899791278,30.449301876894197,Medium,Ranging,holdout,2026-04,c555ac9efd53
1858,2026-04-02 15:53:00,2026-04-02 15:57:00,LONG,66814.53,66764.4191025,SL,4,5e-05,0.0008,0.0008500000000000001,-0.000749999999999928,-0.001599999999999928,0.0008531078494453228,0.0008302086387497026,66809.89107013671,66727.42621287523,25.386082512482734,20.84275628849257,Low,Ranging,holdout,2026-04,c555ac9efd53
1859,2026-04-03 12:14:00,2026-04-03 12:28:00,LONG,66982.99,67116.95598,TP,14,5e-05,0.0008,0.0008500000000000001,0.0019999999999999038,0.0011499999999999037,0.000606721198919299,0.0024050882171726172,66898.232674384,66807.02143113059,41.78239676262705,28.399603503072274,Low,Ranging,holdout,2026-04,c555ac9efd53
1860,2026-04-03 13:18:00,2026-04-03 13:19:00,SHORT,66624.45,66674.4183375,SL,1,5e-05,0.0008,0.0008500000000000001,-0.0007500000000000336,-0.0016000000000000337,0.0008432339779166293,0.0,66743.30884090855,66780.79236876381,64.24302035257602,73.72239455919642,Low,Ranging,holdout,2026-04,c555ac9efd53
1861,2026-04-03 13:24:00,2026-04-03 13:47:00,SHORT,66703.36,66569.95328,TP,23,5e-05,0.0008,0.0008500000000000001,0.0019999999999999857,0.0011499999999999857,0.00031722539914036553,0.0020256850629412873,66733.29073113801,66771.20885492719,83.14745019613912,84.27415847956645,Low,Ranging,holdout,2026-04,c555ac9efd53
1862,2026-04-03 13:57:00,2026-04-03 14:02:00,SHORT,66632.23,66682.2041725,SL,5,5e-05,0.0008,0.0008500000000000001,-0.0007500000000000872,-0.0016000000000000872,0.0007722989310129108,0.0,66646.44964190948,66697.25148916553,80.35959666337399,86.33223015734649,Low,Ranging,holdout,2026-04,c555ac9efd53
1863,2026-04-03 14:38:00,2026-04-03 15:08:00,LONG,66862.0,66949.72,MAX_HOLD,30,5e-05,0.0008,0.0008500000000000001,0.0013119559690108157,0.0004619559690108156,0.0007095211031677534,0.0018994346564565822,66797.45998339987,66764.8600230359,39.27815580853186,23.89082199430672,Medium,Ranging,holdout,2026-04,c555ac9efd53
1864,2026-04-04 12:12:00,2026-04-04 12:42:00,LONG,67106.29,67080.0,MAX_HOLD,30,5e-05,0.0008,0.0008500000000000001,-0.00039176655422306316,-0.0012417665542230633,0.00039176655422306316,0.00046195371551608657,66981.16395810132,66929.08737573995,27.653773279723012,15.364680073031282,Low,Ranging,holdout,2026-04,c555ac9efd53
1865,2026-04-04 13:06:00,2026-04-04 13:36:00,LONG,67092.0,67183.46,MAX_HOLD,30,5e-05,0.0008,0.0008500000000000001,0.0013632027663507782,0.0005132027663507781,8.942944017170452e-05,0.0013725928575686595,67084.96351716688,67042.30355854458,29.966882022284768,19.66019523993012,Low,Ranging,holdout,2026-04,c555ac9efd53
1866,2026-04-04 13:51:00,2026-04-04 14:21:00,LONG,67204.71,67203.97,MAX_HOLD,30,5e-05,0.0008,0.0008500000000000001,-1.1011132999535876e-05,-0.0008610111329995359,0.0004376181371812108,0.000489251423002794,67159.23070482467,67113.11211122629,3.01669228038721,1.7454763985416983,Low,Ranging,holdout,2026-04,c555ac9efd53
1867,2026-04-04 14:51:00,2026-04-04 14:59:00,SHORT,67136.12,67186.47209,SL,8,5e-05,0.0008,0.0008500000000000001,-0.0007500000000000048,-0.0016000000000000048,0.0011785012300384637,7.298604685516798e-05,67158.79335517385,67152.28521595139,74.31975907460317,84.09720252265907,Low,Ranging,holdout,2026-04,c555ac9efd53
1868,2026-04-04 15:29:00,2026-04-04 15:42:00,LONG,67344.3,67293.791775,SL,13,5e-05,0.0008,0.0008500000000000001,-0.0007499999999999667,-0.001599999999999967,0.0009207906237054853,0.00017373407994436188,67286.5210676859,67234.21023274881,13.41803830974777,8.392738236365274,High,Trending,holdout,2026-04,c555ac9efd53
1869,2026-04-05 12:01:00,2026-04-05 12:31:00,SHORT,66986.64,66852.66672,TP,30,5e-05,0.0008,0.0008500000000000001,0.0020000000000000837,0.0011500000000000837,8.553944488029144e-05,0.0022677656320723577,67293.16486084834,67266.65969326982,31.80150532181656,64.24042321377934,High,Ranging,holdout,2026-04,c555ac9efd53
1870,2026-04-05 12:57:00,2026-04-05 13:03:00,SHORT,66776.03,66826.1120225,SL,6,5e-05,0.0008,0.0008500000000000001,-0.0007500000000000918,-0.0016000000000000918,0.000793697978151741,0.00015589426325589425,66851.23891974693,66965.25921791335,82.97952565368314,87.41939562562777,Medium,Trending,holdout,2026-04,c555ac9efd53
1871,2026-04-05 13:06:00,2026-04-05 13:36:00,SHORT,66826.22,66808.28,MAX_HOLD,30,5e-05,0.0008,0.0008500000000000001,0.0002684575006636965,-0.0005815424993363036,0.00042812536755783254,0.001979911477860003,66839.29680284,66939.82795254134,72.35362253857939,86.34211440145553,Medium,Trending,holdout,2026-04,c555ac9efd53
1872,2026-04-05 14:50:00,2026-04-05 15:05:00,LONG,66936.28,66886.07779,SL,15,5e-05,0.0008,0.0008500000000000001,-0.0007500000000000464,-0.0016000000000000465,0.0010261998425966058,0.00013206589909084442,66906.15714471677,66896.77641147144,29.274541531830334,22.768338727088125,Low,Ranging,holdout,2026-04,c555ac9efd53
1873,2026-04-05 15:42:00,2026-04-05 15:46:00,LONG,67394.0,67343.45449999999,SL,4,5e-05,0.0008,0.0008500000000000001,-0.0007500000000001106,-0.0016000000000001107,0.0010463839510936295,0.0009254533044483982,67196.14446879076,67076.98476237203,33.80579494582808,20.063364948206864,High,Trending,holdout,2026-04,c555ac9efd53
1874,2026-04-06 12:00:00,2026-04-06 12:07:00,LONG,69614.91,69562.6988175,SL,7,5e-05,0.0008,0.0008500000000000001,-0.0007500000000000416,-0.0016000000000000417,0.0014906289471609468,0.0,67369.2210488552,67208.42447487905,45.54846010305093,22.741998653318678,Medium,Trending,holdout,2026-04,c555ac9efd53
1875,2026-04-06 12:13:00,2026-04-06 12:27:00,LONG,69492.2,69440.08085,SL,14,5e-05,0.0008,0.0008500000000000001,-0.0007499999999999803,-0.0015999999999999803,0.0009385225967806627,0.000543945939256534,68248.49683791492,67742.40947129724,14.426211407284148,7.660547667392218,Medium,Trending,holdout,2026-04,c555ac9efd53
1876,2026-04-06 12:56:00,2026-04-06 12:57:00,LONG,69384.7,69332.661475,SL,1,5e-05,0.0008,0.0008500000000000001,-0.0007499999999999467,-0.0015999999999999467,0.0007994557878033798,0.0,69238.47315841922,68734.40784983578,13.520202020197667,13.81455634117295,High,Trending,holdout,2026-04,c555ac9efd53
1877,2026-04-06 12:58:00,2026-04-06 13:28:00,LONG,69367.97,69454.0,MAX_HOLD,30,5e-05,0.0008,0.0008500000000000001,0.0012401977454435935,0.00039019774544359347,0.0005473707822212638,0.0016641686357551234,69248.28709471917,68759.17851350264,25.36559244592344,19.39155510583082,Low,Trending,holdout,2026-04,c555ac9efd53
1878,2026-04-06 15:09:00,2026-04-06 15:10:00,LONG,69655.76,69603.51818,SL,1,5e-05,0.0008,0.0008500000000000001,-0.0007499999999999375,-0.0015999999999999374,0.0012663705054684904,0.00030191329475119985,69541.75631373821,69443.70455912968,53.554021411317,34.814879832409,Medium,Ranging,holdout,2026-04,c555ac9efd53
1879,2026-04-06 15:28:00,2026-04-06 15:30:00,LONG,69650.3,69789.6006,TP,2,5e-05,0.0008,0.0008500000000000001,0.002000000000000033,0.001150000000000033,0.0,0.002164671221803841,69608.97259761291,69514.89291775531,44.77663715229906,29.01166749320794,Medium,Ranging,holdout,2026-04,c555ac9efd53
1880,2026-04-07 12:26:00,2026-04-07 12:31:00,SHORT,68413.18,68464.48988499999,SL,5,5e-05,0.0008,0.0008500000000000001,-0.0007499999999999288,-0.0015999999999999287,0.0008248410613277672,0.00019265293617389247,68806.48865286905,69093.96190069756,76.63897778479091,79.41403423335738,Low,Ranging,holdout,2026-04,c555ac9efd53
1881,2026-04-07 12:57:00,2026-04-07 13:05:00,SHORT,68458.91,68510.25418250001,SL,8,5e-05,0.0008,0.0008500000000000001,-0.0007500000000000663,-0.0016000000000000662,0.0013305791751577188,0.0012625091459973225,68493.34867823792,68758.05547420228,63.712031949658304,76.92107166290673,Low,Ranging,holdout,2026-04,c555ac9efd53
1882,2026-04-07 13:56:00,2026-04-07 13:57:00,SHORT,68404.61,68267.80078,TP,1,5e-05,0.0008,0.0008500000000000001,0.001999999999999935,0.001149999999999935,0.0,0.0025697098485028837,68413.64918901128,68529.54686607806,65.9435225843186,83.66580197610942,High,Ranging,holdout,2026-04,c555ac9efd53
1883,2026-04-07 14:25:00,2026-04-07 14:29:00,SHORT,68093.46,68144.53009500001,SL,4,5e-05,0.0008,0.0008500000000000001,-0.0007500000000000406,-0.0016000000000000406,0.0008488333534525688,0.0012258152251332383,68132.22910019886,68301.08662536988,87.89804211303927,87.23486796232127,Medium,Ranging,holdout,2026-04,c555ac9efd53
1884,2026-04-07 15:14:00,2026-04-07 15:15:00,SHORT,67873.88,67924.78541000001,SL,1,5e-05,0.0008,0.0008500000000000001,-0.0007500000000000982,-0.0016000000000000983,0.0038176688882379396,0.0,67973.26746796374,68094.13551001163,63.157136307066594,73.99569616021324,Low,Ranging,holdout,2026-04,c555ac9efd53
1885,2026-04-08 13:25:00,2026-04-08 13:30:00,LONG,72465.11,72410.7611675,SL,5,5e-05,0.0008,0.0008500000000000001,-0.0007500000000000982,-0.0016000000000000983,0.0017731291651941913,0.0019192684589867007,72159.68121826531,71442.04929503152,15.28182771718558,11.9438400692066,High,Ranging,holdout,2026-04,c555ac9efd53
1886,2026-04-08 14:04:00,2026-04-08 14:06:00,SHORT,71650.0,71703.7375,SL,2,5e-05,0.0008,0.0008500000000000001,-0.0007500000000000407,-0.0016000000000000406,0.0008727145847871435,0.0006854152128402036,71864.27323508065,71652.41259566597,61.02918841300055,76.88097717638524,Medium,Ranging,holdout,2026-04,c555ac9efd53
1887,2026-04-08 14:20:00,2026-04-08 14:22:00,SHORT,71416.78,71470.342585,SL,2,5e-05,0.0008,0.0008500000000000001,-0.0007500000000000973,-0.0016000000000000974,0.001165272363161727,0.0003399761232584112,71703.09257075033,71617.79405348097,22.49874867164665,52.500298061662654,High,Ranging,holdout,2026-04,c555ac9efd53
1888,2026-04-08 14:30:00,2026-04-08 14:31:00,SHORT,71454.76,71311.85048,TP,1,5e-05,0.0008,0.0008500000000000001,0.0020000000000000152,0.0011500000000000152,0.0,0.0025856919818916862,71625.97915565332,71591.00101880042,48.96186658113438,65.91175103754723,High,Ranging,holdout,2026-04,c555ac9efd53
1889,2026-04-08 14:45:00,2026-04-08 14:46:00,SHORT,71091.78,71145.098835,SL,1,5e-05,0.0008,0.0008500000000000001,-0.000749999999999975,-0.0015999999999999751,0.0011653949303281734,0.0,71396.07192820273,71467.88390862553,56.462207597907145,69.87012996384489,Medium,Ranging,holdout,2026-04,c555ac9efd53
1890,2026-04-08 15:06:00,2026-04-08 15:07:00,SHORT,70998.0,71051.2485,SL,1,5e-05,0.0008,0.0008500000000000001,-0.0007500000000000213,-0.0016000000000000213,0.0013425730302263018,0.00040888475731709113,71138.63651458813,71288.66419962037,78.71840508202285,86.68203948374232,Low,Ranging,holdout,2026-04,c555ac9efd53
1891,2026-04-09 12:12:00,2026-04-09 12:22:00,SHORT,71218.85,71076.41230000001,TP,10,5e-05,0.0008,0.0008500000000000001,0.001999999999999929,0.0011499999999999289,0.00034218468846373317,0.002231291294369447,71218.42560985828,71233.41679288856,62.56316431434777,76.86824795260661,Low,Ranging,holdout,2026-04,c555ac9efd53
1892,2026-04-09 13:30:00,2026-04-09 13:31:00,SHORT,71109.22,71162.551915,SL,1,5e-05,0.0008,0.0008500000000000001,-0.0007500000000000349,-0.001600000000000035,0.000881320312612039,0.00013640987765014282,71151.23881228008,71176.13709805917,64.31110116293216,71.05162650243331,Medium,Ranging,holdout,2026-04,c555ac9efd53
1893,2026-04-09 14:02:00,2026-04-09 14:04:00,SHORT,70765.29,70818.3639675,SL,2,5e-05,0.0008,0.0008500000000000001,-0.0007500000000001091,-0.0016000000000001091,0.0008998761963669982,0.0006644500432343247,70919.1376570889,71019.91804538397,68.4452835188114,76.81339427662795,Medium,Ranging,holdout,2026-04,c555ac9efd53
1894,2026-04-09 15:05:00,2026-04-09 15:07:00,LONG,71058.44,71005.14617,SL,2,5e-05,0.0008,0.0008500000000000001,-0.0007499999999999306,-0.0015999999999999307,0.0011324481652003782,2.9693868877512397e-05,70948.45951705852,70930.32751487897,18.112537600083126,14.852980292527429,Medium,Ranging,holdout,2026-04,c555ac9efd53
1895,2026-04-09 15:11:00,2026-04-09 15:13:00,LONG,70992.8,71134.7856,TP,2,5e-05,0.0008,0.0008500000000000001,0.0019999999999999996,0.0011499999999999995,0.0,0.0035114828545992492,70957.33289545227,70937.09141948386,32.19280868939571,19.316282077572897,Medium,Ranging,holdout,2026-04,c555ac9efd53
1896,2026-04-09 15:32:00,2026-04-09 15:33:00,LONG,71358.02,71500.73604,TP,1,5e-05,0.0008,0.0008500000000000001,0.0019999999999999905,0.0011499999999999904,0.0,0.007244875908832615,71221.17387711805,71101.84680297672,42.16871525633309,22.030353891310643,High,Trending,holdout,2026-04,c555ac9efd53
1897,2026-04-10 12:03:00,2026-04-10 12:12:00,LONG,72160.55,72106.4295875,SL,9,5e-05,0.0008,0.0008500000000000001,-0.0007500000000001062,-0.0016000000000001061,0.0008379925042145765,0.0006538198503197801,71869.00715887663,71573.92274210983,26.453607749351164,20.897246982468666,Low,Trending,holdout,2026-04,c555ac9efd53
1898,2026-04-10 12:16:00,2026-04-10 12:21:00,LONG,72110.0,72254.22,TP,5,5e-05,0.0008,0.0008500000000000001,0.002000000000000016,0.001150000000000016,0.0004292053806683829,0.0022609901539314046,71973.65952615652,71700.95559777327,15.291808159345342,8.861398628075582,Low,Trending,holdout,2026-04,c555ac9efd53
1899,2026-04-10 12:29:00,2026-04-10 12:30:00,LONG,72047.28,72191.37456,TP,1,5e-05,0.0008,0.0008500000000000001,0.0019999999999999684,0.0011499999999999683,6.051581683584144e-05,0.00517549031691418,72039.9230927252,71801.42356897908,27.581859908847974,15.218493087587584,High,Trending,holdout,2026-04,c555ac9efd53
1900,2026-04-10 12:56:00,2026-04-10 13:00:00,LONG,72275.94,72221.733045,SL,4,5e-05,0.0008,0.0008500000000000001,-0.0007500000000000203,-0.0016000000000000202,0.0011035484284259646,0.0,72219.5651369805,72015.34506608683,24.458271392571913,17.88789668953935,Low,Ranging,holdout,2026-04,c555ac9efd53
1901,2026-04-10 14:45:00,2026-04-10 14:49:00,LONG,72865.03,72810.3812275,SL,4,5e-05,0.0008,0.0008500000000000001,-0.0007500000000000586,-0.0016000000000000586,0.0022123095262569312,0.0009738553596973253,72784.14453173119,72571.33603472181,24.691902920284747,20.324607288450405,Medium,Ranging,holdout,2026-04,c555ac9efd53
1902,2026-04-10 15:20:00,2026-04-10 15:24:00,LONG,73022.81,73168.85562,TP,4,5e-05,0.0008,0.0008500000000000001,0.0020000000000000608,0.0011500000000000607,0.00045122886944500067,0.0036584459020408654,72924.26977590035,72766.22338554595,41.68349571300492,31.451342996449046,Low,Ranging,holdout,2026-04,c555ac9efd53
1903,2026-04-10 15:48:00,2026-04-10 15:54:00,SHORT,72669.58,72524.24084,TP,6,5e-05,0.0008,0.0008500000000000001,0.002000000000000044,0.0011500000000000438,0.0,0.0023653638840351,72806.32712587994,72767.41773364713,32.05419859514609,59.28679546038853,High,Ranging,holdout,2026-04,c555ac9efd53
1904,2026-04-11 12:15:00,2026-04-11 12:22:00,LONG,72927.87,72873.1740975,SL,7,5e-05,0.0008,0.0008500000000000001,-0.0007499999999999454,-0.0015999999999999454,0.0008132693303670829,0.0002961830641701975,72802.0800830212,72770.81741738945,56.318119891002404,27.682919187648864,Low,Ranging,holdout,2026-04,c555ac9efd53
1905,2026-04-11 12:24:00,2026-04-11 12:54:00,LONG,72869.62,72923.02,MAX_HOLD,30,5e-05,0.0008,0.0008500000000000001,0.0007328156781935838,-0.00011718432180641625,0.0006714732422097579,0.001547695733832547,72827.35447457677,72789.99183993496,4.28299729984973,5.2926905859442,Medium,Ranging,holdout,2026-04,c555ac9efd53
1906,2026-04-11 12:56:00,2026-04-11 13:01:00,LONG,72927.99,72873.29400750001,SL,5,5e-05,0.0008,0.0008500000000000001,-0.0007499999999999639,-0.0015999999999999639,0.001779563649018694,0.00017153907573751534,72893.77911062134,72848.49435428203,16.017408582651516,7.800955638859956,Low,Ranging,holdout,2026-04,c555ac9efd53
1907,2026-04-11 13:22:00,2026-04-11 13:52:00,SHORT,72689.82,72655.22,MAX_HOLD,30,5e-05,0.0008,0.0008500000000000001,0.0004759951255898806,-0.00037400487441011944,0.0006353021647321869,0.001535840919677803,72784.6406573703,72802.77477750665,56.55328258801368,71.65800222388738,Low,Ranging,holdout,2026-04,c555ac9efd53
1908,2026-04-11 13:53:00,2026-04-11 14:09:00,SHORT,72655.22,72709.711415,SL,16,5e-05,0.0008,0.0008500000000000001,-0.0007499999999999557,-0.0015999999999999556,0.0009401939736745367,0.0005150352583062614,72700.13428979208,72738.97840065535,56.8067835168853,69.20040631073519,Medium,Ranging,holdout,2026-04,c555ac9efd53
1909,2026-04-11 14:50:00,2026-04-11 14:52:00,SHORT,72643.39,72697.8725425,SL,2,5e-05,0.0008,0.0008500000000000001,-0.0007500000000000238,-0.0016000000000000237,0.0008777123424442989,0.0,72679.22461561477,72699.95023908996,78.38134624153041,76.94164532836606,Medium,Ranging,holdout,2026-04,c555ac9efd53
1910,2026-04-11 15:28:00,2026-04-11 15:58:00,LONG,72782.01,72858.0,MAX_HOLD,30,5e-05,0.0008,0.0008500000000000001,0.001044076688731257,0.00019407668873125698,0.0006729684986715251,0.001243851330843966,72729.0259692263,72719.76487437575,58.13558944288783,30.32962876482189,Medium,Ranging,holdout,2026-04,c555ac9efd53
1911,2026-04-12 12:41:00,2026-04-12 12:52:00,SHORT,71478.62,71335.66275999999,TP,11,5e-05,0.0008,0.0008500000000000001,0.0020000000000000473,0.0011500000000000473,0.00029911041931146207,0.005296968520097273,71668.51836891718,71990.67116609249,93.54212801855753,91.69670570449443,Medium,Trending,holdout,2026-04,c555ac9efd53
1912,2026-04-12 13:27:00,2026-04-12 13:47:00,SHORT,71069.55,70927.4109,TP,20,5e-05,0.0008,0.0008500000000000001,0.0020000000000000044,0.0011500000000000043,0.0003334761511786284,0.00207613527875163,71186.2866368067,71465.2925199785,59.9289838745274,75.62742233058708,Medium,Ranging,holdout,2026-04,c555ac9efd53
1913,2026-04-12 14:06:00,2026-04-12 14:09:00,SHORT,70940.53,70993.7353975,SL,3,5e-05,0.0008,0.0008500000000000001,-0.0007500000000000241,-0.0016000000000000241,0.0009792709470876687,0.0,71000.99152632168,71191.05945548808,80.17922959635727,84.50187466489207,High,Ranging,holdout,2026-04,c555ac9efd53
1914,2026-04-12 14:11:00,2026-04-12 14:15:00,SHORT,70988.0,71041.24100000001,SL,4,5e-05,0.0008,0.0008500000000000001,-0.000750000000000128,-0.001600000000000128,0.00107806953287878,0.0002811742829774948,70999.06996002326,71171.93237517355,85.4548653645491,85.21375768834757,Medium,Ranging,holdout,2026-04,c555ac9efd53
1915,2026-04-12 15:17:00,2026-04-12 15:30:00,SHORT,70810.55,70668.9289,TP,13,5e-05,0.0008,0.0008500000000000001,0.0020000000000000556,0.0011500000000000555,0.00013317224622592277,0.0022673175113030884,70841.86522632638,70941.77543580851,51.939808072887274,76.28809769027848,High,Ranging,holdout,2026-04,c555ac9efd53
1916,2026-04-13 12:00:00,2026-04-13 12:01:00,LONG,70929.68,70876.48273999999,SL,1,5e-05,0.0008,0.0008500000000000001,-0.0007500000000000117,-0.0016000000000000118,0.0011233661282553794,0.0,70848.90022366287,70882.12955672386,19.221496695021926,11.361103187303897,High,Ranging,holdout,2026-04,c555ac9efd53
1917,2026-04-13 12:04:00,2026-04-13 12:08:00,LONG,70889.65,71031.42929999999,TP,4,5e-05,0.0008,0.0008500000000000001,0.0019999999999999254,0.0011499999999999254,0.0006813406470477476,0.00242009940802377,70850.9756433862,70880.6461455164,22.966760242484156,19.394055544042303,Medium,Ranging,holdout,2026-04,c555ac9efd53
1918,2026-04-13 12:22:00,2026-04-13 12:29:00,LONG,70929.34,70876.14299499999,SL,7,5e-05,0.0008,0.0008500000000000001,-0.0007500000000001282,-0.0016000000000001282,0.0009485496410935,0.00029113481106702433,70907.59818759246,70905.40814847923,21.592506329356212,12.301742987379946,Low,Ranging,holdout,2026-04,c555ac9efd53
1919,2026-04-13 13:11:00,2026-04-13 13:26:00,LONG,71115.28,71257.51056,TP,15,5e-05,0.0008,0.0008500000000000001,0.0019999999999999484,0.0011499999999999484,4.682537986213014e-05,0.0020655195339173158,71009.61838360518,70962.58248531702,48.631704650755104,27.535536989257935,High,Ranging,holdout,2026-04,c555ac9efd53
1920,2026-04-13 14:07:00,2026-04-13 14:08:00,LONG,71561.15,71507.47913749999,SL,1,5e-05,0.0008,0.0008500000000000001,-0.0007500000000000398,-0.0016000000000000398,0.0013746285519446704,0.0,71319.25031390456,71193.35093072613,22.359999999998934,17.987037037036835,High,Trending,holdout,2026-04,c555ac9efd53
1921,2026-04-13 14:11:00,2026-04-13 14:16:00,LONG,71525.04,71668.09008,TP,5,5e-05,0.0008,0.0008500000000000001,0.0020000000000000126,0.0011500000000000126,0.0,0.0030053810525657366,71350.58804378277,71219.26856106453,48.94542813772116,30.81995600484655,High,Trending,holdout,2026-04,c555ac9efd53
1922,2026-04-13 15:10:00,2026-04-13 15:12:00,LONG,71987.56,71933.56933,SL,2,5e-05,0.0008,0.0008500000000000001,-0.0007499999999999893,-0.0015999999999999895,0.0009573876375306825,0.00017405785110648057,71924.93526965399,71709.47585921436,15.424877184773559,11.673884632635064,Medium,Trending,holdout,2026-04,c555ac9efd53
1923,2026-04-14 12:16:00,2026-04-14 12:24:00,LONG,74340.35,74284.59473750001,SL,8,5e-05,0.0008,0.0008500000000000001,-0.0007499999999999367,-0.0015999999999999368,0.0008142280739867223,0.0010622764084376945,73086.61307229976,72530.7111075267,35.86080586080687,20.689760834607718,Low,Trending,holdout,2026-04,c555ac9efd53
1924,2026-04-14 13:32:00,2026-04-14 13:33:00,LONG,74617.53,74766.76506,TP,1,5e-05,0.0008,0.0008500000000000001,0.002000000000000085,0.001150000000000085,0.0,0.003704759457998708,74489.53321450332,74082.24661554632,51.39047056298111,30.396586976186015,High,Ranging,holdout,2026-04,c555ac9efd53
1925,2026-04-14 14:07:00,2026-04-14 14:08:00,LONG,75561.7,75505.028725,SL,1,5e-05,0.0008,0.0008500000000000001,-0.000750000000000008,-0.001600000000000008,0.003072323677206762,0.00018779355149503425,75116.9151000926,74686.6078587565,64.41896073210638,42.59165538502803,High,Ranging,holdout,2026-04,c555ac9efd53
1926,2026-04-14 15:23:00,2026-04-14 15:24:00,SHORT,74800.0,74856.1,SL,1,5e-05,0.0008,0.0008500000000000001,-0.0007500000000000779,-0.001600000000000078,0.0016466577540106718,0.0,75029.00582418017,75044.8727488597,75.27937328191209,80.7497892511455,Medium,Ranging,holdout,2026-04,c555ac9efd53
1927,2026-04-14 15:28:00,2026-04-14 15:31:00,SHORT,74869.71,74925.8622825,SL,3,5e-05,0.0008,0.0008500000000000001,-0.0007499999999999903,-0.0015999999999999903,0.0013247012710479714,0.0009310841460452618,75004.57594099414,75030.59929357574,66.61670813572776,81.7367555631616,Medium,Ranging,holdout,2026-04,c555ac9efd53
1928,2026-04-15 12:25:00,2026-04-15 12:36:00,SHORT,74229.67,74285.3422525,SL,11,5e-05,0.0008,0.0008500000000000001,-0.0007500000000001043,-0.0016000000000001044,0.0011038712687258658,0.0008974847928058329,74543.74327195912,74747.07693061908,71.97059660544532,78.83969301998813,Low,Ranging,holdout,2026-04,c555ac9efd53
1929,2026-04-15 12:41:00,2026-04-15 13:02:00,SHORT,74364.79,74216.06042,TP,21,5e-05,0.0008,0.0008500000000000001,0.00199999999999999,0.00114999999999999,7.019451006317862e-05,0.0024557320742786388,74418.6482657149,74616.95456442866,68.32258707946811,81.27375818469005,Low,Ranging,holdout,2026-04,c555ac9efd53
1930,2026-04-15 13:11:00,2026-04-15 13:25:00,SHORT,74295.1,74350.82132500001,SL,14,5e-05,0.0008,0.0008500000000000001,-0.0007500000000000793,-0.0016000000000000792,0.0016687506982290341,0.0006070386876120473,74330.8059034221,74472.46047375006,63.04664329396104,74.77280233238662,Low,Ranging,holdout,2026-04,c555ac9efd53
1931,2026-04-15 14:01:00,2026-04-15 14:02:00,SHORT,73972.18,74027.659135,SL,1,5e-05,0.0008,0.0008500000000000001,-0.0007500000000000191,-0.0016000000000000192,0.0008159824409663279,0.00014167488371974338,74091.30045129462,74231.22896508145,56.67916592677213,72.72249270145254,Low,Ranging,holdout,2026-04,c555ac9efd53
1932,2026-04-15 14:14:00,2026-04-15 14:15:00,SHORT,73981.68,74037.16626,SL,1,5e-05,0.0008,0.0008500000000000001,-0.0007500000000000694,-0.0016000000000000695,0.0033454228127828404,0.0,74046.81974768822,74173.44158097397,81.84009406231469,81.24510265134741,High,Ranging,holdout,2026-04,c555ac9efd53
1933,2026-04-15 14:37:00,2026-04-15 14:38:00,LONG,74291.15,74235.43163749999,SL,1,5e-05,0.0008,0.0008500000000000001,-0.0007500000000000461,-0.0016000000000000463,0.0024381100575235426,0.0,74226.10018074902,74235.92442297138,13.528405083821093,9.98525466263193,Low,Ranging,holdout,2026-04,c555ac9efd53
1934,2026-04-15 14:53:00,2026-04-15 14:55:00,SHORT,74129.72,74185.31729,SL,2,5e-05,0.0008,0.0008500000000000001,-0.0007500000000000696,-0.0016000000000000697,0.0016225610996507046,0.0003685431430201947,74148.42347603707,74187.34209078515,67.98919289661829,78.68298970598046,Medium,Ranging,holdout,2026-04,c555ac9efd53
1935,2026-04-15 15:44:00,2026-04-15 15:49:00,SHORT,73900.01,73955.4350075,SL,5,5e-05,0.0008,0.0008500000000000001,-0.0007500000000000245,-0.0016000000000000246,0.0007515560552699269,0.001087821233041774,73957.52106405405,74047.81791012385,80.23500631882952,89.33474093024029,Medium,Ranging,holdout,2026-04,c555ac9efd53
1936,2026-04-15 15:50:00,2026-04-15 15:51:00,SHORT,73914.04,73969.47553,SL,1,5e-05,0.0008,0.0008500000000000001,-0.0007500000000000335,-0.0016000000000000337,0.0010449976756784672,0.0,73951.87067966339,74034.56759863433,89.16296069815489,86.91343088509092,Medium,Ranging,holdout,2026-04,c555ac9efd53
1937,2026-04-15 15:54:00,2026-04-15 15:55:00,SHORT,73913.45,73765.6231,TP,1,5e-05,0.0008,0.0008500000000000001,0.0020000000000000005,0.0011500000000000004,0.0,0.0024360924838442485,73947.30208885949,74025.92022260418,38.927277186645355,65.95909252017394,High,Ranging,holdout,2026-04,c555ac9efd53
1938,2026-04-16 12:26:00,2026-04-16 12:38:00,LONG,74720.0,74663.95999999999,SL,12,5e-05,0.0008,0.0008500000000000001,-0.0007500000000001091,-0.0016000000000001091,0.0007826552462526222,0.0003934689507493868,74451.2706171197,74304.29191457802,36.23315623571735,23.02272581143974,Low,Trending,holdout,2026-04,c555ac9efd53
1939,2026-04-16 12:43:00,2026-04-16 12:57:00,LONG,74637.06,74581.082205,SL,14,5e-05,0.0008,0.0008500000000000001,-0.0007499999999999849,-0.0015999999999999851,0.0007644995663012138,0.0006559743912743402,74560.1142929847,74411.02204681616,21.133505548749977,13.25726726941214,Low,Trending,holdout,2026-04,c555ac9efd53
1940,2026-04-16 14:11:00,2026-04-16 14:16:00,SHORT,73922.4,73774.55519999999,TP,5,5e-05,0.0008,0.0008500000000000001,0.002000000000000084,0.0011500000000000841,0.00043410387108658625,0.0023850686666017024,74166.3358993352,74334.08875607378,85.29574403039454,88.58784301487323,Medium,Trending,holdout,2026-04,c555ac9efd53
1941,2026-04-16 14:32:00,2026-04-16 14:33:00,SHORT,73855.93,73911.3219475,SL,1,5e-05,0.0008,0.0008500000000000001,-0.0007500000000000034,-0.0016000000000000033,0.0007862604939103331,0.00011671371547275005,73901.16118840521,74116.01420498936,91.61055439551683,94.8716171147646,Medium,Trending,holdout,2026-04,c555ac9efd53
1942,2026-04-16 15:33:00,2026-04-16 15:36:00,LONG,74233.99,74382.45798,TP,3,5e-05,0.0008,0.0008500000000000001,0.002000000000000017,0.001150000000000017,0.0007294502154607172,0.003540561405900474,74171.28826288601,74144.5616237208,23.42048203776041,21.97139300011727,Medium,Ranging,holdout,2026-04,c555ac9efd53
1943,2026-04-17 12:30:00,2026-04-17 12:36:00,LONG,75776.5,75719.667625,SL,6,5e-05,0.0008,0.0008500000000000001,-0.0007499999999999754,-0.0015999999999999756,0.0010443871120993898,0.0017480353407719597,75344.32788461605,74960.6246624682,47.58000000000101,33.134300861242515,High,Trending,holdout,2026-04,c555ac9efd53
1944,2026-04-17 12:41:00,2026-04-17 12:45:00,LONG,75685.78,75837.15156,TP,4,5e-05,0.0008,0.0008500000000000001,0.0019999999999999944,0.0011499999999999943,0.0001670062725124775,0.0020682881249292555,75483.6112080669,75114.41723798953,14.197942872789454,8.873244595140843,Low,Trending,holdout,2026-04,c555ac9efd53
1945,2026-04-17 13:07:00,2026-04-17 13:08:00,LONG,76415.22,76357.908585,SL,1,5e-05,0.0008,0.0008500000000000001,-0.0007500000000000492,-0.0016000000000000493,0.0009592329904959105,0.0024048874033210147,75908.65615797315,75523.01939788203,54.80129561780782,38.906462159311886,High,Trending,holdout,2026-04,c555ac9efd53
1946,2026-04-17 13:31:00,2026-04-17 13:32:00,LONG,76450.53,76393.19210249999,SL,1,5e-05,0.0008,0.0008500000000000001,-0.0007500000000001137,-0.001600000000000114,0.00418675972553757,0.0,76385.39687825623,75968.5013661894,10.177504447791472,16.81546993351333,High,Trending,holdout,2026-04,c555ac9efd53
1947,2026-04-17 13:34:00,2026-04-17 13:35:00,LONG,76386.3,76539.0726,TP,1,5e-05,0.0008,0.0008500000000000001,0.0019999999999999554,0.0011499999999999553,0.0,0.0027973602596276168,76389.57108932437,75994.8549097324,38.184802384393635,21.761402396817612,High,Trending,holdout,2026-04,c555ac9efd53
1948,2026-04-17 14:09:00,2026-04-17 14:10:00,LONG,77304.14,77246.161895,SL,1,5e-05,0.0008,0.0008500000000000001,-0.0007500000000000254,-0.0016000000000000254,0.0022511084141160365,0.0,76950.85331998632,76546.1639847546,19.45879720875755,15.899403372161773,High,Trending,holdout,2026-04,c555ac9efd53
1949,2026-04-17 14:15:00,2026-04-17 14:18:00,LONG,77090.0,77244.18,TP,3,5e-05,0.0008,0.0008500000000000001,0.0019999999999999094,0.0011499999999999093,0.0,0.002672331041639574,76985.13393983396,76610.05856894626,29.730661233261984,16.492443680090883,High,Ranging,holdout,2026-04,c555ac9efd53
1950,2026-04-18 12:18:00,2026-04-18 12:19:00,SHORT,76238.33,76295.5087475,SL,1,5e-05,0.0008,0.0008500000000000001,-0.0007500000000000252,-0.0016000000000000252,0.0008089106883636913,0.0001450713833841543,76909.86891618883,77157.03810054302,84.71465646806286,86.2720654618613,Low,Ranging,holdout,2026-04,c555ac9efd53
1951,2026-04-18 12:36:00,2026-04-18 12:45:00,SHORT,76132.26,76189.359195,SL,9,5e-05,0.0008,0.0008500000000000001,-0.000750000000000033,-0.001600000000000033,0.0014093893968207816,0.0010804880874414442,76532.08122610878,76860.02502547453,41.53397864295726,63.23944438378046,Low,Ranging,holdout,2026-04,c555ac9efd53
1952,2026-04-18 12:48:00,2026-04-18 13:17:00,SHORT,76226.13,76073.67774,TP,29,5e-05,0.0008,0.0008500000000000001,0.0020000000000000716,0.0011500000000000715,0.0006050418668768221,0.0022080354859940767,76385.73639404133,76707.31560358417,83.69428471845843,87.44392032642459,Low,Ranging,holdout,2026-04,c555ac9efd53
1953,2026-04-18 13:25:00,2026-04-18 13:31:00,SHORT,76143.74,75991.45252,TP,6,5e-05,0.0008,0.0008500000000000001,0.0019999999999999875,0.0011499999999999874,0.00020618897889697942,0.002076073489429357,76215.34943236422,76426.56980125933,62.637863668825986,72.68068251770852,Low,Ranging,holdout,2026-04,c555ac9efd53
1954,2026-04-18 14:51:00,2026-04-18 15:10:00,LONG,76220.5,76163.334625,SL,19,5e-05,0.0008,0.0008500000000000001,-0.0007499999999999587,-0.0015999999999999587,0.001096030595443399,0.0018794156427732697,76171.96187374082,76195.64083465164,36.50605269404575,27.467890392176084,Low,Ranging,holdout,2026-04,c555ac9efd53
1955,2026-04-18 15:34:00,2026-04-18 15:38:00,LONG,76228.29,76171.1187825,SL,4,5e-05,0.0008,0.0008500000000000001,-0.0007499999999999912,-0.0015999999999999912,0.000772023090115117,0.0,76205.48763818253,76207.58427996667,65.50372821132324,44.087495969413816,Medium,Ranging,holdout,2026-04,c555ac9efd53
1956,2026-04-19 12:18:00,2026-04-19 12:26:00,SHORT,75668.0,75516.664,TP,8,5e-05,0.0008,0.0008500000000000001,0.0019999999999999432,0.0011499999999999432,1.1629751017664755e-05,0.0020521224295606973,75882.34125751311,76008.67021820121,82.4996415477044,89.54769893534827,Medium,Ranging,holdout,2026-04,c555ac9efd53
1957,2026-04-19 12:50:00,2026-04-19 12:52:00,SHORT,75477.36,75533.96802,SL,2,5e-05,0.0008,0.0008500000000000001,-0.0007499999999999956,-0.0015999999999999955,0.0009622753101062975,0.0,75615.19722630255,75777.13229009463,54.59993708327051,66.85995798399584,Low,Ranging,holdout,2026-04,c555ac9efd53
1958,2026-04-19 12:59:00,2026-04-19 13:02:00,SHORT,75600.01,75656.71000749999,SL,3,5e-05,0.0008,0.0008500000000000001,-0.000749999999999947,-0.001599999999999947,0.0007747353472573217,0.0006292327210008628,75603.5853653515,75743.8972969364,60.15726945958085,78.92447693360229,High,Ranging,holdout,2026-04,c555ac9efd53
1959,2026-04-19 13:34:00,2026-04-19 13:46:00,LONG,75984.33,75927.3417525,SL,12,5e-05,0.0008,0.0008500000000000001,-0.0007500000000000651,-0.0016000000000000651,0.0007539712464399982,0.0008209587424144512,75849.73524117535,75823.58869405997,16.797840632956913,11.249248642105819,High,Ranging,holdout,2026-04,c555ac9efd53
1960,2026-04-19 13:50:00,2026-04-19 13:59:00,LONG,75930.52,75873.57211000001,SL,9,5e-05,0.0008,0.0008500000000000001,-0.0007499999999999449,-0.001599999999999945,0.0008279938027555968,0.0005146810531522995,75907.1161485056,75864.84818940506,27.267301678243566,20.297018964607904,High,Ranging,holdout,2026-04,c555ac9efd53
1961,2026-04-19 14:17:00,2026-04-19 14:18:00,SHORT,75782.9,75839.737175,SL,1,5e-05,0.0008,0.0008500000000000001,-0.0007500000000001036,-0.0016000000000001035,0.000885424020458518,0.00014594321410235913,75844.30344681554,75846.80934698044,76.98250869774819,83.5448402093137,Medium,Ranging,holdout,2026-04,c555ac9efd53
1962,2026-04-19 14:58:00,2026-04-19 15:01:00,LONG,75973.32,75916.34001,SL,3,5e-05,0.0008,0.0008500000000000001,-0.0007500000000000933,-0.0016000000000000933,0.0009024220607972933,0.0007693490293697457,75954.31537847908,75913.90692802476,28.337933329417396,21.315932727640245,High,Ranging,holdout,2026-04,c555ac9efd53
1963,2026-04-19 15:25:00,2026-04-19 15:31:00,LONG,75986.37,75929.3802225,SL,6,5e-05,0.0008,0.0008500000000000001,-0.0007499999999999873,-0.0015999999999999873,0.0020947177763590793,9.593825840092308e-05,75982.79442436359,75947.9545731092,24.562210803485613,19.274228596261125,High,Ranging,holdout,2026-04,c555ac9efd53
1964,2026-04-19 15:46:00,2026-04-19 15:47:00,SHORT,75725.21,75782.00390750001,SL,1,5e-05,0.0008,0.0008500000000000001,-0.0007500000000000411,-0.001600000000000041,0.0008652336520425564,0.0,75847.45834485831,75881.37473070926,93.54083962784891,91.23033959405274,Medium,Ranging,holdout,2026-04,c555ac9efd53
1965,2026-04-19 15:48:00,2026-04-19 15:49:00,SHORT,75742.62,75799.42696499999,SL,1,5e-05,0.0008,0.0008500000000000001,-0.0007499999999999488,-0.001599999999999949,0.0013912906630375959,0.0,75842.37932564584,75877.43984665045,88.45913018820643,89.91198050421468,High,Ranging,holdout,2026-04,c555ac9efd53
1966,2026-04-19 15:51:00,2026-04-19 15:53:00,SHORT,75749.98,75806.792485,SL,2,5e-05,0.0008,0.0008500000000000001,-0.0007500000000000291,-0.0016000000000000291,0.000779142119905564,0.00043115522934776936,75834.19674139592,75871.23488031661,50.28834446748502,71.5293466861525,Medium,Ranging,holdout,2026-04,c555ac9efd53
1967,2026-04-19 15:58:00,2026-04-19 15:59:00,SHORT,75799.1,75846.63,EOD,1,5e-05,0.0008,0.0008500000000000001,-0.0006270523000932574,-0.0014770523000932575,0.0006271842277809841,8.971082770211875e-06,75830.70185346415,75864.45923198023,64.85004705208645,73.95564829589871,Low,Ranging,holdout,2026-04,c555ac9efd53
1968,2026-04-20 12:12:00,2026-04-20 12:13:00,SHORT,75318.93,75375.4191975,SL,1,5e-05,0.0008,0.0008500000000000001,-0.0007500000000000852,-0.0016000000000000853,0.0009710706192986807,0.0,75597.38190682717,75723.03106732419,85.10281345068358,86.9289263364858,Medium,Trending,holdout,2026-04,c555ac9efd53
1969,2026-04-20 12:22:00,2026-04-20 12:23:00,SHORT,75491.25,75547.8684375,SL,1,5e-05,0.0008,0.0008500000000000001,-0.0007500000000000154,-0.0016000000000000155,0.0007506830261785075,0.00017564949580242426,75546.49625718436,75671.51952501797,70.15297748014034,80.09363908625193,High,Ranging,holdout,2026-04,c555ac9efd53
1970,2026-04-20 12:52:00,2026-04-20 13:03:00,SHORT,75325.29,75174.63941999999,TP,11,5e-05,0.0008,0.0008500000000000001,0.0020000000000000183,0.0011500000000000182,0.00011231287659173172,0.002200057908837611,75385.6520785745,75515.8842808614,75.89752631213213,86.68405347906246,High,Trending,holdout,2026-04,c555ac9efd53
1971,2026-04-20 13:31:00,2026-04-20 13:32:00,SHORT,75114.11,74963.88178,TP,1,5e-05,0.0008,0.0008500000000000001,0.00200000000000006,0.0011500000000000598,0.0003713017434407386,0.002345897461875091,75200.50904377562,75326.89846063919,55.52219494402271,73.56507573276933,High,Trending,holdout,2026-04,c555ac9efd53
1972,2026-04-20 14:01:00,2026-04-20 14:03:00,SHORT,75150.01,75206.3725075,SL,2,5e-05,0.0008,0.0008500000000000001,-0.0007500000000000242,-0.0016000000000000241,0.0008115767383132117,0.0007151030319222937,75186.97265626809,75263.14544396475,68.81449950683391,80.24844480845799,High,Ranging,holdout,2026-04,c555ac9efd53
1973,2026-04-20 15:15:00,2026-04-20 15:17:00,SHORT,75063.13,75119.42734750001,SL,2,5e-05,0.0008,0.0008500000000000001,-0.000750000000000047,-0.0016000000000000471,0.0017904928824576615,0.00028122994604675534,75098.31160177334,75181.0495255989,85.1379516122406,85.63676247620054,Medium,Ranging,holdout,2026-04,c555ac9efd53
1974,2026-04-20 15:53:00,2026-04-20 15:59:00,LONG,75600.0,75716.77,EOD,6,5e-05,0.0008,0.0008500000000000001,0.0015445767195767736,0.0006945767195767735,0.00045343915343913806,0.001712962962962963,75464.29228395715,75377.08953889397,25.060000905678805,22.54071759574067,Low,Ranging,holdout,2026-04,c555ac9efd53
1975,2026-04-21 12:15:00,2026-04-21 12:32:00,LONG,76258.76,76411.27751999999,TP,17,5e-05,0.0008,0.0008500000000000001,0.001999999999999921,0.001149999999999921,0.00015303159925493482,0.0021710292692932883,75920.12223317914,75676.76753635674,11.53121926291702,10.192342681505275,Low,Trending,holdout,2026-04,c555ac9efd53
1976,2026-04-21 13:46:00,2026-04-21 13:47:00,SHORT,75887.42,75944.335565,SL,1,5e-05,0.0008,0.0008500000000000001,-0.0007500000000000392,-0.0016000000000000393,0.0009556261103619556,0.0003239008520780091,75977.78334319062,75957.53495804971,42.731496098506256,64.59518297970966,Medium,Ranging,holdout,2026-04,c555ac9efd53
1977,2026-04-21 14:00:00,2026-04-21 14:03:00,SHORT,75899.98,75748.18003999999,TP,3,5e-05,0.0008,0.0008500000000000001,0.0020000000000000516,0.0011500000000000516,1.6600794888342702e-05,0.0026347833029731487,75937.07662555246,75939.10419045416,71.4301644828554,75.54407087344863,Medium,Ranging,holdout,2026-04,c555ac9efd53
1978,2026-04-21 15:13:00,2026-04-21 15:15:00,SHORT,75767.32,75824.14549000001,SL,2,5e-05,0.0008,0.0008500000000000001,-0.0007500000000000382,-0.0016000000000000382,0.0011049618753835638,0.00042802094623391147,75937.847282808,75977.48612237157,73.55478821555727,81.96867434564858,Low,Ranging,holdout,2026-04,c555ac9efd53
1979,2026-04-21 15:21:00,2026-04-21 15:22:00,SHORT,75878.02,75934.928515,SL,1,5e-05,0.0008,0.0008500000000000001,-0.000750000000000037,-0.0016000000000000372,0.0007612217609262176,0.0005486437310831866,75918.85715971969,75961.04267155487,73.55139042018885,86.49733894129305,Low,Ranging,holdout,2026-04,c555ac9efd53
1980,2026-04-22 12:26:00,2026-04-22 12:27:00,LONG,78287.5,78228.784375,SL,1,5e-05,0.0008,0.0008500000000000001,-0.0007499999999999628,-0.001599999999999963,0.0016157113204535237,0.0,77460.66316851036,76876.29638673295,15.464934827933243,11.076589155389156,Low,Trending,holdout,2026-04,c555ac9efd53
1981,2026-04-22 12:30:00,2026-04-22 13:00:00,LONG,78185.36,78215.22,MAX_HOLD,30,5e-05,0.0008,0.0008500000000000001,0.0003819129310142024,-0.00046808706898579766,0.0007081888476307501,0.0018529044312131497,77566.00305123998,76976.0092729901,23.769131055082315,18.35967375206641,Medium,Trending,holdout,2026-04,c555ac9efd53
1982,2026-04-22 13:39:00,2026-04-22 13:41:00,LONG,78414.58,78571.40916,TP,2,5e-05,0.0008,0.0008500000000000001,0.0019999999999999215,0.0011499999999999215,0.0,0.0022780202355225858,78329.90174911727,78005.00590161662,44.50729903719338,30.38230563086759,Medium,Ranging,holdout,2026-04,c555ac9efd53
1983,2026-04-22 14:22:00,2026-04-22 14:30:00,LONG,79046.73,78987.4449525,SL,8,5e-05,0.0008,0.0008500000000000001,-0.0007500000000000176,-0.0016000000000000176,0.0028237727227931105,0.0011078257127145803,78765.45150344764,78482.59968956637,65.44812159660857,39.29378309934716,High,Ranging,holdout,2026-04,c555ac9efd53
1984,2026-04-22 15:08:00,2026-04-22 15:11:00,LONG,78938.0,79095.876,TP,3,5e-05,0.0008,0.0008500000000000001,0.0020000000000000486,0.0011500000000000486,1.5835212445210166e-05,0.0023436114418911042,78892.55988055172,78738.43353338586,49.7260908013302,30.911312190687116,Medium,Ranging,holdout,2026-04,c555ac9efd53
1985,2026-04-23 12:28:00,2026-04-23 12:30:00,SHORT,77718.66,77776.948995,SL,2,5e-05,0.0008,0.0008500000000000001,-0.00074999999999994,-0.00159999999999994,0.0007691846462612561,0.0,78180.74049570662,78454.09915999684,79.48214160409215,86.11559422730191,Low,Ranging,holdout,2026-04,c555ac9efd53
1986,2026-04-23 12:33:00,2026-04-23 12:35:00,SHORT,77734.41,77792.7108075,SL,2,5e-05,0.0008,0.0008500000000000001,-0.0007499999999999505,-0.0015999999999999504,0.0007673564384163226,0.0,78104.1319857698,78387.89905930165,42.5719117875204,63.928402587696354,Medium,Ranging,holdout,2026-04,c555ac9efd53
1987,2026-04-23 12:44:00,2026-04-23 12:45:00,SHORT,77815.02,77659.38996,TP,1,5e-05,0.0008,0.0008500000000000001,0.002000000000000047,0.0011500000000000468,0.000192507821754668,0.00236959394214638,77993.74846253866,78270.45369237814,47.49774375401423,73.9790771325132,Medium,Ranging,holdout,2026-04,c555ac9efd53
1988,2026-04-23 13:00:00,2026-04-23 13:13:00,SHORT,77870.54,77714.79891999999,TP,13,5e-05,0.0008,0.0008500000000000001,0.0020000000000000907,0.0011500000000000906,0.0004344390060734361,0.0020089754096990695,77870.48568321657,78121.66056950195,85.23299611543734,93.20620298802999,High,Ranging,holdout,2026-04,c555ac9efd53
1989,2026-04-23 14:07:00,2026-04-23 14:08:00,SHORT,77543.24,77601.39743000001,SL,1,5e-05,0.0008,0.0008500000000000001,-0.0007500000000000847,-0.0016000000000000849,0.0010285874049110503,0.0002651423902330135,77589.9172371017,77732.54186053577,67.61379700310947,79.11354349767032,Medium,Ranging,holdout,2026-04,c555ac9efd53
1990,2026-04-23 14:44:00,2026-04-23 14:52:00,LONG,77866.01,78021.74201999999,TP,8,5e-05,0.0008,0.0008500000000000001,0.0019999999999999467,0.0011499999999999466,0.00020560961066317334,0.0020265581862998106,77727.3638677316,77737.88272374007,46.44265814568977,30.201961563723795,Medium,Ranging,holdout,2026-04,c555ac9efd53
1991,2026-04-23 15:07:00,2026-04-23 15:16:00,LONG,78021.52,78177.56304000001,TP,9,5e-05,0.0008,0.0008500000000000001,0.0020000000000000525,0.0011500000000000525,0.0004905056963771543,0.0033303632126110397,77924.69425810927,77853.03885403053,15.555300168621462,15.745952027496868,Medium,Ranging,holdout,2026-04,c555ac9efd53
1992,2026-04-23 15:33:00,2026-04-23 15:45:00,LONG,78446.89,78388.0548325,SL,12,5e-05,0.0008,0.0008500000000000001,-0.0007500000000000161,-0.0016000000000000161,0.0009199854831720959,0.0019518938226868567,78216.1723927342,78056.75532449201,57.54848648016821,36.95240805824561,Low,Ranging,holdout,2026-04,c555ac9efd53
1993,2026-04-23 15:49:00,2026-04-23 15:52:00,LONG,78349.99,78291.2275075,SL,3,5e-05,0.0008,0.0008500000000000001,-0.0007499999999999768,-0.0015999999999999769,0.0008625399952189112,0.00038302493720796595,78328.54451482075,78167.05212839124,27.47642515769012,18.607215857504517,Medium,Ranging,holdout,2026-04,c555ac9efd53
1994,2026-04-23 15:56:00,2026-04-23 15:59:00,LONG,78363.89,78376.76,EOD,3,5e-05,0.0008,0.0008500000000000001,0.0001642338071782213,-0.0006857661928217787,0.0006492786409659431,0.00046079897258801956,78327.94538619592,78187.72082093009,53.391713125694594,34.46481141038388,Medium,Ranging,holdout,2026-04,c555ac9efd53
1995,2026-04-24 12:45:00,2026-04-24 12:47:00,SHORT,78189.09,78247.7318175,SL,2,5e-05,0.0008,0.0008500000000000001,-0.0007499999999999986,-0.0015999999999999986,0.0010895381951625518,0.0,78262.35004274648,78231.55873483313,35.53892043824987,58.17999344884331,Low,Ranging,holdout,2026-04,c555ac9efd53
1996,2026-04-24 13:16:00,2026-04-24 13:23:00,LONG,78344.69,78285.9314825,SL,7,5e-05,0.0008,0.0008500000000000001,-0.0007499999999999816,-0.0015999999999999816,0.0014000948883708944,0.0006932186469816611,78287.45356038547,78255.13004332344,13.612008256489988,12.284559533459506,Medium,Ranging,holdout,2026-04,c555ac9efd53
1997,2026-04-24 14:01:00,2026-04-24 14:11:00,SHORT,77950.01,78008.4725075,SL,10,5e-05,0.0008,0.0008500000000000001,-0.0007500000000000979,-0.0016000000000000979,0.0015235405357870938,0.0019244384959026274,78142.47942724475,78184.73043397604,48.62533230426078,65.26547667963753,High,Ranging,holdout,2026-04,c555ac9efd53
1998,2026-04-24 14:38:00,2026-04-24 14:39:00,SHORT,77843.23,77901.6124225,SL,1,5e-05,0.0008,0.0008500000000000001,-0.0007499999999999864,-0.0015999999999999864,0.0019386400076153508,0.0,77920.48601765609,78015.92114891409,86.6958297842679,88.56654693218815,High,Ranging,holdout,2026-04,c555ac9efd53
1999,2026-04-24 14:42:00,2026-04-24 14:43:00,SHORT,77904.01,77962.4380075,SL,1,5e-05,0.0008,0.0008500000000000001,-0.0007499999999999844,-0.0015999999999999845,0.0011695161776653165,0.0,77923.28996450955,78010.08245555645,66.04040361261401,78.47032000591571,Medium,Ranging,holdout,2026-04,c555ac9efd53
2000,2026-04-24 15:26:00,2026-04-24 15:31:00,SHORT,77797.44,77855.78808,SL,5,5e-05,0.0008,0.0008500000000000001,-0.00074999999999995,-0.00159999999999995,0.0011090339219388045,0.0,77829.02540185866,77903.28229988579,68.82274479709166,77.35760605313867,Medium,Ranging,holdout,2026-04,c555ac9efd53
2001,2026-04-25 12:56:00,2026-04-25 13:14:00,SHORT,77562.5,77620.671875,SL,18,5e-05,0.0008,0.0008500000000000001,-0.00075,-0.0016,0.0010682997582594756,6.923448831581425e-05,77630.30935775545,77708.70989393354,52.25706818722835,72.03013269951752,Low,Trending,holdout,2026-04,c555ac9efd53
2002,2026-04-25 14:08:00,2026-04-25 14:38:00,LONG,77665.93,77718.51,MAX_HOLD,30,5e-05,0.0008,0.0008500000000000001,0.0006770021295051994,-0.00017299787049480063,0.00033180572227731674,0.0009964472195210174,77658.49192790971,77663.51747601519,19.741071428571868,9.389880952381809,Medium,Ranging,holdout,2026-04,c555ac9efd53
2003,2026-04-25 14:39:00,2026-04-25 14:56:00,LONG,77718.51,77660.2211175,SL,17,5e-05,0.0008,0.0008500000000000001,-0.0007499999999999649,-0.001599999999999965,0.0007974934156611588,0.0004378622287020021,77693.22663513836,77681.87261451624,35.835270674172584,14.744332456446495,Medium,Ranging,holdout,2026-04,c555ac9efd53
2004,2026-04-25 15:09:00,2026-04-25 15:36:00,SHORT,77663.59,77721.8376925,SL,27,5e-05,0.0008,0.0008500000000000001,-0.0007500000000001065,-0.0016000000000001065,0.0007611031115095321,9.682787004810778e-05,77687.79520880152,77685.61527484053,67.35942731785163,83.6669453245658,Low,Ranging,holdout,2026-04,c555ac9efd53
2005,2026-04-26 12:01:00,2026-04-26 12:11:00,LONG,78101.5,78042.923875,SL,10,5e-05,0.0008,0.0008500000000000001,-0.0007500000000000879,-0.001600000000000088,0.001231474427507705,0.0,77618.59482108548,77645.44676988298,71.79252669171485,42.49519805785244,Medium,Ranging,holdout,2026-04,c555ac9efd53
2006,2026-04-26 12:12:00,2026-04-26 12:42:00,LONG,78014.29,77959.17,MAX_HOLD,30,5e-05,0.0008,0.0008500000000000001,-0.0007065372254236416,-0.0015565372254236418,0.0007299944663983623,0.00016676431971641753,77772.21980163614,77725.59393977227,8.20407229466045,4.101273545332663,Low,Ranging,holdout,2026-04,c555ac9efd53
2007,2026-04-26 13:50:00,2026-04-26 14:06:00,LONG,77945.2,77886.7411,SL,16,5e-05,0.0008,0.0008500000000000001,-0.0007499999999999719,-0.001599999999999972,0.0009410457603545988,0.0004182425601577239,77915.86195604698,77887.20314552925,4.761045987366372,7.386033463572551,Medium,Ranging,holdout,2026-04,c555ac9efd53
2008,2026-04-26 14:31:00,2026-04-26 14:46:00,LONG,78052.15,77993.61088749999,SL,15,5e-05,0.0008,0.0008500000000000001,-0.0007500000000000305,-0.0016000000000000307,0.000951543295091673,0.0011311667904088248,77980.5927535119,77941.81231754411,34.50099760763286,26.221139204710862,High,Ranging,holdout,2026-04,c555ac9efd53
2009,2026-04-26 14:48:00,2026-04-26 15:18:00,LONG,78023.6,78121.92,MAX_HOLD,30,5e-05,0.0008,0.0008500000000000001,0.0012601315499412027,0.0004101315499412026,0.0002081421518618115,0.0017183262500063113,78016.07127160123,77973.98131358785,27.842027559055182,19.53099871224163,Low,Ranging,holdout,2026-04,c555ac9efd53
2010,2026-04-27 12:14:00,2026-04-27 12:38:00,SHORT,77840.73,77685.04853999999,TP,24,5e-05,0.0008,0.0008500000000000001,0.0020000000000000907,0.0011500000000000906,0.00022713044957321915,0.0022289102376095394,77937.42123288626,77977.68594898786,70.68795170232154,82.16599041332522,Medium,Ranging,holdout,2026-04,c555ac9efd53
2011,2026-04-27 12:53:00,2026-04-27 13:23:00,SHORT,77753.97,77760.24,MAX_HOLD,30,5e-05,0.0008,0.0008500000000000001,-8.06389693028417e-05,-0.0009306389693028418,0.0004862774209470934,0.0017229988385159133,77783.15309835279,77853.06302189252,59.854013697197104,77.79689890333054,High,Trending,holdout,2026-04,c555ac9efd53
2012,2026-04-27 15:34:00,2026-04-27 15:35:00,SHORT,76912.01,76969.6940075,SL,1,5e-05,0.0008,0.0008500000000000001,-0.0007500000000000948,-0.0016000000000000948,0.001981745113669481,0.0,77289.87535529093,77512.73527135659,83.12148155248725,87.02546588671096,High,Trending,holdout,2026-04,c555ac9efd53
2013,2026-04-27 15:38:00,2026-04-27 15:41:00,SHORT,77022.23,77079.9966725,SL,3,5e-05,0.0008,0.0008500000000000001,-0.0007500000000000226,-0.0016000000000000226,0.000750692365048467,0.00024057989492123037,77250.89629242597,77475.3282671619,81.4419974517581,84.84582646335504,Medium,Trending,holdout,2026-04,c555ac9efd53
2014,2026-04-28 12:15:00,2026-04-28 12:20:00,SHORT,76273.92,76331.12544,SL,5,5e-05,0.0008,0.0008500000000000001,-0.000750000000000068,-0.001600000000000068,0.0012070967376530141,0.0013776661799996873,76666.56776359901,76994.23065998439,69.64211492244722,78.3114748435559,Low,Trending,holdout,2026-04,c555ac9efd53
2015,2026-04-28 12:37:00,2026-04-28 12:38:00,SHORT,76228.9,76286.071675,SL,1,5e-05,0.0008,0.0008500000000000001,-0.0007500000000000664,-0.0016000000000000664,0.0007924815916273683,0.0,76414.7108685361,76724.41280847535,73.83474261978562,83.86395279001226,Medium,Trending,holdout,2026-04,c555ac9efd53
2016,2026-04-28 12:43:00,2026-04-28 12:46:00,SHORT,76270.27,76327.4727025,SL,3,5e-05,0.0008,0.0008500000000000001,-0.0007499999999999848,-0.001599999999999985,0.0008139475578099008,0.0,76387.29785193656,76674.8160458513,76.34404136546648,79.01943661052383,Medium,Trending,holdout,2026-04,c555ac9efd53
2017,2026-04-28 12:53:00,2026-04-28 13:07:00,SHORT,76368.88,76216.14224,TP,14,5e-05,0.0008,0.0008500000000000001,0.0020000000000000473,0.0011500000000000473,7.738754319807938e-05,0.002049394989163247,76379.95138874244,76618.44224612026,60.70651995147119,73.37869848109004,Low,Ranging,holdout,2026-04,c555ac9efd53
2018,2026-04-28 13:24:00,2026-04-28 13:29:00,SHORT,76120.01,76177.10000749999,SL,5,5e-05,0.0008,0.0008500000000000001,-0.0007499999999999397,-0.0015999999999999398,0.0016288752458125694,0.0003788754100268314,76235.44243800576,76421.3014445705,77.11173985002335,79.95566172038212,Low,Ranging,holdout,2026-04,c555ac9efd53
2019,2026-04-28 14:34:00,2026-04-28 14:41:00,SHORT,75819.49,75667.85102,TP,7,5e-05,0.0008,0.0008500000000000001,0.0020000000000000443,0.0011500000000000442,0.0,0.0020164999790950773,76023.62363658506,76148.55544841426,46.01623508599109,66.25921671852144,Low,Ranging,holdout,2026-04,c555ac9efd53
2020,2026-04-28 14:46:00,2026-04-28 14:47:00,SHORT,75772.85,75829.67963750001,SL,1,5e-05,0.0008,0.0008500000000000001,-0.0007500000000000838,-0.001600000000000084,0.0010311081079831378,0.00045755174841665325,75927.08388517244,76067.50108348361,68.97536945812521,80.454085529143,Medium,Ranging,holdout,2026-04,c555ac9efd53
2021,2026-04-29 12:12:00,2026-04-29 12:14:00,LONG,77480.25,77422.1398125,SL,2,5e-05,0.0008,0.0008500000000000001,-0.0007500000000000285,-0.0016000000000000285,0.008134331006934024,0.0002399321117316543,76606.14433976688,76346.89759828517,29.42903314987234,16.954628331759707,Low,Trending,holdout,2026-04,c555ac9efd53
2022,2026-04-29 12:36:00,2026-04-29 13:06:00,LONG,77078.01,77120.81,MAX_HOLD,30,5e-05,0.0008,0.0008500000000000001,0.0005552815906897818,-0.0002947184093102182,0.0005964087552338361,0.001695814409323832,76942.14704983907,76658.69751894227,33.09278632478407,24.56133233727071,Medium,Trending,holdout,2026-04,c555ac9efd53
2023,2026-04-29 13:11:00,2026-04-29 13:23:00,LONG,77105.9,77048.07057499999,SL,12,5e-05,0.0008,0.0008500000000000001,-0.000750000000000046,-0.001600000000000046,0.0009195145896746447,0.00173916652292504,77093.32493166138,76903.68638526529,41.97255227346702,23.523229314184942,Medium,Ranging,holdout,2026-04,c555ac9efd53
2024,2026-04-29 13:55:00,2026-04-29 13:56:00,SHORT,76780.01,76837.5950075,SL,1,5e-05,0.0008,0.0008500000000000001,-0.0007500000000000691,-0.0016000000000000692,0.0012651730574142856,0.0,76840.13338870702,76855.52911656965,93.24086916319949,94.1951059105449,Medium,Ranging,holdout,2026-04,c555ac9efd53
2025,2026-04-29 14:21:00,2026-04-29 14:25:00,SHORT,76622.74,76680.207055,SL,4,5e-05,0.0008,0.0008500000000000001,-0.0007500000000000128,-0.0016000000000000129,0.001011449081565081,0.0003181823046265985,76713.1365309083,76772.66369996118,65.2933626696019,76.49003789267863,High,Ranging,holdout,2026-04,c555ac9efd53
2026,2026-04-29 14:56:00,2026-04-29 15:03:00,SHORT,76622.31,76469.06538,TP,7,5e-05,0.0008,0.0008500000000000001,0.0019999999999999697,0.0011499999999999696,0.00016052765832827163,0.002013904305417021,76664.18353443684,76714.05027061219,67.10883128942386,77.1095133968594,Low,Ranging,holdout,2026-04,c555ac9efd53
2027,2026-04-30 12:04:00,2026-04-30 12:06:00,SHORT,76097.39,76154.4630425,SL,2,5e-05,0.0008,0.0008500000000000001,-0.0007500000000000977,-0.0016000000000000979,0.0009482585407988828,2.352248874755885e-05,76099.16752753532,76266.9815635158,88.76820675697962,90.98271407195023,Low,Ranging,holdout,2026-04,c555ac9efd53
2028,2026-04-30 12:40:00,2026-04-30 12:44:00,LONG,76343.24,76285.98257000001,SL,4,5e-05,0.0008,0.0008500000000000001,-0.0007499999999999716,-0.0015999999999999717,0.0011557015395208597,0.0,76248.27221756484,76272.55223070907,2.823464912277722,2.2746469302839483,Low,Ranging,holdout,2026-04,c555ac9efd53
2029,2026-04-30 13:01:00,2026-04-30 13:10:00,LONG,76342.47,76285.2131475,SL,9,5e-05,0.0008,0.0008500000000000001,-0.0007499999999999365,-0.0015999999999999365,0.0008658352290671997,0.0003298295169123165,76288.18412318929,76287.98060530664,51.590845876634184,34.57700298404925,Medium,Ranging,holdout,2026-04,c555ac9efd53
2030,2026-04-30 13:14:00,2026-04-30 13:25:00,LONG,76305.51,76248.2808675,SL,11,5e-05,0.0008,0.0008500000000000001,-0.0007499999999999597,-0.0015999999999999597,0.0009201170400406452,0.0005519915927435633,76299.6792165031,76294.80220174084,53.171653914990436,35.240552396513856,Low,Ranging,holdout,2026-04,c555ac9efd53
2031,2026-04-30 13:52:00,2026-04-30 13:58:00,LONG,76477.41,76420.0519425,SL,6,5e-05,0.0008,0.0008500000000000001,-0.0007500000000001141,-0.0016000000000001141,0.0008552852404390197,0.001389168383186495,76381.68851809496,76342.54237634831,15.506348634552593,17.247511748906607,High,Ranging,holdout,2026-04,c555ac9efd53
2032,2026-04-30 14:02:00,2026-04-30 14:09:00,LONG,76510.0,76452.6175,SL,7,5e-05,0.0008,0.0008500000000000001,-0.0007500000000000913,-0.0016000000000000914,0.0008235524768003498,0.0011437720559403315,76416.59041980715,76368.73332349211,58.9521570426492,36.48606922527684,High,Ranging,holdout,2026-04,c555ac9efd53
2033,2026-04-30 14:26:00,2026-04-30 14:28:00,SHORT,76217.71,76274.8732825,SL,2,5e-05,0.0008,0.0008500000000000001,-0.000749999999999972,-0.001599999999999972,0.0011583921899515689,0.0010309939776464254,76354.66439439134,76354.29644050064,46.37988711555355,66.38832445875602,High,Ranging,holdout,2026-04,c555ac9efd53
2034,2026-04-30 15:38:00,2026-04-30 15:46:00,LONG,76416.94,76359.627295,SL,8,5e-05,0.0008,0.0008500000000000001,-0.0007500000000000512,-0.0016000000000000513,0.0009821120814311971,0.000879386167517269,76410.56939999324,76385.9501429512,23.651427189161012,14.678550601890768,High,Ranging,holdout,2026-04,c555ac9efd53
2035,2026-05-01 12:13:00,2026-05-01 12:14:00,LONG,77460.67,77615.59134,TP,1,5e-05,0.0008,0.0008500000000000001,0.00200000000000001,0.00115000000000001,0.0,0.0028027126540476066,76873.72087337347,76664.7067585427,58.08373497744782,35.39533962850376,High,Trending,holdout,2026-05,c555ac9efd53
2036,2026-05-01 12:47:00,2026-05-01 12:54:00,LONG,78031.65,77973.1262625,SL,7,5e-05,0.0008,0.0008500000000000001,-0.0007499999999999962,-0.0015999999999999964,0.0011103186976053874,9.714007072773352e-05,77642.69195338737,77265.73407353865,31.04030022895758,18.513968099539323,Low,Trending,holdout,2026-05,c555ac9efd53
2037,2026-05-01 12:57:00,2026-05-01 12:59:00,LONG,77980.0,77921.515,SL,2,5e-05,0.0008,0.0008500000000000001,-0.0007500000000000075,-0.0016000000000000077,0.0010771992818671453,0.0002725057707104386,77756.258610051,77396.62640450477,43.786361660221814,27.83212330338723,Low,Trending,holdout,2026-05,c555ac9efd53
2038,2026-05-01 13:31:00,2026-05-01 13:33:00,LONG,78287.32,78443.89464000001,TP,2,5e-05,0.0008,0.0008500000000000001,0.002000000000000079,0.001150000000000079,0.0,0.002400005518134985,78145.82684668424,77826.66189908913,37.98420646406451,25.221883043607534,High,Ranging,holdout,2026-05,c555ac9efd53
2039,2026-05-01 13:45:00,2026-05-01 13:46:00,LONG,78259.07,78200.3756975,SL,1,5e-05,0.0008,0.0008500000000000001,-0.0007500000000000936,-0.0016000000000000935,0.0008825814055802986,0.0008425860414644305,78212.10951109829,77944.27187318701,17.99890271267368,14.699637831686212,Medium,Ranging,holdout,2026-05,c555ac9efd53
2040,2026-05-01 15:49:00,2026-05-01 15:50:00,LONG,78638.78,78579.800915,SL,1,5e-05,0.0008,0.0008500000000000001,-0.0007499999999999877,-0.0015999999999999877,0.004313393468209923,0.0003153660318738784,78533.50037099126,78442.94746516073,38.08033391197461,26.933330135857204,Low,Ranging,holdout,2026-05,c555ac9efd53
2041,2026-05-02 12:21:00,2026-05-02 12:25:00,SHORT,78144.43,78203.0383225,SL,4,5e-05,0.0008,0.0008500000000000001,-0.0007500000000000493,-0.0016000000000000493,0.001062007874393674,1.2796817373626387e-07,78282.6430326599,78327.87202952955,47.95384298255406,69.81285521424373,Low,Ranging,holdout,2026-05,c555ac9efd53
2042,2026-05-02 12:27:00,2026-05-02 12:57:00,SHORT,78236.41,78211.24,MAX_HOLD,30,5e-05,0.0008,0.0008500000000000001,0.00032171721580780935,-0.0005282827841921907,0.00033181481614496177,0.0006573665637266276,78264.65794167637,78313.08297199491,95.36302201089914,95.3561431230899,Low,Ranging,holdout,2026-05,c555ac9efd53
2043,2026-05-02 13:28:00,2026-05-02 13:58:00,LONG,78306.79,78378.08,MAX_HOLD,30,5e-05,0.0008,0.0008500000000000001,0.0009103935942209884,6.0393594220988335e-05,2.388043233537403e-05,0.001080749191736817,78293.85392138356,78291.35079623038,0.017365938081197994,0.014074732180406446,Low,Ranging,holdout,2026-05,c555ac9efd53
2044,2026-05-02 14:43:00,2026-05-02 15:13:00,LONG,78393.23,78435.26,MAX_HOLD,30,5e-05,0.0008,0.0008500000000000001,0.0005361432358380799,-0.0003138567641619202,0.0,0.0011068557833374653,78377.30875678669,78353.595920388,11.624415991282305,6.095576068507508,Medium,Ranging,holdout,2026-05,c555ac9efd53
2045,2026-05-02 15:30:00,2026-05-02 15:43:00,SHORT,78374.95,78433.7312125,SL,13,5e-05,0.0008,0.0008500000000000001,-0.0007500000000000702,-0.0016000000000000701,0.0007695060730500967,0.0,78401.19544675745,78388.33327124067,42.56854256851073,65.74356052992641,Low,Ranging,holdout,2026-05,c555ac9efd53
2046,2026-05-03 12:23:00,2026-05-03 12:32:00,LONG,78790.92,78731.82681,SL,9,5e-05,0.0008,0.0008500000000000001,-0.0007499999999999949,-0.001599999999999995,0.000949347970552989,0.0,78644.51874029855,78548.72229571945,23.44870581837471,13.099828190480574,Medium,Trending,holdout,2026-05,c555ac9efd53
2047,2026-05-03 12:35:00,2026-05-03 13:05:00,LONG,78718.19,78736.43,MAX_HOLD,30,5e-05,0.0008,0.0008500000000000001,0.00023171264481552085,-0.0006182873551844792,6.22473662066212e-06,0.0014280053949411627,78683.57314919536,78591.34255667725,30.800000000000306,16.983781189396684,Medium,Trending,holdout,2026-05,c555ac9efd53
2048,2026-05-03 14:00:00,2026-05-03 14:02:00,SHORT,78670.01,78729.0125075,SL,2,5e-05,0.0008,0.0008500000000000001,-0.0007500000000000156,-0.0016000000000000157,0.0007823820030021976,0.0,78674.66024811375,78670.14019615426,59.53462106876007,77.65257363974493,High,Ranging,holdout,2026-05,c555ac9efd53
2049,2026-05-03 14:31:00,2026-05-03 14:52:00,SHORT,78674.45,78733.4558375,SL,21,5e-05,0.0008,0.0008500000000000001,-0.0007500000000001025,-0.0016000000000001026,0.000960286344550269,0.0001836682684149313,78689.20369351757,78683.990314575,71.78654661941921,85.19285957270513,Low,Ranging,holdout,2026-05,c555ac9efd53
2050,2026-05-03 15:14:00,2026-05-03 15:37:00,LONG,78750.75,78691.6869375,SL,23,5e-05,0.0008,0.0008500000000000001,-0.0007500000000000621,-0.0016000000000000623,0.0009831017482372962,0.0006003752345215612,78734.71759790582,78715.7501469475,35.156616812746826,20.87368378692526,Medium,Ranging,holdout,2026-05,c555ac9efd53
2051,2026-05-04 12:36:00,2026-05-04 13:00:00,LONG,78876.46,78817.302655,SL,24,5e-05,0.0008,0.0008500000000000001,-0.0007499999999999951,-0.001599999999999995,0.0033558808293375694,0.0017126782819613924,78845.75897136255,78797.27241380888,17.769422653836077,11.052734172102982,High,Ranging,holdout,2026-05,c555ac9efd53
2052,2026-05-04 15:13:00,2026-05-04 15:15:00,LONG,80043.4,80203.4868,TP,2,5e-05,0.0008,0.0008500000000000001,0.0020000000000000573,0.0011500000000000572,0.0007173608317487545,0.002134841848297357,79855.03345062066,79544.40129335581,21.1276952436569,18.608784429552415,High,Trending,holdout,2026-05,c555ac9efd53
2053,2026-05-04 15:54:00,2026-05-04 15:55:00,LONG,79810.4,79970.0208,TP,1,5e-05,0.0008,0.0008500000000000001,0.0020000000000000534,0.0011500000000000533,0.0,0.003205847859426849,79771.46917559752,79659.90953513415,71.41501075868429,41.291361315098406,High,Ranging,holdout,2026-05,c555ac9efd53
2054,2026-05-05 12:51:00,2026-05-05 13:02:00,LONG,81310.56,81473.18112,TP,11,5e-05,0.0008,0.0008500000000000001,0.0019999999999999528,0.0011499999999999527,0.000711469703320101,0.0020563134726903506,81035.70168869419,80657.82541048688,67.88994417808242,43.814938089104395,Low,Trending,holdout,2026-05,c555ac9efd53
2055,2026-05-05 13:20:00,2026-05-05 13:25:00,LONG,81551.04,81489.87671999999,SL,5,5e-05,0.0008,0.0008500000000000001,-0.0007500000000000975,-0.0016000000000000974,0.0015974045211439307,0.0019776571825449855,81359.19453894514,81023.85465871663,52.84583334814076,30.081257625727293,High,Ranging,holdout,2026-05,c555ac9efd53
2056,2026-05-05 13:29:00,2026-05-05 13:30:00,LONG,81529.57,81468.42282250001,SL,1,5e-05,0.0008,0.0008500000000000001,-0.0007499999999999442,-0.0015999999999999443,0.001954750895902062,0.0,81407.63762578837,81105.98101876421,19.05488739736312,15.697098141267977,Medium,Ranging,holdout,2026-05,c555ac9efd53
2057,2026-05-05 15:04:00,2026-05-05 15:11:00,LONG,81327.06,81489.71412,TP,7,5e-05,0.0008,0.0008500000000000001,0.0020000000000000803,0.0011500000000000802,0.0,0.0027037741189709728,81293.65602079105,81271.01739624915,61.14297217447842,33.015659965850425,Medium,Ranging,holdout,2026-05,c555ac9efd53
2058,2026-05-05 15:23:00,2026-05-05 15:27:00,LONG,81627.99,81566.7690075,SL,4,5e-05,0.0008,0.0008500000000000001,-0.0007500000000000747,-0.0016000000000000749,0.0009756457313232803,0.0005146518982029909,81421.71677879822,81352.06223742879,73.56477242888639,44.100190589537306,Medium,Ranging,holdout,2026-05,c555ac9efd53
2059,2026-05-05 15:45:00,2026-05-05 15:52:00,LONG,81625.0,81563.78125,SL,7,5e-05,0.0008,0.0008500000000000001,-0.00075,-0.0016,0.0009301071975497489,0.0007865237366002706,81531.17480754753,81443.28629395907,40.726024394092995,27.186525003989946,Low,Ranging,holdout,2026-05,c555ac9efd53
2060,2026-05-06 12:01:00,2026-05-06 12:02:00,LONG,82536.6,82474.69755,SL,1,5e-05,0.0008,0.0008500000000000001,-0.0007500000000001052,-0.0016000000000001052,0.0013530966868032794,0.0,81624.36209384882,81517.18297791579,66.85498433769693,40.71469015595014,High,Ranging,holdout,2026-05,c555ac9efd53
2061,2026-05-06 12:16:00,2026-05-06 12:17:00,LONG,82304.8,82243.0714,SL,1,5e-05,0.0008,0.0008500000000000001,-0.0007500000000000266,-0.0016000000000000267,0.0008741895976905003,0.0,81945.09881554148,81730.11047261229,35.35041975324754,22.287773037541825,Low,Ranging,holdout,2026-05,c555ac9efd53
2062,2026-05-06 12:33:00,2026-05-06 12:38:00,LONG,82410.82,82349.011885,SL,5,5e-05,0.0008,0.0008500000000000001,-0.000750000000000086,-0.0016000000000000862,0.0009558210924245635,0.00024244389268297445,82163.005723705,81918.86167865146,38.62734268506568,21.893965601460938,Low,Ranging,holdout,2026-05,c555ac9efd53
2063,2026-05-06 12:42:00,2026-05-06 12:55:00,LONG,82304.81,82243.0813925,SL,13,5e-05,0.0008,0.0008500000000000001,-0.0007500000000000132,-0.0016000000000000133,0.0017034241376657948,0.0014569014860735781,82221.93950197133,81991.52836141626,10.29466061508417,11.618184941674677,Low,Ranging,holdout,2026-05,c555ac9efd53
2064,2026-05-06 14:17:00,2026-05-06 14:21:00,SHORT,81434.51,81495.5858825,SL,4,5e-05,0.0008,0.0008500000000000001,-0.0007500000000001038,-0.001600000000000104,0.0016009183330262552,0.0005729757568380893,81640.25321706293,81786.43361994813,70.00894200701289,80.40052937756657,High,Ranging,holdout,2026-05,c555ac9efd53
2065,2026-05-07 12:16:00,2026-05-07 12:46:00,SHORT,81081.57,81068.14,MAX_HOLD,30,5e-05,0.0008,0.0008500000000000001,0.00016563566788368265,-0.0006843643321163174,0.0006113596468345695,0.0013329786288055563,81337.36529143421,81480.37458909584,82.14221565070967,87.8221630374022,Low,Ranging,holdout,2026-05,c555ac9efd53
2066,2026-05-07 12:47:00,2026-05-07 12:53:00,SHORT,81068.15,81128.9511125,SL,6,5e-05,0.0008,0.0008500000000000001,-0.0007500000000000595,-0.0016000000000000597,0.0008038915406360305,0.0006328009212001059,81125.68462221758,81275.3222287674,39.20020919493524,64.10910523216826,Low,Trending,holdout,2026-05,c555ac9efd53
2067,2026-05-07 13:01:00,2026-05-07 13:02:00,SHORT,81089.82,81150.637365,SL,1,5e-05,0.0008,0.0008500000000000001,-0.0007499999999999424,-0.0015999999999999426,0.0008654600540486218,0.0,81121.31641582311,81235.84219415639,37.65308990226499,60.86908263983412,Medium,Ranging,holdout,2026-05,c555ac9efd53
2068,2026-05-07 14:00:00,2026-05-07 14:11:00,SHORT,80503.69,80564.0677675,SL,11,5e-05,0.0008,0.0008500000000000001,-0.0007500000000000241,-0.0016000000000000241,0.001647502120710301,0.0017004189497400604,80700.29990443886,80882.56613481033,68.16552110248792,79.00775193620761,Medium,Trending,holdout,2026-05,c555ac9efd53
2069,2026-05-07 14:16:00,2026-05-07 14:28:00,SHORT,80578.99,80417.83202,TP,12,5e-05,0.0008,0.0008500000000000001,0.0020000000000000443,0.0011500000000000442,0.0,0.002079698442484843,80628.04291103272,80789.33573926857,66.43513797855752,81.37351439485893,High,Trending,holdout,2026-05,c555ac9efd53
2070,2026-05-07 14:55:00,2026-05-07 15:01:00,SHORT,80260.0,80099.48,TP,6,5e-05,0.0008,0.0008500000000000001,0.0020000000000000508,0.0011500000000000507,0.00012559182656368985,0.0022079491652131373,80333.78755065068,80508.82744004072,85.95069801563744,86.4672008551734,Medium,Trending,holdout,2026-05,c555ac9efd53
2071,2026-05-07 15:12:00,2026-05-07 15:18:00,SHORT,80212.29,80051.86541999999,TP,6,5e-05,0.0008,0.0008500000000000001,0.002000000000000078,0.001150000000000078,1.8201699515204005e-05,0.0037380805360375143,80254.97516389114,80411.63918438894,75.41484577870642,83.48000775086466,Medium,Ranging,holdout,2026-05,c555ac9efd53
2072,2026-05-07 15:35:00,2026-05-07 15:36:00,SHORT,79976.96,80036.94272,SL,1,5e-05,0.0008,0.0008500000000000001,-0.0007499999999999996,-0.0015999999999999996,0.000965528072084593,0.00012553615441257267,80066.39839545464,80240.76043821935,80.93127287403149,84.87847019617324,Low,Trending,holdout,2026-05,c555ac9efd53
2073,2026-05-07 15:39:00,2026-05-07 15:54:00,SHORT,80000.0,80060.0,SL,15,5e-05,0.0008,0.0008500000000000001,-0.00075,-0.0016,0.0008626249999999345,0.000875,80057.31057434587,80222.67174577097,62.76743591651016,77.21069238883881,High,Ranging,holdout,2026-05,c555ac9efd53
2074,2026-05-08 12:01:00,2026-05-08 12:08:00,LONG,80251.33,80191.1415025,SL,7,5e-05,0.0008,0.0008500000000000001,-0.000749999999999992,-0.001599999999999992,0.000804472648615265,0.0007248478000302082,80030.12364529718,80146.04339093177,68.21495941431192,37.54941456507858,Medium,Ranging,holdout,2026-05,c555ac9efd53
2075,2026-05-08 12:12:00,2026-05-08 12:30:00,LONG,80168.47,80328.80694,TP,18,5e-05,0.0008,0.0008500000000000001,0.0019999999999999224,0.0011499999999999224,0.0,0.004135416330135761,80095.14473384508,80159.68258309086,26.237278025046493,14.045015016321244,Low,Ranging,holdout,2026-05,c555ac9efd53
2076,2026-05-08 12:35:00,2026-05-08 12:45:00,LONG,80256.47,80196.2776475,SL,10,5e-05,0.0008,0.0008500000000000001,-0.0007500000000000251,-0.001600000000000025,0.0013810724543453817,0.00019736726521857374,80200.32626357507,80200.9817310761,20.58122915674328,20.48135796587699,Medium,Ranging,holdout,2026-05,c555ac9efd53
2077,2026-05-08 12:59:00,2026-05-08 13:10:00,SHORT,80038.56,79878.48288,TP,11,5e-05,0.0008,0.0008500000000000001,0.0020000000000000217,0.0011500000000000217,0.0007175291509493371,0.0021031113003532518,80160.44196770125,80179.46969957299,49.06691405184287,66.44713874145641,High,Ranging,holdout,2026-05,c555ac9efd53
2078,2026-05-08 13:38:00,2026-05-08 13:39:00,SHORT,79755.43,79815.2465725,SL,1,5e-05,0.0008,0.0008500000000000001,-0.0007499999999999987,-0.0015999999999999988,0.0007956825008655386,0.000610616731675788,79854.32912542635,79968.3237387646,86.63043760193449,84.66311567261168,High,Ranging,holdout,2026-05,c555ac9efd53
2079,2026-05-08 13:40:00,2026-05-08 14:00:00,SHORT,79706.74,79766.520055,SL,20,5e-05,0.0008,0.0008500000000000001,-0.000749999999999945,-0.0015999999999999452,0.0008183749580022458,0.001972229701026684,79841.60716268691,79957.37309711124,47.0731768650272,64.82643257579838,High,Ranging,holdout,2026-05,c555ac9efd53
2080,2026-05-08 14:55:00,2026-05-08 14:57:00,LONG,80185.91,80125.7705675,SL,2,5e-05,0.0008,0.0008500000000000001,-0.0007500000000000013,-0.0016000000000000014,0.0012595729100037649,3.853544843472509e-05,80102.58060535324,80033.04495091058,31.228402630698458,20.20014868132954,Low,Ranging,holdout,2026-05,c555ac9efd53
2081,2026-05-08 15:00:00,2026-05-08 15:03:00,LONG,80150.97,80090.8567725,SL,3,5e-05,0.0008,0.0008500000000000001,-0.0007499999999999772,-0.0015999999999999773,0.0017070286236087597,0.0006117206067499724,80108.82602303577,80042.88384168492,55.569697912831025,33.54951789164403,High,Ranging,holdout,2026-05,c555ac9efd53
2082,2026-05-08 15:38:00,2026-05-08 15:39:00,SHORT,79824.9,79884.768675,SL,1,5e-05,0.0008,0.0008500000000000001,-0.0007500000000000649,-0.001600000000000065,0.0010842481481342654,0.0,79891.08622163284,79938.64466888864,89.685146881882,90.36469246956814,Medium,Ranging,holdout,2026-05,c555ac9efd53
2083,2026-05-09 12:12:00,2026-05-09 12:42:00,LONG,80313.47,80345.84,MAX_HOLD,30,5e-05,0.0008,0.0008500000000000001,0.0004030457157435153,-0.0004469542842564848,0.0004910757809369004,0.0012792374678868344,80130.31928231232,80061.59870141832,9.202813599066724,4.606803736703661,Low,Ranging,holdout,2026-05,c555ac9efd53
2084,2026-05-09 13:08:00,2026-05-09 13:38:00,LONG,80381.2,80381.35,MAX_HOLD,30,5e-05,0.0008,0.0008500000000000001,1.8661079955105316e-06,-0.0008481338920044895,0.0005111891835403864,0.0005075813747493557,80351.11621184985,80270.56379566768,36.191895025250666,13.50807286375566,Medium,Ranging,holdout,2026-05,c555ac9efd53
2085,2026-05-09 13:41:00,2026-05-09 13:58:00,SHORT,80318.71,80378.94903250001,SL,17,5e-05,0.0008,0.0008500000000000001,-0.0007500000000000184,-0.0016000000000000185,0.0008618166302719081,0.0,80363.96648865659,80319.27050597157,22.021781252092364,51.50219371506918,Low,Ranging,holdout,2026-05,c555ac9efd53
2086,2026-05-09 14:08:00,2026-05-09 14:23:00,LONG,80375.57,80315.28832250001,SL,15,5e-05,0.0008,0.0008500000000000001,-0.0007499999999999448,-0.0015999999999999448,0.000905623437569502,0.0006386268862539599,80366.17288945761,80338.74690653972,50.86548801575515,31.76352022000275,Low,Ranging,holdout,2026-05,c555ac9efd53
2087,2026-05-09 15:01:00,2026-05-09 15:18:00,SHORT,80321.23,80381.4709225,SL,17,5e-05,0.0008,0.0008500000000000001,-0.0007500000000000129,-0.0016000000000000129,0.0008397530764904508,0.0010860142455487289,80326.46593975123,80328.96109746773,71.27954741510678,76.68053807109283,Medium,Ranging,holdout,2026-05,c555ac9efd53
2088,2026-05-10 13:00:00,2026-05-10 13:07:00,LONG,80927.71,80867.01421750001,SL,7,5e-05,0.0008,0.0008500000000000001,-0.0007499999999999881,-0.0015999999999999882,0.00076945214438916,0.00011850082005281635,80865.99535829674,80753.94258197065,33.74582737409316,20.219142719210932,High,Trending,holdout,2026-05,c555ac9efd53
2089,2026-05-10 13:09:00,2026-05-10 13:39:00,LONG,80922.97,80960.32,MAX_HOLD,30,5e-05,0.0008,0.0008500000000000001,0.0004615500395005994,-0.0003884499604994007,0.0003355042455806328,0.0009520164670178764,80877.38681861611,80778.62158267599,50.94164579274786,30.849133965435385,Medium,Ranging,holdout,2026-05,c555ac9efd53
2090,2026-05-10 13:45:00,2026-05-10 14:07:00,LONG,80984.7,80923.96147499999,SL,22,5e-05,0.0008,0.0008500000000000001,-0.000750000000000098,-0.001600000000000098,0.0007864448469896454,9.693188960391063e-05,80939.14168399654,80869.63402211966,44.7852110003088,30.374999401984905,High,Ranging,holdout,2026-05,c555ac9efd53
2091,2026-05-10 15:12:00,2026-05-10 15:40:00,LONG,80995.07,81157.06014,TP,28,5e-05,0.0008,0.0008500000000000001,0.001999999999999931,0.001149999999999931,0.0005281802954181456,0.0024276786229086547,80961.14963208938,80938.02743988237,29.881943145364332,20.97095064554583,Medium,Ranging,holdout,2026-05,c555ac9efd53
2092,2026-05-11 12:06:00,2026-05-11 12:07:00,LONG,81180.82,81119.934385,SL,1,5e-05,0.0008,0.0008500000000000001,-0.0007500000000000801,-0.00160000000000008,0.0009845921733730647,0.0,81175.02744293274,81093.21237283027,6.308751272958319,3.9683772725036888,High,Ranging,holdout,2026-05,c555ac9efd53
2093,2026-05-11 13:45:00,2026-05-11 14:00:00,SHORT,81079.07,81139.8793025,SL,15,5e-05,0.0008,0.0008500000000000001,-0.0007499999999999754,-0.0015999999999999756,0.000935999882583747,0.0017783874432699132,81103.3983728603,81127.99072317594,69.43078485319937,76.66542482608891,High,Ranging,holdout,2026-05,c555ac9efd53
2094,2026-05-11 14:43:00,2026-05-11 14:53:00,SHORT,80820.53,80881.1453975,SL,10,5e-05,0.0008,0.0008500000000000001,-0.0007500000000000644,-0.0016000000000000645,0.0015623505562262965,0.0012271634447335723,80919.73331333976,81000.58566332812,78.18370688847286,83.83444877881446,Medium,Trending,holdout,2026-05,c555ac9efd53
2095,2026-05-11 15:38:00,2026-05-11 15:42:00,LONG,81280.07,81219.10994750001,SL,4,5e-05,0.0008,0.0008500000000000001,-0.0007499999999999841,-0.0015999999999999842,0.0007738674437658423,0.0001970962869494271,81092.80812311273,81043.51744169333,19.651243970551537,14.599729203689938,Medium,Ranging,holdout,2026-05,c555ac9efd53
2096,2026-05-12 12:01:00,2026-05-12 12:18:00,SHORT,80785.17,80845.7588775,SL,17,5e-05,0.0008,0.0008500000000000001,-0.0007500000000000714,-0.0016000000000000714,0.000786901853397189,0.0010542776601200226,81188.08424385946,81121.83344140199,31.116376928297395,56.26130535594286,Low,Ranging,holdout,2026-05,c555ac9efd53
2097,2026-05-12 13:43:00,2026-05-12 13:44:00,SHORT,80737.99,80798.5434925,SL,1,5e-05,0.0008,0.0008500000000000001,-0.0007499999999999458,-0.0015999999999999459,0.0010682703396505163,0.0,80761.90471424701,80826.73731253484,75.1917291640181,80.0647224359021,Medium,Ranging,holdout,2026-05,c555ac9efd53
2098,2026-05-12 13:48:00,2026-05-12 13:50:00,SHORT,80688.96,80749.47672,SL,2,5e-05,0.0008,0.0008500000000000001,-0.0007499999999999952,-0.0015999999999999953,0.0009427559854531826,0.0,80762.04008418336,80820.76390485367,27.521008358278294,54.31709838621632,Medium,Ranging,holdout,2026-05,c555ac9efd53
2099,2026-05-12 14:09:00,2026-05-12 14:10:00,SHORT,80562.21,80622.63165750001,SL,1,5e-05,0.0008,0.0008500000000000001,-0.0007500000000000343,-0.0016000000000000343,0.0008634321228277832,0.0,80669.95721753745,80745.97002049646,65.97857382623722,79.17737079792663,High,Trending,holdout,2026-05,c555ac9efd53
2100,2026-05-12 14:18:00,2026-05-12 14:19:00,SHORT,80654.0,80714.4905,SL,1,5e-05,0.0008,0.0008500000000000001,-0.0007499999999999986,-0.0015999999999999986,0.00172750266570786,0.0,80670.49095533528,80733.49572886752,59.048826617833775,71.50801268430153,Medium,Ranging,holdout,2026-05,c555ac9efd53
2101,2026-05-12 15:36:00,2026-05-12 15:59:00,SHORT,80393.88,80336.01,EOD,23,5e-05,0.0008,0.0008500000000000001,0.000719830912502418,-0.00013016908749758206,0.0007312745696562176,0.0013955042348995014,80473.96552725908,80559.01275462047,75.62839654481998,84.60323402172712,Medium,Trending,holdout,2026-05,c555ac9efd53
2102,2026-05-13 12:50:00,2026-05-13 13:07:00,SHORT,80232.51,80292.6843825,SL,17,5e-05,0.0008,0.0008500000000000001,-0.0007500000000000154,-0.0016000000000000155,0.0008411802148531218,0.0011444238750600278,80253.80252794136,80348.9697809618,90.04713791115273,91.36031292236554,Low,Trending,holdout,2026-05,c555ac9efd53
2103,2026-05-13 13:18:00,2026-05-13 13:21:00,LONG,80316.23,80255.9928275,SL,3,5e-05,0.0008,0.0008500000000000001,-0.0007499999999999694,-0.0015999999999999695,0.0010467373779868955,0.00025872728338965657,80270.2601264878,80315.8686273915,52.16195569136135,30.555020049780484,Low,Ranging,holdout,2026-05,c555ac9efd53
2104,2026-05-13 13:57:00,2026-05-13 13:59:00,SHORT,79619.3,79679.014475,SL,2,5e-05,0.0008,0.0008500000000000001,-0.0007500000000000085,-0.0016000000000000085,0.0009583103594229403,0.00022657822914806018,79942.31036509774,80091.52818454464,34.772581713981374,61.6456642864736,Medium,Trending,holdout,2026-05,c555ac9efd53
2105,2026-05-13 14:09:00,2026-05-13 14:10:00,SHORT,79679.99,79739.7499925,SL,1,5e-05,0.0008,0.0008500000000000001,-0.000749999999999948,-0.001599999999999948,0.0013303214520985758,0.0,79835.14152033498,79999.17912598712,70.00401589547486,80.37245246295238,Medium,Trending,holdout,2026-05,c555ac9efd53
2106,2026-05-13 14:56:00,2026-05-13 15:00:00,SHORT,79761.54,79821.36115499999,SL,4,5e-05,0.0008,0.0008500000000000001,-0.0007499999999999727,-0.0015999999999999728,0.0008081589196999758,0.0006945703405424994,79763.15275605852,79849.73801365061,51.285577613011945,69.82610470194545,Medium,Ranging,holdout,2026-05,c555ac9efd53
2107,2026-05-14 13:22:00,2026-05-14 13:23:00,LONG,79891.29,80051.07258,TP,1,5e-05,0.0008,0.0008500000000000001,0.0019999999999999896,0.0011499999999999896,0.0,0.002108114664314631,79743.54098742899,79643.53875235056,57.61638907421045,33.75148870792784,High,Ranging,holdout,2026-05,c555ac9efd53
2108,2026-05-14 13:39:00,2026-05-14 13:40:00,LONG,79875.15,79815.2436375,SL,1,5e-05,0.0008,0.0008500000000000001,-0.0007499999999999758,-0.001599999999999976,0.0015064760441762827,0.0,79817.53073423229,79717.1360743349,54.01472539469868,37.03729129250845,High,Ranging,holdout,2026-05,c555ac9efd53
2109,2026-05-14 14:31:00,2026-05-14 14:37:00,LONG,80103.65,80263.85729999999,TP,6,5e-05,0.0008,0.0008500000000000001,0.0019999999999999324,0.0011499999999999323,0.00016391263069772858,0.002114135872709993,79987.9263621319,79886.03045951827,28.92088815006296,23.710196837392008,High,Ranging,holdout,2026-05,c555ac9efd53
2110,2026-05-14 15:11:00,2026-05-14 15:20:00,LONG,80937.21,81099.08442000001,TP,9,5e-05,0.0008,0.0008500000000000001,0.002000000000000091,0.001150000000000091,0.00046109817721672123,0.002574094165094108,80625.12504591468,80349.36615356196,35.74794671034218,28.99123402612013,Medium,Trending,holdout,2026-05,c555ac9efd53
2111,2026-05-14 15:37:00,2026-05-14 15:38:00,LONG,80942.55,80881.8430875,SL,1,5e-05,0.0008,0.0008500000000000001,-0.0007499999999999752,-0.0015999999999999751,0.001131049120641775,0.0,80859.4583347295,80608.47959940518,14.769087623241532,17.485879244429935,Medium,Trending,holdout,2026-05,c555ac9efd53
2112,2026-05-14 15:41:00,2026-05-14 15:50:00,LONG,80928.61,81090.46722,TP,9,5e-05,0.0008,0.0008500000000000001,0.002000000000000066,0.001150000000000066,0.0,0.0029849765120146315,80865.4488912993,80630.8240686374,52.993123958003224,28.498461473080344,Medium,Trending,holdout,2026-05,c555ac9efd53
2113,2026-05-15 12:13:00,2026-05-15 12:22:00,SHORT,80511.56,80571.94367,SL,9,5e-05,0.0008,0.0008500000000000001,-0.0007499999999999456,-0.0015999999999999456,0.0009111735010475587,0.0017473267192933911,80813.6682602135,80729.97153705901,64.27408177407939,77.55197505197312,Low,Ranging,holdout,2026-05,c555ac9efd53
2114,2026-05-15 12:24:00,2026-05-15 12:51:00,SHORT,80520.0,80358.96,TP,27,5e-05,0.0008,0.0008500000000000001,0.0019999999999999207,0.0011499999999999206,0.0004357923497267326,0.002225161450571265,80698.72603601623,80682.361031005,55.247502144793536,74.21499593380153,Medium,Ranging,holdout,2026-05,c555ac9efd53
2115,2026-05-15 13:24:00,2026-05-15 13:30:00,SHORT,80150.0,79989.7,TP,6,5e-05,0.0008,0.0008500000000000001,0.0020000000000000365,0.0011500000000000364,0.0005349968808484673,0.0034137242669993835,80265.88374838166,80390.69642260665,70.47721590284745,79.80493266583947,Low,Ranging,holdout,2026-05,c555ac9efd53
2116,2026-05-15 14:08:00,2026-05-15 14:09:00,SHORT,78935.85,78995.05188750001,SL,1,5e-05,0.0008,0.0008500000000000001,-0.0007500000000000849,-0.0016000000000000849,0.003420372365661365,0.0,79291.77181267664,79673.58456405619,83.25560675503993,80.69897598336382,High,Trending,holdout,2026-05,c555ac9efd53
2117,2026-05-15 14:12:00,2026-05-15 14:13:00,SHORT,79130.7,79190.048025,SL,1,5e-05,0.0008,0.0008500000000000001,-0.0007499999999999915,-0.0015999999999999916,0.0028133202410696467,0.0,79272.15743135056,79633.94659155923,87.62731842454131,83.57958661286483,High,Trending,holdout,2026-05,c555ac9efd53
2118,2026-05-15 14:15:00,2026-05-15 14:18:00,SHORT,79255.99,79315.4319925,SL,3,5e-05,0.0008,0.0008500000000000001,-0.0007499999999999565,-0.0015999999999999565,0.000757166745377791,0.0008063743825545992,79268.21620553905,79610.83968867673,74.6106649724011,81.01658112732987,Medium,Trending,holdout,2026-05,c555ac9efd53
2119,2026-05-15 14:38:00,2026-05-15 14:39:00,SHORT,79131.68,79191.02876,SL,1,5e-05,0.0008,0.0008500000000000001,-0.0007500000000001017,-0.0016000000000001018,0.0009820339970035567,0.0,79199.62352657957,79443.9716626166,75.39908256880723,79.99626933847871,Medium,Ranging,holdout,2026-05,c555ac9efd53
2120,2026-05-15 15:00:00,2026-05-15 15:01:00,SHORT,79150.36,79209.72277000001,SL,1,5e-05,0.0008,0.0008500000000000001,-0.0007500000000000885,-0.0016000000000000885,0.0011821803463685121,3.5375707703519713e-06,79171.10406867616,79339.04989871616,53.36291460260236,75.30609516228276,Medium,Ranging,holdout,2026-05,c555ac9efd53
2121,2026-05-16 12:36:00,2026-05-16 12:49:00,SHORT,78056.83,78115.3726225,SL,13,5e-05,0.0008,0.0008500000000000001,-0.0007499999999999664,-0.0015999999999999665,0.0007709767357961246,8.609112104605278e-05,78288.66555271686,78602.71414523659,94.41614811380401,96.03806074910169,Low,Trending,holdout,2026-05,c555ac9efd53
2122,2026-05-16 13:23:00,2026-05-16 13:31:00,SHORT,77911.07,77969.50330250002,SL,8,5e-05,0.0008,0.0008500000000000001,-0.0007500000000001119,-0.001600000000000112,0.0009187397888385718,0.000334612270117802,78021.22335444445,78227.21592072267,51.7461852568214,66.53324020345114,Low,Ranging,holdout,2026-05,c555ac9efd53
2123,2026-05-16 13:34:00,2026-05-16 13:57:00,SHORT,77935.65,77994.1017375,SL,23,5e-05,0.0008,0.0008500000000000001,-0.0007499999999999947,-0.0015999999999999947,0.000833251535080574,0.001311979819248316,77989.44930112202,78168.73555398757,43.81612814117707,68.44526950181707,Medium,Ranging,holdout,2026-05,c555ac9efd53
2124,2026-05-16 14:17:00,2026-05-16 14:25:00,SHORT,77935.52,77993.97164,SL,8,5e-05,0.0008,0.0008500000000000001,-0.0007499999999999911,-0.0015999999999999912,0.0016353262286566777,0.0004290726487742986,77948.53357633423,78034.18293132425,35.341365461829525,61.0901050799208,Low,Ranging,holdout,2026-05,c555ac9efd53
2125,2026-05-16 14:53:00,2026-05-16 14:54:00,LONG,78177.24,78118.60707,SL,1,5e-05,0.0008,0.0008500000000000001,-0.00075000000000009,-0.00160000000000009,0.0009285311172409138,0.0,78078.47359363,78069.35495035983,8.788796086075605,7.840947189751173,High,Ranging,holdout,2026-05,c555ac9efd53
2126,2026-05-16 14:56:00,2026-05-16 15:26:00,LONG,78129.93,78192.69,MAX_HOLD,30,5e-05,0.0008,0.0008500000000000001,0.0008032773099887498,-4.6722690011250304e-05,0.0006618462348550914,0.0012096516661413792,78084.40892037736,78072.93223131803,29.37454774846891,16.802143997512108,Medium,Ranging,holdout,2026-05,c555ac9efd53
2127,2026-05-16 15:58:00,2026-05-16 15:59:00,LONG,78240.85,78238.67,EOD,1,5e-05,0.0008,0.0008500000000000001,-2.7862682984752425e-05,-0.0008778626829847525,2.7862682984752425e-05,1.2781047233972164e-07,78197.44635959511,78158.93885857197,31.718482657397754,25.77280281551566,Low,Ranging,holdout,2026-05,c555ac9efd53
2128,2026-05-17 12:46:00,2026-05-17 12:49:00,LONG,78475.74,78416.883195,SL,3,5e-05,0.0008,0.0008500000000000001,-0.0007500000000000392,-0.0016000000000000393,0.0010106308013153138,9.684521611325504e-06,78408.18416349328,78330.22693757633,31.284880348428572,20.777877855050722,Low,Ranging,holdout,2026-05,c555ac9efd53
2129,2026-05-17 12:52:00,2026-05-17 12:57:00,LONG,78413.03,78354.2202275,SL,5,5e-05,0.0008,0.0008500000000000001,-0.0007499999999999624,-0.0015999999999999626,0.0010104188041196204,0.0,78411.08040368276,78340.63996205758,13.15789473684194,7.8596491228067835,Low,Ranging,holdout,2026-05,c555ac9efd53
2130,2026-05-17 13:26:00,2026-05-17 13:35:00,SHORT,78244.25,78302.9331875,SL,9,5e-05,0.0008,0.0008500000000000001,-0.0007500000000000788,-0.0016000000000000788,0.0008256197739770759,0.0,78312.5736604981,78314.27823531549,84.70611282313655,81.39755075384635,Medium,Ranging,holdout,2026-05,c555ac9efd53
2131,2026-05-17 14:29:00,2026-05-17 14:59:00,SHORT,78089.94,78051.51,MAX_HOLD,30,5e-05,0.0008,0.0008500000000000001,0.0004921248498847299,-0.00035787515011527016,2.612372349106168e-05,0.001694968647690094,78114.11856906912,78181.84668092229,79.09139424728771,89.74076305703416,High,Trending,holdout,2026-05,c555ac9efd53
2132,2026-05-17 15:37:00,2026-05-17 15:59:00,SHORT,78010.01,78051.41,EOD,22,5e-05,0.0008,0.0008500000000000001,-0.0005307011241250801,-0.0013807011241250802,0.0007209331212751445,0.0003591846738641557,78045.01480960674,78077.3721734283,58.57446027217227,74.33601353968923,Medium,Ranging,holdout,2026-05,c555ac9efd53
2133,2026-05-18 12:12:00,2026-05-18 12:22:00,SHORT,77436.44,77494.51733,SL,10,5e-05,0.0008,0.0008500000000000001,-0.000750000000000001,-0.0016000000000000012,0.0009500695021619335,0.0008054347539736504,77781.61462681142,77910.97828662174,79.25878823452913,83.49468442406605,High,Trending,holdout,2026-05,c555ac9efd53
2134,2026-05-18 12:26:00,2026-05-18 12:27:00,SHORT,77517.73,77362.69454,TP,1,5e-05,0.0008,0.0008500000000000001,0.001999999999999989,0.0011499999999999891,0.0,0.002774591051621374,77643.36039177085,77800.0626162592,54.28972800758416,76.20528965126584,High,Trending,holdout,2026-05,c555ac9efd53
2135,2026-05-18 12:38:00,2026-05-18 12:39:00,SHORT,77547.04,77605.20027999999,SL,1,5e-05,0.0008,0.0008500000000000001,-0.0007499999999999539,-0.0015999999999999539,0.0017065770659977616,0.0,77574.11988094532,77726.4266929785,79.75461981217484,80.18101035726778,High,Trending,holdout,2026-05,c555ac9efd53
2136,2026-05-18 13:56:00,2026-05-18 13:57:00,SHORT,76974.01,77031.7405075,SL,1,5e-05,0.0008,0.0008500000000000001,-0.0007500000000000523,-0.0016000000000000523,0.0009184918389987951,0.0007496036649253052,77157.9542245367,77337.47158684178,50.96381358040613,67.0042983253677,High,Trending,holdout,2026-05,c555ac9efd53
2137,2026-05-18 14:29:00,2026-05-18 14:30:00,SHORT,76763.06,76609.53388,TP,1,5e-05,0.0008,0.0008500000000000001,0.001999999999999935,0.001149999999999935,0.0,0.00201998200697051,76860.46778346322,77059.69470545519,51.18319748765011,75.0734652683367,High,Trending,holdout,2026-05,c555ac9efd53
2138,2026-05-18 14:45:00,2026-05-18 14:46:00,SHORT,76484.61,76331.64078,TP,1,5e-05,0.0008,0.0008500000000000001,0.0019999999999999875,0.0011499999999999874,0.0,0.0022059339780905094,76672.86138809464,76896.36830898249,50.54158392146286,71.37187581998599,High,Trending,holdout,2026-05,c555ac9efd53
2139,2026-05-18 15:16:00,2026-05-18 15:18:00,SHORT,76268.51,76115.97297999999,TP,2,5e-05,0.0008,0.0008500000000000001,0.0020000000000000447,0.0011500000000000446,0.0,0.002589404198403649,76404.10834930501,76623.23812639974,63.06261139466046,74.33503061981045,Medium,Trending,holdout,2026-05,c555ac9efd53
2140,2026-05-19 13:48:00,2026-05-19 13:50:00,LONG,76882.89,76825.2278325,SL,2,5e-05,0.0008,0.0008500000000000001,-0.0007500000000000785,-0.0016000000000000786,0.0008137051039574302,0.0006057264496691915,76813.89179967828,76782.98443809948,50.941062972233965,30.098455355222143,High,Ranging,holdout,2026-05,c555ac9efd53
2141,2026-05-19 14:31:00,2026-05-19 14:34:00,SHORT,76438.66,76285.78268,TP,3,5e-05,0.0008,0.0008500000000000001,0.001999999999999995,0.0011499999999999948,0.00014835424901478528,0.0024678611582149585,76633.10451509665,76698.1493916752,56.63884123766258,68.93230738881222,Low,Ranging,holdout,2026-05,c555ac9efd53
2142,2026-05-19 14:44:00,2026-05-19 14:46:00,SHORT,76502.27,76349.26546000001,TP,2,5e-05,0.0008,0.0008500000000000001,0.001999999999999927,0.0011499999999999271,0.0,0.002558355457949171,76554.08631902351,76637.6130955091,69.29079501752152,83.4323118290473,Medium,Ranging,holdout,2026-05,c555ac9efd53
2143,2026-05-19 15:00:00,2026-05-19 15:01:00,SHORT,76392.43,76449.7243225,SL,1,5e-05,0.0008,0.0008500000000000001,-0.0007500000000000703,-0.0016000000000000703,0.0012120310873735927,0.0,76444.08685582387,76550.29988725854,91.07946945429167,91.16237242650821,High,Ranging,holdout,2026-05,c555ac9efd53
2144,2026-05-20 12:24:00,2026-05-20 12:34:00,LONG,77391.25,77546.0325,TP,10,5e-05,0.0008,0.0008500000000000001,0.0020000000000000152,0.0011500000000000152,0.0,0.0020512654854392453,77097.98592183257,76888.3590616088,23.56786566285865,9.4043732005655,Medium,Trending,holdout,2026-05,c555ac9efd53
2145,2026-05-20 13:08:00,2026-05-20 13:15:00,LONG,77515.09,77456.9536825,SL,7,5e-05,0.0008,0.0008500000000000001,-0.0007500000000000076,-0.0016000000000000077,0.0010548913766337564,0.00028678287027739346,77484.25367073798,77281.21992280128,8.291517479955326,3.662024367699073,Medium,Trending,holdout,2026-05,c555ac9efd53
2146,2026-05-20 13:49:00,2026-05-20 13:55:00,SHORT,77217.28,77062.84544,TP,6,5e-05,0.0008,0.0008500000000000001,0.0019999999999999254,0.0011499999999999254,0.0002552537463117893,0.002030633557670031,77284.39418515556,77272.58246815784,62.70803863765235,76.42519281305538,High,Ranging,holdout,2026-05,c555ac9efd53
2147,2026-05-20 14:03:00,2026-05-20 14:12:00,SHORT,77182.17,77027.80566,TP,9,5e-05,0.0008,0.0008500000000000001,0.0020000000000000013,0.0011500000000000013,0.0006509275393527448,0.0035838588109144975,77237.99565533549,77248.82099853788,60.06892029946707,71.54720556659602,Medium,Ranging,holdout,2026-05,c555ac9efd53
2148,2026-05-20 14:41:00,2026-05-20 14:53:00,LONG,77362.7,77517.4254,TP,12,5e-05,0.0008,0.0008500000000000001,0.0019999999999999445,0.0011499999999999445,0.0002852795985661363,0.002517621541130339,77323.82613973934,77294.51256710725,27.842477107470618,18.473052645521346,Medium,Ranging,holdout,2026-05,c555ac9efd53
2149,2026-05-20 15:03:00,2026-05-20 15:04:00,LONG,77436.53,77378.4526025,SL,1,5e-05,0.0008,0.0008500000000000001,-0.0007500000000000612,-0.0016000000000000612,0.0009096481983374298,0.0,77400.01347043995,77350.23578069656,13.267314660875035,17.85766318464302,Medium,Ranging,holdout,2026-05,c555ac9efd53
2150,2026-05-20 15:29:00,2026-05-20 15:30:00,LONG,77607.75,77549.5441875,SL,1,5e-05,0.0008,0.0008500000000000001,-0.000750000000000051,-0.001600000000000051,0.0009471992165730196,0.0,77494.76342648461,77424.38351404936,21.67730984877127,14.434641262333365,High,Ranging,holdout,2026-05,c555ac9efd53
2151,2026-05-21 13:25:00,2026-05-21 13:33:00,SHORT,77286.14,77131.56772,TP,8,5e-05,0.0008,0.0008500000000000001,0.00199999999999991,0.0011499999999999098,0.00037859310867375135,0.002408323148238541,77286.53701136098,77302.74561372817,66.60975141501946,79.79536351133237,Medium,Ranging,holdout,2026-05,c555ac9efd53
2152,2026-05-21 14:10:00,2026-05-21 14:11:00,LONG,77182.37,77124.4832225,SL,1,5e-05,0.0008,0.0008500000000000001,-0.0007499999999999513,-0.0015999999999999513,0.0011537608912500143,0.0,77107.31181283992,77162.32547035116,44.113828737598624,33.297295075158445,High,Ranging,holdout,2026-05,c555ac9efd53
2153,2026-05-21 15:36:00,2026-05-21 15:37:00,LONG,77155.14,77097.273645,SL,1,5e-05,0.0008,0.0008500000000000001,-0.0007500000000000722,-0.0016000000000000723,0.0011064719732216848,0.0,77134.65117874657,77112.16263803672,14.56957555880455,15.560170010497265,High,Ranging,holdout,2026-05,c555ac9efd53
2154,2026-05-21 15:57:00,2026-05-21 15:59:00,LONG,77255.56,77259.46,EOD,2,5e-05,0.0008,0.0008500000000000001,5.0481803510436416e-05,-0.0007995181964895637,0.00012374513886117286,0.00017202645350066907,77200.99013986603,77159.13163969702,38.76693973594242,22.47810654198085,Low,Ranging,holdout,2026-05,c555ac9efd53
2155,2026-05-22 12:26:00,2026-05-22 12:43:00,LONG,77470.72,77412.61696,SL,17,5e-05,0.0008,0.0008500000000000001,-0.000750000000000023,-0.001600000000000023,0.0008431572599300353,0.0,77383.52630316434,77292.37006069915,22.806117463105725,21.484589393519588,Medium,Trending,holdout,2026-05,c555ac9efd53
2156,2026-05-22 12:59:00,2026-05-22 13:22:00,LONG,77481.53,77423.41885249999,SL,23,5e-05,0.0008,0.0008500000000000001,-0.0007500000000000912,-0.0016000000000000914,0.0010392154104339974,0.0008522030992418301,77445.09288683908,77374.73682339811,59.51397790090895,34.35453865224523,High,Ranging,holdout,2026-05,c555ac9efd53
2157,2026-05-22 14:49:00,2026-05-22 15:00:00,SHORT,76842.87,76689.18426,TP,11,5e-05,0.0008,0.0008500000000000001,0.0020000000000000104,0.0011500000000000104,0.0,0.0021715742787846858,76931.30251308778,77058.82299063442,68.40056360643308,83.71255587850293,High,Trending,holdout,2026-05,c555ac9efd53
2158,2026-05-23 12:20:00,2026-05-23 12:39:00,SHORT,74697.67,74753.6932525,SL,19,5e-05,0.0008,0.0008500000000000001,-0.0007500000000000382,-0.0016000000000000382,0.0011023101523782001,0.0005036301667775627,75628.5805715779,76134.52359096975,20.34935276354918,51.19344832424071,Low,Trending,holdout,2026-05,c555ac9efd53
2159,2026-05-23 12:41:00,2026-05-23 13:00:00,SHORT,74757.59,74813.65819249999,SL,19,5e-05,0.0008,0.0008500000000000001,-0.0007499999999999378,-0.0015999999999999378,0.001583919438815557,0.0004956018512635695,75121.05469474898,75653.71382231003,55.604514533097635,69.5432479260336,Low,Trending,holdout,2026-05,c555ac9efd53
2160,2026-05-23 13:06:00,2026-05-23 13:07:00,SHORT,74908.15,74964.33111249999,SL,1,5e-05,0.0008,0.0008500000000000001,-0.0007499999999999323,-0.0015999999999999322,0.0012261683141287808,0.0,74921.43716086811,75315.6717275332,87.59994504562682,88.07354298829291,High,Ranging,holdout,2026-05,c555ac9efd53
2161,2026-05-24 12:12:00,2026-05-24 12:16:00,LONG,77182.01,77124.12349249999,SL,4,5e-05,0.0008,0.0008500000000000001,-0.0007500000000000869,-0.001600000000000087,0.0007729780553783057,0.0004403875980944943,76211.04358733183,75870.90601502132,6.166196917169455,5.167281992812534,Low,Ranging,holdout,2026-05,c555ac9efd53
2162,2026-05-24 12:21:00,2026-05-24 12:51:00,LONG,77084.0,77089.83,MAX_HOLD,30,5e-05,0.0008,0.0008500000000000001,7.563177831977772e-05,-0.0007743682216802224,0.0005094442426444408,0.0005590005708058289,76488.77803274557,76078.63803512053,9.296296296294683,7.350006321692752,Medium,Trending,holdout,2026-05,c555ac9efd53
2163,2026-05-24 12:54:00,2026-05-24 13:13:00,LONG,77105.7,77047.870725,SL,19,5e-05,0.0008,0.0008500000000000001,-0.0007499999999999535,-0.0015999999999999535,0.0011945939145873857,0.0002833772341085785,76933.41848408703,76569.18918027056,66.2468884344873,40.89202254904805,Low,Ranging,holdout,2026-05,c555ac9efd53
2164,2026-05-24 13:14:00,2026-05-24 13:29:00,LONG,77046.67,76988.88499749999,SL,15,5e-05,0.0008,0.0008500000000000001,-0.0007500000000001036,-0.0016000000000001035,0.0011689019136063594,0.0009733061792288394,77018.10796175715,76740.70851553231,24.59450872588471,12.243566725914649,Low,Ranging,holdout,2026-05,c555ac9efd53
2165,2026-05-24 14:26:00,2026-05-24 14:28:00,SHORT,76456.67,76514.0125025,SL,2,5e-05,0.0008,0.0008500000000000001,-0.0007500000000000435,-0.0016000000000000437,0.0007550681974508689,0.001126651213033466,76668.65618547057,76731.15683684834,63.66999007953888,78.3942809961835,High,Ranging,holdout,2026-05,c555ac9efd53
2166,2026-05-24 14:36:00,2026-05-24 14:37:00,SHORT,76436.33,76493.6572475,SL,1,5e-05,0.0008,0.0008500000000000001,-0.0007499999999999687,-0.0015999999999999686,0.0009171031628545126,5.677928283574718e-05,76604.06298788433,76684.2981577474,40.98037905725038,62.92842161547903,High,Ranging,holdout,2026-05,c555ac9efd53
2167,2026-05-24 14:56:00,2026-05-24 15:26:00,SHORT,76492.0,76478.49,MAX_HOLD,30,5e-05,0.0008,0.0008500000000000001,0.00017661977723153744,-0.0006733802227684626,0.0006194111802542051,0.0009684672906970892,76534.88576193344,76616.55322683035,76.44622882105179,84.25633246696981,Low,Ranging,holdout,2026-05,c555ac9efd53
2168,2026-05-24 15:51:00,2026-05-24 15:59:00,SHORT,76434.56,76371.59,EOD,8,5e-05,0.0008,0.0008500000000000001,0.0008238419898014873,-2.61580101985128e-05,0.0,0.0009391039864689328,76464.1548428448,76512.37694138536,43.229030080023,65.8315400591332,Medium,Ranging,holdout,2026-05,c555ac9efd53
