trade_id,entry_time,exit_time,direction,entry_price,exit_price,exit_reason,holding_candles,spread_pct,fees_pct,cost_total_pct,pnl_gross_pct,pnl_net_pct,mae_pct,mfe_pct,ema50_at_entry,ema100_at_entry,stoch_k_at_entry,stoch_d_at_entry,pullback_stoch_min,pullback_stoch_max,volatility_regime,trend_regime,split,month,spec_hash,pb_depth_bucket
0,2025-05-30 12:24:00,2025-05-30 12:25:00,SHORT,105267.63,105346.5807225,SL,1,5e-05,0.0008,0.0008500000000000001,-0.0007499999999999804,-0.0015999999999999803,0.0017514405900464875,0.0,105653.41134505883,105741.90870403385,33.461790048940195,48.41327384576283,33.461790048940195,90.2296323439591,Medium,Trending,train,2025-05,65d674ca66c2,
1,2025-06-01 14:47:00,2025-06-01 14:48:00,LONG,104773.59,104695.0098075,SL,1,5e-05,0.0008,0.0008500000000000001,-0.000749999999999979,-0.001599999999999979,0.0016932702220092248,0.0,104584.15181790768,104469.57708671164,65.70631693038267,69.72077349736499,22.414736059156326,80.97432519107737,High,Trending,train,2025-06,65d674ca66c2,
2,2025-06-03 15:06:00,2025-06-03 15:09:00,LONG,106572.39,106492.4607075,SL,3,5e-05,0.0008,0.0008500000000000001,-0.0007500000000000424,-0.0016000000000000424,0.0012804442126146032,0.000260667889685113,106161.30718661111,105867.55165922559,48.467464958692794,27.606261969339993,8.748424820115357,48.467464958692794,High,Trending,train,2025-06,65d674ca66c2,5-10
3,2025-06-03 15:36:00,2025-06-03 15:46:00,LONG,106663.41,106583.4124425,SL,10,5e-05,0.0008,0.0008500000000000001,-0.0007499999999999901,-0.0015999999999999903,0.0007747736548081429,0.0007711172931748572,106479.94090331667,106201.88744735389,31.559004627101288,22.897376209366517,11.363760543878131,35.23499437916806,Medium,Trending,train,2025-06,65d674ca66c2,10-15
4,2025-06-05 14:33:00,2025-06-05 14:34:00,SHORT,104100.0,104178.075,SL,1,5e-05,0.0008,0.0008500000000000001,-0.000749999999999972,-0.001599999999999972,0.0014452449567723064,0.0,104440.40054659494,104759.84764056385,50.667530116958964,56.22940044126003,43.08470110068583,94.88263292143375,High,Trending,train,2025-06,65d674ca66c2,
5,2025-06-06 15:15:00,2025-06-06 15:17:00,LONG,105166.78,105087.90491499999,SL,2,5e-05,0.0008,0.0008500000000000001,-0.000750000000000066,-0.0016000000000000662,0.0016449110641212487,0.0015805371239853607,104718.09392780159,104548.91212364897,94.13192511327144,82.075674863406,26.728382456378885,94.13192511327144,High,Trending,train,2025-06,65d674ca66c2,
6,2025-06-08 15:41:00,2025-06-08 15:59:00,LONG,105998.65,105984.52,EOD,18,5e-05,0.0008,0.0008500000000000001,-0.00013330358452669073,-0.0009833035845266908,0.0006147248101743649,0.00057812057040348,105934.89496917852,105873.28784108504,79.75049396077854,49.069105575518016,5.1658944453230005,79.75049396077854,Low,Trending,train,2025-06,65d674ca66c2,5-10
7,2025-06-09 12:18:00,2025-06-09 12:20:00,LONG,107686.57,107605.8050725,SL,2,5e-05,0.0008,0.0008500000000000001,-0.0007500000000000032,-0.0016000000000000033,0.0008669604761299443,0.0,106861.39899120227,106460.31525743185,71.6068111458868,47.31560567960421,11.026372277993802,71.6068111458868,High,Trending,train,2025-06,65d674ca66c2,10-15
8,2025-06-09 12:56:00,2025-06-09 13:12:00,LONG,107745.85,107665.0406125,SL,16,5e-05,0.0008,0.0008500000000000001,-0.000750000000000046,-0.001600000000000046,0.0009906646056437925,0.001369426293448781,107551.78530638658,107136.14053851602,52.51931745868486,42.19742978412843,12.665521191295147,52.51931745868486,High,Trending,train,2025-06,65d674ca66c2,10-15
9,2025-06-10 12:17:00,2025-06-10 12:25:00,LONG,109571.43,109489.25142749998,SL,8,5e-05,0.0008,0.0008500000000000001,-0.0007500000000000745,-0.0016000000000000745,0.0010827640015284954,0.0002021512359563869,108667.99542771858,108261.06929822174,79.25872070169193,59.389655574848206,18.403169731200748,79.25872070169193,Low,Trending,train,2025-06,65d674ca66c2,15-20
10,2025-06-10 12:42:00,2025-06-10 13:12:00,LONG,109576.31,109689.81,MAX_HOLD,30,5e-05,0.0008,0.0008500000000000001,0.0010358078310904976,0.0001858078310904975,0.0003859410852582424,0.001128802384384018,109193.72754472028,108749.35370096476,64.60965536730744,44.067957377437246,1.4646229791256606,64.60965536730744,Medium,Trending,train,2025-06,65d674ca66c2,0-5
11,2025-06-12 12:41:00,2025-06-12 12:42:00,SHORT,107284.72,107365.18354,SL,1,5e-05,0.0008,0.0008500000000000001,-0.0007499999999999722,-0.001599999999999972,0.001056441215487131,0.0,107592.57605924722,108252.54689832413,77.88326803470004,81.68805194605325,77.09213840197418,96.28536461149389,High,Trending,train,2025-06,65d674ca66c2,
12,2025-06-13 12:18:00,2025-06-13 12:48:00,SHORT,105110.41,104950.0,MAX_HOLD,30,5e-05,0.0008,0.0008500000000000001,0.0015261095451916083,0.0006761095451916083,0.0006620657268865805,0.001914177672791849,106106.91819274797,106634.05470048316,40.42509375973777,65.54407469240446,40.42509375973777,99.55068674300402,High,Trending,train,2025-06,65d674ca66c2,
13,2025-06-15 12:45:00,2025-06-15 13:01:00,LONG,105113.02,105323.24604,TP,16,5e-05,0.0008,0.0008500000000000001,0.0019999999999999437,0.0011499999999999436,0.00043334308157070276,0.0021281854521922887,105032.37599426597,104993.06541581928,46.929667264400145,32.746834227899846,18.93785275342531,53.06862164530268,High,Trending,train,2025-06,65d674ca66c2,15-20
14,2025-06-15 13:22:00,2025-06-15 13:37:00,LONG,105439.73,105360.6502025,SL,15,5e-05,0.0008,0.0008500000000000001,-0.000750000000000022,-0.001600000000000022,0.0010332917203031257,0.0014782852725439444,105284.36326676377,105174.39439601371,68.88322772913627,40.49801246671319,1.8568336425471557,68.88322772913627,High,Trending,train,2025-06,65d674ca66c2,0-5
15,2025-06-15 13:44:00,2025-06-15 13:46:00,LONG,105447.99,105658.88598,TP,2,5e-05,0.0008,0.0008500000000000001,0.002000000000000011,0.0011500000000000108,0.0,0.002013504477420503,105363.82040900105,105264.36172992841,74.05757377056257,47.25887001301451,15.392024697483818,74.05757377056257,High,Trending,train,2025-06,65d674ca66c2,15-20
16,2025-06-15 13:56:00,2025-06-15 14:03:00,LONG,105540.0,105460.845,SL,7,5e-05,0.0008,0.0008500000000000001,-0.000749999999999989,-0.001599999999999989,0.0010990145916240784,0.00018950161076369148,105430.50442107681,105323.36284883524,42.745510437501046,30.469969733139596,13.470763935239981,42.745510437501046,Medium,Trending,train,2025-06,65d674ca66c2,10-15
17,2025-06-16 12:22:00,2025-06-16 12:26:00,LONG,106780.0,106699.915,SL,4,5e-05,0.0008,0.0008500000000000001,-0.00075000000000006,-0.0016000000000000601,0.0009888555909345993,0.00013757257913469122,106327.01827753747,106037.4175208532,66.27319718030309,47.27935083515988,8.190685293840003,66.27319718030309,Medium,Trending,train,2025-06,65d674ca66c2,5-10
18,2025-06-16 12:35:00,2025-06-16 13:05:00,LONG,106665.43,106662.47,MAX_HOLD,30,5e-05,0.0008,0.0008500000000000001,-2.7750321730216165e-05,-0.0008777503217302162,2.7750321730216165e-05,0.0014406729528021666,106470.22169054116,106185.02631938386,56.75724053986057,26.727808515648572,0.0022778005578761086,56.75724053986057,High,Trending,train,2025-06,65d674ca66c2,0-5
19,2025-06-16 14:52:00,2025-06-16 14:56:00,LONG,107668.0,107587.249,SL,4,5e-05,0.0008,0.0008500000000000001,-0.0007500000000000357,-0.0016000000000000359,0.0008044172827581137,0.0008994315859865188,107382.46582086968,107129.52131437464,61.21240203457046,37.48858928606921,16.018876067924904,61.21240203457046,High,Trending,train,2025-06,65d674ca66c2,15-20
20,2025-06-19 15:10:00,2025-06-19 15:12:00,SHORT,104184.67,104262.8085025,SL,2,5e-05,0.0008,0.0008500000000000001,-0.000750000000000052,-0.001600000000000052,0.0012488401604573934,0.0,104305.43475641144,104396.59021625166,27.76500722650427,46.45108796788094,27.76500722650427,92.29033369732423,High,Trending,train,2025-06,65d674ca66c2,
21,2025-06-20 12:12:00,2025-06-20 12:42:00,LONG,105944.66,106057.33,MAX_HOLD,30,5e-05,0.0008,0.0008500000000000001,0.001063479744991378,0.00021347974499137798,0.0003565068782136266,0.0015388222492761677,104932.54663258279,104676.43983249401,40.94105025193113,32.629589184564246,12.86547807788145,40.94105025193113,Medium,Trending,train,2025-06,65d674ca66c2,10-15
22,2025-06-20 12:57:00,2025-06-20 13:27:00,LONG,105994.55,106008.62,MAX_HOLD,30,5e-05,0.0008,0.0008500000000000001,0.0001327426740336407,-0.0007172573259663594,0.0003724719808706761,0.0014587542472702167,105823.96182502029,105459.12716401367,20.45728038508376,19.11318197926565,16.143095880240963,58.92970049670432,Medium,Trending,train,2025-06,65d674ca66c2,15-20
23,2025-06-20 15:16:00,2025-06-20 15:35:00,SHORT,104345.64,104136.94872,TP,19,5e-05,0.0008,0.0008500000000000001,0.0019999999999999914,0.0011499999999999913,0.0003519073724594642,0.00319026266933625,104576.15944958512,104926.9144136436,39.64488008998438,51.227751817793894,39.64488008998438,79.2893934615803,High,Trending,train,2025-06,65d674ca66c2,
24,2025-06-22 12:27:00,2025-06-22 12:56:00,SHORT,102681.55,102758.5611625,SL,29,5e-05,0.0008,0.0008500000000000001,-0.0007499999999999907,-0.0015999999999999908,0.0008510779200352879,0.0009083423458255555,102962.1537521573,103181.84497418259,55.06674453069124,71.02645193194412,55.06674453069124,92.73483348736788,Medium,Trending,train,2025-06,65d674ca66c2,
25,2025-06-22 13:53:00,2025-06-22 13:54:00,SHORT,100634.39,100709.8657925,SL,1,5e-05,0.0008,0.0008500000000000001,-0.0007500000000000126,-0.0016000000000000127,0.0008507032238184242,0.0003417320858207559,101255.85787029019,101829.46481984304,59.33548503925196,73.55207059874131,59.02317854618991,85.41759259839728,High,Trending,train,2025-06,65d674ca66c2,
26,2025-06-22 13:55:00,2025-06-22 13:56:00,SHORT,100684.0,100759.513,SL,1,5e-05,0.0008,0.0008500000000000001,-0.0007500000000000625,-0.0016000000000000625,0.001141492193397094,0.0,101216.04022551586,101786.64685612015,57.724124753598964,56.17503241928578,51.46548746500639,85.41759259839728,High,Trending,train,2025-06,65d674ca66c2,
27,2025-06-22 14:35:00,2025-06-22 14:38:00,SHORT,99890.01,99690.22997999999,TP,3,5e-05,0.0008,0.0008500000000000001,0.0020000000000000564,0.0011500000000000564,0.00021023123333354358,0.0030391427531141677,100375.22074889808,100946.95456245675,63.85642082318797,74.58493680666241,44.04526385029794,80.81264732626212,High,Trending,train,2025-06,65d674ca66c2,
28,2025-06-22 14:57:00,2025-06-22 14:58:00,SHORT,99419.2,99493.7644,SL,1,5e-05,0.0008,0.0008500000000000001,-0.0007500000000000295,-0.0016000000000000296,0.0013052810724689403,0.0,99835.27226894049,100417.32424979603,58.87993474355568,69.01571581906425,58.87993474355568,81.71106529986554,High,Trending,train,2025-06,65d674ca66c2,
29,2025-06-24 12:22:00,2025-06-24 12:23:00,LONG,105217.63,105138.7167775,SL,1,5e-05,0.0008,0.0008500000000000001,-0.0007500000000000633,-0.0016000000000000634,0.001257774006124364,0.0,103758.42642505535,102968.96440028722,43.19822895330461,29.05836112203919,9.74620495283394,43.19822895330461,Medium,Trending,train,2025-06,65d674ca66c2,5-10
30,2025-06-26 15:02:00,2025-06-26 15:03:00,LONG,107494.5,107413.87912499999,SL,1,5e-05,0.0008,0.0008500000000000001,-0.0007500000000000725,-0.0016000000000000727,0.0008698119438668955,0.0,107420.3835217944,107314.18876595276,35.38202618739532,26.167238660254156,17.41101300783743,35.38202618739532,Medium,Trending,train,2025-06,65d674ca66c2,15-20
31,2025-06-27 12:57:00,2025-06-27 13:02:00,SHORT,106646.51,106726.4948825,SL,5,5e-05,0.0008,0.0008500000000000001,-0.000750000000000076,-0.0016000000000000762,0.0008830106114114588,0.0003332504739254346,106896.10813325457,106991.27552596891,13.188092079820388,26.79236808438692,13.188092079820388,84.78309265691679,Medium,Trending,train,2025-06,65d674ca66c2,10-15
32,2025-06-27 15:53:00,2025-06-27 15:59:00,LONG,107238.21,107308.25,EOD,6,5e-05,0.0008,0.0008500000000000001,0.000653125411175677,-0.00019687458882432305,0.0,0.0015752780655327332,106899.97157710334,106799.4973665689,69.38697448618616,50.56276178733117,18.65873854678124,69.38697448618616,High,Trending,train,2025-06,65d674ca66c2,15-20
33,2025-06-29 12:17:00,2025-06-29 12:44:00,LONG,108206.72,108125.56496,SL,27,5e-05,0.0008,0.0008500000000000001,-0.0007499999999999798,-0.00159999999999998,0.0016054455767627108,0.0009157471920412753,107792.9608918666,107563.25885820441,42.91950366329476,30.38604514905643,10.90093752898315,42.91950366329476,High,Trending,train,2025-06,65d674ca66c2,10-15
34,2025-06-29 12:47:00,2025-06-29 13:17:00,LONG,108133.99,108140.0,MAX_HOLD,30,5e-05,0.0008,0.0008500000000000001,5.557919392408216e-05,-0.0007944208060759179,0.0002959291523414608,0.0008719737429460764,108071.60460871065,107850.92601177246,50.481130290729446,32.50759951114174,0.0,50.481130290729446,High,Trending,train,2025-06,65d674ca66c2,
35,2025-06-30 15:11:00,2025-06-30 15:17:00,SHORT,106986.53,106772.55694,TP,6,5e-05,0.0008,0.0008500000000000001,0.0020000000000000365,0.0011500000000000364,0.0,0.002164104210128124,107114.13815914273,107274.38731896198,41.408188265936666,62.5438355105787,41.408188265936666,81.657080999525,High,Trending,train,2025-06,65d674ca66c2,
36,2025-07-01 15:00:00,2025-07-01 15:05:00,SHORT,105925.01,106004.4537575,SL,5,5e-05,0.0008,0.0008500000000000001,-0.0007500000000000446,-0.0016000000000000445,0.001622468574702052,0.0012101013726597055,106249.87605511176,106438.82365667525,55.76548973835197,70.98814966118685,55.76548973835197,88.7679125643585,High,Trending,train,2025-07,65d674ca66c2,
37,2025-07-01 15:08:00,2025-07-01 15:14:00,SHORT,105854.62,105642.91076,TP,6,5e-05,0.0008,0.0008500000000000001,0.001999999999999967,0.001149999999999967,0.0,0.002184411034681301,106158.26053627727,106361.46963197627,37.69025692772194,63.37581136573244,37.69025692772194,86.98537324087526,Medium,Trending,train,2025-07,65d674ca66c2,
38,2025-07-02 13:03:00,2025-07-02 13:13:00,LONG,107400.3,107615.1006,TP,10,5e-05,0.0008,0.0008500000000000001,0.0020000000000000213,0.0011500000000000212,0.000297019654507564,0.002399062200012509,107226.00622718947,106985.33276983559,50.271684571652834,29.575498129575298,8.702906183908992,63.75807513508158,Medium,Trending,train,2025-07,65d674ca66c2,5-10
39,2025-07-03 14:12:00,2025-07-03 14:13:00,LONG,110138.98,110056.37576499999,SL,1,5e-05,0.0008,0.0008500000000000001,-0.000750000000000056,-0.001600000000000056,0.001574102102634284,0.0005110815444269427,110022.52053899216,109715.05828999548,28.757122768705642,24.035680336404965,18.947907298375213,30.56293437053371,Medium,Ranging,train,2025-07,65d674ca66c2,15-20
40,2025-07-06 14:02:00,2025-07-06 14:31:00,LONG,108789.94,109007.51988,TP,29,5e-05,0.0008,0.0008500000000000001,0.002000000000000044,0.0011500000000000438,0.0006289184459518798,0.002383768205038092,108652.82054063039,108478.62340142437,25.612319054071587,20.4720791066846,15.79092135978442,32.741264421736474,High,Trending,train,2025-07,65d674ca66c2,15-20
41,2025-07-09 12:48:00,2025-07-09 12:56:00,LONG,109444.05,109361.9669625,SL,8,5e-05,0.0008,0.0008500000000000001,-0.000750000000000071,-0.001600000000000071,0.001016318383685508,9.091403324344347e-05,109271.53617225614,109039.54418305673,34.28088958271719,26.8824820924831,21.513085726181217,34.28088958271719,Low,Trending,train,2025-07,65d674ca66c2,
42,2025-07-09 13:01:00,2025-07-09 13:05:00,LONG,109365.01,109583.74002,TP,4,5e-05,0.0008,0.0008500000000000001,0.0020000000000000248,0.0011500000000000247,0.0,0.002573400761358705,109316.1365595629,109118.38958384133,65.04645743405418,46.13918255062928,7.697045987602576,65.04645743405418,High,Trending,train,2025-07,65d674ca66c2,5-10
43,2025-07-11 12:33:00,2025-07-11 12:44:00,LONG,117842.01,117753.62849249999,SL,11,5e-05,0.0008,0.0008500000000000001,-0.0007500000000000174,-0.0016000000000000174,0.0007807063032954038,0.0005117020661816861,116230.7697953153,114519.72139250199,53.918354057238666,27.601328142467807,0.3697759375490759,53.918354057238666,Medium,Trending,train,2025-07,65d674ca66c2,0-5
44,2025-07-11 12:53:00,2025-07-11 13:00:00,LONG,117863.65,117775.25226249998,SL,7,5e-05,0.0008,0.0008500000000000001,-0.0007500000000000884,-0.0016000000000000883,0.0009995448130106074,0.0005218742165206094,117093.7628218795,115601.219627219,57.02270807398694,38.44131726379954,12.09560650577857,57.02270807398694,Medium,Trending,train,2025-07,65d674ca66c2,10-15
45,2025-07-13 12:44:00,2025-07-13 12:52:00,LONG,118137.08,118373.35416,TP,8,5e-05,0.0008,0.0008500000000000001,0.002000000000000007,0.001150000000000007,0.00044169028047762453,0.0028408523386560815,117951.67604150412,117763.84479937883,81.55845104103692,62.432230583942356,41.74634454211955,81.55845104103692,Low,Trending,train,2025-07,65d674ca66c2,
46,2025-07-13 13:08:00,2025-07-13 13:12:00,LONG,118303.85,118215.1221125,SL,4,5e-05,0.0008,0.0008500000000000001,-0.0007500000000000399,-0.00160000000000004,0.001215936759454623,0.0006613478766751097,118202.30227682112,117987.70965086843,23.7872921885683,20.33695664357816,6.1562969521934825,28.999068513698475,High,Trending,train,2025-07,65d674ca66c2,5-10
47,2025-07-13 14:42:00,2025-07-13 14:43:00,LONG,118985.87,118896.63059749999,SL,1,5e-05,0.0008,0.0008500000000000001,-0.0007500000000000869,-0.001600000000000087,0.0012886404074702463,0.0,118846.53471935274,118646.20361437785,56.54124968201675,36.251926683562026,2.6045720507164973,56.54124968201675,High,Trending,train,2025-07,65d674ca66c2,0-5
48,2025-07-14 12:44:00,2025-07-14 13:14:00,LONG,121862.0,121902.34,MAX_HOLD,30,5e-05,0.0008,0.0008500000000000001,0.0003310301816808891,-0.000518969818319111,0.0005087722177545092,0.000848582823193477,121268.6653471014,120528.51143274546,59.11562891820662,40.07610965321559,19.12126178047062,66.10855457689526,High,Trending,train,2025-07,65d674ca66c2,15-20
49,2025-07-15 12:38:00,2025-07-15 12:39:00,SHORT,117204.29,116969.88141999999,TP,1,5e-05,0.0008,0.0008500000000000001,0.0020000000000000256,0.0011500000000000256,0.0,0.0034494471149477002,117763.71981737638,118671.35736756396,48.75088780363609,70.4573954939009,48.75088780363609,87.65964686963099,High,Trending,train,2025-07,65d674ca66c2,
50,2025-07-15 12:40:00,2025-07-15 12:43:00,SHORT,116928.26,116694.40348,TP,3,5e-05,0.0008,0.0008500000000000001,0.00200000000000001,0.00115000000000001,0.0,0.0029052001629032804,117696.34348386031,118601.42433874075,12.456349561582504,29.576927331262855,12.456349561582504,87.65964686963099,Medium,Trending,train,2025-07,65d674ca66c2,10-15
51,2025-07-16 12:34:00,2025-07-16 12:37:00,LONG,118787.99,119025.56598,TP,3,5e-05,0.0008,0.0008500000000000001,0.0019999999999999506,0.0011499999999999505,0.0,0.0022985488684503677,118238.80216714786,117751.32174995831,56.63333494355964,33.98774894151652,19.691858968893367,74.71617567174438,High,Trending,train,2025-07,65d674ca66c2,15-20
52,2025-07-20 14:31:00,2025-07-20 14:32:00,LONG,118674.01,118585.0044925,SL,1,5e-05,0.0008,0.0008500000000000001,-0.0007499999999999848,-0.001599999999999985,0.0007921700800368569,0.0,118487.72622285709,118344.10394881504,41.40480149665739,27.859850434732788,4.182990248977499,41.40480149665739,High,Trending,train,2025-07,65d674ca66c2,0-5
53,2025-07-20 14:40:00,2025-07-20 14:46:00,LONG,118634.01,118545.0344925,SL,6,5e-05,0.0008,0.0008500000000000001,-0.0007499999999999947,-0.0015999999999999947,0.000811908827831011,0.0,118513.30594969772,118381.54993938924,52.87797843429714,38.983194827676364,10.336322325097576,52.87797843429714,Medium,Trending,train,2025-07,65d674ca66c2,10-15
54,2025-07-21 14:32:00,2025-07-21 14:40:00,LONG,118891.41,118802.2414425,SL,8,5e-05,0.0008,0.0008500000000000001,-0.0007500000000000088,-0.001600000000000009,0.0012910941168920447,0.0012999257053138062,118768.53748940871,118634.56171767355,47.59259225362391,43.254895132600296,15.561494035233617,47.59259225362391,High,Trending,train,2025-07,65d674ca66c2,15-20
55,2025-07-22 12:55:00,2025-07-22 12:56:00,LONG,119394.15,119304.60438749999,SL,1,5e-05,0.0008,0.0008500000000000001,-0.0007500000000000462,-0.0016000000000000463,0.000861935027804871,0.0,119212.23759728535,119069.53264901486,55.34467735913396,44.738305327899695,23.657971123614228,55.34467735913396,Medium,Trending,train,2025-07,65d674ca66c2,
56,2025-07-22 14:19:00,2025-07-22 14:21:00,SHORT,118268.97,118357.6717275,SL,2,5e-05,0.0008,0.0008500000000000001,-0.0007499999999999678,-0.0015999999999999678,0.0010740771649571214,0.0008207562812122824,118527.58432285562,118745.53810759437,34.007235198067185,59.54034649646942,34.007235198067185,89.48391620931399,Medium,Trending,train,2025-07,65d674ca66c2,
57,2025-07-23 13:08:00,2025-07-23 13:18:00,SHORT,118114.86,117878.63028,TP,10,5e-05,0.0008,0.0008500000000000001,0.002000000000000025,0.0011500000000000251,0.00027481724145468574,0.0023495773520791885,118250.64986081123,118430.68666027213,64.5526728366956,74.44622197906534,64.5526728366956,96.64101590533294,High,Trending,train,2025-07,65d674ca66c2,
58,2025-07-23 13:57:00,2025-07-23 14:01:00,SHORT,117405.98,117494.034485,SL,4,5e-05,0.0008,0.0008500000000000001,-0.0007500000000000049,-0.001600000000000005,0.0015452364521807004,0.000894162290540873,117789.4425418327,118016.51876066328,39.605487026795636,60.02444920394847,39.605487026795636,80.45970802585624,Medium,Trending,train,2025-07,65d674ca66c2,
59,2025-07-25 12:51:00,2025-07-25 12:55:00,SHORT,116333.93,116101.26213999999,TP,4,5e-05,0.0008,0.0008500000000000001,0.002000000000000012,0.0011500000000000121,0.0,0.002499700646234408,116644.45887250316,117225.06795505228,54.76186997741353,72.08871290031692,54.76186997741353,93.02314580165432,Medium,Trending,train,2025-07,65d674ca66c2,
60,2025-07-28 12:31:00,2025-07-28 12:55:00,LONG,118948.0,118858.78899999999,SL,24,5e-05,0.0008,0.0008500000000000001,-0.0007500000000000861,-0.0016000000000000862,0.0010771093250831905,0.0006170763695059537,118810.73986920169,118654.27589306881,37.85758400021316,33.76083538105424,16.717257329077984,37.85758400021316,High,Trending,train,2025-07,65d674ca66c2,15-20
61,2025-07-28 14:41:00,2025-07-28 14:42:00,SHORT,118063.64,118152.18773,SL,1,5e-05,0.0008,0.0008500000000000001,-0.0007500000000000482,-0.0016000000000000482,0.0011467544114343706,0.0,118271.89568997908,118409.6481686176,73.75410455351289,79.9543935902653,58.406594604068125,90.34665175518346,High,Trending,train,2025-07,65d674ca66c2,
62,2025-07-28 14:48:00,2025-07-28 14:49:00,SHORT,118060.01,118148.55500749999,SL,1,5e-05,0.0008,0.0008500000000000001,-0.000749999999999976,-0.001599999999999976,0.0010292223420954251,0.0,118246.02618580953,118377.99887077934,23.488861861725486,41.986803365287834,23.488861861725486,89.28252515248032,High,Ranging,train,2025-07,65d674ca66c2,
63,2025-07-29 15:15:00,2025-07-29 15:28:00,SHORT,117780.0,117544.44,TP,13,5e-05,0.0008,0.0008500000000000001,0.00199999999999998,0.00114999999999998,0.00033324842927491934,0.0020984038037017675,117962.91650205663,118165.47309642582,52.842653974726915,68.22633954709244,39.19318740744499,85.85528925151459,Medium,Trending,train,2025-07,65d674ca66c2,
64,2025-07-29 15:52:00,2025-07-29 15:53:00,SHORT,117379.41,117467.44455750001,SL,1,5e-05,0.0008,0.0008500000000000001,-0.0007500000000000862,-0.0016000000000000862,0.0016142524485341673,0.0,117613.20997401005,117830.03015055346,40.526765234918905,53.10970464396215,40.526765234918905,82.56629076501129,High,Trending,train,2025-07,65d674ca66c2,
65,2025-08-01 12:18:00,2025-08-01 12:29:00,SHORT,115325.99,115412.4844925,SL,11,5e-05,0.0008,0.0008500000000000001,-0.0007500000000000155,-0.0016000000000000155,0.0010618595166622185,0.0009218216986475661,116729.56373401178,117316.44971225742,21.230934007434414,29.328600713175913,20.205890597064528,87.52670587186374,Low,Trending,train,2025-08,65d674ca66c2,
66,2025-08-01 12:36:00,2025-08-01 12:37:00,SHORT,115700.35,115787.1252625,SL,1,5e-05,0.0008,0.0008500000000000001,-0.0007499999999999945,-0.0015999999999999947,0.0012954152688387727,0.00026309341328701534,116092.42585466502,116758.5339897753,76.2694069133278,79.76541020136175,76.2694069133278,90.76159907429515,Medium,Trending,train,2025-08,65d674ca66c2,
67,2025-08-01 12:39:00,2025-08-01 12:40:00,SHORT,115541.75,115628.40631250001,SL,1,5e-05,0.0008,0.0008500000000000001,-0.0007500000000000887,-0.0016000000000000888,0.0017672399803534422,0.0,116040.00004308665,116692.74545796323,40.521728412351656,57.964631923896015,40.521728412351656,79.66858597951504,High,Trending,train,2025-08,65d674ca66c2,
68,2025-08-01 12:48:00,2025-08-01 13:10:00,SHORT,115848.01,115934.89600749999,SL,22,5e-05,0.0008,0.0008500000000000001,-0.0007499999999999784,-0.0015999999999999786,0.0008803776603500159,0.0018286891591835826,115967.13348747858,116545.1016883816,82.67974653348928,79.19200566203676,74.12450073099764,82.67974653348928,Medium,Trending,train,2025-08,65d674ca66c2,
69,2025-08-04 12:34:00,2025-08-04 13:04:00,LONG,114401.19,114392.13,MAX_HOLD,30,5e-05,0.0008,0.0008500000000000001,-7.919498040184434e-05,-0.0009291949804018444,0.0006402031307541926,0.0008673860822601227,114303.49494284435,114148.74309854876,41.932659657198236,24.29124475027743,6.627749226540462,41.932659657198236,Low,Ranging,train,2025-08,65d674ca66c2,5-10
70,2025-08-04 14:39:00,2025-08-04 14:40:00,LONG,115230.0,115143.5775,SL,1,5e-05,0.0008,0.0008500000000000001,-0.000750000000000005,-0.001600000000000005,0.0014131736526945804,0.0,115154.13848518688,114913.3427524798,12.862413868292956,18.747798995424382,12.862413868292956,25.31340481292278,High,Trending,train,2025-08,65d674ca66c2,10-15
71,2025-08-05 12:55:00,2025-08-05 12:57:00,SHORT,113978.47,114063.95385250001,SL,2,5e-05,0.0008,0.0008500000000000001,-0.0007500000000000759,-0.001600000000000076,0.0010524794726582297,0.0,114288.6653704673,114488.14177378995,53.57389721757054,67.0768516562511,53.57389721757054,83.07591323894913,Low,Trending,train,2025-08,65d674ca66c2,
72,2025-08-05 13:08:00,2025-08-05 13:14:00,SHORT,113931.51,114016.9586325,SL,6,5e-05,0.0008,0.0008500000000000001,-0.0007500000000000303,-0.0016000000000000302,0.0008907983401607268,3.23878793495125e-05,114178.02339524831,114380.14722187226,40.23111817783897,61.55341217661308,40.23111817783897,83.85696927616662,Medium,Trending,train,2025-08,65d674ca66c2,
73,2025-08-05 15:01:00,2025-08-05 15:02:00,SHORT,112792.08,112876.67406,SL,1,5e-05,0.0008,0.0008500000000000001,-0.0007500000000000273,-0.0016000000000000274,0.0010905020990835527,0.0,113149.7422498156,113491.64188408693,51.54702042747537,73.19928311847885,51.54702042747537,96.24817113118176,High,Trending,train,2025-08,65d674ca66c2,
74,2025-08-06 15:13:00,2025-08-06 15:34:00,LONG,114949.18,115179.07836,TP,21,5e-05,0.0008,0.0008500000000000001,0.002000000000000057,0.0011500000000000568,0.0006577689375425387,0.002800367953908055,114628.01354100456,114412.47656500671,47.35925991950535,31.367547553879945,14.024207690004125,47.35925991950535,Medium,Trending,train,2025-08,65d674ca66c2,10-15
75,2025-08-10 12:34:00,2025-08-10 12:53:00,LONG,118623.18,118534.212615,SL,19,5e-05,0.0008,0.0008500000000000001,-0.0007499999999999687,-0.0015999999999999686,0.0008532059248453114,0.0009617007401083141,118143.79782650761,117722.12573923296,74.21201486603915,60.85692143025697,16.787969531950797,74.21201486603915,High,Trending,train,2025-08,65d674ca66c2,15-20
76,2025-08-10 13:02:00,2025-08-10 13:18:00,LONG,118498.88,118410.00584,SL,16,5e-05,0.0008,0.0008500000000000001,-0.0007500000000000563,-0.0016000000000000562,0.0009426249429531456,0.0015611118012253844,118449.96966848579,118102.64436191574,56.34564889517791,36.57958266840168,20.183535740398156,56.34564889517791,Medium,Trending,train,2025-08,65d674ca66c2,
77,2025-08-11 12:16:00,2025-08-11 12:31:00,LONG,120137.98,120047.876515,SL,15,5e-05,0.0008,0.0008500000000000001,-0.000749999999999997,-0.001599999999999997,0.002883184817990032,0.0013512795870216153,119525.63048806995,119178.24176543308,35.935539485003424,23.381931818056312,7.3593008933147255,35.935539485003424,High,Trending,train,2025-08,65d674ca66c2,5-10
78,2025-08-11 12:33:00,2025-08-11 12:34:00,LONG,120273.04,120182.83522,SL,1,5e-05,0.0008,0.0008500000000000001,-0.0007500000000000002,-0.0016000000000000003,0.0010882738143144915,0.0,119839.65626803586,119462.3774739101,58.775559366977184,34.42180611778057,12.38864772498011,58.775559366977184,High,Trending,train,2025-08,65d674ca66c2,10-15
79,2025-08-13 12:16:00,2025-08-13 12:33:00,LONG,120577.97,120487.5365225,SL,17,5e-05,0.0008,0.0008500000000000001,-0.0007500000000000206,-0.0016000000000000207,0.0009730633216001376,0.00018179108505474303,120111.92989145766,119833.83548162758,66.49145463245377,52.97998036261105,22.500353527908516,66.49145463245377,Medium,Trending,train,2025-08,65d674ca66c2,
80,2025-08-13 14:20:00,2025-08-13 14:23:00,LONG,121925.19,121833.7461075,SL,3,5e-05,0.0008,0.0008500000000000001,-0.0007499999999999958,-0.001599999999999996,0.0020581472950749746,0.0018438355519478596,121513.84781826219,121101.37585058186,58.78280885659262,31.04206170791346,6.174442935894053,58.78280885659262,High,Trending,train,2025-08,65d674ca66c2,5-10
81,2025-08-14 12:47:00,2025-08-14 12:48:00,SHORT,119634.88,119395.61024000001,TP,1,5e-05,0.0008,0.0008500000000000001,0.001999999999999963,0.0011499999999999631,0.0,0.004064199337183279,120208.22728708948,120542.35651551386,71.82737098239261,77.2845675406489,71.82737098239261,92.55736047633498,High,Trending,train,2025-08,65d674ca66c2,
82,2025-08-14 12:49:00,2025-08-14 12:50:00,SHORT,119202.99,119292.3922425,SL,1,5e-05,0.0008,0.0008500000000000001,-0.0007500000000000024,-0.0016000000000000025,0.0014364572566509944,0.0,120135.01067908568,120491.89748735922,31.060355641902145,50.27134852411328,31.060355641902145,82.11702937211015,High,Trending,train,2025-08,65d674ca66c2,
83,2025-08-14 13:17:00,2025-08-14 13:18:00,SHORT,118899.0,118661.202,TP,1,5e-05,0.0008,0.0008500000000000001,0.0019999999999999597,0.0011499999999999596,0.0,0.002514739400667794,119279.08249422346,119796.10389461997,24.437485437260317,55.57243823079714,24.437485437260317,96.9654151009873,High,Trending,train,2025-08,65d674ca66c2,
84,2025-08-14 13:19:00,2025-08-14 13:21:00,SHORT,118625.24,118714.20893000001,SL,2,5e-05,0.0008,0.0008500000000000001,-0.000750000000000023,-0.001600000000000023,0.0010504509832814717,0.0013570467802637152,119224.86586260307,119748.2024616381,1.7672500144264207,11.122064302378577,1.7672500144264207,84.9803444923253,Medium,Trending,train,2025-08,65d674ca66c2,0-5
85,2025-08-17 12:33:00,2025-08-17 12:55:00,LONG,118280.0,118191.29,SL,22,5e-05,0.0008,0.0008500000000000001,-0.0007500000000000541,-0.001600000000000054,0.0007591308758876699,0.0,118134.07200290044,117991.27306743467,47.69087813772569,27.042357577458784,0.008159934716135556,47.69087813772569,High,Trending,train,2025-08,65d674ca66c2,0-5
86,2025-08-18 12:17:00,2025-08-18 12:33:00,SHORT,115121.89,115208.2314175,SL,16,5e-05,0.0008,0.0008500000000000001,-0.0007500000000000615,-0.0016000000000000614,0.0008186106048120408,0.0012095875076408144,116614.23242788967,117272.11812319857,54.644549053461674,71.25588508705714,54.644549053461674,93.775338936852,High,Trending,train,2025-08,65d674ca66c2,
87,2025-08-18 12:37:00,2025-08-18 12:38:00,SHORT,115145.45,115231.8090875,SL,1,5e-05,0.0008,0.0008500000000000001,-0.000750000000000071,-0.001600000000000071,0.0009154508493388449,0.0,115793.53485520897,116562.0661552454,56.255621881829654,65.97117562758055,56.255621881829654,99.0274037673879,High,Trending,train,2025-08,65d674ca66c2,
88,2025-08-18 12:39:00,2025-08-18 12:40:00,SHORT,115164.46,115250.833345,SL,1,5e-05,0.0008,0.0008500000000000001,-0.0007499999999999997,-0.0015999999999999999,0.000771852705252987,5.8524999813355944e-05,115744.89916468925,116507.13017621411,52.74510327033709,54.60158706376223,52.74510327033709,80.73533706703401,High,Trending,train,2025-08,65d674ca66c2,
89,2025-08-18 12:47:00,2025-08-18 12:56:00,SHORT,115247.99,115334.42599250001,SL,9,5e-05,0.0008,0.0008500000000000001,-0.0007500000000000227,-0.0016000000000000228,0.0013015411375070403,0.00033250037592852584,115612.12272437765,116322.69308341325,48.97470320935574,66.46510310838711,48.97470320935574,84.22213354041676,High,Trending,train,2025-08,65d674ca66c2,
90,2025-08-20 15:40:00,2025-08-20 15:44:00,LONG,114025.68,113940.16073999999,SL,4,5e-05,0.0008,0.0008500000000000001,-0.0007500000000000083,-0.0016000000000000083,0.0010110003290486743,0.0009727633284012234,113948.06417419379,113729.73860580657,24.945621623257797,27.71465941195508,7.127525263955902,30.526021823268636,Medium,Trending,train,2025-08,65d674ca66c2,5-10
91,2025-08-21 15:28:00,2025-08-21 15:29:00,SHORT,112927.86,113012.555895,SL,1,5e-05,0.0008,0.0008500000000000001,-0.0007499999999999744,-0.0015999999999999745,0.0010716576051295408,0.0,113121.48720341313,113242.50003440595,26.338422791565375,45.172212069628756,26.338422791565375,89.49786504820162,Medium,Trending,train,2025-08,65d674ca66c2,
92,2025-08-22 14:25:00,2025-08-22 14:26:00,LONG,115036.76,115266.83352,TP,1,5e-05,0.0008,0.0008500000000000001,0.002000000000000047,0.0011500000000000468,0.0,0.002218682097792136,114001.25166492636,113384.09879516155,47.13204929494294,28.31107682903887,17.633798064680345,47.13204929494294,High,Trending,train,2025-08,65d674ca66c2,15-20
93,2025-08-22 14:28:00,2025-08-22 14:30:00,LONG,114995.81,115225.80162,TP,2,5e-05,0.0008,0.0008500000000000001,0.002000000000000006,0.001150000000000006,0.00010835177386021153,0.0035665647296192742,114121.04581953338,113481.81556916518,65.20622623915021,70.29826193317557,20.167383127493196,75.92043553988168,Medium,Trending,train,2025-08,65d674ca66c2,
94,2025-08-22 15:01:00,2025-08-22 15:02:00,LONG,116102.0,116334.204,TP,1,5e-05,0.0008,0.0008500000000000001,0.001999999999999982,0.0011499999999999818,0.0,0.0028994332569637444,115418.97475660189,114629.74817723564,70.63325634966142,43.411048218282026,14.2021851616909,70.63325634966142,High,Trending,train,2025-08,65d674ca66c2,10-15
95,2025-08-25 12:18:00,2025-08-25 12:19:00,SHORT,111223.57,111306.98767750002,SL,1,5e-05,0.0008,0.0008500000000000001,-0.0007500000000000784,-0.0016000000000000784,0.0011473287541479385,0.0,112782.72177420817,113519.45421108653,81.95950294568958,83.11907630190643,57.84512641122717,87.85913494067267,High,Trending,train,2025-08,65d674ca66c2,
96,2025-08-25 12:33:00,2025-08-25 12:44:00,SHORT,111520.01,111603.6500075,SL,11,5e-05,0.0008,0.0008500000000000001,-0.0007499999999999849,-0.0015999999999999851,0.0007772596146647366,0.0016491210859825869,112211.86258702877,112998.69047232765,33.258884044347354,60.7384529557015,33.258884044347354,98.738466228177,Medium,Trending,train,2025-08,65d674ca66c2,
97,2025-08-25 12:47:00,2025-08-25 12:58:00,SHORT,111513.49,111597.1251175,SL,11,5e-05,0.0008,0.0008500000000000001,-0.0007500000000000161,-0.0016000000000000161,0.0008706569940551273,0.0009461635538445556,111910.22670088749,112633.8068411481,44.560947348905025,66.60923560152357,44.560947348905025,92.7806390447647,Medium,Trending,train,2025-08,65d674ca66c2,
98,2025-08-26 12:32:00,2025-08-26 12:33:00,SHORT,109806.17,109888.5246275,SL,1,5e-05,0.0008,0.0008500000000000001,-0.0007499999999999741,-0.0015999999999999743,0.0009364683241388143,0.0,110395.62097810366,110985.92200551422,85.78171907635654,78.04791489592316,71.40079780322951,85.78171907635654,Medium,Trending,train,2025-08,65d674ca66c2,
99,2025-08-28 12:32:00,2025-08-28 12:35:00,LONG,113051.74,112966.951195,SL,3,5e-05,0.0008,0.0008500000000000001,-0.0007500000000000334,-0.0016000000000000335,0.0011864479042958973,0.0005878724201855881,112625.44600916277,112342.37361785925,61.50832581233186,38.880737955006204,15.881698337272669,61.50832581233186,Medium,Trending,train,2025-08,65d674ca66c2,15-20
100,2025-08-29 12:51:00,2025-08-29 12:52:00,SHORT,110538.0,110620.9035,SL,1,5e-05,0.0008,0.0008500000000000001,-0.0007500000000000032,-0.0016000000000000033,0.001604606560639738,0.0,110806.4056900154,111297.56201279245,57.29542560666773,66.44287051183859,57.29542560666773,91.85056432608297,High,Trending,train,2025-08,65d674ca66c2,
101,2025-08-29 12:53:00,2025-08-29 12:54:00,SHORT,110655.29,110738.2814675,SL,1,5e-05,0.0008,0.0008500000000000001,-0.0007500000000000329,-0.0016000000000000328,0.0014011982617369936,0.0,110800.14822826874,111275.08506689333,75.06726696317425,61.87576063539444,53.26458933634128,81.79355404167232,High,Trending,train,2025-08,65d674ca66c2,
102,2025-08-29 14:26:00,2025-08-29 14:27:00,SHORT,108635.65,108418.3787,TP,1,5e-05,0.0008,0.0008500000000000001,0.0019999999999999363,0.0011499999999999362,0.0,0.0027089634019771005,109130.35096930237,109673.95639304267,22.502414231910393,42.15435483307954,22.502414231910393,85.90837085691562,High,Trending,train,2025-08,65d674ca66c2,
103,2025-08-31 12:32:00,2025-08-31 13:02:00,SHORT,108416.69,108410.66,MAX_HOLD,30,5e-05,0.0008,0.0008500000000000001,5.561874283377251e-05,-0.0007943812571662276,0.000640491791439144,0.001245472445248041,108487.96980497333,108551.47072434064,71.03437638182173,73.01229464431974,71.03437638182173,92.72935300319226,Low,Trending,train,2025-08,65d674ca66c2,
104,2025-09-01 12:06:00,2025-09-01 12:24:00,LONG,108749.35,108966.8487,TP,18,5e-05,0.0008,0.0008500000000000001,0.0019999999999999675,0.0011499999999999675,0.0,0.002246266299522699,108680.2579515771,108596.66721544621,61.5529010357831,32.87183908255087,5.347838620614521,61.5529010357831,High,Trending,train,2025-09,65d674ca66c2,5-10
105,2025-09-01 13:15:00,2025-09-01 13:17:00,LONG,109188.39,109106.4987075,SL,2,5e-05,0.0008,0.0008500000000000001,-0.0007500000000000372,-0.0016000000000000372,0.0008620879930549819,0.00040498811274716263,109069.94736708666,108945.91683009111,46.65383793029809,33.09041991023553,18.468279012174705,46.65383793029809,High,Trending,train,2025-09,65d674ca66c2,15-20
106,2025-09-01 13:36:00,2025-09-01 13:43:00,LONG,109260.0,109178.055,SL,7,5e-05,0.0008,0.0008500000000000001,-0.000750000000000064,-0.001600000000000064,0.0011900970162914044,0.0003838550247117182,109235.28080937002,109088.88070290576,20.46396400105458,20.779654667017947,3.142612381081625,23.349780701753975,High,Trending,train,2025-09,65d674ca66c2,0-5
107,2025-09-02 14:09:00,2025-09-02 14:15:00,LONG,110987.86,110904.61910499999,SL,6,5e-05,0.0008,0.0008500000000000001,-0.0007500000000000894,-0.0016000000000000894,0.0010438979542447308,0.001997065264615375,110496.5814736813,110014.18844990357,44.97798359536628,26.643281465749038,9.53000039458697,44.97798359536628,High,Trending,train,2025-09,65d674ca66c2,5-10
108,2025-09-04 12:21:00,2025-09-04 12:22:00,SHORT,110867.99,110951.1409925,SL,1,5e-05,0.0008,0.0008500000000000001,-0.000749999999999992,-0.001599999999999992,0.0008788830752680532,0.0,111452.12044304606,111654.91670706873,12.192714233028843,16.475782676492603,11.6818919564479,68.55761997984735,Medium,Trending,train,2025-09,65d674ca66c2,10-15
109,2025-09-05 12:14:00,2025-09-05 12:20:00,LONG,112372.24,112596.98448,TP,6,5e-05,0.0008,0.0008500000000000001,0.001999999999999946,0.0011499999999999458,8.649823123576751e-05,0.0028028274598779187,110843.88828101354,110430.77595399077,42.178486479449255,25.255481787334332,6.467059322970936,42.178486479449255,Low,Trending,train,2025-09,65d674ca66c2,5-10
110,2025-09-05 12:44:00,2025-09-05 12:50:00,LONG,112592.52,112817.70504,TP,6,5e-05,0.0008,0.0008500000000000001,0.00199999999999997,0.00114999999999997,0.0003787107704845705,0.0021273171610333395,112089.13930450904,111417.92967227842,42.59529721131977,28.023957693897255,17.13462261205027,42.59529721131977,High,Trending,train,2025-09,65d674ca66c2,15-20
111,2025-09-05 13:13:00,2025-09-05 13:16:00,LONG,113106.01,113021.18049249999,SL,3,5e-05,0.0008,0.0008500000000000001,-0.0007500000000000531,-0.0016000000000000532,0.0011620072178303612,0.0,112735.53950205627,112122.3866327108,63.945269437780325,53.20525413822434,11.454290007785957,63.945269437780325,Low,Trending,train,2025-09,65d674ca66c2,10-15
112,2025-09-08 12:14:00,2025-09-08 12:44:00,LONG,111970.47,112065.99,MAX_HOLD,30,5e-05,0.0008,0.0008500000000000001,0.000853082067084331,3.082067084330992e-06,0.0003235674548833806,0.0016381997860685322,111603.12189279223,111437.92859966433,42.46679235585268,29.834778118320177,17.380134525255023,42.46679235585268,High,Trending,train,2025-09,65d674ca66c2,15-20
113,2025-09-08 12:47:00,2025-09-08 13:08:00,LONG,112099.21,112323.40842,TP,21,5e-05,0.0008,0.0008500000000000001,0.0020000000000000052,0.0011500000000000052,0.0007406831859030352,0.002418304285998059,111917.06935584865,111720.14035308838,40.25930565441175,27.87695957958944,11.52820646611202,40.25930565441175,Medium,Trending,train,2025-09,65d674ca66c2,10-15
114,2025-09-08 13:20:00,2025-09-08 13:21:00,LONG,112299.69,112215.4652325,SL,1,5e-05,0.0008,0.0008500000000000001,-0.0007499999999999664,-0.0015999999999999665,0.0008392721297805898,0.0,112134.70470801929,111950.68040974477,39.665807761380556,29.43789420716045,14.205772884620018,39.665807761380556,High,Trending,train,2025-09,65d674ca66c2,10-15
115,2025-09-09 14:51:00,2025-09-09 14:53:00,SHORT,111655.72,111739.46179,SL,2,5e-05,0.0008,0.0008500000000000001,-0.0007500000000000003,-0.0016000000000000003,0.0011430672785953523,0.00018458525904450378,112025.22264912918,112251.6632998848,62.380968328923665,74.1925194389181,53.31764838342591,84.26330658188589,Medium,Trending,train,2025-09,65d674ca66c2,
116,2025-09-09 15:01:00,2025-09-09 15:11:00,SHORT,111694.21,111470.82158,TP,10,5e-05,0.0008,0.0008500000000000001,0.0020000000000000265,0.0011500000000000264,2.981354181194526e-05,0.0027011247942038503,111938.3755297314,112163.23528246715,22.82334957295427,36.88500987780245,22.82334957295427,65.18867504232163,High,Trending,train,2025-09,65d674ca66c2,
117,2025-09-10 13:26:00,2025-09-10 13:31:00,LONG,113571.71,113486.5312175,SL,5,5e-05,0.0008,0.0008500000000000001,-0.0007500000000000572,-0.001600000000000057,0.0010475319954238705,0.0008360356641631713,113356.2610647925,112964.54340521348,42.43375720010863,25.08806410422086,3.683411830801727,42.43375720010863,Low,Trending,train,2025-09,65d674ca66c2,0-5
118,2025-09-15 12:26:00,2025-09-15 12:55:00,SHORT,114904.15,114674.34169999999,TP,29,5e-05,0.0008,0.0008500000000000001,0.002000000000000037,0.0011500000000000368,0.0,0.0020215980014646434,115063.09765845013,115173.11557413742,20.113241423735385,51.16267737311895,20.113241423735385,95.8451715997956,Medium,Trending,train,2025-09,65d674ca66c2,
119,2025-09-15 13:07:00,2025-09-15 13:12:00,SHORT,114677.76,114763.76832,SL,5,5e-05,0.0008,0.0008500000000000001,-0.0007500000000000706,-0.0016000000000000705,0.0008630269722743204,4.848368157869208e-05,114817.68428583871,114948.29717283085,45.6279030487275,62.84363979503715,45.6279030487275,80.01643581109346,Medium,Trending,train,2025-09,65d674ca66c2,
120,2025-09-17 12:11:00,2025-09-17 12:34:00,LONG,116269.15,116501.6883,TP,23,5e-05,0.0008,0.0008500000000000001,0.0020000000000000013,0.0011500000000000013,0.00016470405090253243,0.0021310898032711073,115699.22387862712,115474.87796979319,65.73398215733408,34.295601449894455,4.738573477144727,65.93024065640978,Low,Trending,train,2025-09,65d674ca66c2,0-5
121,2025-09-17 12:44:00,2025-09-17 12:45:00,LONG,116224.25,116137.0818125,SL,1,5e-05,0.0008,0.0008500000000000001,-0.0007500000000000581,-0.0016000000000000582,0.0008191922081665952,0.0,116144.24882976738,115878.96586238388,29.34079831089713,20.08049187693341,0.0028586538583335965,29.34079831089713,Low,Trending,train,2025-09,65d674ca66c2,0-5
122,2025-09-17 12:49:00,2025-09-17 13:00:00,LONG,116235.44,116148.26342,SL,11,5e-05,0.0008,0.0008500000000000001,-0.0007499999999999946,-0.0015999999999999947,0.0010858134145662148,0.00035204409257622504,116150.70289417711,115907.46721771499,71.66992810504256,45.99558150626283,18.920204555250198,71.66992810504256,Medium,Trending,train,2025-09,65d674ca66c2,15-20
123,2025-09-18 12:13:00,2025-09-18 12:43:00,LONG,117105.18,117228.71,MAX_HOLD,30,5e-05,0.0008,0.0008500000000000001,0.001054863670420159,0.00020486367042015885,0.0003156991005862133,0.001484306672002101,116323.3368575329,116090.89569014964,66.66682590399908,38.20099170196435,14.594980561374273,66.66682590399908,High,Trending,train,2025-09,65d674ca66c2,10-15
124,2025-09-18 12:53:00,2025-09-18 13:14:00,LONG,117146.63,117380.92326000001,TP,21,5e-05,0.0008,0.0008500000000000001,0.0020000000000000495,0.0011500000000000494,0.0007195256064985237,0.002050677855607079,117007.98776920456,116695.01819927715,36.8762300092637,23.248760803764657,11.11377055275505,36.8762300092637,Low,Trending,train,2025-09,65d674ca66c2,10-15
125,2025-09-21 12:26:00,2025-09-21 12:56:00,SHORT,115717.55,115705.96,MAX_HOLD,30,5e-05,0.0008,0.0008500000000000001,0.00010015766839167012,-0.0007498423316083299,0.00025648659170534645,0.00010024408570701523,115806.13257051668,115871.86043952577,19.60332791398716,52.926755888737915,19.60332791398716,99.9942647396221,Medium,Trending,train,2025-09,65d674ca66c2,15-20
126,2025-09-22 12:49:00,2025-09-22 12:50:00,SHORT,112578.0,112662.4335,SL,1,5e-05,0.0008,0.0008500000000000001,-0.0007499999999999928,-0.001599999999999993,0.000999573628950584,0.0,112998.29656481887,113697.2365978983,77.16915473227156,78.58018517218983,70.38581856100286,81.37128619946505,High,Trending,train,2025-09,65d674ca66c2,
127,2025-09-22 12:54:00,2025-09-22 12:56:00,SHORT,112684.5,112769.01337500001,SL,2,5e-05,0.0008,0.0008500000000000001,-0.0007500000000000847,-0.0016000000000000849,0.0013110055065248187,0.0,112946.0670005882,113603.33202302092,66.86520862416377,78.79936201794543,66.86520862416377,96.4873429687678,High,Trending,train,2025-09,65d674ca66c2,
128,2025-09-24 12:11:00,2025-09-24 12:41:00,LONG,113010.46,113082.1,MAX_HOLD,30,5e-05,0.0008,0.0008500000000000001,0.000633923620875443,-0.0002160763791245571,0.0005880871558261633,0.000633923620875443,112923.96890929027,112895.71550767987,58.26512865256753,31.304360936908477,6.6983422767941825,58.772872538639824,Low,Trending,train,2025-09,65d674ca66c2,5-10
129,2025-09-24 15:11:00,2025-09-24 15:12:00,LONG,113650.47,113565.23214749999,SL,1,5e-05,0.0008,0.0008500000000000001,-0.0007500000000000833,-0.0016000000000000833,0.0009941005963283384,0.0,113504.95547281721,113342.35504814188,15.218220204499795,19.061403138120564,9.15322441807443,24.594492258277782,High,Trending,train,2025-09,65d674ca66c2,5-10
130,2025-09-24 15:16:00,2025-09-24 15:17:00,LONG,113579.98,113494.795015,SL,1,5e-05,0.0008,0.0008500000000000001,-0.0007499999999999989,-0.001599999999999999,0.0007659800609227084,0.00018647652517642254,113513.8126381147,113362.4204490775,34.618843569799985,23.584189250791535,8.120847207649405,34.618843569799985,High,Trending,train,2025-09,65d674ca66c2,5-10
131,2025-09-24 15:19:00,2025-09-24 15:49:00,LONG,113558.31,113554.59,MAX_HOLD,30,5e-05,0.0008,0.0008500000000000001,-3.275850089703839e-05,-0.0008827585008970385,0.00031930732325969593,0.0013538419161046448,113515.0584806866,113371.86777920184,30.19554340104482,34.45299392853518,25.474416447738076,37.42440225273318,High,Trending,train,2025-09,65d674ca66c2,
132,2025-09-25 12:16:00,2025-09-25 12:29:00,SHORT,111520.91,111297.86818,TP,13,5e-05,0.0008,0.0008500000000000001,0.001999999999999987,0.001149999999999987,0.0003863849389320488,0.0035432817038527457,112539.68147178122,112908.12731852199,27.057721824446404,37.65911644867945,27.057721824446404,90.5374319780593,Medium,Trending,train,2025-09,65d674ca66c2,
133,2025-09-25 12:39:00,2025-09-25 12:41:00,SHORT,111322.0,111405.4915,SL,2,5e-05,0.0008,0.0008500000000000001,-0.0007500000000000335,-0.0016000000000000337,0.0008803291353011983,0.0,111889.57089482299,112374.89753396153,28.776015480922382,54.63107268578827,28.776015480922382,88.97553174073262,High,Trending,train,2025-09,65d674ca66c2,
134,2025-09-26 12:35:00,2025-09-26 12:36:00,SHORT,109341.84,109423.84638,SL,1,5e-05,0.0008,0.0008500000000000001,-0.0007500000000000565,-0.0016000000000000567,0.0019037543176519025,0.00012575241097095128,109594.1582469608,110160.22338317362,74.88064967764396,78.14278656574578,74.88064967764396,89.67080619023233,Medium,Trending,train,2025-09,65d674ca66c2,
135,2025-09-26 12:39:00,2025-09-26 12:44:00,SHORT,109378.61,109460.6439575,SL,5,5e-05,0.0008,0.0008500000000000001,-0.000749999999999965,-0.0015999999999999652,0.0014614374784979057,0.0007461239450748239,109568.8565024096,110103.65325299148,60.94970084016924,74.53273623452948,60.94970084016924,84.43321028428612,High,Trending,train,2025-09,65d674ca66c2,
136,2025-09-28 15:17:00,2025-09-28 15:47:00,LONG,109808.24,109977.8,MAX_HOLD,30,5e-05,0.0008,0.0008500000000000001,0.001544146413784591,0.0006941464137845909,8.870008298106989e-05,0.0015442374816315462,109762.0283064823,109685.69035610322,67.61507036275258,48.30297784117377,10.665338331227046,67.61507036275258,High,Trending,train,2025-09,65d674ca66c2,10-15
137,2025-09-29 12:11:00,2025-09-29 12:27:00,LONG,112113.09,112337.31618,TP,16,5e-05,0.0008,0.0008500000000000001,0.001999999999999981,0.001149999999999981,7.974091160989612e-05,0.0021755711130609593,110730.17251437192,110299.62170086065,66.50099897736872,40.3236375106756,16.467845816193186,76.85030168163654,Low,Trending,train,2025-09,65d674ca66c2,15-20
138,2025-09-29 12:44:00,2025-09-29 12:51:00,LONG,112125.76,112041.66567999999,SL,7,5e-05,0.0008,0.0008500000000000001,-0.0007500000000000338,-0.001600000000000034,0.0009481318119939404,0.0009154898927776163,111826.74042143919,111232.58702760398,39.26555586855405,25.534981969017974,1.5227879310261565,39.26555586855405,Low,Trending,train,2025-09,65d674ca66c2,0-5
139,2025-09-29 12:56:00,2025-09-29 12:57:00,LONG,112073.75,111989.6946875,SL,1,5e-05,0.0008,0.0008500000000000001,-0.0007500000000000052,-0.0016000000000000053,0.0010470783747309768,0.0,111924.39872606477,111414.94040509278,42.691966884670684,32.79510778029944,4.572449085113544,42.691966884670684,High,Trending,train,2025-09,65d674ca66c2,0-5
140,2025-10-01 12:40:00,2025-10-01 12:43:00,LONG,116565.0,116477.57625,SL,3,5e-05,0.0008,0.0008500000000000001,-0.000750000000000015,-0.001600000000000015,0.0009798824690087176,0.0005039248487968535,115964.83721831524,115128.91376095149,53.06318150353942,26.72262845431406,0.42109846376363086,53.06318150353942,Medium,Trending,train,2025-10,65d674ca66c2,0-5
141,2025-10-01 13:01:00,2025-10-01 13:31:00,LONG,116471.85,116567.9,MAX_HOLD,30,5e-05,0.0008,0.0008500000000000001,0.0008246627833247978,-2.5337216675202254e-05,0.00012749861876501335,0.0015295541369008405,116235.05137680932,115579.68467628698,74.81096802382723,52.674818765884034,23.337528463841007,74.81096802382723,Low,Trending,train,2025-10,65d674ca66c2,
142,2025-10-05 12:34:00,2025-10-05 12:39:00,LONG,123138.77,123046.4159225,SL,5,5e-05,0.0008,0.0008500000000000001,-0.000750000000000001,-0.0016000000000000012,0.001447716263529383,0.0004308147628890796,122844.45938555033,122571.41735731528,31.98879135721918,31.50902124280422,17.606607081784393,31.98879135721918,Medium,Trending,train,2025-10,65d674ca66c2,15-20
143,2025-10-05 12:42:00,2025-10-05 13:12:00,LONG,123045.74,123291.83148000001,TP,30,5e-05,0.0008,0.0008500000000000001,0.0020000000000000226,0.0011500000000000225,0.00030265168058646514,0.002072725150825974,122906.54199943358,122645.70996373009,26.569254712086927,20.188011927445075,12.310186899093907,41.89760606098443,Medium,Trending,train,2025-10,65d674ca66c2,10-15
144,2025-10-06 12:45:00,2025-10-06 13:01:00,LONG,124340.28,124588.96055999999,TP,16,5e-05,0.0008,0.0008500000000000001,0.001999999999999947,0.001149999999999947,0.0,0.0022496330231844513,124171.02772591749,123829.26993875796,49.280281075964844,25.36535496227063,5.885772462645203,49.280281075964844,High,Trending,train,2025-10,65d674ca66c2,5-10
145,2025-10-07 14:02:00,2025-10-07 14:04:00,SHORT,123755.25,123507.7395,TP,2,5e-05,0.0008,0.0008500000000000001,0.002000000000000032,0.001150000000000032,0.0,0.003016033663218328,124123.6914683915,124358.9775390261,46.533095075727886,65.00784008789833,46.533095075727886,94.18879221991841,High,Trending,train,2025-10,65d674ca66c2,
146,2025-10-07 14:05:00,2025-10-07 14:07:00,SHORT,123410.21,123502.76765750001,SL,2,5e-05,0.0008,0.0008500000000000001,-0.0007500000000000111,-0.0016000000000000111,0.0008461212406979799,0.0012252632906143374,124051.55633900077,124308.1778116293,10.59468329691431,18.270906530237642,10.59468329691431,65.95650973564123,High,Trending,train,2025-10,65d674ca66c2,10-15
147,2025-10-07 14:27:00,2025-10-07 14:31:00,SHORT,123014.0,122767.972,TP,4,5e-05,0.0008,0.0008500000000000001,0.0020000000000000464,0.0011500000000000464,0.0,0.0024364706456175816,123470.01411230782,123863.20160905729,22.816332996375092,37.78256094399957,22.816332996375092,78.81983294402211,High,Trending,train,2025-10,65d674ca66c2,
148,2025-10-07 14:50:00,2025-10-07 14:53:00,SHORT,122817.82,122572.18436000001,TP,3,5e-05,0.0008,0.0008500000000000001,0.001999999999999944,0.001149999999999944,0.0,0.002034069648850688,123080.19556190252,123480.39274576634,46.755245206269144,66.82071682830438,46.755245206269144,92.13926435805286,High,Trending,train,2025-10,65d674ca66c2,
149,2025-10-07 15:06:00,2025-10-07 15:07:00,SHORT,122483.14,122238.17372,TP,1,5e-05,0.0008,0.0008500000000000001,0.001999999999999945,0.001149999999999945,0.0,0.00419910854669461,122881.10890126602,123256.82625647845,7.346066114430362,16.385533955130104,7.346066114430362,81.11118535832325,High,Trending,train,2025-10,65d674ca66c2,5-10
150,2025-10-07 15:21:00,2025-10-07 15:22:00,SHORT,122233.81,122325.4853575,SL,1,5e-05,0.0008,0.0008500000000000001,-0.0007500000000000318,-0.001600000000000032,0.001124647918607799,0.0,122539.59053594945,122961.47141765381,81.34934554883922,75.64474180116905,69.82302650131808,81.7804387546161,Medium,Trending,train,2025-10,65d674ca66c2,
151,2025-10-07 15:27:00,2025-10-07 15:28:00,SHORT,122135.69,122227.2917675,SL,1,5e-05,0.0008,0.0008500000000000001,-0.000750000000000032,-0.001600000000000032,0.0007875666809595322,0.0006433009057385846,122478.77841863892,122881.71867082117,44.461925898445635,58.972494574959654,44.461925898445635,86.65154170826092,High,Trending,train,2025-10,65d674ca66c2,
152,2025-10-07 15:29:00,2025-10-07 15:33:00,SHORT,122137.9,121893.62419999999,TP,4,5e-05,0.0008,0.0008500000000000001,0.002000000000000025,0.0011500000000000251,0.0,0.0025562908810451233,122450.2949262407,122851.40484390924,25.52428289563387,32.896644154961876,25.52428289563387,75.6284839039091,Medium,Trending,train,2025-10,65d674ca66c2,
153,2025-10-09 14:17:00,2025-10-09 14:18:00,SHORT,122211.22,122302.878415,SL,1,5e-05,0.0008,0.0008500000000000001,-0.0007499999999999841,-0.0015999999999999842,0.0008118730833388388,2.6511477424128806e-05,122601.17198136817,122795.16146004618,55.969886988901656,67.74454464056362,55.969886988901656,93.29750829720433,High,Trending,train,2025-10,65d674ca66c2,
154,2025-10-10 15:14:00,2025-10-10 15:17:00,SHORT,120440.61,120199.72878,TP,3,5e-05,0.0008,0.0008500000000000001,0.001999999999999964,0.001149999999999964,0.00047616829572688,0.002247746835556555,120880.06658745436,121174.30868446882,63.84515302944112,73.08282125731215,62.18801607827215,81.01278642950837,Medium,Trending,train,2025-10,65d674ca66c2,
155,2025-10-10 15:41:00,2025-10-10 15:42:00,SHORT,118875.99,118965.14699250001,SL,1,5e-05,0.0008,0.0008500000000000001,-0.0007500000000000641,-0.001600000000000064,0.002942394002354881,0.0,119829.04799925766,120410.43494247216,61.61630946157862,70.43008753446135,61.61630946157862,82.45372807106675,High,Trending,train,2025-10,65d674ca66c2,
156,2025-10-10 15:43:00,2025-10-10 15:44:00,SHORT,119149.47,119238.8321025,SL,1,5e-05,0.0008,0.0008500000000000001,-0.0007500000000000247,-0.0016000000000000248,0.003581887523293212,0.0,119784.86972941855,120365.06860025189,71.59129970346473,63.2762856009032,56.621247637666066,82.45372807106675,High,Trending,train,2025-10,65d674ca66c2,
157,2025-10-10 15:47:00,2025-10-10 15:51:00,SHORT,119291.09,119380.5583175,SL,4,5e-05,0.0008,0.0008500000000000001,-0.000750000000000084,-0.001600000000000084,0.0011140815294755772,0.0014062240524418043,119718.51266676067,120286.19605941634,57.42772108843514,72.07580096245677,57.42772108843514,83.33682860438542,High,Trending,train,2025-10,65d674ca66c2,
158,2025-10-12 15:29:00,2025-10-12 15:30:00,LONG,113162.0,113077.12849999999,SL,1,5e-05,0.0008,0.0008500000000000001,-0.0007500000000000741,-0.001600000000000074,0.0026430250437425684,0.00021199696011033067,112759.75570638342,112364.08899724255,33.449180546030426,22.79988635819537,14.835125137511858,41.03094645576768,Low,Trending,train,2025-10,65d674ca66c2,10-15
159,2025-10-13 12:46:00,2025-10-13 12:48:00,LONG,114488.92,114717.89784,TP,2,5e-05,0.0008,0.0008500000000000001,0.00200000000000006,0.0011500000000000598,0.0,0.0022713988392938193,114155.90088544566,113673.67445119988,73.33411272508516,59.86906293887944,18.445840192525356,73.33411272508516,Medium,Trending,train,2025-10,65d674ca66c2,15-20
160,2025-10-13 12:59:00,2025-10-13 13:02:00,LONG,114366.84,114595.57368,TP,3,5e-05,0.0008,0.0008500000000000001,0.002000000000000042,0.001150000000000042,0.0,0.0023340681617154265,114289.30871963894,113860.53357208201,28.381749946863504,27.510946802301223,17.538932856775872,28.381749946863504,Low,Ranging,train,2025-10,65d674ca66c2,15-20
161,2025-10-14 12:32:00,2025-10-14 12:35:00,SHORT,111012.53,111095.7893975,SL,3,5e-05,0.0008,0.0008500000000000001,-0.0007500000000000489,-0.0016000000000000489,0.0008630557289343615,0.0011199636653628357,112001.77145818483,112821.00805973554,31.778352011145945,60.664864450681016,31.778352011145945,87.39785331732587,Low,Trending,train,2025-10,65d674ca66c2,
162,2025-10-15 15:12:00,2025-10-15 15:16:00,SHORT,110923.76,110701.91248,TP,4,5e-05,0.0008,0.0008500000000000001,0.0019999999999999614,0.0011499999999999614,0.0002185284739717193,0.0033695215524608504,111262.56644661656,111408.34059869526,40.00388645081345,63.73123434818378,40.00388645081345,97.12157961099818,Medium,Trending,train,2025-10,65d674ca66c2,
163,2025-10-16 14:27:00,2025-10-16 14:28:00,SHORT,110114.02,110196.605515,SL,1,5e-05,0.0008,0.0008500000000000001,-0.0007499999999999895,-0.0015999999999999895,0.001629129515024512,0.0,110583.5416716874,110847.15242992443,71.07697295647927,75.7217585179478,49.42682926829315,80.68039598073078,High,Trending,train,2025-10,65d674ca66c2,
164,2025-10-16 14:29:00,2025-10-16 14:30:00,SHORT,110283.56,110366.27267,SL,1,5e-05,0.0008,0.0008500000000000001,-0.0007500000000000732,-0.0016000000000000732,0.002386212414615592,0.0,110562.82208908937,110826.23808113806,78.41032608397423,72.73932968358423,68.73069001029899,80.68039598073078,Low,Trending,train,2025-10,65d674ca66c2,
165,2025-10-17 12:11:00,2025-10-17 12:12:00,SHORT,105829.4,105617.74119999999,TP,1,5e-05,0.0008,0.0008500000000000001,0.0020000000000000447,0.0011500000000000446,0.0,0.00205424957525975,108112.58563283057,109086.06639414457,39.664724522755876,64.4984842464951,37.895434865912655,86.78653640522093,High,Trending,train,2025-10,65d674ca66c2,
166,2025-10-19 14:06:00,2025-10-19 14:18:00,LONG,107962.0,108177.924,TP,12,5e-05,0.0008,0.0008500000000000001,0.0019999999999999914,0.0011499999999999913,0.0006854263537170485,0.0023224838369056266,107812.00854394851,107666.00359992374,15.668454045812693,17.886206196796184,15.668454045812693,22.520213186366416,High,Trending,train,2025-10,65d674ca66c2,15-20
167,2025-10-19 14:45:00,2025-10-19 14:56:00,LONG,108249.91,108466.40982,TP,11,5e-05,0.0008,0.0008500000000000001,0.001999999999999975,0.0011499999999999748,0.0005806933234401819,0.0021417107875655187,108171.93866587698,107986.68757900024,32.94591605065843,26.036244979441125,7.98900837349816,32.94591605065843,High,Trending,train,2025-10,65d674ca66c2,5-10
168,2025-10-20 13:01:00,2025-10-20 13:12:00,LONG,110798.49,110715.39113250001,SL,11,5e-05,0.0008,0.0008500000000000001,-0.0007499999999999742,-0.0015999999999999743,0.0012411721495482842,0.0005537079070300621,110718.86500978853,110190.14747141047,35.5286512303174,39.77997361656987,10.270665284229787,43.57024988213296,Low,Trending,train,2025-10,65d674ca66c2,10-15
169,2025-10-21 12:27:00,2025-10-21 12:31:00,SHORT,109162.19,108943.86562,TP,4,5e-05,0.0008,0.0008500000000000001,0.00200000000000005,0.0011500000000000499,8.38202311624032e-05,0.002066374813477148,109643.46173132659,110182.8299719129,56.05811256475037,69.1516435830989,56.05811256475037,90.40219799824945,High,Trending,train,2025-10,65d674ca66c2,
170,2025-10-21 12:40:00,2025-10-21 12:41:00,SHORT,109013.61,109095.3702075,SL,1,5e-05,0.0008,0.0008500000000000001,-0.000750000000000029,-0.001600000000000029,0.0033479305932534583,0.0,109403.9253111803,109923.91853327118,72.08826429980229,75.18563099620148,44.0277743585447,82.51625446658504,High,Trending,train,2025-10,65d674ca66c2,
171,2025-10-22 12:44:00,2025-10-22 12:50:00,SHORT,108204.53,107988.12094,TP,6,5e-05,0.0008,0.0008500000000000001,0.00200000000000005,0.0011500000000000499,0.0,0.0023227308505475858,108810.8420093406,109631.19972972921,58.329402824806316,72.8142609045773,58.329402824806316,94.07412526406767,Low,Trending,train,2025-10,65d674ca66c2,
172,2025-10-24 12:45:00,2025-10-24 12:46:00,LONG,111566.97,111483.2947725,SL,1,5e-05,0.0008,0.0008500000000000001,-0.0007500000000000317,-0.0016000000000000317,0.0014610058873159323,0.0,111078.53638474525,110647.75033281352,70.62648837340988,51.445507638117554,16.128946923682832,70.62648837340988,Low,Trending,train,2025-10,65d674ca66c2,15-20
173,2025-10-26 12:28:00,2025-10-26 12:35:00,LONG,113635.31,113550.0835175,SL,7,5e-05,0.0008,0.0008500000000000001,-0.0007500000000000178,-0.0016000000000000179,0.0007840872700570911,0.0009076404156419287,112933.45661455921,112423.33351543022,63.27678652973332,38.84701248665178,11.175988891659083,63.27678652973332,Medium,Trending,train,2025-10,65d674ca66c2,10-15
174,2025-10-26 12:37:00,2025-10-26 12:38:00,LONG,113682.92,113597.65780999999,SL,1,5e-05,0.0008,0.0008500000000000001,-0.0007500000000000753,-0.0016000000000000753,0.0008615190390957791,0.0,113143.16238825845,112621.80429084296,39.52004438895471,26.814680380407918,10.676212741065518,39.52004438895471,High,Trending,train,2025-10,65d674ca66c2,10-15
175,2025-10-26 12:39:00,2025-10-26 12:41:00,LONG,113584.98,113499.79126499999,SL,2,5e-05,0.0008,0.0008500000000000001,-0.0007500000000000296,-0.0016000000000000298,0.000760399834555549,0.0,113175.57488435548,112658.78425983255,22.90569545244257,34.74659724033033,10.676212741065518,41.81405187959334,High,Trending,train,2025-10,65d674ca66c2,10-15
176,2025-10-26 12:46:00,2025-10-26 12:47:00,LONG,113649.19,113563.9531075,SL,1,5e-05,0.0008,0.0008500000000000001,-0.0007500000000000406,-0.0016000000000000406,0.0008551754746338476,0.0,113266.93683512164,112775.02420609107,51.13026268158109,31.706593175340142,10.427086172890169,51.13026268158109,High,Trending,train,2025-10,65d674ca66c2,10-15
177,2025-10-26 12:48:00,2025-10-26 13:03:00,LONG,113615.1,113529.88867500001,SL,15,5e-05,0.0008,0.0008500000000000001,-0.0007499999999999699,-0.00159999999999997,0.001013069565577162,0.001316990435250157,113294.73381050637,112808.4829471521,70.91370743825773,64.80329716645004,10.427086172890169,72.36592137951094,High,Trending,train,2025-10,65d674ca66c2,10-15
178,2025-10-27 12:23:00,2025-10-27 12:34:00,LONG,115270.15,115183.6973875,SL,11,5e-05,0.0008,0.0008500000000000001,-0.0007499999999999782,-0.0015999999999999782,0.0010071124224267645,0.0005475832208079013,114610.6121190979,114215.06353870411,66.3176209144584,43.493862716262186,7.711666495893566,66.3176209144584,Medium,Trending,train,2025-10,65d674ca66c2,5-10
179,2025-10-27 12:38:00,2025-10-27 12:42:00,LONG,115156.49,115070.1226325,SL,4,5e-05,0.0008,0.0008500000000000001,-0.0007500000000000237,-0.0016000000000000237,0.0010150535154379871,0.0002649438168877391,114883.66119845008,114475.78473584964,20.481495426335517,17.38006642884524,4.464850203536228,20.481495426335517,Low,Trending,train,2025-10,65d674ca66c2,0-5
180,2025-10-28 14:29:00,2025-10-28 14:31:00,LONG,115902.24,115815.31332,SL,2,5e-05,0.0008,0.0008500000000000001,-0.0007500000000000356,-0.0016000000000000356,0.001072024147246852,0.0005208700021673035,115564.98516751322,115296.94701662709,48.606042284615256,28.32767832750987,12.07478278164777,48.606042284615256,Medium,Trending,train,2025-10,65d674ca66c2,10-15
181,2025-10-30 12:37:00,2025-10-30 12:41:00,SHORT,108919.08,108701.24184,TP,4,5e-05,0.0008,0.0008500000000000001,0.001999999999999994,0.001149999999999994,0.00020170937910971305,0.0035431808641791527,109747.8655752015,110598.92766272505,57.61457420426751,71.63531981111909,57.61457420426751,84.27014446100404,High,Trending,train,2025-10,65d674ca66c2,
182,2025-11-02 12:14:00,2025-11-02 12:21:00,LONG,111109.01,111025.6782425,SL,7,5e-05,0.0008,0.0008500000000000001,-0.0007499999999999681,-0.0015999999999999682,0.0014331871015680069,0.0005669207204708713,110565.80595557044,110339.31732583082,29.23766828113936,20.264252302858143,2.1628613740107947,29.23766828113936,Medium,Trending,train,2025-11,65d674ca66c2,0-5
183,2025-11-02 12:25:00,2025-11-02 12:28:00,LONG,111032.0,110948.726,SL,3,5e-05,0.0008,0.0008500000000000001,-0.000750000000000044,-0.001600000000000044,0.0010085380791122914,0.0,110737.0329788903,110479.78780546242,39.16413831756147,32.481632426278075,4.089282725168333,39.16413831756147,High,Trending,train,2025-11,65d674ca66c2,0-5
184,2025-11-02 12:42:00,2025-11-02 12:45:00,LONG,110880.0,110796.84,SL,3,5e-05,0.0008,0.0008500000000000001,-0.0007500000000000315,-0.0016000000000000315,0.000937950937950938,0.0,110809.99069309552,110598.02984725535,49.07015233295098,32.23271062401876,5.089918409976527,49.07015233295098,High,Trending,train,2025-11,65d674ca66c2,5-10
185,2025-11-03 12:22:00,2025-11-03 12:27:00,SHORT,108112.11,108193.1940825,SL,5,5e-05,0.0008,0.0008500000000000001,-0.0007500000000000464,-0.0016000000000000465,0.001015889894295854,0.0005878157405308518,108942.12065489296,109505.0994400148,43.41675677643108,62.32842542675234,43.41675677643108,94.38398944557956,Medium,Trending,train,2025-11,65d674ca66c2,
186,2025-11-03 12:31:00,2025-11-03 12:36:00,SHORT,108155.37,107939.05926,TP,5,5e-05,0.0008,0.0008500000000000001,0.0020000000000000074,0.0011500000000000074,0.0,0.0020460380284399527,108705.78618199388,109283.53156723594,52.532890692242916,72.50835817220262,52.532890692242916,86.13406186003414,High,Trending,train,2025-11,65d674ca66c2,
187,2025-11-03 12:55:00,2025-11-03 13:06:00,SHORT,107841.3,107625.6174,TP,11,5e-05,0.0008,0.0008500000000000001,0.002000000000000001,0.0011500000000000008,0.0,0.0022174250495867968,108215.30597407324,108762.36401141371,14.53493152143251,38.21575462493744,14.53493152143251,91.77846783107043,High,Trending,train,2025-11,65d674ca66c2,10-15
188,2025-11-04 12:46:00,2025-11-04 12:48:00,SHORT,103974.28,104052.26071,SL,2,5e-05,0.0008,0.0008500000000000001,-0.0007500000000000332,-0.0016000000000000333,0.000824434658263574,0.00015532687506943234,104450.54792946411,105216.82680652822,54.371254134784586,67.09752222273808,54.371254134784586,84.89130286818941,Medium,Trending,train,2025-11,65d674ca66c2,
189,2025-11-06 15:57:00,2025-11-06 15:58:00,SHORT,101973.09,102049.5698175,SL,1,5e-05,0.0008,0.0008500000000000001,-0.000750000000000032,-0.001600000000000032,0.0012445440262720635,4.363896396585697e-05,102148.95546802756,102352.21897361639,71.271800055778,78.00928594067159,71.271800055778,87.81693353025109,High,Trending,train,2025-11,65d674ca66c2,
190,2025-11-07 13:04:00,2025-11-07 13:05:00,SHORT,99485.49,99560.10411750001,SL,1,5e-05,0.0008,0.0008500000000000001,-0.0007500000000000847,-0.0016000000000000849,0.00291700829940122,0.0,99897.05628519433,100500.19004043724,48.038625574461086,59.65701969340777,48.038625574461086,84.61104974866353,Medium,Trending,train,2025-11,65d674ca66c2,
191,2025-11-09 14:09:00,2025-11-09 14:11:00,LONG,102842.67,103048.35534,TP,2,5e-05,0.0008,0.0008500000000000001,0.0019999999999999645,0.0011499999999999644,0.0,0.003585476728676971,102718.2450207418,102527.58956674962,55.95479706092532,41.755529652623515,18.682828282824406,55.95479706092532,High,Trending,train,2025-11,65d674ca66c2,15-20
192,2025-11-09 14:43:00,2025-11-09 14:44:00,LONG,103363.83,103286.3071275,SL,1,5e-05,0.0008,0.0008500000000000001,-0.0007500000000000501,-0.0016000000000000502,0.0009196640643056442,0.0,103234.43388887358,102952.20162606452,31.251527395763844,27.09116718630869,8.533095091300684,31.251527395763844,High,Trending,train,2025-11,65d674ca66c2,5-10
193,2025-11-10 12:36:00,2025-11-10 12:37:00,LONG,106028.0,105948.47899999999,SL,1,5e-05,0.0008,0.0008500000000000001,-0.0007500000000000746,-0.0016000000000000747,0.0014354698758818152,0.0,105445.60651777053,104775.54460589375,37.21764166993773,28.98533630095702,11.91324355694816,37.82512367598479,High,Trending,train,2025-11,65d674ca66c2,10-15
194,2025-11-11 15:44:00,2025-11-11 15:46:00,SHORT,103504.65,103582.27848749999,SL,2,5e-05,0.0008,0.0008500000000000001,-0.0007499999999999836,-0.0015999999999999838,0.0007920417102034592,0.002151111085347317,103875.20809879531,104071.22918364203,56.42730767455118,68.77586588070187,54.78687451065573,83.41148443984495,Medium,Trending,train,2025-11,65d674ca66c2,
195,2025-11-11 15:47:00,2025-11-11 15:50:00,SHORT,103313.28,103390.76496,SL,3,5e-05,0.0008,0.0008500000000000001,-0.0007500000000000154,-0.0016000000000000155,0.0014349558933759532,0.0009890306454309941,103815.834235514,104029.33326204543,20.87387933606252,32.22597668181634,20.87387933606252,66.48880552770913,High,Trending,train,2025-11,65d674ca66c2,
196,2025-11-12 15:16:00,2025-11-12 15:19:00,SHORT,103811.45,103603.8271,TP,3,5e-05,0.0008,0.0008500000000000001,0.0020000000000000204,0.0011500000000000204,0.0004855919072511124,0.0037612421365850477,104247.32716742084,104460.0198845643,12.048569367159125,12.144454748815749,12.048569367159125,65.61376777701413,High,Trending,train,2025-11,65d674ca66c2,10-15
197,2025-11-12 15:35:00,2025-11-12 15:36:00,SHORT,103420.67,103213.82866,TP,1,5e-05,0.0008,0.0008500000000000001,0.0019999999999999905,0.0011499999999999904,0.0,0.0028589062515259112,103862.01601842935,104164.98269856258,41.63954846748488,63.48061130331077,41.63954846748488,80.35599782923742,Medium,Trending,train,2025-11,65d674ca66c2,
198,2025-11-12 15:37:00,2025-11-12 15:38:00,SHORT,103125.02,102918.76996,TP,1,5e-05,0.0008,0.0008500000000000001,0.00199999999999999,0.00114999999999999,0.0,0.00262351464271234,103804.91404853859,104123.98582576335,6.198350657213465,20.56349429241443,6.198350657213465,80.35599782923742,High,Trending,train,2025-11,65d674ca66c2,5-10
199,2025-11-14 12:30:00,2025-11-14 12:31:00,SHORT,95756.94,95828.75770500001,SL,1,5e-05,0.0008,0.0008500000000000001,-0.0007500000000000895,-0.0016000000000000896,0.0016901124868860314,0.0014300791148923757,97506.35193840168,99161.95181369146,69.58398359530396,79.13508685285986,53.87067451397945,89.91650552169027,Medium,Trending,train,2025-11,65d674ca66c2,
200,2025-11-14 12:32:00,2025-11-14 12:33:00,SHORT,95620.01,95428.76998,TP,1,5e-05,0.0008,0.0008500000000000001,0.0019999999999999736,0.0011499999999999735,0.00016722441254717751,0.0030998741790550844,97358.97430376871,99021.88911734044,30.149334503899997,49.1214684195024,30.149334503899997,89.91650552169027,High,Trending,train,2025-11,65d674ca66c2,
201,2025-11-14 12:55:00,2025-11-14 12:57:00,SHORT,95285.35,95356.8140125,SL,2,5e-05,0.0008,0.0008500000000000001,-0.0007500000000000055,-0.0016000000000000055,0.0019416416059760996,0.0015320298450917215,96033.0504465705,97591.94716938163,70.44959847781278,75.8404961557644,70.44959847781278,80.5353524169739,High,Trending,train,2025-11,65d674ca66c2,
202,2025-11-16 12:24:00,2025-11-16 12:26:00,SHORT,95676.8,95748.5576,SL,2,5e-05,0.0008,0.0008500000000000001,-0.0007499999999999705,-0.0015999999999999706,0.0012824425566072138,7.828439078235516e-05,95935.91759327965,96042.81119674262,27.339513653812748,48.31402139029186,27.339513653812748,84.62233368389785,Medium,Trending,train,2025-11,65d674ca66c2,
203,2025-11-16 12:32:00,2025-11-16 12:34:00,SHORT,95760.19,95568.66962,TP,2,5e-05,0.0008,0.0008500000000000001,0.0020000000000000183,0.0011500000000000182,0.0,0.0021949622280407165,95888.83268884814,96001.68274935585,44.14055187389945,67.06281394918311,44.14055187389945,84.71636288099563,High,Trending,train,2025-11,65d674ca66c2,
204,2025-11-16 12:35:00,2025-11-16 12:40:00,SHORT,95579.14,95650.824355,SL,5,5e-05,0.0008,0.0008500000000000001,-0.000750000000000051,-0.001600000000000051,0.0008878506335169011,0.0014927943482227713,95854.60011587018,95977.50514750274,7.802031478487915,12.57430359583229,6.393462584484209,73.99277571608022,Low,Trending,train,2025-11,65d674ca66c2,5-10
205,2025-11-17 14:07:00,2025-11-17 14:08:00,SHORT,93870.6,93941.00295000001,SL,1,5e-05,0.0008,0.0008500000000000001,-0.0007500000000000355,-0.0016000000000000354,0.0009850794604487577,0.000492912583918757,94201.50560127929,94551.57059608541,43.27620858814842,61.20377015441475,43.27620858814842,85.5495111064356,High,Trending,train,2025-11,65d674ca66c2,
206,2025-11-17 14:09:00,2025-11-17 14:13:00,SHORT,93963.05,94033.5222875,SL,4,5e-05,0.0008,0.0008500000000000001,-0.0007500000000000072,-0.0016000000000000072,0.0012950835461386398,0.001247298805221809,94182.32989952773,94528.0694571349,46.14465815917523,42.63562755736934,38.48601592478397,82.66081213098933,High,Trending,train,2025-11,65d674ca66c2,
207,2025-11-20 15:28:00,2025-11-20 15:29:00,SHORT,90576.0,90643.932,SL,1,5e-05,0.0008,0.0008500000000000001,-0.0007500000000000077,-0.0016000000000000077,0.0013683536477654382,0.0,90807.79565220092,91021.20043723505,51.71851975866741,62.715359673708406,51.71851975866741,90.7609798341316,Medium,Trending,train,2025-11,65d674ca66c2,
208,2025-11-20 15:41:00,2025-11-20 15:42:00,SHORT,90395.48,90463.27661,SL,1,5e-05,0.0008,0.0008500000000000001,-0.000750000000000054,-0.001600000000000054,0.0010762706276907668,4.734750011835587e-05,90676.50265550743,90898.16870256094,49.98024331912205,66.16269800006906,49.98024331912205,83.48688087068005,Low,Trending,train,2025-11,65d674ca66c2,
209,2025-11-21 12:35:00,2025-11-21 12:36:00,SHORT,81699.83,81761.1048725,SL,1,5e-05,0.0008,0.0008500000000000001,-0.0007499999999999793,-0.0015999999999999795,0.006890467213946432,0.0,83755.1968458303,86102.62398643019,85.69271804433407,81.89488189515966,67.26785076688411,85.69271804433407,High,Trending,train,2025-11,65d674ca66c2,
210,2025-11-21 12:48:00,2025-11-21 12:49:00,SHORT,83271.8,83105.2564,TP,1,5e-05,0.0008,0.0008500000000000001,0.0020000000000000543,0.0011500000000000542,0.0,0.0032638900564177565,83418.5773215796,85370.71499908119,70.53425400924398,78.27292977903305,70.53425400924398,92.03224280295099,High,Trending,train,2025-11,65d674ca66c2,
211,2025-11-23 12:46:00,2025-11-23 12:47:00,LONG,86587.73,86522.78920249999,SL,1,5e-05,0.0008,0.0008500000000000001,-0.0007500000000000779,-0.001600000000000078,0.0008741423294039737,0.0,86289.00172092876,85718.33373283992,29.561243167951286,22.02281892773682,7.419172172283889,29.561243167951286,Medium,Trending,train,2025-11,65d674ca66c2,5-10
212,2025-11-23 12:52:00,2025-11-23 12:56:00,LONG,86626.43,86561.46017749999,SL,4,5e-05,0.0008,0.0008500000000000001,-0.0007500000000000337,-0.0016000000000000337,0.0008549353817304681,0.0006450687163260065,86346.63788418587,85813.14156152598,80.69939211628447,54.414475138030106,9.478266645236788,80.69939211628447,Medium,Trending,train,2025-11,65d674ca66c2,5-10
213,2025-11-25 12:43:00,2025-11-25 12:44:00,LONG,87583.17,87758.33634,TP,1,5e-05,0.0008,0.0008500000000000001,0.001999999999999956,0.0011499999999999557,0.0,0.002386645744838864,87355.00718113147,87039.6829099438,82.12302059369362,56.432590422901626,20.67514085966,82.12302059369362,High,Trending,train,2025-11,65d674ca66c2,
214,2025-11-27 13:01:00,2025-11-27 13:05:00,LONG,91067.86,90999.559105,SL,4,5e-05,0.0008,0.0008500000000000001,-0.0007500000000000833,-0.0016000000000000833,0.001975010722773112,6.698301684047282e-05,90804.82308326584,89994.57867874914,54.03379096482211,37.04274002295865,8.72957870570629,54.03379096482211,Medium,Trending,train,2025-11,65d674ca66c2,5-10
215,2025-11-28 14:15:00,2025-11-28 14:22:00,LONG,92354.22,92538.92844,TP,7,5e-05,0.0008,0.0008500000000000001,0.0020000000000000235,0.0011500000000000234,0.0,0.0020166918198215524,92106.060414806,91862.64204458227,58.648002798774165,38.68109268627354,19.281149669612926,58.648002798774165,High,Trending,train,2025-11,65d674ca66c2,15-20
216,2025-11-30 13:48:00,2025-11-30 13:49:00,LONG,91752.77,91683.9554225,SL,1,5e-05,0.0008,0.0008500000000000001,-0.0007500000000000128,-0.0016000000000000129,0.001179800893204641,0.0,91664.00726347425,91504.29799058275,37.21412510479475,26.846411100069332,8.88015238466243,37.21412510479475,Medium,Trending,train,2025-11,65d674ca66c2,5-10
217,2025-11-30 13:53:00,2025-11-30 14:13:00,LONG,91717.96,91649.17153,SL,20,5e-05,0.0008,0.0008500000000000001,-0.0007499999999999946,-0.0015999999999999947,0.0008385489603127183,0.0008804164418833563,91667.85141212557,91521.42547548407,57.70665782273888,34.26880052892374,12.341266025864194,57.70665782273888,Medium,Trending,train,2025-11,65d674ca66c2,10-15
218,2025-12-01 12:27:00,2025-12-01 12:32:00,SHORT,85924.34,85752.49132,TP,5,5e-05,0.0008,0.0008500000000000001,0.001999999999999948,0.001149999999999948,0.0,0.0020289943454904224,87752.69525071427,89109.06226664287,32.83180207459529,54.342940356168846,32.83180207459529,83.56320221880107,High,Trending,train,2025-12,65d674ca66c2,
219,2025-12-01 12:57:00,2025-12-01 12:58:00,SHORT,85259.98,85323.924985,SL,1,5e-05,0.0008,0.0008500000000000001,-0.0007500000000001078,-0.0016000000000001078,0.0032573312825079385,0.0,86144.5458357602,87473.90002733673,76.66078138439912,77.75326921044086,74.83362759744631,86.57595204637865,High,Trending,train,2025-12,65d674ca66c2,
220,2025-12-01 13:01:00,2025-12-01 13:02:00,SHORT,85408.93,85472.98669749999,SL,1,5e-05,0.0008,0.0008500000000000001,-0.0007499999999999592,-0.0015999999999999593,0.006251102782812158,0.0,86048.70961207456,87321.78955968693,71.51356144811031,74.99123542996894,70.40095295560127,84.72065815080033,High,Trending,train,2025-12,65d674ca66c2,
221,2025-12-02 15:32:00,2025-12-02 15:33:00,LONG,90362.49,90294.7181325,SL,1,5e-05,0.0008,0.0008500000000000001,-0.0007500000000000766,-0.0016000000000000766,0.004904025995742253,0.0,89893.41716218817,89248.80894342148,32.917491445318035,22.64422873377828,3.945283071180871,32.917491445318035,Medium,Trending,train,2025-12,65d674ca66c2,0-5
222,2025-12-05 12:12:00,2025-12-05 12:19:00,SHORT,91280.68,91349.14051,SL,7,5e-05,0.0008,0.0008500000000000001,-0.0007500000000000486,-0.0016000000000000486,0.0007594159026861652,0.0004458774846988113,92175.48307327995,92363.28506388041,32.23643131913057,58.84399258949591,32.23643131913057,94.33855904443878,Low,Trending,train,2025-12,65d674ca66c2,
223,2025-12-07 13:48:00,2025-12-07 13:51:00,SHORT,88968.85,89035.57663750001,SL,3,5e-05,0.0008,0.0008500000000000001,-0.00075000000000004,-0.0016000000000000402,0.0010598091354445246,0.0006586574964159458,89106.9899119104,89244.85224530226,45.01338115465588,66.82167253865872,45.01338115465588,81.48796766123006,High,Trending,train,2025-12,65d674ca66c2,
224,2025-12-07 14:43:00,2025-12-07 14:44:00,SHORT,88116.2,88182.28715,SL,1,5e-05,0.0008,0.0008500000000000001,-0.0007500000000000756,-0.0016000000000000758,0.002085882051200607,0.0,88488.3653715621,88758.7782033422,63.957128407222505,71.40040656680446,63.957128407222505,82.4114671163574,High,Trending,train,2025-12,65d674ca66c2,
225,2025-12-07 14:45:00,2025-12-07 14:46:00,SHORT,88236.09,88302.2670675,SL,1,5e-05,0.0008,0.0008500000000000001,-0.000750000000000008,-0.001600000000000008,0.001443400313862509,0.0005157753477063043,88473.96154445238,88740.8046163079,71.40143664338642,63.81550430059596,56.087947851178576,81.18749877616385,High,Trending,train,2025-12,65d674ca66c2,
226,2025-12-08 12:41:00,2025-12-08 13:10:00,LONG,91760.03,91943.55006,TP,29,5e-05,0.0008,0.0008500000000000001,0.0019999999999999484,0.0011499999999999484,0.000618243041114916,0.0028037261975612264,91289.20783433481,90538.52204332169,38.05327076529792,26.088993947317167,17.841529601220238,38.05327076529792,Medium,Trending,train,2025-12,65d674ca66c2,15-20
227,2025-12-15 15:09:00,2025-12-15 15:10:00,SHORT,87968.35,87792.4133,TP,1,5e-05,0.0008,0.0008500000000000001,0.0020000000000000642,0.0011500000000000642,0.0,0.003682347116889285,88608.72979315948,88955.79091238324,77.3553140004574,79.05116255415962,35.61182369498665,81.48898694185506,High,Trending,train,2025-12,65d674ca66c2,
228,2025-12-15 15:11:00,2025-12-15 15:14:00,SHORT,87673.97,87498.62206,TP,3,5e-05,0.0008,0.0008500000000000001,0.002000000000000079,0.001150000000000079,0.0004351348524538604,0.0024021953152115797,88537.21872102111,88905.71310580023,44.440318991716566,59.577278884539176,44.440318991716566,81.48898694185506,High,Trending,train,2025-12,65d674ca66c2,
229,2025-12-15 15:35:00,2025-12-15 15:36:00,SHORT,87057.18,86883.06563999999,TP,1,5e-05,0.0008,0.0008500000000000001,0.002000000000000079,0.001150000000000079,0.0,0.003046043990857423,87597.08289009902,88191.21834688171,62.44565121700075,75.0662410630008,62.44565121700075,84.88344195927765,High,Trending,train,2025-12,65d674ca66c2,
230,2025-12-15 15:38:00,2025-12-15 15:39:00,SHORT,86718.02,86783.05851500001,SL,1,5e-05,0.0008,0.0008500000000000001,-0.000750000000000086,-0.0016000000000000862,0.001567724908848208,5.0739165862051866e-05,87506.21195812515,88109.8045331228,19.7709562195562,26.485943054329557,18.11288139075315,77.86963001272356,High,Trending,train,2025-12,65d674ca66c2,15-20
231,2025-12-15 15:49:00,2025-12-15 15:51:00,SHORT,87075.84,86901.68832,TP,2,5e-05,0.0008,0.0008500000000000001,0.001999999999999947,0.001149999999999947,0.0,0.002400206532604222,87339.61237627851,87896.32920370996,59.5008415492974,72.7076992921204,59.5008415492974,98.70724951234293,High,Trending,train,2025-12,65d674ca66c2,
232,2025-12-15 15:52:00,2025-12-15 15:53:00,SHORT,86946.56,86772.66688,TP,1,5e-05,0.0008,0.0008500000000000001,0.0019999999999999237,0.0011499999999999237,0.0,0.0024143565886907805,87290.68740768477,87838.79681266985,14.159206956960995,28.11575547068695,14.159206956960995,72.47463791065782,High,Trending,train,2025-12,65d674ca66c2,10-15
233,2025-12-17 14:31:00,2025-12-17 14:32:00,LONG,87821.02,87755.154235,SL,1,5e-05,0.0008,0.0008500000000000001,-0.0007500000000001089,-0.001600000000000109,0.0010819733134505164,0.0001061249345543064,87607.39476443114,87453.00620195018,59.3687863000631,46.43809958118874,12.944092912887212,59.3687863000631,High,Trending,train,2025-12,65d674ca66c2,10-15
234,2025-12-17 15:23:00,2025-12-17 15:24:00,LONG,89920.0,89852.56,SL,1,5e-05,0.0008,0.0008500000000000001,-0.0007500000000000259,-0.0016000000000000259,0.0019432829181495245,0.0005839635231316144,89225.92019370246,88583.29898026795,22.61234011930503,22.2945058457332,18.793333333332672,40.55529608500107,High,Trending,train,2025-12,65d674ca66c2,15-20
235,2025-12-17 15:28:00,2025-12-17 15:29:00,LONG,89738.9,89918.37779999999,TP,1,5e-05,0.0008,0.0008500000000000001,0.0019999999999999254,0.0011499999999999254,0.0,0.0023523800715186593,89325.30312136863,88696.51260375055,40.279172602782445,26.451718256460996,11.93256773801697,40.279172602782445,High,Trending,train,2025-12,65d674ca66c2,10-15
236,2025-12-21 12:32:00,2025-12-21 12:33:00,LONG,88887.58,88820.914315,SL,1,5e-05,0.0008,0.0008500000000000001,-0.0007499999999999993,-0.0015999999999999994,0.0014629715422560515,0.0,88636.07929685825,88467.875441702,49.26670570797365,33.25270082813779,10.239196830869291,49.26670570797365,High,Trending,train,2025-12,65d674ca66c2,10-15
237,2025-12-21 12:34:00,2025-12-21 12:41:00,LONG,88789.67,88723.07774749999,SL,7,5e-05,0.0008,0.0008500000000000001,-0.0007500000000000676,-0.0016000000000000675,0.0020780570532585012,0.0002974445112815882,88648.32590994106,88480.71399903159,36.180801120282325,45.193390042308636,14.481840999123355,50.132663298669485,High,Trending,train,2025-12,65d674ca66c2,10-15
238,2025-12-22 12:45:00,2025-12-22 12:46:00,LONG,90163.33,90095.7075025,SL,1,5e-05,0.0008,0.0008500000000000001,-0.0007500000000000858,-0.0016000000000000857,0.0009919775589477709,0.0,89824.74016330244,89302.57319744259,33.36817920722256,23.84865191475929,3.2246438376894297,33.36817920722256,High,Trending,train,2025-12,65d674ca66c2,0-5
239,2025-12-25 15:39:00,2025-12-25 15:43:00,LONG,88043.13,88219.21626,TP,4,5e-05,0.0008,0.0008500000000000001,0.001999999999999959,0.0011499999999999588,0.0,0.004621257785814695,87874.59389780178,87773.18153071021,54.66388156285735,34.09218793117922,7.084705665695466,54.66388156285735,High,Trending,train,2025-12,65d674ca66c2,5-10
240,2025-12-26 12:01:00,2025-12-26 12:31:00,LONG,88586.28,88666.93,MAX_HOLD,30,5e-05,0.0008,0.0008500000000000001,0.0009104118606176281,6.041186061762807e-05,0.0002291551242472639,0.0015838795804496777,88190.62410503758,87998.95545670512,74.36956549283903,44.75574239785448,12.382881987740008,74.36956549283903,Medium,Trending,train,2025-12,65d674ca66c2,10-15
241,2025-12-26 12:39:00,2025-12-26 13:09:00,LONG,88680.17,88757.99,MAX_HOLD,30,5e-05,0.0008,0.0008500000000000001,0.0008775355302093691,2.7535530209369004e-05,0.0006994799401038455,0.0009165521446339,88565.3342732446,88354.35957476356,62.1413265003821,37.59012732431208,19.826982941042345,62.1413265003821,High,Trending,train,2025-12,65d674ca66c2,15-20
242,2025-12-26 15:26:00,2025-12-26 15:27:00,SHORT,86866.51,86931.6598825,SL,1,5e-05,0.0008,0.0008500000000000001,-0.0007500000000000195,-0.0016000000000000196,0.0009017284106383663,0.0005118198025912616,87416.72567255542,87878.7248922838,44.35839052578158,67.14958865477993,44.35839052578158,92.83363913593676,High,Trending,train,2025-12,65d674ca66c2,
243,2025-12-26 15:28:00,2025-12-26 15:29:00,SHORT,86899.28,86964.45446000001,SL,1,5e-05,0.0008,0.0008500000000000001,-0.0007500000000001067,-0.0016000000000001068,0.0014044995539664186,7.675552662804863e-05,87379.09316409288,87841.40757271578,37.054843794432166,38.4100069966591,33.8167866697631,88.75847137958418,High,Trending,train,2025-12,65d674ca66c2,
244,2025-12-26 15:36:00,2025-12-26 15:37:00,SHORT,87007.87,87073.1259025,SL,1,5e-05,0.0008,0.0008500000000000001,-0.0007500000000000947,-0.0016000000000000948,0.0007632642886212879,7.217737889686112e-05,87292.94418936297,87726.561458184,59.184969998175525,74.09003053662624,59.184969998175525,86.08179854551638,Medium,Trending,train,2025-12,65d674ca66c2,
245,2025-12-26 15:38:00,2025-12-26 15:39:00,SHORT,87056.16,87121.45212,SL,1,5e-05,0.0008,0.0008500000000000001,-0.0007499999999999798,-0.00159999999999998,0.000866567052808237,0.0006073091209170022,87273.51583185716,87699.65714456048,39.131017399329735,48.4141040242995,39.131017399329735,86.08179854551638,Medium,Trending,train,2025-12,65d674ca66c2,
246,2025-12-26 15:51:00,2025-12-26 15:59:00,SHORT,87085.92,87137.81,EOD,8,5e-05,0.0008,0.0008500000000000001,-0.0005958483300170615,-0.0014458483300170614,0.0007213565637247328,0.0009751289301416148,87189.94826486715,87554.04008547922,65.18829100057832,72.23318979478285,65.18829100057832,85.75651140545044,High,Trending,train,2025-12,65d674ca66c2,
247,2025-12-28 12:13:00,2025-12-28 12:43:00,LONG,87847.16,87830.0,MAX_HOLD,30,5e-05,0.0008,0.0008500000000000001,-0.00019533926879370365,-0.0010453392687937036,0.00030974251188093505,0.00025988318802795386,87682.22152493968,87610.09330505741,48.36200801320434,30.73035326158029,9.985608143822295,48.36200801320434,Low,Trending,train,2025-12,65d674ca66c2,5-10
248,2025-12-28 12:45:00,2025-12-28 13:15:00,LONG,87811.87,87849.62,MAX_HOLD,30,5e-05,0.0008,0.0008500000000000001,0.0004298963226725499,-0.00042010367732745016,1.138798205158518e-07,0.0015730219616095712,87798.74708472611,87720.9856105251,23.21805723936996,22.323586654696854,10.051958433268817,23.21805723936996,Low,Trending,train,2025-12,65d674ca66c2,10-15
249,2025-12-29 12:32:00,2025-12-29 12:33:00,SHORT,87261.76,87327.20632,SL,1,5e-05,0.0008,0.0008500000000000001,-0.0007500000000000315,-0.0016000000000000315,0.001955381142897011,0.0,87369.2593539722,87562.16468839707,86.89093066977108,84.94718729505978,79.34472063577148,93.07163141549307,High,Trending,train,2025-12,65d674ca66c2,
250,2025-12-29 12:58:00,2025-12-29 13:01:00,SHORT,87350.01,87415.52250749999,SL,3,5e-05,0.0008,0.0008500000000000001,-0.0007499999999999542,-0.0015999999999999543,0.001236290642668561,0.0,87366.95638455541,87482.16071752775,30.337537519731473,43.409749501905395,30.337537519731473,82.89305218049903,High,Trending,train,2025-12,65d674ca66c2,
251,2025-12-31 15:42:00,2025-12-31 15:49:00,SHORT,88060.26,88126.305195,SL,7,5e-05,0.0008,0.0008500000000000001,-0.0007499999999999862,-0.0015999999999999864,0.0010190748925793002,0.00046865634964045674,88155.11724863871,88360.04106791827,76.70031876016664,80.3362339602274,75.27949224110753,88.22492855135827,High,Trending,train,2025-12,65d674ca66c2,
252,2025-12-31 15:53:00,2025-12-31 15:59:00,SHORT,88064.03,87953.97,EOD,6,5e-05,0.0008,0.0008500000000000001,0.0012497724666926744,0.00039977246669267437,0.00020405607147437114,0.0014765392862443251,88125.13173975186,88302.83653270877,33.353473098652294,58.75880173011718,33.353473098652294,81.40599954202217,Medium,Ranging,train,2025-12,65d674ca66c2,
253,2026-01-02 12:12:00,2026-01-02 12:42:00,LONG,89426.1,89509.99,MAX_HOLD,30,5e-05,0.0008,0.0008500000000000001,0.0009380930175865817,8.809301758658163e-05,0.0,0.001868246518633737,88585.77560369446,88318.75850687828,71.49876258747106,42.344706052425494,2.63389055585512,71.49876258747106,High,Trending,train,2026-01,65d674ca66c2,0-5
254,2026-01-04 12:11:00,2026-01-04 12:41:00,LONG,91251.07,91182.63169750001,SL,30,5e-05,0.0008,0.0008500000000000001,-0.0007499999999999871,-0.0015999999999999873,0.0009515504859285676,0.0011937394268362333,90498.71410205844,90295.92248923397,33.427957649227615,24.394428744109515,13.490687388272205,65.02560801202289,Low,Trending,train,2026-01,65d674ca66c2,10-15
255,2026-01-04 12:47:00,2026-01-04 13:17:00,LONG,91142.4,91117.93,MAX_HOLD,30,5e-05,0.0008,0.0008500000000000001,-0.0002684809704374821,-0.0011184809704374821,0.00035548767642715336,0.0008463678814689917,91051.63270510577,90777.01672161609,47.73148655165277,29.567552875605674,6.315319701395427,47.73148655165277,Medium,Trending,train,2026-01,65d674ca66c2,5-10
256,2026-01-05 12:47:00,2026-01-05 13:07:00,LONG,92829.65,93015.3093,TP,20,5e-05,0.0008,0.0008500000000000001,0.001999999999999993,0.001149999999999993,0.0005347429404290485,0.002050530191592943,92691.36272232924,92308.07833177134,46.712388357348196,26.14339156467412,9.39671948846677,46.712388357348196,High,Trending,train,2026-01,65d674ca66c2,5-10
257,2026-01-08 12:29:00,2026-01-08 12:31:00,SHORT,89930.89,89998.3381675,SL,2,5e-05,0.0008,0.0008500000000000001,-0.0007499999999999869,-0.0015999999999999868,0.0007684789953707851,0.0,90409.89244697955,90844.86958765973,56.83552377255836,71.05957933851597,56.83552377255836,85.03992728539968,Low,Trending,train,2026-01,65d674ca66c2,
258,2026-01-09 15:47:00,2026-01-09 15:48:00,LONG,91541.9,91473.24357499999,SL,1,5e-05,0.0008,0.0008500000000000001,-0.0007500000000000909,-0.001600000000000091,0.0029919632430613677,0.00011033199005052137,91050.83740023425,90781.15209388053,47.852591208200614,28.839620603932,4.112567126880502,47.852591208200614,High,Trending,train,2026-01,65d674ca66c2,0-5
259,2026-01-11 13:13:00,2026-01-11 13:27:00,LONG,90936.53,90868.3276025,SL,14,5e-05,0.0008,0.0008500000000000001,-0.0007500000000000521,-0.0016000000000000521,0.0012652781011107163,0.000314834973360042,90898.28045274084,90834.36895526279,53.535353535361025,35.3908191454314,0.054914881939728315,53.535353535361025,Low,Trending,train,2026-01,65d674ca66c2,0-5
260,2026-01-15 15:47:00,2026-01-15 15:49:00,SHORT,95688.23,95496.85354,TP,2,5e-05,0.0008,0.0008500000000000001,0.001999999999999995,0.0011499999999999948,0.00018863344007933797,0.0026368969307927676,96015.73811779816,96208.32063729182,43.17979910981516,62.177549997163176,43.17979910981516,83.01184750424702,High,Trending,train,2026-01,65d674ca66c2,
261,2026-01-15 15:50:00,2026-01-15 15:51:00,SHORT,95475.0,95546.60625,SL,1,5e-05,0.0008,0.0008500000000000001,-0.0007499999999999695,-0.0015999999999999695,0.002954700183294117,0.0,95968.11278242031,96172.51770203427,21.049849404082313,14.931504944163356,10.68525771552297,60.34100337742677,High,Trending,train,2026-01,65d674ca66c2,10-15
262,2026-01-18 12:50:00,2026-01-18 13:20:00,SHORT,95145.84,95005.01,MAX_HOLD,30,5e-05,0.0008,0.0008500000000000001,0.0014801487905304295,0.0006301487905304294,0.0,0.0014802538923403958,95193.35452374701,95267.95694791323,32.78650710933159,65.54277167346659,32.78650710933159,98.86081008075183,Low,Trending,train,2026-01,65d674ca66c2,
263,2026-01-19 12:22:00,2026-01-19 12:35:00,SHORT,93139.2,93209.0544,SL,13,5e-05,0.0008,0.0008500000000000001,-0.0007499999999999628,-0.001599999999999963,0.0008567821067821381,0.0017148526077097632,93884.59010064589,94349.2006767037,67.42623426555288,76.64063696735475,67.42623426555288,88.9794198244457,High,Trending,train,2026-01,65d674ca66c2,
264,2026-01-19 12:39:00,2026-01-19 13:05:00,SHORT,93166.11,92979.77778,TP,26,5e-05,0.0008,0.0008500000000000001,0.0019999999999999636,0.0011499999999999636,0.0006475530640916718,0.0021137514488906704,93515.426769687,93998.35198837724,72.48642747717788,78.40912326070965,72.48642747717788,93.44819818415478,High,Trending,train,2026-01,65d674ca66c2,
265,2026-01-20 12:38:00,2026-01-20 12:50:00,SHORT,91166.46,91234.834845,SL,12,5e-05,0.0008,0.0008500000000000001,-0.000749999999999983,-0.001599999999999983,0.000905815581739021,6.888498248164278e-05,91570.95586794663,92018.91034794101,59.5011447860959,72.1188445330642,59.5011447860959,91.7538274973485,High,Trending,train,2026-01,65d674ca66c2,
266,2026-01-25 12:20:00,2026-01-25 12:23:00,SHORT,88549.02,88615.431765,SL,3,5e-05,0.0008,0.0008500000000000001,-0.0007499999999999673,-0.0015999999999999673,0.0009371080560800777,0.0,88916.83962721573,89119.84510026712,27.81503455106083,56.125437062160465,27.81503455106083,98.00971260249595,High,Trending,train,2026-01,65d674ca66c2,
267,2026-01-25 12:28:00,2026-01-25 12:44:00,SHORT,88684.05,88750.5630375,SL,16,5e-05,0.0008,0.0008500000000000001,-0.0007500000000000089,-0.001600000000000009,0.0009009511856979262,0.00028325273823207096,88848.73838779294,89052.81352898268,67.63343275245705,78.25922799238315,67.63343275245705,89.64353116720201,High,Trending,train,2026-01,65d674ca66c2,
268,2026-01-25 12:50:00,2026-01-25 13:06:00,SHORT,88756.88,88823.44766,SL,16,5e-05,0.0008,0.0008500000000000001,-0.0007500000000000068,-0.0016000000000000068,0.0010208786068189933,0.0005137629894156466,88782.7864856036,88938.77366739328,60.82958174612995,77.81963618971476,60.82958174612995,94.78215223097754,High,Trending,train,2026-01,65d674ca66c2,
269,2026-01-26 12:22:00,2026-01-26 12:52:00,SHORT,87884.0,87797.05,MAX_HOLD,30,5e-05,0.0008,0.0008500000000000001,0.0009893723544672191,0.00013937235446721905,0.00015315643348056988,0.0016910928041508732,88176.45628921689,88383.39307106166,50.04160742437757,72.66577512069334,50.04160742437757,92.24950852963049,High,Trending,train,2026-01,65d674ca66c2,
270,2026-01-28 12:22:00,2026-01-28 12:23:00,LONG,89944.0,89876.542,SL,1,5e-05,0.0008,0.0008500000000000001,-0.0007499999999999858,-0.001599999999999986,0.0015440718669394806,0.0,89122.88566989789,88646.6160627621,43.286365365891804,25.97201688944069,9.162161382935663,43.286365365891804,Medium,Trending,train,2026-01,65d674ca66c2,5-10
271,2026-01-28 12:55:00,2026-01-28 13:10:00,LONG,89997.48,90177.47495999999,TP,15,5e-05,0.0008,0.0008500000000000001,0.0019999999999999597,0.0011499999999999596,0.0003117865077999703,0.0033503160310711377,89703.98454818825,89257.1961018082,75.65138345610258,54.76453712365577,15.948060595970304,75.65138345610258,Low,Trending,train,2026-01,65d674ca66c2,15-20
272,2026-01-29 12:40:00,2026-01-29 12:41:00,SHORT,87877.53,87943.4381475,SL,1,5e-05,0.0008,0.0008500000000000001,-0.0007499999999999823,-0.0015999999999999825,0.0008919231116305233,0.0,88276.08483278296,88679.32798150693,17.075384394702606,38.6574748294805,17.075384394702606,97.91982717770982,High,Trending,train,2026-01,65d674ca66c2,15-20
273,2026-01-29 15:55:00,2026-01-29 15:56:00,SHORT,84813.02,84876.629765,SL,1,5e-05,0.0008,0.0008500000000000001,-0.0007500000000000125,-0.0016000000000000124,0.003973210716939402,0.0,85371.93866737741,86103.5251947153,82.51158034049186,81.15074627686471,52.838776497956694,83.21281153106946,High,Trending,train,2026-01,65d674ca66c2,
274,2026-01-30 12:00:00,2026-01-30 12:01:00,SHORT,83151.36,83213.72352,SL,1,5e-05,0.0008,0.0008500000000000001,-0.0007499999999999877,-0.0015999999999999877,0.001227159724146347,0.0,85227.48058780882,85959.54771836053,40.05442589643455,59.065648132978644,40.05442589643455,90.93630023210515,Medium,Trending,train,2026-01,65d674ca66c2,
275,2026-01-30 12:45:00,2026-01-30 12:46:00,SHORT,82745.2,82807.2589,SL,1,5e-05,0.0008,0.0008500000000000001,-0.0007500000000000439,-0.001600000000000044,0.0011215152057158955,0.00042588573113595335,83229.77116987864,84121.55307424611,22.233599872593086,48.687755102885745,22.233599872593086,82.5256893753841,Medium,Trending,train,2026-01,65d674ca66c2,
276,2026-01-31 15:01:00,2026-01-31 15:02:00,SHORT,81420.01,81257.16997999999,TP,1,5e-05,0.0008,0.0008500000000000001,0.0020000000000000404,0.0011500000000000403,0.0,0.0028249812300439998,81584.27593266411,81952.49839035729,48.302393488582034,67.41613652271806,48.302393488582034,87.86128641638372,High,Trending,train,2026-01,65d674ca66c2,
277,2026-02-01 12:17:00,2026-02-01 12:19:00,SHORT,78485.54,78544.404155,SL,2,5e-05,0.0008,0.0008500000000000001,-0.0007500000000000375,-0.0016000000000000376,0.0017730654589368118,0.0,79926.39272437632,80628.49109327761,17.862107728251715,34.9735054215124,17.862107728251715,84.62794958391558,Low,Trending,train,2026-02,65d674ca66c2,15-20
278,2026-02-01 12:23:00,2026-02-01 12:24:00,SHORT,78458.01,78301.09397999999,TP,1,5e-05,0.0008,0.0008500000000000001,0.002000000000000054,0.0011500000000000538,0.0,0.002727701097695376,79624.79199148045,80389.51848237895,22.243857361947203,53.66771010459155,22.243857361947203,83.5667207564559,High,Trending,train,2026-02,65d674ca66c2,
279,2026-02-01 12:25:00,2026-02-01 12:26:00,SHORT,78305.0,78363.72875000001,SL,1,5e-05,0.0008,0.0008500000000000001,-0.000750000000000119,-0.0016000000000001191,0.0008802758444542879,0.0,79525.5501313128,80308.91255423939,15.61307189542515,16.043999389684966,10.275068911682029,83.5667207564559,Medium,Trending,train,2026-02,65d674ca66c2,10-15
280,2026-02-01 12:39:00,2026-02-01 13:02:00,SHORT,78490.34,78549.207755,SL,23,5e-05,0.0008,0.0008500000000000001,-0.0007499999999999912,-0.0015999999999999912,0.0017538463968942357,0.0016974063305114481,79080.73301985154,79863.13546523835,31.688950615707203,60.0540564352202,31.688950615707203,91.29690568423605,Medium,Trending,train,2026-02,65d674ca66c2,
281,2026-02-04 12:37:00,2026-02-04 12:40:00,SHORT,76099.58,76156.654685,SL,3,5e-05,0.0008,0.0008500000000000001,-0.0007499999999999946,-0.0015999999999999947,0.0010566418369195138,0.0004098577153776976,76507.40738412058,76929.60648701321,47.93104065465915,68.47572987402391,47.93104065465915,95.56705674914333,Medium,Trending,train,2026-02,65d674ca66c2,
282,2026-02-04 14:10:00,2026-02-04 14:11:00,SHORT,75051.35,75107.63851250001,SL,1,5e-05,0.0008,0.0008500000000000001,-0.0007500000000000397,-0.0016000000000000398,0.002215016785174293,0.0,75361.35376377667,75730.5467387981,50.90227125364805,66.69132668378647,50.90227125364805,91.88793196029411,Medium,Ranging,train,2026-02,65d674ca66c2,
283,2026-02-05 12:31:00,2026-02-05 12:32:00,SHORT,69686.87,69547.49626,TP,1,5e-05,0.0008,0.0008500000000000001,0.001999999999999935,0.001149999999999935,0.0,0.002119911541442397,71059.12913850785,72392.37375136926,68.68319782264014,76.40519853502867,62.23107141976732,86.43402746846608,High,Trending,train,2026-02,65d674ca66c2,
284,2026-02-05 12:34:00,2026-02-05 12:35:00,SHORT,69514.25,69566.3856875,SL,1,5e-05,0.0008,0.0008500000000000001,-0.0007500000000000804,-0.0016000000000000805,0.002793959511898656,0.0,70891.23907001312,72228.27029037129,52.773485305915536,58.12095092581027,52.773485305915536,79.1878306285346,High,Trending,train,2026-02,65d674ca66c2,
285,2026-02-07 12:29:00,2026-02-07 12:30:00,LONG,69404.76,69352.70642999999,SL,1,5e-05,0.0008,0.0008500000000000001,-0.000750000000000053,-0.0016000000000000532,0.0015094065594347531,0.008390346713971805,68901.08494986374,68568.89183214733,43.837563507542065,30.668167601838885,17.756752442681435,43.837563507542065,Low,Trending,train,2026-02,65d674ca66c2,15-20
286,2026-02-07 12:31:00,2026-02-07 12:32:00,LONG,69627.08,69766.33416,TP,1,5e-05,0.0008,0.0008500000000000001,0.0019999999999999536,0.0011499999999999536,0.0,0.003059441814880131,68961.5123893206,68612.70969580197,60.173479420458136,53.293925638477646,17.756752442681435,60.173479420458136,High,Trending,train,2026-02,65d674ca66c2,15-20
287,2026-02-08 12:48:00,2026-02-08 12:51:00,LONG,71028.06,70974.788955,SL,3,5e-05,0.0008,0.0008500000000000001,-0.0007500000000000187,-0.0016000000000000187,0.0007802550147082471,0.0006914168851014737,70643.15928698564,70220.07603404013,66.26055748934118,42.924738788256434,14.45396576348021,66.26055748934118,Low,Trending,train,2026-02,65d674ca66c2,10-15
288,2026-02-09 12:18:00,2026-02-09 12:19:00,SHORT,69084.97,69136.7837275,SL,1,5e-05,0.0008,0.0008500000000000001,-0.0007500000000000645,-0.0016000000000000645,0.0007977133086979784,0.0001066802229196212,70054.42456418477,70509.07210698788,20.64714699590842,30.549729132771347,20.64714699590842,73.11871651760617,Medium,Trending,train,2026-02,65d674ca66c2,
289,2026-02-09 13:02:00,2026-02-09 13:09:00,SHORT,69043.74,69095.522805,SL,7,5e-05,0.0008,0.0008500000000000001,-0.0007499999999999316,-0.0015999999999999318,0.001140870989896977,0.001414755342048498,69253.39538799341,69676.39204185056,32.14634909460536,59.22829219569164,32.14634909460536,84.95727785114124,Medium,Trending,train,2026-02,65d674ca66c2,
290,2026-02-10 15:01:00,2026-02-10 15:02:00,SHORT,68412.4,68463.7093,SL,1,5e-05,0.0008,0.0008500000000000001,-0.0007500000000001182,-0.0016000000000001183,0.0025960206044519096,0.00018125369085128106,68616.54157670899,68745.47460645076,73.49786829204872,68.36029931349553,61.825273170298225,87.73741917447914,High,Trending,train,2026-02,65d674ca66c2,
291,2026-02-13 15:21:00,2026-02-13 15:22:00,LONG,68369.99,68318.71250750001,SL,1,5e-05,0.0008,0.0008500000000000001,-0.0007499999999999649,-0.001599999999999965,0.003513968628633703,0.0,67904.57636746699,67672.38046076165,19.473915598817232,19.462643454195526,14.727611440729499,56.72629053140423,High,Trending,train,2026-02,65d674ca66c2,10-15
292,2026-02-13 15:26:00,2026-02-13 15:27:00,LONG,68507.65,68644.6653,TP,1,5e-05,0.0008,0.0008500000000000001,0.0019999999999999875,0.0011499999999999874,0.0,0.004167563768425998,67996.9161071903,67742.42842668231,91.06673527628067,67.10136457773599,15.509035656167825,91.06673527628067,High,Trending,train,2026-02,65d674ca66c2,15-20
293,2026-02-13 15:28:00,2026-02-13 15:29:00,LONG,68687.98,68825.35596,TP,1,5e-05,0.0008,0.0008500000000000001,0.0020000000000000707,0.0011500000000000707,0.0,0.003085692722365647,68055.93246957476,67782.47336436754,93.01748284705292,92.33434441470229,40.31769116151981,93.01748284705292,High,Trending,train,2026-02,65d674ca66c2,
294,2026-02-14 12:46:00,2026-02-14 12:47:00,LONG,70060.99,70008.4442575,SL,1,5e-05,0.0008,0.0008500000000000001,-0.0007500000000000837,-0.0016000000000000838,0.002761736595500652,0.0,69986.55990620103,69483.87891167065,38.79584807388999,36.83079354740479,18.436370260756945,40.10044770596611,Medium,Trending,train,2026-02,65d674ca66c2,15-20
295,2026-02-15 13:24:00,2026-02-15 13:28:00,SHORT,69450.12,69311.21975999999,TP,4,5e-05,0.0008,0.0008500000000000001,0.0020000000000000386,0.0011500000000000386,0.0,0.00267990897639911,69664.61978299335,69779.2432728655,15.866979171274892,20.913995549111622,15.866979171274892,83.72788650542849,High,Trending,train,2026-02,65d674ca66c2,15-20
296,2026-02-15 13:50:00,2026-02-15 13:56:00,SHORT,68899.72,68951.39479,SL,6,5e-05,0.0008,0.0008500000000000001,-0.0007500000000000665,-0.0016000000000000666,0.0013149545455337964,0.001850805779762299,69242.40190415662,69473.65293865115,40.224770117920364,67.23871107063768,40.224770117920364,89.2393876162103,High,Trending,train,2026-02,65d674ca66c2,
297,2026-02-15 14:20:00,2026-02-15 14:21:00,SHORT,68956.46,69008.177345,SL,1,5e-05,0.0008,0.0008500000000000001,-0.0007499999999999607,-0.0015999999999999608,0.0013256190935553962,0.0,69066.16603690432,69253.64857476247,58.467528626131866,66.51038945926923,58.467528626131866,82.73301896128363,Medium,Trending,train,2026-02,65d674ca66c2,
298,2026-02-16 15:57:00,2026-02-16 15:59:00,SHORT,67567.97,67539.52,EOD,2,5e-05,0.0008,0.0008500000000000001,0.0004210574921815335,-0.00042894250781846656,0.0,0.0010059500085617661,67820.03270678742,68093.66641278553,45.25042642371258,61.34291280377874,45.25042642371258,86.38064488629978,Low,Trending,train,2026-02,65d674ca66c2,
299,2026-02-17 15:06:00,2026-02-17 15:08:00,SHORT,67027.57,67077.8406775,SL,2,5e-05,0.0008,0.0008500000000000001,-0.0007499999999999546,-0.0015999999999999548,0.0015208667120110092,0.0014650687769228636,67350.35865081073,67619.03105389043,65.69201551190706,78.12497034232035,65.69201551190706,89.37766881286069,High,Trending,train,2026-02,65d674ca66c2,
300,2026-02-17 15:22:00,2026-02-17 15:25:00,SHORT,67039.55,66905.4709,TP,3,5e-05,0.0008,0.0008500000000000001,0.0020000000000000395,0.0011500000000000394,0.00014543653708892735,0.004219300398048623,67190.75700157485,67452.76188544076,65.25440072936388,76.45306412557188,65.25440072936388,85.21708123460213,High,Trending,train,2026-02,65d674ca66c2,
301,2026-02-18 15:55:00,2026-02-18 15:56:00,LONG,67855.16,67804.26863,SL,1,5e-05,0.0008,0.0008500000000000001,-0.0007499999999999639,-0.0015999999999999639,0.0008768677282611963,0.0,67678.36606339246,67523.14303454428,32.28244424925319,24.24185226419475,5.823830630884403,32.28244424925319,High,Trending,train,2026-02,65d674ca66c2,5-10
302,2026-02-19 12:20:00,2026-02-19 12:21:00,SHORT,66504.68,66554.55850999999,SL,1,5e-05,0.0008,0.0008500000000000001,-0.000749999999999925,-0.001599999999999925,0.000928054988009884,0.0,67017.77171264916,67184.76725943717,47.96236514637451,61.168641319551874,47.96236514637451,83.80837257701457,Medium,Trending,train,2026-02,65d674ca66c2,
303,2026-02-19 13:18:00,2026-02-19 13:19:00,SHORT,66333.38,66200.71324,TP,1,5e-05,0.0008,0.0008500000000000001,0.0020000000000001106,0.0011500000000001106,0.00011065318848514137,0.00235914406894395,66517.89434420597,66711.28500250143,24.17649485823146,48.415668148781634,24.17649485823146,83.92231022702437,High,Trending,train,2026-02,65d674ca66c2,
304,2026-02-19 13:20:00,2026-02-19 13:23:00,SHORT,66230.28,66279.95271,SL,3,5e-05,0.0008,0.0008500000000000001,-0.0007499999999999836,-0.0015999999999999838,0.0009017023633299024,0.0009186130573507542,66495.69201862306,66692.38015189848,14.404176481122475,18.0736599483406,14.404176481122475,69.19390508075948,High,Trending,train,2026-02,65d674ca66c2,10-15
305,2026-02-19 13:39:00,2026-02-19 13:42:00,SHORT,66143.68,66011.39263999999,TP,3,5e-05,0.0008,0.0008500000000000001,0.0020000000000000317,0.0011500000000000316,0.0,0.002172240794585258,66340.71809447012,66538.25022646583,36.26504189833385,63.843871883885036,36.26504189833385,91.30793356847073,Medium,Trending,train,2026-02,65d674ca66c2,
306,2026-02-22 13:51:00,2026-02-22 13:58:00,SHORT,67611.99,67662.69899250001,SL,7,5e-05,0.0008,0.0008500000000000001,-0.0007500000000000541,-0.001600000000000054,0.0008368338219301301,0.00027524703828419456,67815.1097404442,67936.81190509729,32.458203052863695,59.520330131770805,32.458203052863695,85.59739320880745,Low,Trending,train,2026-02,65d674ca66c2,
307,2026-02-22 14:02:00,2026-02-22 14:06:00,SHORT,67608.9,67473.6822,TP,4,5e-05,0.0008,0.0008500000000000001,0.0019999999999999784,0.0011499999999999783,5.191624179670596e-05,0.0020804953194030512,67748.99082398841,67876.0615774967,44.02225074882235,62.89064328054132,44.02225074882235,82.61438615953358,Low,Trending,train,2026-02,65d674ca66c2,
308,2026-02-22 14:18:00,2026-02-22 14:22:00,SHORT,67593.85,67644.54538750001,SL,4,5e-05,0.0008,0.0008500000000000001,-0.0007500000000000526,-0.0016000000000000528,0.000934108650417152,0.00022457664417706,67679.27652817534,67800.15738458768,42.96473917050927,69.6825161189258,42.96473917050927,98.2101967904169,Medium,Trending,train,2026-02,65d674ca66c2,
309,2026-02-27 12:25:00,2026-02-27 12:27:00,SHORT,65955.37,66004.8365275,SL,2,5e-05,0.0008,0.0008500000000000001,-0.0007500000000000101,-0.0016000000000000103,0.001051923444596015,0.0006880410192527175,66479.6400324473,66864.07960103427,26.477156218034978,46.59719727491248,26.477156218034978,81.33057205777533,Medium,Trending,train,2026-02,65d674ca66c2,
310,2026-02-28 12:47:00,2026-02-28 12:57:00,SHORT,63944.65,63992.6084875,SL,10,5e-05,0.0008,0.0008500000000000001,-0.0007500000000000007,-0.0016000000000000007,0.0013159818686942764,0.0018367447472150424,64304.383026058014,64789.67622998033,18.876380229376444,33.61439904415763,18.876380229376444,89.26504011193636,Low,Trending,train,2026-02,65d674ca66c2,15-20
311,2026-02-28 13:03:00,2026-02-28 13:06:00,SHORT,63931.39,63979.3385425,SL,3,5e-05,0.0008,0.0008500000000000001,-0.0007500000000000325,-0.0016000000000000326,0.0007647260602342514,0.0003023553844207321,64137.8596583167,64559.6575356163,26.800064508754414,54.72391166770742,26.800064508754414,87.12894051641808,Low,Ranging,train,2026-02,65d674ca66c2,
312,2026-03-01 12:43:00,2026-03-01 12:46:00,LONG,66498.0,66448.1265,SL,3,5e-05,0.0008,0.0008500000000000001,-0.0007500000000000228,-0.0016000000000000228,0.001901560949201436,0.00020602123372127115,66137.02780462391,65711.89891243936,99.6025512875439,86.638801228443,30.050186153447005,99.6025512875439,Low,Trending,train,2026-03,65d674ca66c2,
313,2026-03-02 15:56:00,2026-03-02 15:57:00,LONG,69071.04,69019.23671999999,SL,1,5e-05,0.0008,0.0008500000000000001,-0.0007500000000001067,-0.0016000000000001068,0.0026398907559520824,0.0,68679.08863044859,67945.16053925022,27.884152523538358,18.44113877378336,4.668050724896976,27.884152523538358,High,Trending,train,2026-03,65d674ca66c2,0-5
314,2026-03-02 15:58:00,2026-03-02 15:59:00,LONG,69057.93,69130.2,EOD,1,5e-05,0.0008,0.0008500000000000001,0.0010465126886948983,0.00019651268869489823,6.965166780987603e-05,0.0010465126886948983,68708.03044279396,67988.69903197643,33.128911807406496,31.670700972847524,6.995785185928824,33.999038587597425,Medium,Trending,train,2026-03,65d674ca66c2,5-10
315,2026-03-04 12:34:00,2026-03-04 12:35:00,LONG,70767.53,70714.45435249999,SL,1,5e-05,0.0008,0.0008500000000000001,-0.0007500000000001261,-0.001600000000000126,0.0009070544075793282,0.0007413004240787605,69931.51549838798,68997.70176410413,75.2775600835953,50.34831069313887,12.853228286236737,75.2775600835953,Low,Trending,train,2026-03,65d674ca66c2,10-15
316,2026-03-08 12:31:00,2026-03-08 12:32:00,SHORT,67382.0,67432.5365,SL,1,5e-05,0.0008,0.0008500000000000001,-0.0007500000000000294,-0.0016000000000000294,0.0009493633314535211,0.0,67478.37403078409,67638.21241111655,78.2792302221869,79.09177012233889,75.13319477618492,87.57363516785675,High,Ranging,train,2026-03,65d674ca66c2,
317,2026-03-08 13:24:00,2026-03-08 13:25:00,SHORT,67064.2,66930.0716,TP,1,5e-05,0.0008,0.0008500000000000001,0.0020000000000000213,0.0011500000000000212,0.0,0.0037319464035953437,67234.1635821291,67373.05243215777,52.5963755279676,74.33205923441486,52.5963755279676,92.66205070956507,High,Trending,train,2026-03,65d674ca66c2,
318,2026-03-08 13:26:00,2026-03-08 13:27:00,SHORT,66902.83,66953.0071225,SL,1,5e-05,0.0008,0.0008500000000000001,-0.0007499999999999625,-0.0015999999999999626,0.004434939448749654,0.0,67214.48502141176,67357.54148295052,39.96717131518084,41.25805591801986,31.2106209109108,92.66205070956507,High,Trending,train,2026-03,65d674ca66c2,
319,2026-03-08 13:33:00,2026-03-08 13:41:00,SHORT,67089.11,66954.93178,TP,8,5e-05,0.0008,0.0008500000000000001,0.002000000000000024,0.0011500000000000238,0.000379942437751898,0.003443927039723778,67188.50684086396,67325.18376873065,63.47375863307777,72.71414357607853,63.47375863307777,88.47656587659831,High,Trending,train,2026-03,65d674ca66c2,
320,2026-03-09 12:37:00,2026-03-09 12:38:00,LONG,68058.51,68194.62702,TP,1,5e-05,0.0008,0.0008500000000000001,0.0020000000000000755,0.0011500000000000754,0.0,0.00425736619858413,67831.6706875005,67631.69461135865,47.08831640672775,28.357100067799706,13.52986867537251,47.08831640672775,High,Trending,train,2026-03,65d674ca66c2,10-15
321,2026-03-09 12:39:00,2026-03-09 12:40:00,LONG,68256.66,68205.46750500001,SL,1,5e-05,0.0008,0.0008500000000000001,-0.0007499999999999368,-0.001599999999999937,0.0010842897967760115,0.00032641503407870875,67865.22332975344,67656.64184353752,79.50039032424951,64.44773402626653,13.52986867537251,79.50039032424951,High,Trending,train,2026-03,65d674ca66c2,10-15
322,2026-03-09 12:52:00,2026-03-09 12:54:00,LONG,68109.78,68058.697665,SL,2,5e-05,0.0008,0.0008500000000000001,-0.0007499999999999875,-0.0015999999999999877,0.0009389253643162126,0.00032932128102612526,67978.41641732446,67769.32191473129,41.22026813833242,28.397682220123997,5.3103847910053075,41.22026813833242,Medium,Trending,train,2026-03,65d674ca66c2,5-10
323,2026-03-09 12:55:00,2026-03-09 13:02:00,LONG,68099.23,68235.42846,TP,7,5e-05,0.0008,0.0008500000000000001,0.0019999999999999944,0.0011499999999999943,0.00018840154286622253,0.0021597894719221017,67992.27350447269,67788.63865423972,60.3969871305363,54.24143293177203,30.67455284893053,60.3969871305363,Medium,Trending,train,2026-03,65d674ca66c2,
324,2026-03-09 13:43:00,2026-03-09 13:44:00,LONG,68859.63,68997.34926,TP,1,5e-05,0.0008,0.0008500000000000001,0.0019999999999999714,0.0011499999999999714,0.0,0.0059523991052520915,68528.33552147332,68262.20467757342,53.27576955666001,33.16266435807166,13.308575355644942,53.27576955666001,High,Trending,train,2026-03,65d674ca66c2,10-15
325,2026-03-09 13:45:00,2026-03-09 13:46:00,LONG,69238.29,69186.36128249999,SL,1,5e-05,0.0008,0.0008500000000000001,-0.0007500000000000913,-0.0016000000000000914,0.002797873835416597,0.0,68575.33031413205,68296.64313350622,82.89420478367818,71.46970598386851,16.74763880516089,82.89420478367818,High,Trending,train,2026-03,65d674ca66c2,15-20
326,2026-03-09 13:56:00,2026-03-09 14:00:00,LONG,69009.99,68958.2325075,SL,4,5e-05,0.0008,0.0008500000000000001,-0.0007500000000001171,-0.0016000000000001172,0.0010969426310598167,0.0011134619784758193,68731.83383634423,68439.44774108744,38.54499924424812,26.588965550592178,19.5307973344609,38.54499924424812,High,Trending,train,2026-03,65d674ca66c2,15-20
327,2026-03-11 12:31:00,2026-03-11 12:32:00,SHORT,69455.04,69507.13128,SL,1,5e-05,0.0008,0.0008500000000000001,-0.0007500000000001128,-0.0016000000000001128,0.0008224025211130813,0.001850261694471629,69784.0587637543,70134.29960261281,52.70549763019073,66.80334956052683,52.70549763019073,81.59833164986499,High,Trending,train,2026-03,65d674ca66c2,
328,2026-03-11 12:33:00,2026-03-11 12:42:00,SHORT,69363.17,69224.44366,TP,9,5e-05,0.0008,0.0008500000000000001,0.0019999999999999107,0.0011499999999999106,0.00035234837162145745,0.0026456403304519495,69747.07749010922,70101.73050340242,15.720233084629209,31.15361515003643,15.720233084629209,81.59833164986499,High,Trending,train,2026-03,65d674ca66c2,15-20
329,2026-03-12 15:02:00,2026-03-12 15:03:00,SHORT,69541.27,69593.42595250001,SL,1,5e-05,0.0008,0.0008500000000000001,-0.0007500000000000688,-0.0016000000000000688,0.0029453014015992578,7.017415701503088e-05,69719.37980183634,69894.67522449938,60.6814929139938,70.33408465509872,60.6814929139938,80.74703969808165,Medium,Trending,train,2026-03,65d674ca66c2,
330,2026-03-13 12:31:00,2026-03-13 12:33:00,LONG,72442.18,72587.06435999999,TP,2,5e-05,0.0008,0.0008500000000000001,0.00199999999999995,0.00114999999999995,0.00029278522540309874,0.0026138086954313887,71780.23263408989,71177.88200352839,55.96240337592449,37.93175755192324,15.961241881542515,55.96240337592449,Medium,Trending,train,2026-03,65d674ca66c2,15-20
331,2026-03-16 12:14:00,2026-03-16 12:15:00,LONG,73586.3,73531.110275,SL,1,5e-05,0.0008,0.0008500000000000001,-0.0007500000000000518,-0.001600000000000052,0.0009009829275286691,0.00014037939127258396,72437.52409253019,72038.56954389295,59.85808537420045,35.998113786916285,16.153685318529458,59.85808537420045,Medium,Trending,train,2026-03,65d674ca66c2,15-20
332,2026-03-16 12:16:00,2026-03-16 12:18:00,LONG,73520.01,73667.05002,TP,2,5e-05,0.0008,0.0008500000000000001,0.0020000000000000052,0.0011500000000000052,0.00042927088829282904,0.0023080791202286606,72520.90416230873,72096.73223014359,55.58365803085159,59.88146793538004,16.153685318529458,64.20266040108775,Medium,Trending,train,2026-03,65d674ca66c2,15-20
333,2026-03-16 12:44:00,2026-03-16 12:47:00,LONG,73808.99,73753.6332575,SL,3,5e-05,0.0008,0.0008500000000000001,-0.0007500000000001,-0.0016000000000001,0.0009076130157045265,0.0009341680464669288,73383.8158417644,72824.84626123744,48.17803295525035,38.650007674617626,12.048333567056789,48.17803295525035,Medium,Trending,train,2026-03,65d674ca66c2,10-15
334,2026-03-18 12:31:00,2026-03-18 12:32:00,SHORT,72533.81,72388.74238,TP,1,5e-05,0.0008,0.0008500000000000001,0.0020000000000000226,0.0011500000000000225,0.0,0.0021518240941707286,73115.26631592997,73433.5718568069,27.327995960951256,51.686741539778836,27.327995960951256,83.77720256926511,High,Trending,train,2026-03,65d674ca66c2,
335,2026-03-18 12:33:00,2026-03-18 12:35:00,SHORT,72416.86,72471.172645,SL,2,5e-05,0.0008,0.0008500000000000001,-0.0007499999999999745,-0.0015999999999999747,0.0011480751858061703,0.001057212367396179,73058.81164342478,73392.31520719189,7.610894973524938,14.385095893317953,7.610894973524938,72.6162400536857,High,Trending,train,2026-03,65d674ca66c2,5-10
336,2026-03-18 13:01:00,2026-03-18 13:03:00,SHORT,72239.32,72293.49949,SL,2,5e-05,0.0008,0.0008500000000000001,-0.0007499999999999305,-0.0015999999999999305,0.0013937008266411285,0.0016917379620960773,72601.50075631747,72961.13721698009,5.961232708631898,13.081414453639093,5.961232708631898,73.53537213556478,High,Trending,train,2026-03,65d674ca66c2,5-10
337,2026-03-19 12:16:00,2026-03-19 12:27:00,SHORT,69709.55,69570.1309,TP,11,5e-05,0.0008,0.0008500000000000001,0.001999999999999988,0.0011499999999999878,0.0004766922179241714,0.002209023010477119,70586.5758224844,71011.32510605683,44.013664607925364,65.66614440260088,44.013664607925364,82.02108963092839,High,Trending,train,2026-03,65d674ca66c2,
338,2026-03-19 12:39:00,2026-03-19 12:40:00,SHORT,69600.0,69652.2,SL,1,5e-05,0.0008,0.0008500000000000001,-0.0007499999999999582,-0.0015999999999999582,0.001118390804597651,0.0,70013.65780877118,70503.94749688912,58.5646046954241,71.92291985571701,54.92384091015159,88.34072429812363,Medium,Trending,train,2026-03,65d674ca66c2,
339,2026-03-22 12:30:00,2026-03-22 13:00:00,SHORT,68662.51,68714.00688249999,SL,30,5e-05,0.0008,0.0008500000000000001,-0.0007499999999999417,-0.0015999999999999417,0.0007567448379036304,0.0014124155962255958,69111.33596973088,69655.38836476984,66.38121607891888,76.538934151172,66.38121607891888,90.02492595568351,High,Trending,train,2026-03,65d674ca66c2,
340,2026-03-23 13:00:00,2026-03-23 13:02:00,LONG,70752.14,70699.075895,SL,2,5e-05,0.0008,0.0008500000000000001,-0.0007499999999999668,-0.001599999999999967,0.0013694285430801022,0.001872876212648759,70391.09671754026,69975.50148919967,57.84252847782573,36.386449043628005,16.031151146504943,57.84252847782573,High,Trending,train,2026-03,65d674ca66c2,15-20
341,2026-03-23 13:09:00,2026-03-23 13:10:00,LONG,70708.56,70655.52858,SL,1,5e-05,0.0008,0.0008500000000000001,-0.0007499999999999907,-0.0015999999999999908,0.0008922540637229284,0.0005051722167726392,70482.72393124884,70094.16866583495,26.23618710549408,21.452679243764578,16.840433435573065,40.29323496339834,High,Trending,train,2026-03,65d674ca66c2,15-20
342,2026-03-23 13:11:00,2026-03-23 13:21:00,LONG,70711.77,70853.19354000001,TP,10,5e-05,0.0008,0.0008500000000000001,0.002000000000000048,0.0011500000000000481,0.00031918307235142017,0.00265726625143161,70501.12236021856,70118.78298145754,50.013740038473635,38.77912597175588,16.840433435573065,50.013740038473635,High,Trending,train,2026-03,65d674ca66c2,15-20
343,2026-03-24 14:31:00,2026-03-24 14:34:00,SHORT,70073.17,70125.7248775,SL,3,5e-05,0.0008,0.0008500000000000001,-0.0007500000000000873,-0.0016000000000000875,0.0008074417070042892,0.0013691402857898727,70138.5103047047,70348.79490673332,80.27224908186902,79.90903784050748,57.71526698058384,80.27328321835877,Low,Trending,train,2026-03,65d674ca66c2,
344,2026-03-24 14:38:00,2026-03-24 14:39:00,SHORT,70018.91,69878.87218,TP,1,5e-05,0.0008,0.0008500000000000001,0.0019999999999999675,0.0011499999999999675,0.0,0.0025794460382202546,70117.49603113845,70310.27036822616,35.76678590526422,60.720645990490446,35.76678590526422,94.00376441319663,High,Trending,train,2026-03,65d674ca66c2,
345,2026-03-24 14:40:00,2026-03-24 14:45:00,SHORT,69838.26,69698.58348,TP,5,5e-05,0.0008,0.0008500000000000001,0.0019999999999999085,0.0011499999999999085,0.0007365590150728602,0.003664610200769507,70097.73629787136,70292.62631300701,12.521567537629144,20.381634749869587,12.521567537629144,85.37362463389196,High,Trending,train,2026-03,65d674ca66c2,10-15
346,2026-03-25 12:26:00,2026-03-25 12:31:00,LONG,71264.79,71211.34140749999,SL,5,5e-05,0.0008,0.0008500000000000001,-0.0007500000000000626,-0.0016000000000000627,0.0010498873286512518,0.0010789339307672053,71024.45702984765,70692.16381901184,40.78420572094816,31.429653052500157,13.939078108272176,40.78420572094816,Low,Trending,train,2026-03,65d674ca66c2,10-15
347,2026-03-25 12:56:00,2026-03-25 12:58:00,LONG,71746.61,71692.80004249999,SL,2,5e-05,0.0008,0.0008500000000000001,-0.000750000000000122,-0.0016000000000001222,0.0011388691396012494,0.0010647192947513397,71281.39166793527,71002.36861217281,91.3383130258348,83.2939870166771,23.12722229910932,91.3383130258348,High,Trending,train,2026-03,65d674ca66c2,
348,2026-03-26 12:36:00,2026-03-26 12:37:00,SHORT,69245.82,69297.75436500002,SL,1,5e-05,0.0008,0.0008500000000000001,-0.0007500000000001192,-0.0016000000000001191,0.0009020039043510763,0.0,69719.67365415311,70172.75014621342,3.0549781198840567,11.137960639923412,3.0549781198840567,67.68587163998471,Low,Trending,train,2026-03,65d674ca66c2,0-5
349,2026-03-27 12:48:00,2026-03-27 13:01:00,SHORT,66599.99,66649.9399925,SL,13,5e-05,0.0008,0.0008500000000000001,-0.0007499999999999727,-0.0015999999999999728,0.0019521023952104911,0.001805705976832869,66954.05488409963,67589.72282802657,38.42686746727143,65.0225687309352,38.42686746727143,88.17849969434837,High,Trending,train,2026-03,65d674ca66c2,
350,2026-03-27 13:02:00,2026-03-27 13:09:00,SHORT,66673.45,66540.1031,TP,7,5e-05,0.0008,0.0008500000000000001,0.0020000000000000616,0.0011500000000000616,8.249160647947727e-06,0.0021380324551977274,66803.01809115132,67347.66679631609,65.69814111579588,78.48512955341486,65.69814111579588,91.43456902811357,Medium,Ranging,train,2026-03,65d674ca66c2,
351,2026-03-28 15:34:00,2026-03-28 15:35:00,LONG,67091.23,67040.9115775,SL,1,5e-05,0.0008,0.0008500000000000001,-0.0007500000000000067,-0.0016000000000000068,0.0009041420167731154,0.0008896840913484867,66958.8079901025,66866.05441021884,40.059214985792075,24.54663834480176,9.315207369157127,40.059214985792075,High,Trending,train,2026-03,65d674ca66c2,5-10
352,2026-03-28 15:36:00,2026-03-28 15:40:00,LONG,67050.01,66999.72249249999,SL,4,5e-05,0.0008,0.0008500000000000001,-0.0007500000000000705,-0.0016000000000000705,0.0007716628230180829,0.0006359432310300837,66965.496518353,66873.10388535976,40.586971712660514,42.69096526558835,12.249931582295481,47.42670909831232,Medium,Trending,train,2026-03,65d674ca66c2,10-15
353,2026-03-30 12:47:00,2026-03-30 12:49:00,LONG,67934.05,67883.0994625,SL,2,5e-05,0.0008,0.0008500000000000001,-0.0007500000000000116,-0.0016000000000000116,0.0013178958121884215,0.0,67675.00630342991,67356.54570281369,71.44791077502974,58.53514761507801,10.429660429662245,71.44791077502974,High,Trending,holdout,2026-03,65d674ca66c2,10-15
354,2026-04-04 15:33:00,2026-04-04 15:42:00,LONG,67350.05,67299.5374625,SL,9,5e-05,0.0008,0.0008500000000000001,-0.0007500000000000912,-0.0016000000000000914,0.0010060868551695107,8.834440360470541e-05,67293.80706102254,67242.00469576786,55.60324630100708,35.60681071266636,13.41803830974777,55.60324630100708,Medium,Trending,holdout,2026-04,65d674ca66c2,10-15
355,2026-04-05 13:01:00,2026-04-05 13:04:00,SHORT,66790.08,66840.17256,SL,3,5e-05,0.0008,0.0008500000000000001,-0.0007500000000000688,-0.0016000000000000688,0.0009694553442666934,1.4972283301294608e-07,66841.87248491746,66951.6155730494,65.20455649776311,69.92251330596157,65.20455649776311,82.97952565368314,Medium,Trending,holdout,2026-04,65d674ca66c2,
356,2026-04-05 15:43:00,2026-04-05 15:46:00,LONG,67427.55,67376.9793375,SL,3,5e-05,0.0008,0.0008500000000000001,-0.0007500000000000307,-0.0016000000000000307,0.0015434343973643855,0.00042742172895192593,67205.8344896225,67084.23734133496,45.9877218309367,32.71457246667338,8.034099275537162,45.9877218309367,High,Trending,holdout,2026-04,65d674ca66c2,5-10
357,2026-04-06 12:16:00,2026-04-06 12:26:00,LONG,69502.06,69449.93345499999,SL,10,5e-05,0.0008,0.0008500000000000001,-0.0007500000000000927,-0.0016000000000000927,0.00081479599309725,0.00040200247302025767,68389.86968348412,67844.67168768181,43.00256787952668,30.740081073384427,7.122039672481001,43.00256787952668,Medium,Trending,holdout,2026-04,65d674ca66c2,5-10
358,2026-04-09 15:33:00,2026-04-09 15:34:00,LONG,71686.49,71829.86298,TP,1,5e-05,0.0008,0.0008500000000000001,0.0020000000000000013,0.0011500000000000013,0.0,0.00774092859058936,71246.63490154479,71117.0662722247,70.89554526526844,43.08207503564504,6.319372626055025,70.89554526526844,High,Trending,holdout,2026-04,65d674ca66c2,5-10
359,2026-04-09 15:35:00,2026-04-09 15:36:00,LONG,72201.29,72147.1390325,SL,1,5e-05,0.0008,0.0008500000000000001,-0.0007499999999999714,-0.0015999999999999715,0.0022615939410499954,0.0,71314.7436519066,71156.90543810157,92.17148780586346,84.84542038302685,16.181964585333453,92.17148780586346,High,Trending,holdout,2026-04,65d674ca66c2,15-20
360,2026-04-10 12:19:00,2026-04-10 12:23:00,LONG,72177.23,72123.09707749999,SL,4,5e-05,0.0008,0.0008500000000000001,-0.0007500000000001128,-0.0016000000000001128,0.0008136915201649597,0.0019346821705404796,71994.26994694943,71727.42437472523,72.31675159964105,49.111464115534716,7.650562613804726,72.31675159964105,Low,Trending,holdout,2026-04,65d674ca66c2,5-10
361,2026-04-10 12:30:00,2026-04-10 12:31:00,LONG,72175.58,72319.93116000001,TP,1,5e-05,0.0008,0.0008500000000000001,0.0020000000000000777,0.0011500000000000776,0.0,0.0039129578175886946,72052.41355967717,71812.45339929633,50.70317083187725,29.686104006361393,7.300338075555815,50.70317083187725,High,Trending,holdout,2026-04,65d674ca66c2,5-10
362,2026-04-12 12:49:00,2026-04-12 12:52:00,SHORT,71450.01,71307.10998,TP,3,5e-05,0.0008,0.0008500000000000001,0.0020000000000000135,0.0011500000000000134,0.0,0.004898669713272186,71614.16629276691,71913.83467808824,17.668151428421172,39.378981928041235,17.668151428421172,87.1018634946508,High,Trending,holdout,2026-04,65d674ca66c2,15-20
363,2026-04-13 14:07:00,2026-04-13 14:08:00,LONG,71561.15,71507.47913749999,SL,1,5e-05,0.0008,0.0008500000000000001,-0.0007500000000000398,-0.0016000000000000398,0.0013746285519446704,0.0,71319.25031390456,71193.35093072613,22.359999999998934,17.987037037036835,10.798888888889119,24.251065392798722,High,Trending,holdout,2026-04,65d674ca66c2,10-15
364,2026-04-13 14:09:00,2026-04-13 14:10:00,LONG,71514.76,71461.12392999999,SL,1,5e-05,0.0008,0.0008500000000000001,-0.0007500000000001084,-0.0016000000000001085,0.0008378689937573483,0.00014388638093741976,71333.04020902915,71205.32605156815,18.445345701533952,21.634782504810403,10.798888888889119,24.099001812898194,High,Trending,holdout,2026-04,65d674ca66c2,10-15
365,2026-04-13 14:11:00,2026-04-13 14:16:00,LONG,71525.04,71668.09008,TP,5,5e-05,0.0008,0.0008500000000000001,0.0020000000000000126,0.0011500000000000126,0.0,0.0030053810525657366,71350.58804378277,71219.26856106453,48.94542813772116,30.81995600484655,18.445345701533952,48.94542813772116,High,Trending,holdout,2026-04,65d674ca66c2,15-20
366,2026-04-13 14:21:00,2026-04-13 14:23:00,LONG,71554.1,71500.434425,SL,2,5e-05,0.0008,0.0008500000000000001,-0.0007500000000000888,-0.0016000000000000888,0.0024996471201510543,0.0011169171298360016,71424.89466133802,71284.17848474016,39.098137336670646,23.736987254531112,11.781123658251188,67.06529294281974,High,Trending,holdout,2026-04,65d674ca66c2,10-15
367,2026-04-13 14:54:00,2026-04-13 14:57:00,LONG,71987.76,72131.73552,TP,3,5e-05,0.0008,0.0008500000000000001,0.0020000000000001007,0.0011500000000001006,0.0,0.002525707147993034,71738.94329990578,71546.90527257498,35.954753009548504,24.9662879056641,17.515581790095396,44.07989626356949,High,Trending,holdout,2026-04,65d674ca66c2,15-20
368,2026-04-16 14:14:00,2026-04-16 14:17:00,SHORT,73877.82,73730.06436,TP,3,5e-05,0.0008,0.0008500000000000001,0.002000000000000041,0.0011500000000000407,0.00028465918458339505,0.004098929827653373,74133.79333454621,74307.59627849492,64.7996102110715,75.13105010980809,64.7996102110715,88.51568436505168,Medium,Trending,holdout,2026-04,65d674ca66c2,
369,2026-04-17 12:31:00,2026-04-17 12:32:00,LONG,75894.0,75837.07949999999,SL,1,5e-05,0.0008,0.0008500000000000001,-0.0007500000000000981,-0.0016000000000000983,0.001203784225366967,6.825308983573161e-05,75365.12718325856,74978.7253622213,62.40000000000106,47.61079365079474,18.970521631344383,62.40000000000106,Medium,Trending,holdout,2026-04,65d674ca66c2,15-20
370,2026-04-17 12:33:00,2026-04-17 12:36:00,LONG,75809.24,75752.38307,SL,3,5e-05,0.0008,0.0008500000000000001,-0.0007500000000001188,-0.001600000000000119,0.0014758095451161976,0.00048727569356964634,75398.91345136632,75011.10800854141,58.38761438531862,62.10190320780507,32.85238095238201,65.51809523809543,Low,Trending,holdout,2026-04,65d674ca66c2,
371,2026-04-17 12:46:00,2026-04-17 12:47:00,LONG,75829.97,75981.62994,TP,1,5e-05,0.0008,0.0008500000000000001,0.00199999999999997,0.00114999999999997,0.0,0.0032678372416605588,75540.56766416207,75179.19659691337,91.60547024185676,71.86109802499777,27.560213607714662,91.60547024185676,High,Trending,holdout,2026-04,65d674ca66c2,
372,2026-04-17 13:07:00,2026-04-17 13:08:00,LONG,76415.22,76357.908585,SL,1,5e-05,0.0008,0.0008500000000000001,-0.0007500000000000492,-0.0016000000000000493,0.0009592329904959105,0.0024048874033210147,75908.65615797315,75523.01939788203,54.80129561780782,38.906462159311886,17.35886945585665,54.80129561780782,High,Trending,holdout,2026-04,65d674ca66c2,15-20
373,2026-04-17 13:09:00,2026-04-17 13:10:00,LONG,76584.64,76527.20152,SL,1,5e-05,0.0008,0.0008500000000000001,-0.0007499999999999617,-0.0015999999999999617,0.0012462028939484776,0.0010623540177247105,75961.62943302329,75565.14967538885,83.68028187857708,72.997981792704,19.48509053394809,83.68028187857708,High,Trending,holdout,2026-04,65d674ca66c2,15-20
374,2026-04-17 13:31:00,2026-04-17 13:32:00,LONG,76450.53,76393.19210249999,SL,1,5e-05,0.0008,0.0008500000000000001,-0.0007500000000001137,-0.001600000000000114,0.00418675972553757,0.0,76385.39687825623,75968.5013661894,10.177504447791472,16.81546993351333,10.177504447791472,34.0160854213594,High,Trending,holdout,2026-04,65d674ca66c2,10-15
375,2026-04-20 12:16:00,2026-04-20 12:17:00,SHORT,75313.68,75370.16526,SL,1,5e-05,0.0008,0.0008500000000000001,-0.0007500000000000171,-0.0016000000000000172,0.0016121905077538744,0.0,75561.49355024917,75694.71559963089,65.41336599677004,70.67510756197869,65.41336599677004,85.10281345068358,High,Trending,holdout,2026-04,65d674ca66c2,
376,2026-04-20 12:53:00,2026-04-20 13:03:00,SHORT,75314.32,75163.69136000001,TP,10,5e-05,0.0008,0.0008500000000000001,0.001999999999999938,0.001149999999999938,0.00013304242805338377,0.0020547221298685293,75383.24729117943,75512.09112678494,64.30293407540479,75.60442352292343,64.30293407540479,97.54182394382185,Low,Trending,holdout,2026-04,65d674ca66c2,
377,2026-04-20 13:31:00,2026-04-20 13:32:00,SHORT,75114.11,74963.88178,TP,1,5e-05,0.0008,0.0008500000000000001,0.00200000000000006,0.0011500000000000598,0.0003713017434407386,0.002345897461875091,75200.50904377562,75326.89846063919,55.52219494402271,73.56507573276933,55.52219494402271,87.93853338996753,High,Trending,holdout,2026-04,65d674ca66c2,
378,2026-04-20 13:33:00,2026-04-20 13:34:00,SHORT,75125.07,75181.41380250001,SL,1,5e-05,0.0008,0.0008500000000000001,-0.0007500000000000912,-0.0016000000000000914,0.002000929915938746,0.0,75197.64514959833,75320.46736915251,60.960993002391895,54.463869940146644,46.90842187402519,87.93853338996753,High,Ranging,holdout,2026-04,65d674ca66c2,
379,2026-04-22 12:47:00,2026-04-22 12:48:00,LONG,78302.8,78244.0729,SL,1,5e-05,0.0008,0.0008500000000000001,-0.0007500000000000473,-0.0016000000000000473,0.001567887738369561,0.0,77888.98575316832,77334.03439154253,70.77408172499777,49.13041743920076,9.87183144867617,70.77408172499777,Low,Trending,holdout,2026-04,65d674ca66c2,5-10
380,2026-04-26 12:18:00,2026-04-26 12:45:00,LONG,77985.0,77926.51125,SL,27,5e-05,0.0008,0.0008500000000000001,-0.0007500000000000523,-0.0016000000000000523,0.0010899531961274605,0.0005424120023081735,77816.53375832496,77754.34018635257,29.718116827797743,20.524423705140777,1.5778345798224918,29.718116827797743,Low,Trending,holdout,2026-04,65d674ca66c2,0-5
381,2026-04-27 12:54:00,2026-04-27 13:10:00,SHORT,77707.43,77765.7105725,SL,16,5e-05,0.0008,0.0008500000000000001,-0.0007500000000000915,-0.0016000000000000916,0.0008306798976623331,0.001125117636756138,77779.2137611625,77849.68949670653,41.19893916929373,61.31138211633669,41.19893916929373,90.65548953027532,High,Trending,holdout,2026-04,65d674ca66c2,
382,2026-04-27 15:42:00,2026-04-27 15:43:00,SHORT,77027.24,77085.01043000001,SL,1,5e-05,0.0008,0.0008500000000000001,-0.0007500000000000535,-0.0016000000000000536,0.0007690785753194673,0.0,77219.0855420694,77441.52691905745,67.27283958269659,74.36990124992155,67.27283958269659,85.72144445184138,High,Trending,holdout,2026-04,65d674ca66c2,
383,2026-04-29 12:15:00,2026-04-29 12:20:00,LONG,77310.12,77252.13741,SL,5,5e-05,0.0008,0.0008500000000000001,-0.0007499999999999951,-0.001599999999999995,0.0027618635179972495,0.0012589554899151852,76695.84811896808,76408.21660671833,66.25328741124906,53.80302433725797,12.623818018985341,66.25328741124906,High,Trending,holdout,2026-04,65d674ca66c2,10-15
384,2026-05-01 12:13:00,2026-05-01 12:14:00,LONG,77460.67,77615.59134,TP,1,5e-05,0.0008,0.0008500000000000001,0.00200000000000001,0.00115000000000001,0.0,0.0028027126540476066,76873.72087337347,76664.7067585427,58.08373497744782,35.39533962850376,15.336836574351649,58.08373497744782,High,Trending,holdout,2026-05,65d674ca66c2,15-20
385,2026-05-01 12:15:00,2026-05-01 12:21:00,LONG,77553.64,77708.74728,TP,6,5e-05,0.0008,0.0008500000000000001,0.0019999999999999554,0.0011499999999999553,0.0,0.002709479529265224,76927.50026027286,76700.31990005657,72.18361994541989,68.75422429543967,15.336836574351649,75.99531796345093,Medium,Trending,holdout,2026-05,65d674ca66c2,15-20
386,2026-05-03 12:26:00,2026-05-03 12:33:00,LONG,78760.89,78701.8193325,SL,7,5e-05,0.0008,0.0008500000000000001,-0.0007499999999999555,-0.0015999999999999556,0.0009318076522497323,0.0002426331139731989,78658.6356114721,78561.57413807644,29.88375911284497,28.545428676003365,11.460824526629038,29.88375911284497,Medium,Trending,holdout,2026-05,65d674ca66c2,10-15
387,2026-05-04 12:39:00,2026-05-04 12:59:00,LONG,78942.64,78883.43302,SL,20,5e-05,0.0008,0.0008500000000000001,-0.0007500000000000337,-0.0016000000000000337,0.0011655298074652021,0.0008729122816262984,78854.75492564573,78804.72477680439,63.45990383867102,51.27645672000582,10.192839651588045,63.45990383867102,Medium,Trending,holdout,2026-05,65d674ca66c2,10-15
388,2026-05-04 15:13:00,2026-05-04 15:15:00,LONG,80043.4,80203.4868,TP,2,5e-05,0.0008,0.0008500000000000001,0.0020000000000000573,0.0011500000000000572,0.0007173608317487545,0.002134841848297357,79855.03345062066,79544.40129335581,21.1276952436569,18.608784429552415,14.42561869459209,21.1276952436569,High,Trending,holdout,2026-05,65d674ca66c2,10-15
389,2026-05-04 15:16:00,2026-05-04 15:17:00,LONG,80210.47,80150.3121475,SL,1,5e-05,0.0008,0.0008500000000000001,-0.0007500000000000963,-0.0016000000000000964,0.002243472703750484,0.0,79890.28690799218,79580.61432022472,70.75278668498993,53.10700531039502,20.273039350407824,70.75278668498993,Medium,Trending,holdout,2026-05,65d674ca66c2,
390,2026-05-04 15:33:00,2026-05-04 15:34:00,SHORT,79552.19,79611.8541425,SL,1,5e-05,0.0008,0.0008500000000000001,-0.0007499999999999745,-0.0015999999999999747,0.0023892491206086524,0.0,79786.45706900566,79610.25289795517,41.8568531596932,46.3207695863726,38.244228813723915,82.17657804368845,High,Trending,holdout,2026-05,65d674ca66c2,
391,2026-05-05 12:51:00,2026-05-05 13:02:00,LONG,81310.56,81473.18112,TP,11,5e-05,0.0008,0.0008500000000000001,0.0019999999999999528,0.0011499999999999527,0.000711469703320101,0.0020563134726903506,81035.70168869419,80657.82541048688,67.88994417808242,43.814938089104395,13.10188867828576,67.88994417808242,Low,Trending,holdout,2026-05,65d674ca66c2,10-15
392,2026-05-07 14:48:00,2026-05-07 14:50:00,SHORT,80176.0,80236.132,SL,2,5e-05,0.0008,0.0008500000000000001,-0.0007499999999999724,-0.0015999999999999725,0.0011726701257234594,0.00044901217321891837,80356.21247737238,80545.63262215107,65.44015164185639,74.46991361701157,65.44015164185639,80.51298701298715,High,Trending,holdout,2026-05,65d674ca66c2,
393,2026-05-07 14:57:00,2026-05-07 15:18:00,SHORT,80216.27,80055.83746000001,TP,21,5e-05,0.0008,0.0008500000000000001,0.0019999999999999294,0.0011499999999999293,0.0006875163853915692,0.0037875109376191013,80323.66257174636,80496.80601704138,42.302236488766106,65.42804562824504,42.302236488766106,89.93128776156334,Low,Trending,holdout,2026-05,65d674ca66c2,
394,2026-05-10 13:00:00,2026-05-10 13:07:00,LONG,80927.71,80867.01421750001,SL,7,5e-05,0.0008,0.0008500000000000001,-0.0007499999999999881,-0.0015999999999999882,0.00076945214438916,0.00011850082005281635,80865.99535829674,80753.94258197065,33.74582737409316,20.219142719210932,0.028233426894697513,33.74582737409316,High,Trending,holdout,2026-05,65d674ca66c2,0-5
395,2026-05-11 14:47:00,2026-05-11 14:51:00,SHORT,80787.26,80847.850445,SL,4,5e-05,0.0008,0.0008500000000000001,-0.0007500000000001104,-0.0016000000000001104,0.0008013639774390819,0.0007576689690923031,80899.57164433022,80983.89892624898,28.754670089166705,38.78454110095154,28.754670089166705,78.18370688847286,Medium,Trending,holdout,2026-05,65d674ca66c2,
396,2026-05-12 15:58:00,2026-05-12 15:59:00,SHORT,80365.99,80336.01,EOD,1,5e-05,0.0008,0.0008500000000000001,0.000373043373198171,-0.0004769566268018291,3.8946823152307394e-05,0.000373043373198171,80413.08237837601,80491.14871211447,50.63573070985092,73.3902104847565,50.63573070985092,92.22661928434627,Low,Trending,holdout,2026-05,65d674ca66c2,
397,2026-05-13 12:54:00,2026-05-13 13:01:00,SHORT,80192.84,80252.98462999999,SL,7,5e-05,0.0008,0.0008500000000000001,-0.0007499999999999406,-0.0015999999999999407,0.0012200590476655585,0.000650307433930438,80247.94526427802,80338.66607980117,34.487522842818635,62.17578422331534,34.487522842818635,90.04713791115273,Low,Trending,holdout,2026-05,65d674ca66c2,
398,2026-05-13 13:57:00,2026-05-13 13:59:00,SHORT,79619.3,79679.014475,SL,2,5e-05,0.0008,0.0008500000000000001,-0.0007500000000000085,-0.0016000000000000085,0.0009583103594229403,0.00022657822914806018,79942.31036509774,80091.52818454464,34.772581713981374,61.6456642864736,34.772581713981374,87.73547062677346,Medium,Trending,holdout,2026-05,65d674ca66c2,
399,2026-05-13 14:11:00,2026-05-13 14:23:00,SHORT,79735.21,79795.0114075,SL,12,5e-05,0.0008,0.0008500000000000001,-0.0007499999999999441,-0.0015999999999999441,0.0007771974263313109,0.000776570350789981,79826.62410239302,79988.4076182531,62.85216310873761,66.43608200099068,62.85216310873761,90.15036806871797,Medium,Trending,holdout,2026-05,65d674ca66c2,
400,2026-05-14 15:11:00,2026-05-14 15:20:00,LONG,80937.21,81099.08442000001,TP,9,5e-05,0.0008,0.0008500000000000001,0.002000000000000091,0.001150000000000091,0.00046109817721672123,0.002574094165094108,80625.12504591468,80349.36615356196,35.74794671034218,28.99123402612013,18.466827698309377,35.74794671034218,Medium,Trending,holdout,2026-05,65d674ca66c2,15-20
401,2026-05-15 14:12:00,2026-05-15 14:13:00,SHORT,79130.7,79190.048025,SL,1,5e-05,0.0008,0.0008500000000000001,-0.0007499999999999915,-0.0015999999999999916,0.0028133202410696467,0.0,79272.15743135056,79633.94659155923,87.62731842454131,83.57958661286483,78.8165192361693,87.62731842454131,High,Trending,holdout,2026-05,65d674ca66c2,
402,2026-05-17 14:30:00,2026-05-17 15:00:00,SHORT,78040.0,78026.43,MAX_HOLD,30,5e-05,0.0008,0.0008500000000000001,0.0001738851870836364,-0.0006761148129163637,0.0006660686827267546,0.0010561250640696855,78112.24097812524,78179.55743971589,69.7720129346061,80.55260229945708,69.7720129346061,97.33649520733734,Medium,Ranging,holdout,2026-05,65d674ca66c2,
403,2026-05-18 12:13:00,2026-05-18 12:18:00,SHORT,77421.5,77479.566125,SL,5,5e-05,0.0008,0.0008500000000000001,-0.0007499999999999685,-0.0015999999999999686,0.0007607705869815772,0.0006126205253061878,77767.00189634823,77901.03792451041,65.91709654475265,76.78333966653123,65.91709654475265,88.2740153873403,Medium,Trending,holdout,2026-05,65d674ca66c2,
404,2026-05-18 12:27:00,2026-05-18 12:34:00,SHORT,77428.96,77487.03172000001,SL,7,5e-05,0.0008,0.0008500000000000001,-0.0007500000000000928,-0.0016000000000000929,0.001782795481173886,0.0016655266969878763,77631.25214111317,77790.84553474911,28.711326908768807,55.96859380355823,28.711326908768807,91.15591960731433,High,Trending,holdout,2026-05,65d674ca66c2,
405,2026-05-18 13:56:00,2026-05-18 13:57:00,SHORT,76974.01,77031.7405075,SL,1,5e-05,0.0008,0.0008500000000000001,-0.0007500000000000523,-0.0016000000000000523,0.0009184918389987951,0.0007496036649253052,77157.9542245367,77337.47158684178,50.96381358040613,67.0042983253677,50.96381358040613,84.15529934888322,High,Trending,holdout,2026-05,65d674ca66c2,
406,2026-05-18 13:58:00,2026-05-18 14:07:00,SHORT,76916.31,76762.47738,TP,9,5e-05,0.0008,0.0008500000000000001,0.0020000000000000135,0.0011500000000000134,0.000493263392380658,0.0021844521662571187,77139.64864787107,77321.09607515305,24.606504741534806,35.86157208736358,24.606504741534806,84.15529934888322,High,Trending,holdout,2026-05,65d674ca66c2,
407,2026-05-18 14:30:00,2026-05-18 14:32:00,SHORT,76641.67,76488.38666,TP,2,5e-05,0.0008,0.0008500000000000001,0.001999999999999928,0.001149999999999928,0.0001739262727443406,0.002170881714868748,76850.62159587642,77050.7777805947,21.414152880913036,51.680630828482755,21.414152880913036,91.59265620047489,High,Trending,holdout,2026-05,65d674ca66c2,
408,2026-05-18 14:33:00,2026-05-18 14:35:00,SHORT,76475.3,76322.3494,TP,2,5e-05,0.0008,0.0008500000000000001,0.001999999999999954,0.001149999999999954,0.0,0.003207310072663969,76809.30780207666,77017.89732015523,0.2689618387760061,0.3570744520868578,0.21952045553258817,51.18319748765011,High,Trending,holdout,2026-05,65d674ca66c2,0-5
409,2026-05-18 14:46:00,2026-05-18 14:51:00,SHORT,76400.14,76457.440105,SL,5,5e-05,0.0008,0.0008500000000000001,-0.0007500000000000272,-0.0016000000000000272,0.0013069347778682844,0.0007930613739712585,76661.9166277772,76886.41586722046,32.44617282534224,54.382403542278304,32.44617282534224,83.4145896584653,High,Trending,holdout,2026-05,65d674ca66c2,
410,2026-05-18 15:19:00,2026-05-18 15:20:00,SHORT,76112.26,76169.344195,SL,1,5e-05,0.0008,0.0008500000000000001,-0.0007500000000000407,-0.0016000000000000406,0.0010707867562991824,8.802786830902851e-06,76374.88808246743,76595.47041946725,23.07160729385539,35.646046868543344,23.07160729385539,74.9154718391125,Medium,Trending,holdout,2026-05,65d674ca66c2,
411,2026-05-20 12:26:00,2026-05-20 12:56:00,LONG,77509.26,77664.27851999999,TP,30,5e-05,0.0008,0.0008500000000000001,0.001999999999999972,0.0011499999999999718,0.0003277027802870803,0.0029620976900051822,77128.6137709804,76912.20256669227,75.04449332686367,51.837852661971546,0.0036382158168766134,75.04449332686367,Medium,Trending,holdout,2026-05,65d674ca66c2,0-5
412,2026-05-22 14:50:00,2026-05-22 15:05:00,SHORT,76808.0,76865.606,SL,15,5e-05,0.0008,0.0008500000000000001,-0.000749999999999997,-0.001599999999999997,0.0017524216227477062,0.0017185709821893552,76925.24672826081,77053.23996111691,42.91497900132892,67.30073387272759,42.91497900132892,98.02493775737088,Medium,Trending,holdout,2026-05,65d674ca66c2,
