trade_id,entry_time,exit_time,direction,entry_price,exit_price,exit_reason,holding_candles,spread_pct,fees_pct,cost_total_pct,pnl_gross_pct,pnl_net_pct,mae_pct,mfe_pct,ema50_at_entry,ema100_at_entry,stoch_k_at_entry,stoch_d_at_entry,pullback_stoch_min,pullback_stoch_max,volatility_regime,trend_regime,split,month,spec_hash,pb_depth_bucket
0,2019-01-11 13:35:00,2019-01-11 13:40:00,SHORT,3580.02,3582.705015,SL,1,5e-05,0.0008,0.0008500000000000001,-0.000750000000000006,-0.001600000000000006,0.0012960821447924517,3.072608532916781e-05,3664.032609025206,3741.5457585913896,20.984772921852255,37.77383314582347,20.984772921852255,86.12649723471681,Low,Trending,train,2019-01,3509407d0c39,
1,2019-01-14 13:15:00,2019-01-14 13:20:00,SHORT,3506.01,3498.99798,TP,1,5e-05,0.0008,0.0008500000000000001,0.0020000000000000343,0.0011500000000000342,0.0,0.002130627123140052,3543.282510295008,3570.314739756828,59.079544139687535,70.9171595322159,59.079544139687535,87.05494505494516,Medium,Trending,train,2019-01,3509407d0c39,
2,2019-01-14 13:25:00,2019-01-14 13:30:00,SHORT,3500.36,3502.98527,SL,1,5e-05,0.0008,0.0008500000000000001,-0.0007500000000000001,-0.0016000000000000003,0.0022054874355779976,0.0,3540.1228632135008,3567.642586448061,37.49166567784939,46.13913918656646,37.49166567784939,81.81755436324619,High,Trending,train,2019-01,3509407d0c39,
3,2019-01-19 13:20:00,2019-01-19 13:35:00,LONG,3686.15,3683.3853875,SL,3,5e-05,0.0008,0.0008500000000000001,-0.0007500000000000304,-0.0016000000000000304,0.0011692416206611086,0.000952213013577788,3641.1981491172205,3618.976589747046,29.99398591150005,23.743638035962366,19.259648099883165,41.196451070109156,Low,Trending,train,2019-01,3509407d0c39,15-20
4,2019-01-20 14:50:00,2019-01-20 14:55:00,SHORT,3533.29,3526.22342,TP,1,5e-05,0.0008,0.0008500000000000001,0.0020000000000000447,0.0011500000000000446,0.0,0.0026094659651485727,3561.5326128258966,3586.793762666987,44.388322621839926,66.51812727557247,44.388322621839926,85.87001712472052,High,Trending,train,2019-01,3509407d0c39,
5,2019-01-20 15:00:00,2019-01-20 15:15:00,SHORT,3529.39,3532.0370425,SL,3,5e-05,0.0008,0.0008500000000000001,-0.0007500000000000638,-0.0016000000000000638,0.0008386718384763476,0.00043916937487773443,3559.104207379846,3584.5646414958474,33.21204770567942,36.05878893306993,30.575996471690377,85.87001712472052,Medium,Trending,train,2019-01,3509407d0c39,
6,2019-01-26 14:50:00,2019-01-26 15:20:00,LONG,3584.17,3581.4818725,SL,6,5e-05,0.0008,0.0008500000000000001,-0.0007500000000000179,-0.001600000000000018,0.0011355488160439274,0.0010602175678050224,3579.651049849093,3572.3141600255613,40.21063686637495,24.75942271126821,13.11093733920805,40.21063686637495,Medium,Ranging,train,2019-01,3509407d0c39,10-15
7,2019-02-01 13:10:00,2019-02-01 13:40:00,LONG,3462.98,3469.90596,TP,6,5e-05,0.0008,0.0008500000000000001,0.002000000000000009,0.001150000000000009,0.0004995697347371391,0.002313036748696141,3450.163856444903,3446.6441235040556,28.91294967597803,22.429901060997196,5.213173278174961,28.91294967597803,Low,Trending,train,2019-02,3509407d0c39,5-10
8,2019-02-01 14:45:00,2019-02-01 14:55:00,LONG,3468.9,3466.298325,SL,2,5e-05,0.0008,0.0008500000000000001,-0.0007499999999999673,-0.0015999999999999673,0.0007841102366745235,0.00015855170226865205,3459.2608949966507,3453.152201754006,43.41310128112186,28.38087958726216,14.495307343955337,43.41310128112186,Low,Trending,train,2019-02,3509407d0c39,10-15
9,2019-02-04 13:15:00,2019-02-04 13:20:00,SHORT,3446.29,3448.8747175,SL,1,5e-05,0.0008,0.0008500000000000001,-0.0007499999999999701,-0.0015999999999999702,0.0016684608666130826,0.0,3455.8519532565574,3458.5302003630836,60.82664743979607,73.16080401517353,60.82664743979607,97.33314016220913,High,Trending,train,2019-02,3509407d0c39,
10,2019-02-06 13:20:00,2019-02-06 14:35:00,SHORT,3403.74,3396.93252,TP,15,5e-05,0.0008,0.0008500000000000001,0.0019999999999999827,0.0011499999999999826,0.0006933549566065937,0.0029350067866522654,3433.20608304219,3443.8250722542944,37.69165831624661,57.459756572638554,37.69165831624661,88.56216877241009,Medium,Trending,train,2019-02,3509407d0c39,
11,2019-02-09 14:45:00,2019-02-09 14:50:00,LONG,3658.63,3655.8860275,SL,1,5e-05,0.0008,0.0008500000000000001,-0.0007499999999999801,-0.0015999999999999801,0.000989441402929482,0.0006614497776490306,3606.7198783667504,3548.1862421693572,20.463632375940993,18.61287795702016,13.33029929964429,53.844056934779594,Low,Trending,train,2019-02,3509407d0c39,10-15
12,2019-02-14 13:00:00,2019-02-14 13:05:00,SHORT,3586.83,3589.5201225,SL,1,5e-05,0.0008,0.0008500000000000001,-0.0007500000000000399,-0.00160000000000004,0.0014413841748842496,0.0,3601.6529109900057,3609.0562393627265,73.5526651364457,77.59870671028948,70.78185664713045,88.83578958478482,High,Trending,train,2019-02,3509407d0c39,
13,2019-02-14 13:45:00,2019-02-14 15:00:00,SHORT,3591.34,3594.0335050000003,SL,15,5e-05,0.0008,0.0008500000000000001,-0.000750000000000052,-0.001600000000000052,0.0024113562068753874,0.0017820646332566926,3598.8514747313907,3606.3103175315605,54.70442638798755,71.36394750020811,54.70442638798755,86.51379516467046,Medium,Trending,train,2019-02,3509407d0c39,
14,2019-02-24 14:00:00,2019-02-24 14:05:00,LONG,4105.11,4102.031167499999,SL,1,5e-05,0.0008,0.0008500000000000001,-0.0007500000000000773,-0.0016000000000000775,0.020408710119826205,0.0,4057.477341236409,4017.649969203053,17.2321275478814,18.603125916478565,13.391557496360988,22.55104932819246,High,Trending,train,2019-02,3509407d0c39,10-15
15,2019-02-25 14:10:00,2019-02-25 14:20:00,SHORT,3794.77,3787.18046,TP,2,5e-05,0.0008,0.0008500000000000001,0.001999999999999985,0.0011499999999999848,0.00050595951796817,0.0026536522635100847,3838.4111264969747,3883.9602189395823,34.01004147566027,43.08096099398339,34.01004147566027,78.52903114180582,Medium,Trending,train,2019-02,3509407d0c39,
16,2019-03-04 14:10:00,2019-03-04 14:15:00,SHORT,3714.84,3717.62613,SL,1,5e-05,0.0008,0.0008500000000000001,-0.0007499999999999885,-0.0015999999999999886,0.000974469963713078,0.00032302871725303723,3743.4452830532423,3771.7509073952756,87.70640092381286,82.25588172479748,78.7937263835743,94.34858340673604,High,Trending,train,2019-03,3509407d0c39,
17,2019-03-04 14:25:00,2019-03-04 14:30:00,SHORT,3708.98,3711.761735,SL,1,5e-05,0.0008,0.0008500000000000001,-0.0007500000000000071,-0.0016000000000000072,0.002431935464736931,0.0,3740.024472683439,3768.3402927054603,58.48307518262366,69.89799042073295,58.48307518262366,87.70640092381286,High,Trending,train,2019-03,3509407d0c39,
18,2019-03-04 14:35:00,2019-03-04 14:40:00,SHORT,3710.32,3713.1027400000003,SL,1,5e-05,0.0008,0.0008500000000000001,-0.0007500000000000279,-0.001600000000000028,0.001773431941180256,0.0,3737.778415575908,3766.084414156084,55.540069686411584,54.25435690064723,48.73992583290638,86.65422236652027,Low,Trending,train,2019-03,3509407d0c39,
19,2019-03-11 14:05:00,2019-03-11 14:15:00,SHORT,3862.33,3854.60534,TP,2,5e-05,0.0008,0.0008500000000000001,0.001999999999999963,0.0011499999999999631,0.000554069693682278,0.002542506725215015,3879.2400859273203,3890.345184982611,35.70734992212993,59.2232328042547,35.70734992212993,90.24464687761515,Medium,Trending,train,2019-03,3509407d0c39,
20,2019-03-11 15:30:00,2019-03-11 15:35:00,SHORT,3849.06,3851.946795,SL,1,5e-05,0.0008,0.0008500000000000001,-0.0007499999999999722,-0.001599999999999972,0.0012028910954882774,0.0,3868.645543028394,3881.0074597518096,20.787417175738497,23.88997061006546,20.787417175738497,63.10801543623922,High,Trending,train,2019-03,3509407d0c39,
21,2019-03-21 13:25:00,2019-03-21 13:30:00,LONG,4030.69,4027.6669825,SL,1,5e-05,0.0008,0.0008500000000000001,-0.0007500000000000374,-0.0016000000000000376,0.00263478461504107,8.187183832046802e-05,4027.4187014686036,4015.840884958645,19.409784159217732,21.127229939014615,14.16117462448002,24.152524556217656,High,Trending,train,2019-03,3509407d0c39,10-15
22,2019-03-25 14:05:00,2019-03-25 14:15:00,SHORT,3977.35,3980.3330125,SL,2,5e-05,0.0008,0.0008500000000000001,-0.0007500000000000788,-0.0016000000000000788,0.0009151822193168499,0.0004751907677221951,3984.663182308697,3987.839183853473,17.83920090348983,23.478942898581284,17.83920090348983,70.5713347720491,Low,Trending,train,2019-03,3509407d0c39,15-20
23,2019-03-25 14:40:00,2019-03-25 14:45:00,SHORT,3980.28,3983.2652100000005,SL,1,5e-05,0.0008,0.0008500000000000001,-0.0007500000000000702,-0.0016000000000000701,0.0008768227360888634,5.024772126590914e-05,3983.8635524374554,3986.9942076293078,70.72122475347614,78.08972647966378,57.03987661800587,83.99079078512408,Low,Trending,train,2019-03,3509407d0c39,
24,2019-03-26 13:35:00,2019-03-26 14:00:00,SHORT,3907.01,3909.9402575000004,SL,5,5e-05,0.0008,0.0008500000000000001,-0.0007500000000000389,-0.0016000000000000389,0.002794976209428596,0.0017942109183237867,3942.360674264706,3960.410950964452,47.746086956521914,62.293140096618636,47.746086956521914,88.07999999999998,High,Trending,train,2019-03,3509407d0c39,
25,2019-04-01 13:35:00,2019-04-01 13:50:00,LONG,4137.88,4146.155760000001,TP,3,5e-05,0.0008,0.0008500000000000001,0.0020000000000001076,0.0011500000000001075,0.0005485900992779966,0.0022136939688922478,4121.951367354331,4108.939968176241,41.605968725513826,28.323557104405065,12.397166760428078,41.605968725513826,High,Trending,train,2019-04,3509407d0c39,10-15
26,2019-04-01 15:10:00,2019-04-01 15:35:00,LONG,4141.98,4138.873514999999,SL,5,5e-05,0.0008,0.0008500000000000001,-0.00075000000000006,-0.0016000000000000601,0.0010043505762943941,0.0016803557718772272,4134.889321559536,4120.785332485668,30.199436473384726,24.578006969948017,18.244551486220285,37.81419383829103,Low,Ranging,train,2019-04,3509407d0c39,15-20
27,2019-04-11 13:25:00,2019-04-11 13:30:00,SHORT,5006.94,5010.695205,SL,1,5e-05,0.0008,0.0008500000000000001,-0.0007500000000000774,-0.0016000000000000775,0.002630349075483244,0.0,5110.737643137745,5139.147177720604,46.69176499273734,62.72201200779944,46.69176499273734,87.8742471978767,High,Trending,train,2019-04,3509407d0c39,
28,2019-04-11 14:45:00,2019-04-11 14:55:00,SHORT,4996.32,5000.067239999999,SL,2,5e-05,0.0008,0.0008500000000000001,-0.0007499999999999384,-0.0015999999999999385,0.003738751721266911,0.001264930989207999,5057.643473133816,5100.69102056056,62.420580589032504,75.03265798213444,62.420580589032504,87.96572824249456,Medium,Trending,train,2019-04,3509407d0c39,
29,2019-04-15 13:35:00,2019-04-15 13:40:00,LONG,5117.0,5113.162249999999,SL,1,5e-05,0.0008,0.0008500000000000001,-0.0007500000000001166,-0.0016000000000001165,0.0007817080320500293,0.0004670705491499565,5086.732618726383,5072.504344693821,37.56838332390137,26.976108495786036,17.483159275895648,51.90577194944782,Low,Trending,train,2019-04,3509407d0c39,15-20
30,2019-04-20 13:05:00,2019-04-20 13:40:00,LONG,5290.61,5286.6420425,SL,7,5e-05,0.0008,0.0008500000000000001,-0.0007500000000000022,-0.0016000000000000022,0.0010925016207960416,0.0017748425984905952,5259.630835365993,5238.187989083491,68.0781841704647,44.59685665018924,16.20648259303631,68.0781841704647,Medium,Trending,train,2019-04,3509407d0c39,15-20
31,2019-04-23 13:20:00,2019-04-23 13:30:00,LONG,5537.07,5548.144139999999,TP,2,5e-05,0.0008,0.0008500000000000001,0.001999999999999949,0.0011499999999999488,3.250816767701718e-05,0.003057573770965563,5402.443707025499,5342.331845317016,52.431078613977434,34.60633720871374,15.94402385868573,52.431078613977434,Medium,Trending,train,2019-04,3509407d0c39,15-20
32,2019-04-23 13:35:00,2019-04-23 13:40:00,LONG,5540.5,5551.581,TP,1,5e-05,0.0008,0.0008500000000000001,0.0020000000000000235,0.0011500000000000234,0.0,0.0029943145925458254,5418.472644517138,5354.086790422658,78.46153551153138,79.16869911718608,35.44390915347784,79.74125134277352,Low,Trending,train,2019-04,3509407d0c39,
33,2019-05-02 13:35:00,2019-05-02 13:55:00,LONG,5438.69,5449.5673799999995,TP,4,5e-05,0.0008,0.0008500000000000001,0.0019999999999999823,0.0011499999999999822,0.0004946043992210624,0.005677837861690979,5398.670791648228,5366.514969421759,48.76597122884582,42.099910333803756,19.030561478322593,48.76597122884582,Medium,Trending,train,2019-05,3509407d0c39,15-20
34,2019-05-09 13:20:00,2019-05-09 13:25:00,LONG,6046.71,6042.1749675,SL,1,5e-05,0.0008,0.0008500000000000001,-0.0007499999999999906,-0.0015999999999999908,0.003590382207845264,0.0015512567991519536,5991.308631760518,5945.554766513525,38.75256296926921,28.10953712538719,18.777627761084517,38.75256296926921,Medium,Trending,train,2019-05,3509407d0c39,15-20
35,2019-05-09 13:30:00,2019-05-09 13:35:00,LONG,6041.65,6053.7333,TP,1,5e-05,0.0008,0.0008500000000000001,0.002000000000000039,0.001150000000000039,0.00035751822763646597,0.0037804242218599468,5995.613250617842,5949.5418396822915,51.57070929491732,44.93044114195692,18.777627761084517,51.57070929491732,High,Trending,train,2019-05,3509407d0c39,15-20
36,2019-05-10 14:30:00,2019-05-10 14:35:00,LONG,6326.02,6321.275485,SL,1,5e-05,0.0008,0.0008500000000000001,-0.0007500000000000504,-0.0016000000000000506,0.002292120480175529,0.0,6241.775045498699,6148.412176762989,35.281285820600715,34.18696409225944,25.396825396826248,35.281285820600715,Low,Trending,train,2019-05,3509407d0c39,
37,2019-05-17 13:10:00,2019-05-17 13:15:00,SHORT,7091.41,7096.7285575,SL,1,5e-05,0.0008,0.0008500000000000001,-0.0007499999999999676,-0.0015999999999999678,0.008121092984328948,0.0,7551.232162096823,7683.820261419912,66.63329601021483,77.14924434546725,66.63329601021483,89.19845800483786,Medium,Trending,train,2019-05,3509407d0c39,
38,2019-05-17 13:20:00,2019-05-17 13:25:00,SHORT,7148.81,7154.1716075,SL,1,5e-05,0.0008,0.0008500000000000001,-0.0007499999999999987,-0.0015999999999999988,0.0025752537834968134,0.0021234303331603846,7520.9395929236725,7663.170359982017,74.32692242274929,68.42182403837893,64.30525368217253,86.25427183623907,Medium,Trending,train,2019-05,3509407d0c39,
39,2019-05-17 14:25:00,2019-05-17 14:30:00,SHORT,7194.67,7180.28066,TP,1,5e-05,0.0008,0.0008500000000000001,0.001999999999999961,0.001149999999999961,0.0007408261949470827,0.003182911794425545,7391.218378075627,7556.972123222244,52.47369288130023,62.49173998914224,52.47369288130023,91.204723820318,Low,Trending,train,2019-05,3509407d0c39,
40,2019-05-31 13:15:00,2019-05-31 13:20:00,SHORT,8399.98,8383.18004,TP,1,5e-05,0.0008,0.0008500000000000001,0.002000000000000034,0.0011500000000000338,2.3809580499520904e-06,0.003120245524394002,8546.812790003069,8602.4148987355,71.48229130453358,75.47565041697929,71.48229130453358,80.8645093483159,High,Trending,train,2019-05,3509407d0c39,
41,2019-05-31 13:25:00,2019-05-31 13:30:00,SHORT,8393.9,8377.1122,TP,1,5e-05,0.0008,0.0008500000000000001,0.0020000000000000074,0.0011500000000000074,0.00037408117799845567,0.00335600853000394,8534.629945712175,8594.025331095643,61.549914917753966,66.35437314613216,61.549914917753966,80.8645093483159,High,Trending,train,2019-05,3509407d0c39,
42,2019-06-09 13:40:00,2019-06-09 13:45:00,SHORT,7724.43,7708.98114,TP,1,5e-05,0.0008,0.0008500000000000001,0.0020000000000000547,0.0011500000000000546,0.0,0.005503318691476292,7815.781814778585,7844.456226735236,26.488217380066136,29.531657340055546,24.309606400082668,71.20488432473066,High,Trending,train,2019-06,3509407d0c39,
43,2019-06-12 13:15:00,2019-06-12 13:20:00,LONG,7968.37,7962.3937225,SL,1,5e-05,0.0008,0.0008500000000000001,-0.0007499999999999905,-0.0015999999999999905,0.0010428732601522634,0.00019953892703277403,7874.114277430706,7851.671435938717,55.76087529885691,65.6347000312014,27.7095653984944,71.42133051476527,Medium,Trending,train,2019-06,3509407d0c39,
44,2019-06-26 15:05:00,2019-06-26 15:10:00,LONG,12910.29,12900.607282500001,SL,1,5e-05,0.0008,0.0008500000000000001,-0.0007499999999999886,-0.0015999999999999886,0.004307416796989113,0.0019132025694232203,12501.313733886467,12034.462237815678,64.59205229383365,41.86226508334379,19.604093667665076,64.59205229383365,Medium,Ranging,train,2019-06,3509407d0c39,15-20
45,2019-06-30 15:20:00,2019-06-30 15:25:00,SHORT,11214.41,11222.8208075,SL,1,5e-05,0.0008,0.0008500000000000001,-0.0007500000000000333,-0.0016000000000000333,0.0007945134875575135,0.004851793362290112,11482.047209635675,11655.504346003903,28.925146701016313,40.23535817317936,28.925146701016313,74.86688872570306,Medium,Trending,train,2019-06,3509407d0c39,
46,2019-07-01 13:50:00,2019-07-01 13:55:00,SHORT,10650.08,10628.77984,TP,1,5e-05,0.0008,0.0008500000000000001,0.0020000000000000647,0.0011500000000000646,0.0,0.006760512597088473,10994.916510594294,11275.551524367233,41.20795107033611,49.21523655333669,41.20795107033611,71.93638606861448,Low,Trending,train,2019-07,3509407d0c39,
47,2019-07-02 12:05:00,2019-07-02 12:10:00,SHORT,10088.57,10096.1364275,SL,1,5e-05,0.0008,0.0008500000000000001,-0.0007499999999999919,-0.001599999999999992,0.003115406841603943,0.005805579978133642,10559.408103160493,10892.945273335286,51.74555128166684,71.97844357875603,51.74555128166684,91.7876886485476,High,Trending,train,2019-07,3509407d0c39,
48,2019-07-10 14:10:00,2019-07-10 14:15:00,LONG,12944.93,12935.2213025,SL,1,5e-05,0.0008,0.0008500000000000001,-0.0007500000000000153,-0.0016000000000000155,0.01892092116372976,0.0,12751.081253521143,12458.7479005471,18.186518555473132,21.844779187611266,17.77286674065135,24.700456621004523,High,Trending,train,2019-07,3509407d0c39,15-20
49,2019-07-14 13:25:00,2019-07-14 13:30:00,SHORT,10681.57,10689.5811775,SL,1,5e-05,0.0008,0.0008500000000000001,-0.0007500000000000454,-0.0016000000000000454,0.0012573058080413545,0.002728999575905006,11041.69225226638,11263.581904708333,37.356555161242596,59.46290139222203,37.356555161242596,86.06499640602813,Medium,Trending,train,2019-07,3509407d0c39,
50,2019-07-14 13:40:00,2019-07-14 13:45:00,SHORT,10628.01,10635.9810075,SL,1,5e-05,0.0008,0.0008500000000000001,-0.0007500000000000253,-0.0016000000000000254,0.002165974627423237,0.0037429396472152977,10997.679672123748,11228.01273895356,17.875672409240874,21.52325495756527,17.875672409240874,60.493329519954564,Medium,Trending,train,2019-07,3509407d0c39,15-20
51,2019-07-17 13:25:00,2019-07-17 13:30:00,SHORT,9394.8,9401.846099999999,SL,1,5e-05,0.0008,0.0008500000000000001,-0.0007499999999999543,-0.0015999999999999543,0.0073370375101120084,0.0,9909.056614219206,10177.088040892986,22.601421408621487,38.36209742759763,22.601421408621487,87.76167759757539,Low,Trending,train,2019-07,3509407d0c39,
52,2019-07-20 13:15:00,2019-07-20 13:20:00,LONG,10569.4,10590.5388,TP,1,5e-05,0.0008,0.0008500000000000001,0.0020000000000000595,0.0011500000000000594,0.0,0.009442352451416456,10414.539078714497,10279.687523937471,59.24884812912683,41.30589875275106,22.142222222222074,59.24884812912683,High,Trending,train,2019-07,3509407d0c39,
53,2019-07-24 13:10:00,2019-07-24 13:15:00,SHORT,9770.08,9750.53984,TP,1,5e-05,0.0008,0.0008500000000000001,0.002000000000000048,0.0011500000000000481,0.0,0.0058853151663036535,9900.36012787274,10037.708190584934,62.01703039496752,71.8252114473139,62.01703039496752,84.82131413679745,High,Trending,train,2019-07,3509407d0c39,
54,2019-07-27 14:00:00,2019-07-27 14:05:00,SHORT,9443.71,9450.792782499999,SL,1,5e-05,0.0008,0.0008500000000000001,-0.0007499999999999648,-0.0015999999999999647,0.002992468002511748,0.0,9584.720505975305,9695.969731899615,28.908239674532854,38.958208657207116,28.908239674532854,80.00366887090082,High,Trending,train,2019-07,3509407d0c39,
55,2019-08-10 13:10:00,2019-08-10 13:20:00,SHORT,11489.59,11466.61082,TP,2,5e-05,0.0008,0.0008500000000000001,0.0020000000000000235,0.0011500000000000234,0.0003594558204426093,0.0021549942165038282,11611.522274872861,11679.92700030917,73.85875234834026,76.24186028815468,73.85875234834026,90.72201145473703,Medium,Trending,train,2019-08,3509407d0c39,
56,2019-08-21 13:40:00,2019-08-21 13:45:00,SHORT,9970.0,9977.4775,SL,1,5e-05,0.0008,0.0008500000000000001,-0.0007500000000000876,-0.0016000000000000877,0.0009508525576729753,0.0026509528585757563,10290.701271283759,10416.522747226745,54.16865646019631,70.69753025797768,52.38359931245094,81.13439036963935,Medium,Trending,train,2019-08,3509407d0c39,
57,2019-08-26 13:20:00,2019-08-26 13:25:00,LONG,10343.69,10335.9322325,SL,1,5e-05,0.0008,0.0008500000000000001,-0.0007500000000001098,-0.00160000000000011,0.0020669606301040554,0.001988652018766969,10231.921254126602,10186.947582267487,48.79263252470769,30.107940535989666,11.562046100017776,48.79263252470769,High,Trending,train,2019-08,3509407d0c39,10-15
58,2019-08-26 13:30:00,2019-08-26 13:35:00,LONG,10357.24,10349.47207,SL,1,5e-05,0.0008,0.0008500000000000001,-0.000749999999999998,-0.0015999999999999981,0.0011817820191479373,0.0013739181480780173,10241.708908557466,10193.700832644216,73.90800760288037,62.663572807685604,11.562046100017776,73.90800760288037,High,Trending,train,2019-08,3509407d0c39,10-15
59,2019-09-02 15:20:00,2019-09-02 15:25:00,LONG,9884.99,9877.576257499999,SL,1,5e-05,0.0008,0.0008500000000000001,-0.0007500000000000818,-0.0016000000000000818,0.0012483573579740745,1.0116348119945776e-06,9814.335641218728,9742.041609608563,35.60996442062236,28.60805188384134,13.540694837850745,35.60996442062236,Low,Trending,train,2019-09,3509407d0c39,10-15
60,2019-09-06 13:05:00,2019-09-06 13:10:00,LONG,10844.66,10836.526505,SL,1,5e-05,0.0008,0.0008500000000000001,-0.0007500000000000036,-0.0016000000000000038,0.0008907609828247132,2.2130707647799167e-05,10669.21960241743,10574.685783720799,35.91787309206171,22.39373924666222,10.770249710682004,35.91787309206171,Low,Trending,train,2019-09,3509407d0c39,10-15
61,2019-09-06 13:20:00,2019-09-06 13:25:00,LONG,10830.84,10822.71687,SL,1,5e-05,0.0008,0.0008500000000000001,-0.000749999999999995,-0.001599999999999995,0.004890664066683595,0.00017727156896418678,10687.621666363679,10589.669273269175,51.271845118165345,49.18977248273041,20.493094937243054,51.271845118165345,High,Trending,train,2019-09,3509407d0c39,
62,2019-09-11 13:10:00,2019-09-11 13:20:00,SHORT,10077.2,10057.045600000001,TP,2,5e-05,0.0008,0.0008500000000000001,0.0019999999999999445,0.0011499999999999445,0.0002778549597109586,0.005451911245187205,10160.362376395196,10225.79809670877,47.78470662721293,67.23744926422529,47.78470662721293,81.65633789649148,Medium,Trending,train,2019-09,3509407d0c39,
63,2019-09-11 13:25:00,2019-09-11 13:30:00,SHORT,10036.01,10043.537007500001,SL,1,5e-05,0.0008,0.0008500000000000001,-0.0007500000000000761,-0.0016000000000000762,0.0011219598226785564,0.0019370247737896344,10147.520648321675,10215.391428076284,21.936500748355485,25.448390577839433,21.936500748355485,72.27130326897161,High,Trending,train,2019-09,3509407d0c39,
64,2019-09-16 13:35:00,2019-09-16 13:50:00,SHORT,10148.01,10127.71398,TP,3,5e-05,0.0008,0.0008500000000000001,0.0019999999999999775,0.0011499999999999774,0.00033504105731070784,0.002352185305296388,10219.11653843436,10249.194044709555,55.7308826079406,64.92880951004706,55.7308826079406,83.08754485962781,High,Trending,train,2019-09,3509407d0c39,
65,2019-09-25 14:00:00,2019-09-25 14:05:00,SHORT,8393.68,8399.975260000001,SL,1,5e-05,0.0008,0.0008500000000000001,-0.0007500000000000929,-0.001600000000000093,0.007119642397613468,0.0,8822.780389647334,9182.581612444132,45.94563176673703,29.465438648462236,18.911150575604132,67.93850105033182,High,Trending,train,2019-09,3509407d0c39,15-20
66,2019-10-01 13:10:00,2019-10-01 13:15:00,LONG,8317.07,8333.70414,TP,1,5e-05,0.0008,0.0008500000000000001,0.002000000000000014,0.0011500000000000139,0.0,0.0032992387944312733,8232.172961515951,8165.441804074342,52.48040138908548,32.413189419578316,15.698370693932517,52.48040138908548,Medium,Trending,train,2019-10,3509407d0c39,15-20
67,2019-10-10 12:50:00,2019-10-10 12:55:00,LONG,8448.54,8465.437080000002,TP,1,5e-05,0.0008,0.0008500000000000001,0.002000000000000076,0.0011500000000000759,0.0,0.002540083848806909,8402.871808969192,8316.561842483918,33.3650582844086,23.947887677532776,13.818433177548842,33.3650582844086,Low,Trending,train,2019-10,3509407d0c39,10-15
68,2019-10-21 14:00:00,2019-10-21 14:55:00,LONG,8236.69,8253.16338,TP,11,5e-05,0.0008,0.0008500000000000001,0.0019999999999999333,0.0011499999999999332,0.0005827583653143546,0.004040457999511798,8144.044223214305,8083.452747131689,58.1232486267182,36.0858033651442,18.678239190462097,58.1232486267182,Medium,Trending,train,2019-10,3509407d0c39,15-20
69,2019-10-26 13:15:00,2019-10-26 13:20:00,LONG,9155.81,9174.12162,TP,1,5e-05,0.0008,0.0008500000000000001,0.0020000000000000443,0.0011500000000000442,4.4780308896739284e-05,0.00579741169814576,8449.683926445345,8106.830709109743,30.708738750149763,24.21732796893927,16.861655972548675,38.115223223689746,High,Trending,train,2019-10,3509407d0c39,15-20
70,2019-10-26 13:25:00,2019-10-26 13:30:00,LONG,9156.87,9150.0023475,SL,1,5e-05,0.0008,0.0008500000000000001,-0.0007500000000001076,-0.0016000000000001076,0.006100337779175699,0.001385844726418382,8503.163747556815,8147.550591117008,32.86263590266565,32.27570740041545,16.861655972548675,33.2557475484311,High,Trending,train,2019-10,3509407d0c39,15-20
71,2019-10-26 14:20:00,2019-10-26 14:25:00,LONG,9150.0,9168.3,TP,1,5e-05,0.0008,0.0008500000000000001,0.0019999999999999207,0.0011499999999999206,0.0,0.004371584699453552,8729.716511484945,8343.63475256009,54.76212601646407,34.420231334725706,15.89603298511954,54.76212601646407,High,Trending,train,2019-10,3509407d0c39,15-20
72,2019-11-07 13:50:00,2019-11-07 13:55:00,SHORT,9199.94,9206.839955000001,SL,1,5e-05,0.0008,0.0008500000000000001,-0.0007500000000000839,-0.001600000000000084,0.0010880505742428992,0.00016739239603746035,9251.722480442442,9273.905340888829,49.64564629909779,67.33793903899748,49.64564629909779,85.78376053960467,High,Trending,train,2019-11,3509407d0c39,
73,2019-11-11 14:05:00,2019-11-11 14:10:00,SHORT,8728.88,8711.42224,TP,1,5e-05,0.0008,0.0008500000000000001,0.001999999999999923,0.0011499999999999228,0.0,0.002498602340735523,8749.5801313183,8792.686941312833,73.1579366873526,77.26057634380335,72.09845981003338,80.15926173833712,Low,Ranging,train,2019-11,3509407d0c39,
74,2019-11-28 14:55:00,2019-11-28 15:00:00,LONG,7468.89,7463.2883325,SL,1,5e-05,0.0008,0.0008500000000000001,-0.0007500000000000101,-0.0016000000000000103,0.0026603685420457245,0.0,7401.490262532019,7330.662583008147,69.13381543558786,71.95925453219735,26.85570586194996,76.2225622299067,High,Ranging,train,2019-11,3509407d0c39,
75,2019-12-04 15:35:00,2019-12-04 15:40:00,LONG,7460.86,7455.264354999999,SL,1,5e-05,0.0008,0.0008500000000000001,-0.0007500000000000445,-0.0016000000000000445,0.0021378232536195317,0.00015279739869134758,7412.476177573506,7379.644720637793,31.446153846153624,23.94129049335181,16.720502953157986,51.48679453073469,Medium,Trending,train,2019-12,3509407d0c39,15-20
76,2019-12-04 15:50:00,2019-12-04 15:55:00,LONG,7480.98,7475.369264999999,SL,1,5e-05,0.0008,0.0008500000000000001,-0.0007500000000000273,-0.0016000000000000274,0.0025985900243015755,0.0006376169967036989,7419.369628086825,7385.098099982559,68.59466039143228,55.791956869579586,23.657214680743934,68.59466039143228,Low,Trending,train,2019-12,3509407d0c39,
77,2019-12-07 13:25:00,2019-12-07 13:30:00,LONG,7515.57,7530.60114,TP,1,5e-05,0.0008,0.0008500000000000001,0.002000000000000007,0.001150000000000007,0.0,0.0024349450540677798,7454.87380712035,7425.066909107546,36.11735075896871,25.753220576684452,8.825396825396671,36.11735075896871,Low,Trending,train,2019-12,3509407d0c39,5-10
78,2019-12-10 13:10:00,2019-12-10 13:15:00,SHORT,7326.28,7331.77471,SL,1,5e-05,0.0008,0.0008500000000000001,-0.000749999999999992,-0.001599999999999992,0.002510141572530715,0.0,7429.71504746019,7459.624912536016,30.40303542080891,43.60006566345364,30.40303542080891,91.69294859632826,Low,Trending,train,2019-12,3509407d0c39,
79,2019-12-10 14:35:00,2019-12-10 14:50:00,SHORT,7337.21,7322.53558,TP,3,5e-05,0.0008,0.0008500000000000001,0.0020000000000000386,0.0011500000000000386,0.0,0.0023810140366706495,7378.354605685843,7421.006784774748,73.63603290974417,78.94648525752919,39.05737410708208,84.6429769665469,Medium,Trending,train,2019-12,3509407d0c39,
80,2019-12-15 12:35:00,2019-12-15 12:40:00,SHORT,7100.95,7086.7481,TP,1,5e-05,0.0008,0.0008500000000000001,0.0020000000000000035,0.0011500000000000035,0.0,0.004040304466303748,7138.970068489463,7165.504412230327,47.49982516497662,65.25220940743756,47.49982516497662,85.58807588075865,High,Trending,train,2019-12,3509407d0c39,
81,2019-12-15 12:45:00,2019-12-15 12:50:00,SHORT,7080.88,7066.71824,TP,1,5e-05,0.0008,0.0008500000000000001,0.001999999999999994,0.001149999999999994,0.00046321926088279216,0.002800499372959283,7134.329278909343,7162.098428023667,16.891704101127775,31.268975343952956,16.891704101127775,79.16531165311642,High,Trending,train,2019-12,3509407d0c39,15-20
82,2019-12-17 15:15:00,2019-12-17 15:20:00,SHORT,6733.77,6738.8203275000005,SL,1,5e-05,0.0008,0.0008500000000000001,-0.0007500000000000139,-0.001600000000000014,0.0017969131704824272,0.0,6857.618007751056,6947.084075951746,46.37906831754563,51.37054570127211,46.37906831754563,82.09241204182467,Medium,Trending,train,2019-12,3509407d0c39,
83,2019-12-29 15:05:00,2019-12-29 15:25:00,LONG,7375.29,7390.04058,TP,4,5e-05,0.0008,0.0008500000000000001,0.0019999999999999866,0.0011499999999999865,0.0005437074338772059,0.002390414478617127,7361.060661201333,7327.67761514749,18.01752841496593,21.327368828163063,17.60771437372137,26.73676831397745,High,Trending,train,2019-12,3509407d0c39,15-20
84,2020-01-08 13:15:00,2020-01-08 13:20:00,LONG,8265.41,8259.2109425,SL,1,5e-05,0.0008,0.0008500000000000001,-0.0007499999999999977,-0.0015999999999999977,0.006074713777053906,0.00035085978795965794,8030.597335131353,7867.6512493862865,16.327690791625866,17.842417988176162,15.427498447868308,23.027555874005497,High,Trending,train,2020-01,3509407d0c39,15-20
85,2020-01-08 13:25:00,2020-01-08 13:30:00,LONG,8252.31,8268.81462,TP,1,5e-05,0.0008,0.0008500000000000001,0.0019999999999999645,0.0011499999999999644,0.0,0.0171697379279257,8049.959070223137,7883.902385573472,46.12590225700213,29.229179595319625,15.427498447868308,46.12590225700213,High,Trending,train,2020-01,3509407d0c39,15-20
86,2020-01-08 13:35:00,2020-01-08 13:40:00,LONG,8378.88,8372.595839999998,SL,1,5e-05,0.0008,0.0008500000000000001,-0.0007500000000001273,-0.0016000000000001274,0.002068295523984104,0.00474168385273466,8074.600364323626,7902.983246839093,90.23494789728547,70.27642363689563,16.327690791625866,90.23494789728547,High,Trending,train,2020-01,3509407d0c39,15-20
87,2020-01-10 13:20:00,2020-01-10 13:25:00,SHORT,7881.4,7887.31105,SL,1,5e-05,0.0008,0.0008500000000000001,-0.000750000000000078,-0.001600000000000078,0.006552135407414968,0.0,7911.978105667864,7941.4679024727275,77.16923623950075,76.08752573284802,69.51118840981391,87.99616123271353,High,Ranging,train,2020-01,3509407d0c39,
88,2020-01-11 15:05:00,2020-01-11 15:10:00,LONG,8069.1,8063.048175,SL,1,5e-05,0.0008,0.0008500000000000001,-0.0007500000000000573,-0.0016000000000000573,0.0014747617454239686,0.0015701875054219272,8050.406905395332,8018.622029822363,35.4232778108314,22.281340595645393,11.237579195259535,35.4232778108314,Low,Trending,train,2020-01,3509407d0c39,10-15
89,2020-01-12 12:55:00,2020-01-12 13:00:00,LONG,8137.53,8131.4268525,SL,1,5e-05,0.0008,0.0008500000000000001,-0.0007499999999999972,-0.0015999999999999973,0.0007680463236387455,0.0009179689660130598,8086.044912236318,8050.63484362473,41.88444400377012,26.66730861144369,12.450421618046954,41.88444400377012,Medium,Trending,train,2020-01,3509407d0c39,10-15
90,2020-01-14 13:05:00,2020-01-14 13:10:00,LONG,8525.05,8518.656212499998,SL,1,5e-05,0.0008,0.0008500000000000001,-0.0007500000000001236,-0.0016000000000001237,0.0016187588342589513,0.0030005689116192782,8277.304233284125,8197.846994241136,22.04260393020117,20.61788692455259,10.659636889883684,22.285661874297727,High,Trending,train,2020-01,3509407d0c39,10-15
91,2020-01-14 13:15:00,2020-01-14 13:20:00,LONG,8543.62,8537.212285000001,SL,1,5e-05,0.0008,0.0008500000000000001,-0.0007499999999999263,-0.0015999999999999264,0.0026417373431872585,0.0016784454364775498,8297.07156636493,8211.045982801428,43.53077143121928,32.42469769008512,17.52539496915909,43.53077143121928,High,Trending,train,2020-01,3509407d0c39,15-20
92,2020-02-09 14:15:00,2020-02-09 14:20:00,LONG,10115.99,10108.4030075,SL,1,5e-05,0.0008,0.0008500000000000001,-0.0007500000000000626,-0.0016000000000000627,0.000860024574954988,9.885339942228372e-07,10021.706005920032,9930.820517909433,68.69012513282324,43.08357392936503,11.754905000243612,68.69012513282324,Low,Trending,train,2020-02,3509407d0c39,10-15
93,2020-02-16 14:10:00,2020-02-16 14:15:00,SHORT,9937.49,9944.9431175,SL,1,5e-05,0.0008,0.0008500000000000001,-0.0007500000000001106,-0.0016000000000001107,0.0018636496741129237,0.0013564793524320088,10020.630762602439,10099.806334892846,77.71330722448165,80.3690691408619,77.71330722448165,84.2548412826833,Medium,Trending,train,2020-02,3509407d0c39,
94,2020-02-16 14:20:00,2020-02-16 14:30:00,SHORT,9928.97,9936.4167275,SL,2,5e-05,0.0008,0.0008500000000000001,-0.0007500000000000639,-0.001600000000000064,0.001210598883872188,0.0014069938775119017,10013.32620569337,10092.978030417094,48.935947129777276,63.635931775820815,48.935947129777276,84.2548412826833,Medium,Trending,train,2020-02,3509407d0c39,
95,2020-03-02 15:20:00,2020-03-02 15:25:00,LONG,8828.61,8821.988542500001,SL,1,5e-05,0.0008,0.0008500000000000001,-0.0007499999999999378,-0.0015999999999999378,0.004826354318516797,0.0,8774.838461170362,8730.684581546797,38.794198972970136,44.36973266120669,11.216637882429675,48.82632343501865,Medium,Trending,train,2020-03,3509407d0c39,10-15
96,2020-03-05 13:20:00,2020-03-05 13:30:00,LONG,9063.5,9056.702374999999,SL,2,5e-05,0.0008,0.0008500000000000001,-0.0007500000000001172,-0.0016000000000001174,0.0009687206928891327,0.0013074419374414258,8912.01148453987,8844.476523751511,30.02252573443567,26.367740788564962,9.460020426965313,30.02252573443567,Medium,Trending,train,2020-03,3509407d0c39,5-10
97,2020-03-09 13:15:00,2020-03-09 13:20:00,SHORT,7839.3,7845.179475000001,SL,1,5e-05,0.0008,0.0008500000000000001,-0.0007500000000000814,-0.0016000000000000814,0.0016162157335476474,0.0024619545112446496,8265.263973630123,8519.8538532636,48.09146512193431,61.52025550589513,48.09146512193431,85.58288855939054,Medium,Trending,train,2020-03,3509407d0c39,
98,2020-03-13 12:15:00,2020-03-13 12:20:00,SHORT,5500.0,5504.125,SL,1,5e-05,0.0008,0.0008500000000000001,-0.00075,-0.0016,0.008030909090909104,0.007818181818181818,6186.739688627292,6661.076022909809,14.698417093543725,17.79442571634706,8.686463883878439,75.45266314712839,Medium,Trending,train,2020-03,3509407d0c39,5-10
99,2020-03-20 13:40:00,2020-03-20 13:45:00,LONG,6530.86,6525.961855,SL,1,5e-05,0.0008,0.0008500000000000001,-0.0007500000000000174,-0.0016000000000000174,0.010084429921939787,0.0,6207.329008314936,5924.086216665586,52.236139227699105,47.007121571033586,15.300127586967982,52.236139227699105,Medium,Trending,train,2020-03,3509407d0c39,15-20
100,2020-03-28 14:45:00,2020-03-28 14:50:00,SHORT,6221.84,6226.506380000001,SL,1,5e-05,0.0008,0.0008500000000000001,-0.000750000000000092,-0.001600000000000092,0.002451043421238733,0.0,6330.066816360231,6421.969326351718,29.032028467648498,47.72541414544824,29.032028467648498,82.2069185359312,Medium,Trending,train,2020-03,3509407d0c39,
101,2020-04-02 13:35:00,2020-04-02 13:40:00,LONG,6665.14,6660.1411450000005,SL,1,5e-05,0.0008,0.0008500000000000001,-0.0007499999999999731,-0.0015999999999999732,0.004286481604287474,0.0008611972141620104,6480.563522298157,6412.095910208904,62.596618644096374,47.41134337137081,10.672605099318014,62.596618644096374,Medium,Trending,train,2020-04,3509407d0c39,10-15
102,2020-04-05 14:20:00,2020-04-05 14:25:00,LONG,6785.68,6780.590740000001,SL,1,5e-05,0.0008,0.0008500000000000001,-0.0007499999999999616,-0.0015999999999999617,0.0017094823215949417,0.0006366347956283982,6773.09230733322,6751.805236110795,19.583279628538204,20.589990831446638,19.54413191076614,25.623469968593444,Low,Trending,train,2020-04,3509407d0c39,15-20
103,2020-04-05 14:30:00,2020-04-05 14:35:00,LONG,6787.1,6782.009675,SL,1,5e-05,0.0008,0.0008500000000000001,-0.0007500000000000178,-0.0016000000000000179,0.002109884928762007,0.0,6773.861264862385,6753.033588777756,26.22169749442504,24.176126625588893,19.54413191076614,26.723402753803793,Low,Ranging,train,2020-04,3509407d0c39,15-20
104,2020-04-10 14:25:00,2020-04-10 14:30:00,SHORT,6887.42,6873.64516,TP,1,5e-05,0.0008,0.0008500000000000001,0.0020000000000000057,0.0011500000000000056,0.0,0.004252680974878831,7014.56345471716,7103.210910058699,41.43155636632384,62.367560340602324,41.43155636632384,89.32953526419533,High,Trending,train,2020-04,3509407d0c39,
105,2020-04-10 14:35:00,2020-04-10 14:40:00,SHORT,6878.91,6865.15218,TP,1,5e-05,0.0008,0.0008500000000000001,0.0019999999999999723,0.0011499999999999722,0.0,0.005711660713688646,7003.588502412881,7094.141061610167,24.857191084776783,33.146213231021896,24.857191084776783,80.6922420521779,High,Trending,train,2020-04,3509407d0c39,
106,2020-04-16 13:55:00,2020-04-16 14:00:00,LONG,6994.99,6989.743757499999,SL,1,5e-05,0.0008,0.0008500000000000001,-0.0007500000000000479,-0.001600000000000048,0.002570411108521894,0.0009849906861911636,6913.386116797715,6866.248400171429,12.685565309559196,15.55434657807462,12.685565309559196,22.994783887743992,High,Trending,train,2020-04,3509407d0c39,10-15
107,2020-04-16 14:20:00,2020-04-16 14:25:00,LONG,7003.71,6998.457217499999,SL,1,5e-05,0.0008,0.0008500000000000001,-0.0007500000000000926,-0.0016000000000000927,0.0012993113649766143,0.0013992583930517086,6927.927947122449,6878.3435333991465,47.001061499700675,28.912362793891475,13.930226884606121,47.001061499700675,Low,Trending,train,2020-04,3509407d0c39,10-15
108,2020-04-30 13:10:00,2020-04-30 13:15:00,LONG,8796.13,8813.722259999999,TP,1,5e-05,0.0008,0.0008500000000000001,0.0019999999999999367,0.0011499999999999367,0.0,0.0063823522389961545,8488.620776839784,8259.041475069043,41.425302152614194,30.990740980683523,14.994444231436887,41.425302152614194,High,Trending,train,2020-04,3509407d0c39,10-15
109,2020-05-06 12:55:00,2020-05-06 13:00:00,LONG,9241.27,9234.3390475,SL,1,5e-05,0.0008,0.0008500000000000001,-0.0007500000000000849,-0.0016000000000000849,0.002083047027086104,0.002133905837617486,9013.358977380436,8936.436322083686,18.905314428283997,18.827294380701385,16.82021416520329,61.87568651106883,Medium,Trending,train,2020-05,3509407d0c39,15-20
110,2020-05-06 13:05:00,2020-05-06 13:10:00,LONG,9256.87,9249.9273475,SL,1,5e-05,0.0008,0.0008500000000000001,-0.0007499999999999885,-0.0015999999999999886,0.00251812977820811,0.0002765513613132182,9032.062985271215,8948.99081587513,38.96594782491259,30.57364890176328,16.82021416520329,38.96594782491259,Low,Trending,train,2020-05,3509407d0c39,15-20
111,2020-05-17 15:50:00,2020-05-17 15:55:00,LONG,9812.53,9805.1706025,SL,1,5e-05,0.0008,0.0008500000000000001,-0.0007500000000000347,-0.0016000000000000348,0.001873115292386471,0.0013727346566073525,9719.43289495635,9640.838774604776,31.445402817767313,23.469890851288877,14.31265124025827,35.44239216431725,Medium,Trending,train,2020-05,3509407d0c39,10-15
112,2020-05-21 13:35:00,2020-05-21 13:45:00,SHORT,9344.01,9351.0180075,SL,2,5e-05,0.0008,0.0008500000000000001,-0.0007500000000000568,-0.0016000000000000569,0.0010648533124428278,0.0019167359623972848,9508.713800791076,9586.033809920365,19.139835885837808,38.36362977107708,19.139835885837808,80.50079086731915,Medium,Trending,train,2020-05,3509407d0c39,15-20
113,2020-05-28 12:05:00,2020-05-28 12:10:00,LONG,9254.12,9272.62824,TP,1,5e-05,0.0008,0.0008500000000000001,0.0019999999999999137,0.0011499999999999137,0.0,0.013656619970348255,9115.752945835166,9047.114921973398,65.91133916980898,40.520046411049094,7.918371454760371,65.91133916980898,High,Trending,train,2020-05,3509407d0c39,5-10
114,2020-05-28 12:15:00,2020-05-28 12:20:00,LONG,9350.01,9342.9974925,SL,1,5e-05,0.0008,0.0008500000000000001,-0.0007499999999999602,-0.0015999999999999604,0.0012898381926863705,0.000668448482942799,9133.42276161101,9058.819540266766,87.47852956834907,80.42376706889821,15.438772105438346,87.88143246853713,High,Trending,train,2020-05,3509407d0c39,15-20
115,2020-06-02 14:40:00,2020-06-02 14:45:00,LONG,10155.39,10147.7734575,SL,1,5e-05,0.0008,0.0008500000000000001,-0.0007499999999999924,-0.0015999999999999925,0.07438316007558543,0.0,9988.110010473718,9829.579384356653,15.94584016832354,18.568598363529343,15.94584016832354,36.046094970316396,High,Trending,train,2020-06,3509407d0c39,15-20
116,2020-06-03 15:40:00,2020-06-03 15:45:00,SHORT,9552.57,9533.46486,TP,1,5e-05,0.0008,0.0008500000000000001,0.001999999999999965,0.0011499999999999649,0.0,0.0027165464372413822,9604.975519469177,9643.898479877571,30.715605073533407,41.00502758618499,30.715605073533407,82.4326034159525,High,Trending,train,2020-06,3509407d0c39,
117,2020-06-12 13:40:00,2020-06-12 13:45:00,SHORT,9493.51,9500.6301325,SL,1,5e-05,0.0008,0.0008500000000000001,-0.0007500000000000191,-0.0016000000000000192,0.0008732281316393046,0.000614103740344712,9538.255549259819,9599.67303439537,83.34298398033756,76.65805224724511,73.0295047349263,83.34298398033756,Low,Trending,train,2020-06,3509407d0c39,
118,2020-06-20 12:05:00,2020-06-20 12:40:00,SHORT,9315.79,9322.776842500001,SL,7,5e-05,0.0008,0.0008500000000000001,-0.0007500000000000451,-0.0016000000000000452,0.0008233332868171409,0.0016949716556514125,9378.68031978275,9393.474418150357,36.35225668248597,63.40594111139338,36.35225668248597,89.37993561756115,High,Trending,train,2020-06,3509407d0c39,
119,2020-06-23 13:40:00,2020-06-23 13:55:00,LONG,9643.37,9636.1374725,SL,3,5e-05,0.0008,0.0008500000000000001,-0.0007500000000000297,-0.0016000000000000298,0.0010992007980612963,0.0002965768190994189,9555.702009019235,9495.001699738059,81.1195181414724,75.31014663991387,20.712704579991783,82.46693895859023,Low,Trending,train,2020-06,3509407d0c39,
120,2020-06-28 13:10:00,2020-06-28 13:15:00,SHORT,9045.76,9052.54432,SL,1,5e-05,0.0008,0.0008500000000000001,-0.0007500000000000732,-0.0016000000000000732,0.00084238361398036,6.854039903786971e-05,9104.787475993271,9141.789103824825,70.58624148278219,78.38602692347887,70.58624148278219,88.16211590651028,Medium,Trending,train,2020-06,3509407d0c39,
121,2020-07-01 15:15:00,2020-07-01 15:20:00,LONG,9232.54,9225.615595000001,SL,1,5e-05,0.0008,0.0008500000000000001,-0.000749999999999973,-0.001599999999999973,0.000970480496158256,2.4911887736155317e-05,9191.05124115085,9166.592730780749,57.26259837447365,41.112215078874335,11.331182070735466,57.26259837447365,Low,Trending,train,2020-07,3509407d0c39,10-15
122,2020-07-05 13:10:00,2020-07-05 13:20:00,SHORT,9017.79,9024.553342500001,SL,2,5e-05,0.0008,0.0008500000000000001,-0.0007500000000000401,-0.0016000000000000402,0.0014903873343689185,0.0001552486806636055,9053.281937872734,9074.829308840743,17.764767497836427,45.56266351000601,17.764767497836427,84.61091753774734,Medium,Trending,train,2020-07,3509407d0c39,15-20
123,2020-07-13 15:05:00,2020-07-13 15:30:00,LONG,9314.58,9307.594065,SL,5,5e-05,0.0008,0.0008500000000000001,-0.0007500000000000654,-0.0016000000000000653,0.0009232837122017701,0.000624826884303931,9294.183682343675,9273.898620543288,29.831092260827955,24.693501985806037,18.58272517766811,43.6802464909255,Low,Trending,train,2020-07,3509407d0c39,15-20
124,2020-07-19 12:55:00,2020-07-19 15:25:00,SHORT,9130.21,9133.61,MAX_HOLD,30,5e-05,0.0008,0.0008500000000000001,-0.0003723901202712156,-0.0012223901202712156,0.000580490481599119,0.00124641163784833,9148.36554237192,9153.040327092203,81.47457416387151,79.33606863110998,36.34012762190801,81.47457416387151,Medium,Trending,train,2020-07,3509407d0c39,
125,2020-07-28 13:50:00,2020-07-28 13:55:00,LONG,10961.21,10983.13242,TP,1,5e-05,0.0008,0.0008500000000000001,0.0020000000000000716,0.0011500000000000715,0.0,0.004272338546565731,10688.31015537691,10430.914424435532,50.93333786184579,28.12412690990871,11.799429888717727,50.93333786184579,High,Trending,train,2020-07,3509407d0c39,10-15
126,2020-07-31 13:35:00,2020-07-31 13:40:00,LONG,11149.54,11141.177845,SL,1,5e-05,0.0008,0.0008500000000000001,-0.0007500000000000638,-0.0016000000000000638,0.0033669550492666845,0.0,11107.194234704057,11047.452068544477,18.793216267872335,21.440183009604237,18.793216267872335,23.87425261584542,Medium,Trending,train,2020-07,3509407d0c39,15-20
127,2020-08-10 12:00:00,2020-08-10 12:05:00,SHORT,11733.13,11709.66374,TP,1,5e-05,0.0008,0.0008500000000000001,0.001999999999999935,0.001149999999999935,0.0,0.0023540180667902754,11624.122232000189,11652.039117973005,52.21370515299564,62.98812252041461,52.21370515299564,92.50914901851615,High,Ranging,train,2020-08,3509407d0c39,
128,2020-08-10 15:10:00,2020-08-10 15:15:00,LONG,11928.52,11919.57361,SL,1,5e-05,0.0008,0.0008500000000000001,-0.0007500000000000817,-0.0016000000000000818,0.0014746171360738923,0.0,11834.609887586785,11776.882863101662,49.055323762425154,30.445428113142174,16.01540857306784,49.055323762425154,Medium,Trending,train,2020-08,3509407d0c39,15-20
129,2020-08-12 12:00:00,2020-08-12 12:05:00,SHORT,11460.44,11437.51912,TP,1,5e-05,0.0008,0.0008500000000000001,0.001999999999999971,0.001149999999999971,0.00043541085682572236,0.0033934124693293832,11606.536658242294,11662.909904790686,25.545175885472855,50.7235274305182,25.545175885472855,83.01041701351157,Medium,Trending,train,2020-08,3509407d0c39,
130,2020-08-12 12:10:00,2020-08-12 12:15:00,SHORT,11427.79,11436.360842500002,SL,1,5e-05,0.0008,0.0008500000000000001,-0.0007500000000001017,-0.0016000000000001018,0.0028106921810777917,0.0,11593.27140193762,11653.93239651539,7.391995118460049,12.478773783519658,4.4991503466265,76.17782388421031,Low,Trending,train,2020-08,3509407d0c39,0-5
131,2020-08-19 14:50:00,2020-08-19 14:55:00,SHORT,11779.96,11756.40008,TP,1,5e-05,0.0008,0.0008500000000000001,0.001999999999999974,0.001149999999999974,0.00034040862617531966,0.004390507268275898,11893.660081904507,11939.385952623876,9.323724122969901,36.781724456316816,9.323724122969901,84.6601797218341,Medium,Trending,train,2020-08,3509407d0c39,5-10
132,2020-08-19 15:00:00,2020-08-19 15:05:00,SHORT,11750.62,11759.432965000002,SL,1,5e-05,0.0008,0.0008500000000000001,-0.0007500000000000838,-0.001600000000000084,0.0012663161603387054,0.003211745422794848,11883.241229009122,11932.276963206215,13.632769572936107,9.815268961583136,6.489313188843884,65.7698513342437,Medium,Trending,train,2020-08,3509407d0c39,5-10
133,2020-08-22 14:05:00,2020-08-22 14:30:00,SHORT,11580.72,11589.40554,SL,5,5e-05,0.0008,0.0008500000000000001,-0.0007500000000000347,-0.0016000000000000348,0.0011191014030216555,0.0011665941323164898,11638.855049120062,11694.739742900654,65.04702691124974,76.23549344295422,54.33558207735899,87.71902707503337,Low,Trending,train,2020-08,3509407d0c39,
134,2020-08-24 14:20:00,2020-08-24 14:30:00,LONG,11779.12,11770.285660000001,SL,2,5e-05,0.0008,0.0008500000000000001,-0.0007499999999999514,-0.0015999999999999515,0.0012505178655112929,0.0009508350369126817,11727.588847739202,11694.76150130669,63.66391184572956,43.813900384121354,17.495586113699673,63.66391184572956,Medium,Trending,train,2020-08,3509407d0c39,15-20
135,2020-09-02 15:30:00,2020-09-02 15:35:00,SHORT,11320.32,11328.81024,SL,1,5e-05,0.0008,0.0008500000000000001,-0.0007500000000000879,-0.001600000000000088,0.002753455732700142,0.0,11441.429664879126,11546.565899913323,83.64632634450042,80.83522096724094,67.67835120795716,83.64632634450042,High,Trending,train,2020-09,3509407d0c39,
136,2020-09-04 13:10:00,2020-09-04 13:15:00,SHORT,10398.11,10405.9085825,SL,1,5e-05,0.0008,0.0008500000000000001,-0.0007499999999999626,-0.0015999999999999626,0.006603123067557455,0.0,10681.876652243505,10917.586093506798,53.43885979565238,64.60908937793344,53.43885979565238,94.79972669674612,High,Trending,train,2020-09,3509407d0c39,
137,2020-09-04 15:20:00,2020-09-04 15:25:00,SHORT,10199.0,10206.64925,SL,1,5e-05,0.0008,0.0008500000000000001,-0.0007500000000000385,-0.0016000000000000385,0.0027836062359054238,0.0015491714874006541,10438.101649319942,10673.99776718088,68.12275205940362,71.48397382183187,68.12275205940362,84.97441054002142,Medium,Trending,train,2020-09,3509407d0c39,
138,2020-09-14 14:55:00,2020-09-14 15:00:00,LONG,10625.69,10646.94138,TP,1,5e-05,0.0008,0.0008500000000000001,0.0019999999999999714,0.0011499999999999714,0.0,0.0022878514242368722,10527.788934223141,10453.575262767725,56.13956858763314,48.441145551328965,15.351814001242424,56.13956858763314,Low,Trending,train,2020-09,3509407d0c39,15-20
139,2020-09-21 12:05:00,2020-09-21 12:10:00,SHORT,10600.0,10578.8,TP,1,5e-05,0.0008,0.0008500000000000001,0.0020000000000000686,0.0011500000000000685,0.0,0.003192452830188693,10861.371729017288,10903.135772395448,4.75223224740191,14.339342690891648,4.75223224740191,75.42825049143474,High,Trending,train,2020-09,3509407d0c39,0-5
140,2020-09-21 13:30:00,2020-09-21 13:35:00,SHORT,10598.55,10606.4989125,SL,1,5e-05,0.0008,0.0008500000000000001,-0.0007500000000000006,-0.0016000000000000007,0.001762505248359473,0.0021729387510554593,10726.113242728836,10811.524630495778,64.68559726008814,72.75262938660741,64.68559726008814,84.40759058990785,High,Trending,train,2020-09,3509407d0c39,
141,2020-09-21 13:40:00,2020-09-21 13:45:00,SHORT,10583.88,10591.81791,SL,1,5e-05,0.0008,0.0008500000000000001,-0.0007500000000000526,-0.0016000000000000528,0.0038568086561829432,7.558664686289645e-05,10715.594846517468,10802.809548425557,48.3113212985722,55.494253581892764,48.3113212985722,80.35205655546447,High,Trending,train,2020-09,3509407d0c39,
142,2020-09-28 14:15:00,2020-09-28 14:30:00,LONG,10905.9,10897.720575,SL,3,5e-05,0.0008,0.0008500000000000001,-0.0007500000000000243,-0.0016000000000000244,0.00097745257154383,0.000999459008426598,10829.30972008641,10765.83359982498,44.2962735808653,34.00158976467866,10.871587933208618,44.2962735808653,Low,Trending,train,2020-09,3509407d0c39,10-15
143,2020-10-01 13:35:00,2020-10-01 13:40:00,LONG,10884.09,10875.9269325,SL,1,5e-05,0.0008,0.0008500000000000001,-0.0007499999999999697,-0.0015999999999999697,0.0010097307170374172,0.00018007936354799776,10824.119080647939,10799.240401631385,44.66437992652928,31.975346196567553,14.723219618284565,44.66437992652928,High,Trending,train,2020-10,3509407d0c39,10-15
144,2020-10-01 14:20:00,2020-10-01 14:25:00,LONG,10848.62,10840.483535000001,SL,1,5e-05,0.0008,0.0008500000000000001,-0.0007499999999999621,-0.0015999999999999621,0.0010102667436043427,0.00021938274176800364,10832.73018080465,10808.089832254034,30.538477570511784,21.324366119000633,11.8240917390309,30.538477570511784,High,Trending,train,2020-10,3509407d0c39,10-15
145,2020-10-02 13:55:00,2020-10-02 14:00:00,SHORT,10531.5,10539.398625,SL,1,5e-05,0.0008,0.0008500000000000001,-0.000749999999999982,-0.001599999999999982,0.0016142050040355124,0.000355125100887792,10622.1841482869,10692.669120977647,63.12065389776736,74.8776187147841,62.30064472344795,84.90462416693792,High,Trending,train,2020-10,3509407d0c39,
146,2020-10-02 14:05:00,2020-10-02 14:10:00,SHORT,10532.64,10540.53948,SL,1,5e-05,0.0008,0.0008500000000000001,-0.0007500000000000038,-0.0016000000000000038,0.0016016877060262954,0.0,10615.884652071069,10686.689922037242,60.501993294189084,60.509994435778054,57.90733611537835,84.90462416693792,Medium,Trending,train,2020-10,3509407d0c39,
147,2020-10-07 15:05:00,2020-10-07 15:10:00,SHORT,10616.24,10624.20218,SL,1,5e-05,0.0008,0.0008500000000000001,-0.0007500000000000419,-0.001600000000000042,0.001613565631523121,0.0,10635.308945171155,10649.244912611373,55.94906587906248,72.80528162400302,55.94906587906248,94.39152324411111,Medium,Trending,train,2020-10,3509407d0c39,
148,2020-10-09 13:35:00,2020-10-09 14:25:00,LONG,11067.42,11059.119435,SL,10,5e-05,0.0008,0.0008500000000000001,-0.0007499999999999595,-0.0015999999999999595,0.0017004866536193357,0.001439359850805363,10937.519187554655,10840.497229847293,42.18671633952961,27.22952551575842,11.041495390048793,42.18671633952961,Low,Trending,train,2020-10,3509407d0c39,10-15
149,2020-10-10 13:45:00,2020-10-10 13:50:00,LONG,11352.92,11344.40531,SL,1,5e-05,0.0008,0.0008500000000000001,-0.0007499999999999976,-0.0015999999999999977,0.0010702092501312117,0.001239328736571711,11200.522163744661,11074.891025382803,66.85090990773577,43.06959068272997,10.820047759050466,66.85090990773577,High,Trending,train,2020-10,3509407d0c39,10-15
150,2020-10-10 13:55:00,2020-10-10 14:05:00,LONG,11346.63,11338.1200275,SL,2,5e-05,0.0008,0.0008500000000000001,-0.0007500000000000003,-0.0016000000000000003,0.0013986531683855897,0.0006962419678795779,11212.049848193361,11085.694331906367,70.27896995708042,71.10481946467162,18.492323123570227,76.18457852919931,Medium,Trending,train,2020-10,3509407d0c39,15-20
151,2020-10-31 13:30:00,2020-10-31 13:35:00,LONG,13895.27,13884.8485475,SL,1,5e-05,0.0008,0.0008500000000000001,-0.0007500000000000482,-0.0016000000000000482,0.002538273815478248,0.0,13645.549826183515,13503.599358481999,48.13886900501104,39.47194735416051,19.87856626662717,48.13886900501104,High,Trending,train,2020-10,3509407d0c39,15-20
152,2020-10-31 14:25:00,2020-10-31 14:30:00,LONG,13819.93,13809.5650525,SL,1,5e-05,0.0008,0.0008500000000000001,-0.0007500000000000143,-0.0016000000000000144,0.0030448779407710406,0.0006562985485454491,13716.912491820856,13571.53491564847,15.398285021340818,22.892219773840917,15.398285021340818,28.14222406544127,High,Trending,train,2020-10,3509407d0c39,15-20
153,2020-10-31 14:35:00,2020-10-31 14:40:00,LONG,13815.8,13805.438149999998,SL,1,5e-05,0.0008,0.0008500000000000001,-0.0007500000000000826,-0.0016000000000000827,0.0014020179794147992,0.0001592379739139773,13724.235498985727,13580.971213436982,26.9450780325185,21.365151294737867,15.398285021340818,28.14222406544127,Medium,Ranging,train,2020-10,3509407d0c39,15-20
154,2020-11-02 14:10:00,2020-11-02 14:15:00,SHORT,13371.98,13345.23604,TP,1,5e-05,0.0008,0.0008500000000000001,0.0019999999999999844,0.0011499999999999844,0.0,0.0025403866891813586,13512.32611395003,13579.60583296682,28.12638133518834,45.163398176657914,28.12638133518834,81.19341232100079,Medium,Trending,train,2020-11,3509407d0c39,
155,2020-11-11 14:05:00,2020-11-11 14:15:00,LONG,15583.6,15614.7672,TP,2,5e-05,0.0008,0.0008500000000000001,0.0019999999999999914,0.0011499999999999913,8.662953361228239e-05,0.002217716060473799,15475.231592087976,15395.33673474271,43.00564933110075,29.25156230487329,16.413232348761287,43.00564933110075,Low,Trending,train,2020-11,3509407d0c39,15-20
156,2020-11-12 14:50:00,2020-11-12 14:55:00,LONG,15911.15,15942.9723,TP,1,5e-05,0.0008,0.0008500000000000001,0.0019999999999999883,0.0011499999999999883,0.0,0.007092510597914064,15843.005703127636,15703.63062240929,38.65214207916885,26.390955575241506,17.736125127586288,38.65214207916885,High,Trending,train,2020-11,3509407d0c39,15-20
157,2020-11-13 13:25:00,2020-11-13 13:30:00,LONG,16272.8,16260.595399999998,SL,1,5e-05,0.0008,0.0008500000000000001,-0.0007500000000000576,-0.0016000000000000575,0.001232731920751161,0.0006747455877293019,16092.847153698784,15923.638963436159,52.980923613781954,34.06737941708612,13.16595545920778,52.980923613781954,Low,Trending,train,2020-11,3509407d0c39,10-15
158,2020-11-26 13:05:00,2020-11-26 13:10:00,SHORT,17304.03,17317.0080225,SL,1,5e-05,0.0008,0.0008500000000000001,-0.000749999999999971,-0.001599999999999971,0.0008882323944192549,0.003881176812569087,18382.57257158781,18666.99686242185,73.4718642341317,76.29314330755932,72.75032017481794,82.65724551372894,Medium,Trending,train,2020-11,3509407d0c39,
159,2020-11-29 15:10:00,2020-11-29 15:15:00,LONG,18061.4,18097.522800000002,TP,1,5e-05,0.0008,0.0008500000000000001,0.0020000000000000556,0.0011500000000000555,0.0,0.003570044404088252,17896.830253460914,17700.074141561767,60.07515901175051,37.28564275275671,8.24935753042026,60.07515901175051,Medium,Trending,train,2020-11,3509407d0c39,5-10
160,2020-12-11 13:15:00,2020-12-11 13:20:00,SHORT,17878.77,17892.1790775,SL,1,5e-05,0.0008,0.0008500000000000001,-0.0007500000000000235,-0.0016000000000000237,0.002693138286358503,0.0004905259142547522,17996.339634420583,18163.974500011478,70.84109375764204,69.79581621253287,67.01919156691105,82.90694944557002,Low,Ranging,train,2020-12,3509407d0c39,
161,2020-12-13 14:10:00,2020-12-13 14:15:00,LONG,19343.0,19328.49275,SL,1,5e-05,0.0008,0.0008500000000000001,-0.0007499999999999353,-0.0015999999999999352,0.0016352168743215126,0.0010856640645194645,19000.29107871592,18725.314644976934,52.79882019499365,39.86335828054387,16.403559522827564,52.79882019499365,High,Trending,train,2020-12,3509407d0c39,15-20
162,2020-12-13 14:20:00,2020-12-13 14:25:00,LONG,19345.88,19331.370590000002,SL,1,5e-05,0.0008,0.0008500000000000001,-0.0007499999999999355,-0.0015999999999999357,0.0027054856124404856,0.0,19026.48618992577,18749.457066505136,65.03422134592081,63.70034623197078,21.384835865946048,73.2679971549985,Low,Trending,train,2020-12,3509407d0c39,
163,2021-01-06 14:25:00,2021-01-06 14:30:00,LONG,34303.64,34277.91227,SL,1,5e-05,0.0008,0.0008500000000000001,-0.0007499999999999622,-0.0015999999999999621,0.002700296528298378,0.00214350430449943,33728.02393836358,33074.62839452579,43.294356657559526,27.483086812100556,11.138909715690138,43.294356657559526,Medium,Trending,train,2021-01,3509407d0c39,10-15
164,2021-01-06 14:40:00,2021-01-06 14:45:00,LONG,34570.53,34544.6021025,SL,1,5e-05,0.0008,0.0008500000000000001,-0.0007499999999999401,-0.00159999999999994,0.004355154520338499,0.0,33810.59747023797,33155.10424941836,75.96515615578852,64.1959881867799,26.43949954424041,75.96515615578852,Low,Trending,train,2021-01,3509407d0c39,
165,2021-01-08 13:20:00,2021-01-08 13:25:00,LONG,41206.95,41176.044787499995,SL,1,5e-05,0.0008,0.0008500000000000001,-0.0007500000000000401,-0.0016000000000000402,0.00169704382391806,0.004437843616186168,39499.13436159239,37873.55719677002,47.98302622407845,33.1950547426511,18.86696874699,47.98302622407845,Medium,Trending,train,2021-01,3509407d0c39,15-20
166,2021-01-11 15:10:00,2021-01-11 15:15:00,SHORT,33023.73,33048.49779750001,SL,1,5e-05,0.0008,0.0008500000000000001,-0.0007500000000001282,-0.0016000000000001282,0.0012857421012102243,0.007380147548444744,34673.12971020267,36371.9600285316,41.518191900961426,57.8335854189418,41.518191900961426,91.4205429399155,Low,Trending,train,2021-01,3509407d0c39,
167,2021-01-17 13:50:00,2021-01-17 13:55:00,SHORT,34998.76,35025.00907,SL,1,5e-05,0.0008,0.0008500000000000001,-0.0007499999999999436,-0.0015999999999999437,0.002515231968218269,0.00605735746066432,36032.437982483614,36499.04941361588,15.049145399165624,21.56467241892663,14.24983808184544,82.01917291914953,Low,Trending,train,2021-01,3509407d0c39,10-15
168,2021-01-17 15:00:00,2021-01-17 15:05:00,SHORT,34750.02,34776.082514999995,SL,1,5e-05,0.0008,0.0008500000000000001,-0.0007499999999999368,-0.001599999999999937,0.013369488708208048,0.0,35574.9528355798,36123.87105583158,32.40594279886162,54.170297649456224,32.40594279886162,86.69246031746032,Medium,Trending,train,2021-01,3509407d0c39,
169,2021-01-21 13:10:00,2021-01-21 13:15:00,SHORT,32462.12,32486.46659,SL,1,5e-05,0.0008,0.0008500000000000001,-0.0007500000000000313,-0.0016000000000000315,0.008868182361472418,0.0011336289804855404,33758.88809151121,34648.607107462296,70.80827110057587,75.02704169305196,70.80827110057587,95.00769042284185,High,Trending,train,2021-01,3509407d0c39,
170,2021-01-25 15:05:00,2021-01-25 15:10:00,LONG,34430.93,34405.1068025,SL,1,5e-05,0.0008,0.0008500000000000001,-0.0007500000000000492,-0.0016000000000000493,0.005109649957175141,0.0,33893.65564412755,33326.01722751754,29.644387963900993,30.556935653778286,19.7806761982273,33.166656771131976,Medium,Trending,train,2021-01,3509407d0c39,15-20
171,2021-01-26 15:30:00,2021-01-26 15:35:00,SHORT,31549.69,31573.3522675,SL,1,5e-05,0.0008,0.0008500000000000001,-0.0007499999999999959,-0.001599999999999996,0.00907425714801004,0.0,31939.769355462304,32351.680497867692,86.76288426153008,83.1912251479988,79.10925338736209,87.63408533880379,High,Ranging,train,2021-01,3509407d0c39,
172,2021-01-27 13:20:00,2021-01-27 13:25:00,SHORT,30574.57,30597.5009275,SL,1,5e-05,0.0008,0.0008500000000000001,-0.0007500000000000463,-0.0016000000000000463,0.004194008288587528,0.0007830036530357971,31312.412225465243,31834.461892750907,22.038237048825568,38.466072695304,22.038237048825568,84.42868910412031,Medium,Trending,train,2021-01,3509407d0c39,
173,2021-01-29 14:50:00,2021-01-29 14:55:00,LONG,36914.11,36886.4244175,SL,1,5e-05,0.0008,0.0008500000000000001,-0.0007500000000000556,-0.0016000000000000558,0.0023858085702188054,0.007717645095601639,36021.38608453494,34480.101958092746,21.724380691893572,20.925124952199635,17.839795741619977,30.901952703381554,High,Trending,train,2021-01,3509407d0c39,15-20
174,2021-01-29 15:00:00,2021-01-29 15:05:00,LONG,37058.49,37132.60698,TP,1,5e-05,0.0008,0.0008500000000000001,0.0019999999999999697,0.0011499999999999696,0.0,0.00855512461516918,36109.88557822699,34585.62510452572,37.59073764545073,29.846407261089947,17.839795741619977,37.59073764545073,Medium,Trending,train,2021-01,3509407d0c39,15-20
175,2021-02-02 14:15:00,2021-02-02 14:20:00,LONG,34798.95,34772.8507875,SL,1,5e-05,0.0008,0.0008500000000000001,-0.0007499999999999288,-0.0015999999999999287,0.008389620951206779,0.0,34457.204295829826,34224.7411041545,30.60668041478246,31.815528538004553,15.03273865350837,33.97768103408175,High,Trending,train,2021-02,3509407d0c39,15-20
176,2021-02-06 13:20:00,2021-02-06 13:25:00,LONG,40148.7,40228.9974,TP,1,5e-05,0.0008,0.0008500000000000001,0.0020000000000000777,0.0011500000000000776,0.0004630286908417087,0.0026496499263987294,39001.86567675928,38249.41972310162,57.19716029952317,47.18115503148895,17.14730011601306,57.19716029952317,Medium,Trending,train,2021-02,3509407d0c39,15-20
177,2021-02-17 13:05:00,2021-02-17 13:10:00,LONG,50960.95,50922.7292875,SL,1,5e-05,0.0008,0.0008500000000000001,-0.0007499999999999731,-0.0015999999999999732,0.0027903718435389664,0.001343381549990854,49945.37051085769,49344.49164767368,26.00066459702695,23.83867871887678,16.81050165747467,35.77352142930008,High,Trending,train,2021-02,3509407d0c39,15-20
178,2021-02-20 13:35:00,2021-02-20 13:40:00,LONG,57491.95,57448.83103749999,SL,1,5e-05,0.0008,0.0008500000000000001,-0.0007500000000000744,-0.0016000000000000745,0.002805436239334265,0.0,55237.99959499823,53882.1086109856,84.13640566656545,64.67908741158087,7.669637975139406,84.13640566656545,Low,Trending,train,2021-02,3509407d0c39,5-10
179,2021-02-26 15:05:00,2021-02-26 15:10:00,SHORT,46670.13,46576.78974,TP,1,5e-05,0.0008,0.0008500000000000001,0.0019999999999999406,0.0011499999999999406,0.0,0.007200322776045425,47576.39171881984,48516.00374270823,26.436095188036962,48.66769365386231,26.436095188036962,91.50880922643087,Medium,Trending,train,2021-02,3509407d0c39,
180,2021-02-28 15:20:00,2021-02-28 15:25:00,SHORT,43992.62,43904.63476,TP,1,5e-05,0.0008,0.0008500000000000001,0.002000000000000041,0.0011500000000000407,0.0,0.0065179114133235355,44914.38649331896,45821.58521069178,12.921579693757884,26.30922678786031,12.921579693757884,82.72464135455961,Medium,Trending,train,2021-02,3509407d0c39,10-15
181,2021-03-03 14:05:00,2021-03-03 14:10:00,LONG,51295.83,51257.3581275,SL,1,5e-05,0.0008,0.0008500000000000001,-0.0007499999999999693,-0.0015999999999999695,0.007716611662195577,0.0008306718109444877,50664.36027664959,49671.79121722817,27.27084756399817,27.08213200907092,6.12438791787812,28.67937708691656,Medium,Trending,train,2021-03,3509407d0c39,5-10
182,2021-03-07 14:35:00,2021-03-07 14:40:00,LONG,50435.78,50397.953165,SL,1,5e-05,0.0008,0.0008500000000000001,-0.000749999999999997,-0.001599999999999997,0.0019486166368399345,0.00027381355061818557,49810.396897009494,49235.35972123255,22.92937865725628,20.60184355974432,16.82689614689591,43.62441347259206,Medium,Trending,train,2021-03,3509407d0c39,15-20
183,2021-03-16 13:35:00,2021-03-16 13:40:00,SHORT,55700.01,55588.60998,TP,1,5e-05,0.0008,0.0008500000000000001,0.002000000000000017,0.001150000000000017,0.0,0.007786354077853924,56067.73248254142,56856.39690967141,69.9153297511345,78.11553133407506,69.9153297511345,94.88570423003766,High,Trending,train,2021-03,3509407d0c39,
184,2021-03-16 13:50:00,2021-03-16 13:55:00,SHORT,55046.98,55088.265235000006,SL,1,5e-05,0.0008,0.0008500000000000001,-0.0007500000000000547,-0.0016000000000000547,0.005337622518074556,0.0,55967.43235451309,56758.890919718855,18.164219066236143,34.581908887215874,18.164219066236143,78.86519514019379,Low,Ranging,train,2021-03,3509407d0c39,15-20
185,2021-03-23 13:50:00,2021-03-23 13:55:00,SHORT,55159.99,55201.3599925,SL,1,5e-05,0.0008,0.0008500000000000001,-0.0007500000000000675,-0.0016000000000000675,0.001984953224248323,0.0022706675617598917,55935.61847012255,56518.19200836857,29.045424839535972,50.448934922475736,29.045424839535972,85.92423646584773,Medium,Trending,train,2021-03,3509407d0c39,
186,2021-03-29 13:30:00,2021-03-29 13:35:00,LONG,58050.49,58006.952132499995,SL,1,5e-05,0.0008,0.0008500000000000001,-0.00075000000000005,-0.0016000000000000502,0.0012456397870198456,0.0018864612512315062,56923.53398026766,56055.6505176604,48.924037266987746,44.57772385154926,16.800563789629436,49.7929447852753,High,Trending,train,2021-03,3509407d0c39,15-20
187,2021-04-04 13:45:00,2021-04-04 13:50:00,SHORT,57961.76,58005.231320000006,SL,1,5e-05,0.0008,0.0008500000000000001,-0.0007500000000000724,-0.0016000000000000725,0.0032875123184664444,0.0,58431.32578516353,58710.3637484888,63.46532211712852,67.88084134306936,63.46532211712852,83.6155333257491,Medium,Trending,train,2021-04,3509407d0c39,
188,2021-04-06 15:20:00,2021-04-06 15:25:00,SHORT,57750.93,57794.2431975,SL,1,5e-05,0.0008,0.0008500000000000001,-0.0007499999999999942,-0.0015999999999999942,0.001534520742782889,0.000750637262464839,58231.34408822722,58348.24094064602,53.95004598550137,62.44495995813647,53.95004598550137,87.66142869595653,Medium,Trending,train,2021-04,3509407d0c39,
189,2021-04-10 12:55:00,2021-04-10 13:00:00,LONG,60007.48,60127.49496,TP,1,5e-05,0.0008,0.0008500000000000001,0.002000000000000007,0.001150000000000007,0.0,0.0032082667027510036,59037.71340226055,58516.317181007,27.46353623715893,22.747801397219906,19.494964908724498,64.90549104113619,High,Trending,train,2021-04,3509407d0c39,15-20
190,2021-04-10 13:10:00,2021-04-10 13:15:00,LONG,60040.91,60160.99182,TP,1,5e-05,0.0008,0.0008500000000000001,0.0019999999999999905,0.0011499999999999904,0.0006647134428842516,0.0026383677395961556,59156.54866275076,58607.92084353399,40.096559312711044,38.218029376371426,21.28490304577664,40.096559312711044,Low,Trending,train,2021-04,3509407d0c39,
191,2021-04-16 13:45:00,2021-04-16 13:50:00,SHORT,60883.09,60761.32382,TP,1,5e-05,0.0008,0.0008500000000000001,0.001999999999999979,0.0011499999999999787,0.0,0.010398453823549307,61640.19157352592,62062.21205066178,44.708933786724195,70.5890599992551,44.708933786724195,94.65140881459108,High,Trending,train,2021-04,3509407d0c39,
192,2021-04-16 13:55:00,2021-04-16 14:00:00,SHORT,60616.99,60662.4527425,SL,1,5e-05,0.0008,0.0008500000000000001,-0.000749999999999998,-0.0015999999999999981,0.0024771932753507473,0.0016002114258725152,61558.75676587303,62004.14995476287,23.962660122517757,33.245824570445045,23.962660122517757,91.08176562629744,High,Trending,train,2021-04,3509407d0c39,
193,2021-04-22 15:15:00,2021-04-22 15:20:00,SHORT,54463.68,54504.527760000004,SL,1,5e-05,0.0008,0.0008500000000000001,-0.0007500000000000771,-0.001600000000000077,0.0017286749628376461,0.0015843586037520944,54965.04303243028,55249.39139713909,35.24184853102207,52.172718592845236,35.24184853102207,81.58350726039363,Low,Trending,train,2021-04,3509407d0c39,
194,2021-04-26 13:20:00,2021-04-26 13:25:00,LONG,53496.21,53603.20242,TP,1,5e-05,0.0008,0.0008500000000000001,0.0020000000000000434,0.0011500000000000433,0.0,0.003647361186895345,51793.78856997309,51151.316309494454,34.23494514464776,20.881558596674818,7.327018144029119,34.23494514464776,Medium,Trending,train,2021-04,3509407d0c39,5-10
195,2021-04-26 13:35:00,2021-04-26 13:40:00,LONG,53797.99,53757.6415075,SL,1,5e-05,0.0008,0.0008500000000000001,-0.0007500000000000216,-0.0016000000000000215,0.001214729397882682,0.0017736722134043582,52013.41970892616,51301.80884821636,90.36058900047635,78.84611340768431,21.082712501347988,90.36058900047635,High,Trending,train,2021-04,3509407d0c39,
196,2021-05-08 14:40:00,2021-05-08 14:50:00,LONG,58964.0,58919.777,SL,2,5e-05,0.0008,0.0008500000000000001,-0.0007499999999999684,-0.0015999999999999684,0.001763788074079099,0.0013633742622617092,58394.85395400732,57901.663583379624,66.15292681673299,46.633149574327284,13.698605494507524,66.15292681673299,Medium,Trending,train,2021-05,3509407d0c39,10-15
197,2021-05-11 13:25:00,2021-05-11 13:30:00,SHORT,55067.46,55108.760595,SL,1,5e-05,0.0008,0.0008500000000000001,-0.0007500000000000112,-0.0016000000000000111,0.0026687266854145647,0.003494985968119814,56336.50353210927,56842.45620958126,23.493979643514464,45.25359553210467,23.493979643514464,89.99105196303321,Medium,Trending,train,2021-05,3509407d0c39,
198,2021-05-11 13:35:00,2021-05-11 13:40:00,SHORT,55205.19,55246.5938925,SL,1,5e-05,0.0008,0.0008500000000000001,-0.000749999999999975,-0.0015999999999999751,0.003149341574587472,0.0025131695045339983,56245.16033855994,56776.05816783707,24.488441170466402,21.68539361818687,17.07376004058012,69.74384413278183,High,Trending,train,2021-05,3509407d0c39,15-20
199,2021-05-17 15:05:00,2021-05-17 15:10:00,SHORT,44203.8,44115.392400000004,TP,1,5e-05,0.0008,0.0008500000000000001,0.0019999999999999693,0.0011499999999999692,0.00019613698369819456,0.007089661974762337,45447.579966760386,46713.1541308216,60.71114866712643,74.21939744606858,52.7335477091213,84.95659873846732,High,Trending,train,2021-05,3509407d0c39,
200,2021-05-17 15:15:00,2021-05-17 15:20:00,SHORT,44075.33,43987.17934,TP,1,5e-05,0.0008,0.0008500000000000001,0.001999999999999985,0.0011499999999999848,0.0007003918064821147,0.005460424232785058,45337.94483667501,46607.640785823205,29.549985999489987,44.2111667281274,29.549985999489987,84.95659873846732,High,Trending,train,2021-05,3509407d0c39,
201,2021-05-19 13:55:00,2021-05-19 14:00:00,SHORT,36371.04,36298.29792,TP,1,5e-05,0.0008,0.0008500000000000001,0.0020000000000001,0.0011500000000000997,0.0,0.05336278533690542,38726.637319531095,41213.94545913122,64.21354080459757,75.97057131138861,64.21354080459757,92.63132853511412,High,Trending,train,2021-05,3509407d0c39,
202,2021-05-19 14:05:00,2021-05-19 14:10:00,SHORT,34434.23,34460.055672500006,SL,1,5e-05,0.0008,0.0008500000000000001,-0.0007500000000000823,-0.0016000000000000823,0.034573446248108194,0.0,38432.317056591375,40966.15007400697,39.68074310625955,51.33409897922553,39.68074310625955,86.1084522724879,High,Trending,train,2021-05,3509407d0c39,
203,2021-05-29 12:05:00,2021-05-29 12:10:00,SHORT,34892.24,34918.40918,SL,1,5e-05,0.0008,0.0008500000000000001,-0.0007500000000001267,-0.0016000000000001267,0.007481033031986449,0.0,37008.12650841026,37612.640929114656,11.111301946699188,22.14676215692893,11.111301946699188,76.52276654249238,High,Trending,train,2021-05,3509407d0c39,10-15
204,2021-05-29 14:20:00,2021-05-29 14:25:00,SHORT,34810.9,34741.2782,TP,1,5e-05,0.0008,0.0008500000000000001,0.002000000000000023,0.001150000000000023,0.0,0.005225662077108132,35515.5713135165,36418.35513547215,53.65609518060222,71.11781250571084,53.65609518060222,91.41684016117968,Medium,Trending,train,2021-05,3509407d0c39,
205,2021-06-02 13:30:00,2021-06-02 13:35:00,LONG,37671.55,37643.2963375,SL,1,5e-05,0.0008,0.0008500000000000001,-0.0007499999999999823,-0.0015999999999999825,0.004164946756902794,0.001523696264156749,36948.67509511243,36721.13114922397,89.49408675450827,75.69060268119027,19.016606965314523,89.49408675450827,High,Trending,train,2021-06,3509407d0c39,15-20
206,2021-06-17 14:05:00,2021-06-17 14:10:00,SHORT,38503.26,38532.137445,SL,1,5e-05,0.0008,0.0008500000000000001,-0.0007499999999999548,-0.0015999999999999548,0.001153149109971505,0.0005168393533431054,38884.66570948646,39030.84588921764,20.22918658863077,38.33926068534348,20.22918658863077,85.15826330532184,High,Trending,train,2021-06,3509407d0c39,
207,2021-06-20 13:20:00,2021-06-20 13:25:00,SHORT,34009.46,33941.44108,TP,1,5e-05,0.0008,0.0008500000000000001,0.0020000000000000664,0.0011500000000000663,0.0,0.005454952827830751,35002.05977011452,35818.6225712628,61.03560909555188,73.56322117498031,61.03560909555188,93.52434203641417,High,Trending,train,2021-06,3509407d0c39,
208,2021-06-26 12:10:00,2021-06-26 12:15:00,SHORT,31658.9,31595.5822,TP,1,5e-05,0.0008,0.0008500000000000001,0.0020000000000000226,0.0011500000000000225,0.0006664792522797237,0.006123080713480322,32905.26575671885,33136.17146471109,3.842636354870818,12.169371303057867,3.842636354870818,73.31576570747022,Low,Trending,train,2021-06,3509407d0c39,0-5
209,2021-06-26 15:05:00,2021-06-26 15:10:00,SHORT,31046.04,31069.32453,SL,1,5e-05,0.0008,0.0008500000000000001,-0.0007500000000000261,-0.0016000000000000263,0.0063541115066527145,0.0,31567.822221403865,32147.718465212154,55.65714207872228,69.12996498667785,55.65714207872228,88.91520680715041,Medium,Trending,train,2021-06,3509407d0c39,
210,2021-06-28 14:05:00,2021-06-28 14:10:00,LONG,34343.76,34412.44752,TP,1,5e-05,0.0008,0.0008500000000000001,0.0019999999999999853,0.0011499999999999852,0.0006918287339534761,0.0024560502402765027,33812.904644178016,33354.77009766546,43.221409131194584,33.79661220786797,15.832801526481417,43.221409131194584,Low,Trending,train,2021-06,3509407d0c39,15-20
211,2021-07-01 13:00:00,2021-07-01 13:05:00,SHORT,33655.25,33587.9395,TP,1,5e-05,0.0008,0.0008500000000000001,0.001999999999999988,0.0011499999999999878,0.0,0.002117054545724664,34254.111150202814,34526.10826883891,40.051929356120894,57.68964828178483,40.051929356120894,83.33124637006601,High,Trending,train,2021-07,3509407d0c39,
212,2021-07-04 13:10:00,2021-07-04 13:15:00,LONG,35308.03,35281.548977499995,SL,1,5e-05,0.0008,0.0008500000000000001,-0.0007500000000001062,-0.0016000000000001061,0.0008083147091469242,0.0009054597495244329,34889.831695349654,34549.302394630795,29.34900118841181,23.496871377955177,12.228364354988189,29.34900118841181,Medium,Trending,train,2021-07,3509407d0c39,10-15
213,2021-07-04 13:25:00,2021-07-04 13:30:00,LONG,35388.42,35361.878684999996,SL,1,5e-05,0.0008,0.0008500000000000001,-0.0007500000000000626,-0.0016000000000000627,0.0017468991268895224,0.00042725840825904687,34942.32685759015,34596.15925546793,51.41449606835175,40.37879928757226,25.101271619288127,51.41449606835175,Low,Trending,train,2021-07,3509407d0c39,
214,2021-07-13 13:50:00,2021-07-13 13:55:00,SHORT,32427.99,32452.310992500003,SL,1,5e-05,0.0008,0.0008500000000000001,-0.0007500000000000311,-0.001600000000000031,0.006960961811077392,0.0,32953.12566379933,33219.92369876093,50.65972707933302,56.920560159552245,48.4139797288889,84.85264332043369,High,Trending,train,2021-07,3509407d0c39,
215,2021-07-15 14:35:00,2021-07-15 14:40:00,SHORT,31780.77,31804.605577500002,SL,1,5e-05,0.0008,0.0008500000000000001,-0.0007500000000000572,-0.001600000000000057,0.0033803460394446166,0.0,32065.600090313943,32337.13115255456,37.39571166325737,29.470710250281673,24.37446249213099,69.58382976391232,High,Trending,train,2021-07,3509407d0c39,
216,2021-07-18 15:50:00,2021-07-18 15:55:00,SHORT,31423.81,31360.96238,TP,1,5e-05,0.0008,0.0008500000000000001,0.002000000000000015,0.0011500000000000147,0.0,0.0037242460414571776,31548.72198100586,31630.45294337365,60.83111733611818,68.70529457157964,60.83111733611818,82.22447543372182,Medium,Trending,train,2021-07,3509407d0c39,
217,2021-07-19 12:00:00,2021-07-19 12:05:00,SHORT,31267.84,31291.29088,SL,1,5e-05,0.0008,0.0008500000000000001,-0.0007500000000000104,-0.0016000000000000105,0.0034271635009006014,0.00036043423530376375,31530.501482658623,31617.977274581426,35.66848409436277,49.749811093752676,35.66848409436277,74.44641682784082,Medium,Trending,train,2021-07,3509407d0c39,
218,2021-07-24 14:20:00,2021-07-24 14:25:00,LONG,33789.17,33763.828122499996,SL,1,5e-05,0.0008,0.0008500000000000001,-0.0007500000000000811,-0.0016000000000000812,0.0011592471789037214,0.0006084789889779758,33358.05992629324,32893.46313190973,36.71950475999881,22.824442127397987,10.750390946314115,36.71950475999881,Low,Trending,train,2021-07,3509407d0c39,10-15
219,2021-07-24 14:30:00,2021-07-24 14:45:00,LONG,33809.72,33877.33944,TP,3,5e-05,0.0008,0.0008500000000000001,0.0020000000000000655,0.0011500000000000655,0.0002877870624188311,0.002582097692616077,33392.40847482894,32929.19877618343,72.1590761530713,57.43886909678027,10.825620787946804,72.1590761530713,Medium,Trending,train,2021-07,3509407d0c39,10-15
220,2021-07-26 13:25:00,2021-07-26 13:30:00,LONG,38341.0,38312.244249999996,SL,1,5e-05,0.0008,0.0008500000000000001,-0.0007500000000001017,-0.0016000000000001018,0.007051720090764524,0.0,36312.255806602865,35198.76697120745,42.03631699763476,27.633723571719884,12.122296658314683,42.03631699763476,Medium,Trending,train,2021-07,3509407d0c39,10-15
221,2021-07-26 13:35:00,2021-07-26 13:40:00,LONG,38158.47,38234.78694,TP,1,5e-05,0.0008,0.0008500000000000001,0.0019999999999999207,0.0011499999999999206,0.0,0.005009634820263921,36459.58552543387,35317.53287371867,46.020808998732356,44.44449493103093,14.171094152712778,46.020808998732356,High,Trending,train,2021-07,3509407d0c39,10-15
222,2021-07-31 13:35:00,2021-07-31 13:40:00,LONG,41487.38,41456.26446499999,SL,1,5e-05,0.0008,0.0008500000000000001,-0.0007500000000001075,-0.0016000000000001074,0.001478039828015163,0.001603620185222738,40445.124420204425,39944.13952972566,32.58414492716686,22.426255313265273,13.734144185719009,38.97349093774449,High,Trending,train,2021-07,3509407d0c39,10-15
223,2021-07-31 13:45:00,2021-07-31 13:50:00,LONG,41553.9,41522.734575,SL,1,5e-05,0.0008,0.0008500000000000001,-0.0007499999999999815,-0.0015999999999999816,0.005754935156507558,0.0,40523.321273706584,40003.69585637106,53.964790858402445,46.6905039464344,13.734144185719009,53.964790858402445,High,Trending,train,2021-07,3509407d0c39,10-15
224,2021-08-03 13:20:00,2021-08-03 13:25:00,SHORT,38372.47,38401.2493525,SL,1,5e-05,0.0008,0.0008500000000000001,-0.0007500000000000403,-0.0016000000000000404,0.0020204589384003385,0.0,39095.096299903045,39618.3909114091,60.559666240028484,76.65483403328969,60.559666240028484,92.46813019481992,Low,Trending,train,2021-08,3509407d0c39,
225,2021-08-05 13:15:00,2021-08-05 13:20:00,SHORT,37842.87,37767.18426,TP,1,5e-05,0.0008,0.0008500000000000001,0.0020000000000000213,0.0011500000000000212,0.0,0.004655830807758564,38477.96465853181,38714.4388952219,57.841740175006805,71.3403736446802,53.0344701835241,83.16018026282823,High,Trending,train,2021-08,3509407d0c39,
226,2021-08-05 13:30:00,2021-08-05 13:35:00,SHORT,37819.99,37848.3549925,SL,1,5e-05,0.0008,0.0008500000000000001,-0.0007499999999999752,-0.0015999999999999751,0.0034386577045631933,0.0,38403.069541666555,38662.04814831288,46.635813013427416,48.5745802274519,46.635813013427416,73.01920049620595,Medium,Trending,train,2021-08,3509407d0c39,
227,2021-08-07 13:20:00,2021-08-07 13:25:00,LONG,43363.55,43450.27710000001,TP,1,5e-05,0.0008,0.0008500000000000001,0.002000000000000085,0.001150000000000085,0.0,0.009296286858432838,42262.61213483968,41209.901211348406,34.58479001809011,26.171690782065934,11.321091936224368,34.58479001809011,Medium,Trending,train,2021-08,3509407d0c39,10-15
228,2021-08-07 13:30:00,2021-08-07 13:35:00,LONG,43556.77,43524.10242249999,SL,1,5e-05,0.0008,0.0008500000000000001,-0.0007500000000000912,-0.0016000000000000914,0.004609386784189848,0.0,42359.989956074605,41300.84843764589,63.62560128169952,50.19210923007798,19.794414817199822,63.62560128169952,Medium,Trending,train,2021-08,3509407d0c39,15-20
229,2021-08-19 13:30:00,2021-08-19 13:35:00,SHORT,44456.51,44489.8523825,SL,1,5e-05,0.0008,0.0008500000000000001,-0.0007499999999999792,-0.0015999999999999793,0.006515131304729035,0.0,44920.48417462283,45273.292824296776,44.35855541785251,53.46183601890623,44.35855541785251,86.391655952396,High,Trending,train,2021-08,3509407d0c39,
230,2021-08-23 13:30:00,2021-08-23 13:50:00,LONG,50193.13,50155.4851525,SL,4,5e-05,0.0008,0.0008500000000000001,-0.0007499999999999949,-0.001599999999999995,0.0007690295464737614,0.001608188212211535,49505.68514316019,49058.6918881687,36.60132972515993,26.962659672607675,19.404824797884164,36.60132972515993,Medium,Trending,train,2021-08,3509407d0c39,15-20
231,2021-08-25 13:30:00,2021-08-25 13:35:00,SHORT,47828.04,47863.91103,SL,1,5e-05,0.0008,0.0008500000000000001,-0.0007500000000000432,-0.0016000000000000432,0.0007920040210721028,0.0012388130477435412,48224.2398690318,48575.52361649858,47.72932703593352,44.44649172505376,41.67137902498653,90.26596844467588,Medium,Trending,train,2021-08,3509407d0c39,
232,2021-08-28 14:20:00,2021-08-28 14:25:00,LONG,48683.82,48647.307134999995,SL,1,5e-05,0.0008,0.0008500000000000001,-0.0007500000000000871,-0.001600000000000087,0.0024272951465188694,0.0,48443.8301700465,48163.19168958305,33.26816780124521,25.007728170471633,13.036381913658778,33.26816780124521,Medium,Trending,train,2021-08,3509407d0c39,10-15
233,2021-09-02 13:00:00,2021-09-02 13:05:00,LONG,50010.01,49972.5024925,SL,1,5e-05,0.0008,0.0008500000000000001,-0.0007499999999999722,-0.001599999999999972,0.0012877421940127877,0.001092381305262634,48506.33811681745,48144.15351209952,50.2488605839203,29.158853495090863,14.99010553217848,50.2488605839203,High,Trending,train,2021-09,3509407d0c39,10-15
234,2021-09-02 13:10:00,2021-09-02 13:15:00,LONG,50009.98,50109.99996,TP,1,5e-05,0.0008,0.0008500000000000001,0.0019999999999999562,0.0011499999999999562,0.0,0.002357329477036372,48623.23172567425,48217.95897187407,82.15143526654988,67.20718917160501,14.99010553217848,82.15143526654988,Low,Trending,train,2021-09,3509407d0c39,10-15
235,2021-09-02 15:00:00,2021-09-02 15:05:00,LONG,49529.96,49492.812529999996,SL,1,5e-05,0.0008,0.0008500000000000001,-0.0007500000000000711,-0.0016000000000000712,0.005766408856377041,9.852622533911557e-05,49373.58897026473,48827.14395046991,18.86981391074082,18.485748230308467,5.197648816180487,20.058516283558347,High,Ranging,train,2021-09,3509407d0c39,5-10
236,2021-09-18 13:20:00,2021-09-18 13:25:00,LONG,48534.48,48498.07914,SL,1,5e-05,0.0008,0.0008500000000000001,-0.000750000000000032,-0.001600000000000032,0.0018483766592329082,0.0,47968.44164891202,47752.87524762356,68.60150384146873,59.934887510806824,18.502042726645385,68.60150384146873,Medium,Trending,train,2021-09,3509407d0c39,15-20
237,2021-09-24 13:50:00,2021-09-24 13:55:00,SHORT,41571.58,41602.758685,SL,1,5e-05,0.0008,0.0008500000000000001,-0.0007499999999999748,-0.0015999999999999747,0.009407147863997463,0.0,42317.65002368398,42743.19908200425,77.32759683350008,78.82623083205652,62.663226340099186,85.8408828891209,High,Trending,train,2021-09,3509407d0c39,
238,2021-09-30 14:20:00,2021-09-30 14:25:00,LONG,43180.19,43147.8048575,SL,1,5e-05,0.0008,0.0008500000000000001,-0.0007500000000000691,-0.0016000000000000692,0.0037098030369945643,0.0,42870.98544433402,42653.76878789464,43.90635085112723,32.118563478816036,10.05110982536244,43.90635085112723,High,Trending,train,2021-09,3509407d0c39,10-15
239,2021-10-01 14:05:00,2021-10-01 14:10:00,LONG,47177.37,47271.724740000005,TP,1,5e-05,0.0008,0.0008500000000000001,0.002000000000000053,0.0011500000000000529,0.0,0.0028113055051605753,45775.52507967469,44635.41835043607,48.867368428582786,33.17237180462705,13.339114549350365,48.867368428582786,High,Trending,train,2021-10,3509407d0c39,10-15
240,2021-10-05 14:50:00,2021-10-05 14:55:00,LONG,49852.0,49814.611,SL,1,5e-05,0.0008,0.0008500000000000001,-0.0007500000000000573,-0.0016000000000000573,0.0007734895290058107,0.0011586295434486487,49432.58639906601,48837.60279909225,37.0702293032384,27.338732454425042,8.232932595720014,37.0702293032384,Medium,Trending,train,2021-10,3509407d0c39,5-10
241,2021-10-11 15:45:00,2021-10-11 15:50:00,LONG,57530.84,57487.691869999995,SL,1,5e-05,0.0008,0.0008500000000000001,-0.0007500000000000244,-0.0016000000000000246,0.0011611163681947915,0.00033303876668589394,56883.23994121971,56268.81711638202,73.30959457740556,66.6342191371221,35.28631759343472,73.30959457740556,Low,Trending,train,2021-10,3509407d0c39,
242,2021-10-19 13:20:00,2021-10-19 13:25:00,LONG,62671.86,62624.856105,SL,1,5e-05,0.0008,0.0008500000000000001,-0.0007500000000000263,-0.0016000000000000263,0.007094092946978094,0.0,61917.61994023345,61503.852077640484,78.06657714445544,68.07305909907934,21.662659117463594,78.06657714445544,High,Trending,train,2021-10,3509407d0c39,
243,2021-10-27 13:40:00,2021-10-27 13:45:00,SHORT,59100.02,59144.345015,SL,1,5e-05,0.0008,0.0008500000000000001,-0.0007500000000000368,-0.0016000000000000367,0.003805074854458673,0.0012428083780681816,60420.30038713918,61135.68456844721,53.918632299000016,46.94663023932614,42.2839716337482,79.1156183076849,Medium,Trending,train,2021-10,3509407d0c39,
244,2021-10-27 14:55:00,2021-10-27 15:05:00,SHORT,59208.28,59252.68621,SL,2,5e-05,0.0008,0.0008500000000000001,-0.000750000000000017,-0.0016000000000000172,0.002332444043299325,0.0017352302752249849,59795.35883275459,60589.19238434504,73.66562150863139,78.95280107658245,57.25320807747761,85.91606954249038,Medium,Trending,train,2021-10,3509407d0c39,
245,2021-10-31 13:40:00,2021-10-31 13:45:00,SHORT,60180.6,60225.73545,SL,1,5e-05,0.0008,0.0008500000000000001,-0.0007500000000000264,-0.0016000000000000263,0.0036290764797958387,0.0004918528562360386,60821.233539480745,61016.722251990606,34.025580639798505,29.541190505605893,25.07934125050949,74.61755523580337,Medium,Trending,train,2021-10,3509407d0c39,
246,2021-11-02 13:05:00,2021-11-02 13:10:00,LONG,63093.72,63046.39971,SL,1,5e-05,0.0008,0.0008500000000000001,-0.0007500000000000523,-0.0016000000000000523,0.0011952061156007838,0.0002573948722630075,62186.27253259291,61777.46167554568,38.78151727452872,26.81894909720157,17.742094066792713,45.14163921926334,Low,Trending,train,2021-11,3509407d0c39,15-20
247,2021-11-02 13:20:00,2021-11-02 13:25:00,LONG,63188.26,63140.868805,SL,1,5e-05,0.0008,0.0008500000000000001,-0.00075000000000006,-0.0016000000000000601,0.0008990594138848727,0.0016990497918442536,62300.9667909554,61860.25907858024,76.06384654342996,64.63587276803865,23.93323595028362,76.06384654342996,High,Trending,train,2021-11,3509407d0c39,
248,2021-11-02 14:35:00,2021-11-02 14:40:00,LONG,63451.98,63404.391015,SL,1,5e-05,0.0008,0.0008500000000000001,-0.0007500000000000337,-0.0016000000000000337,0.0027891958611851544,0.0,62754.41856063193,62233.614602274254,44.72529498525043,39.62463126843618,19.323455455725544,44.72529498525043,Medium,Trending,train,2021-11,3509407d0c39,15-20
249,2021-11-04 13:20:00,2021-11-04 13:25:00,SHORT,61734.36,61780.66077,SL,1,5e-05,0.0008,0.0008500000000000001,-0.0007500000000000267,-0.0016000000000000267,0.0029571862411791046,0.001161103800217582,61990.05060016469,62148.57352516411,52.806684533180054,69.83496198190133,52.806684533180054,94.39292292564896,Low,Trending,train,2021-11,3509407d0c39,
250,2021-11-04 13:30:00,2021-11-04 13:35:00,SHORT,61887.96,61764.18408,TP,1,5e-05,0.0008,0.0008500000000000001,0.002000000000000001,0.0011500000000000008,0.0,0.002841748217262334,61977.06873163992,62135.76310166978,45.90814969878064,48.633442345005534,45.90814969878064,87.71130494563079,High,Trending,train,2021-11,3509407d0c39,
251,2021-11-05 12:35:00,2021-11-05 12:40:00,SHORT,61399.92,61277.12016,TP,1,5e-05,0.0008,0.0008500000000000001,0.001999999999999995,0.0011499999999999948,0.0,0.003238277834889716,61589.704334204966,61821.08537289095,69.38787007381156,74.97520209888599,69.38787007381156,89.43356237811031,Low,Trending,train,2021-11,3509407d0c39,
252,2021-11-26 14:10:00,2021-11-26 14:15:00,SHORT,54499.99,54540.8649925,SL,1,5e-05,0.0008,0.0008500000000000001,-0.0007500000000000202,-0.0016000000000000202,0.0030471565224140357,0.0020812847855568467,55627.260903317074,56365.68353688053,64.20398851372427,73.7841607026774,64.20398851372427,92.66715042878775,Medium,Trending,train,2021-11,3509407d0c39,
253,2021-11-26 14:45:00,2021-11-26 14:50:00,SHORT,54614.47,54505.24106,TP,1,5e-05,0.0008,0.0008500000000000001,0.002000000000000016,0.001150000000000016,0.0,0.002903259886985952,55396.99137069547,56146.34291318298,54.641741411634875,74.47101638149701,54.641741411634875,93.75142081763238,High,Trending,train,2021-11,3509407d0c39,
254,2021-11-29 15:10:00,2021-11-29 15:15:00,LONG,56951.53,56908.8163525,SL,1,5e-05,0.0008,0.0008500000000000001,-0.0007500000000000116,-0.0016000000000000116,0.0015458759404707982,0.0016967059532905378,56522.78294063124,55974.87869309439,21.1248784009087,21.680790697535542,16.376486225095608,24.99143621590726,High,Trending,train,2021-11,3509407d0c39,15-20
255,2021-11-29 15:20:00,2021-11-29 15:25:00,LONG,57045.3,57002.516025000004,SL,1,5e-05,0.0008,0.0008500000000000001,-0.000749999999999973,-0.001599999999999973,0.0016706021354958762,5.416747742577403e-05,56560.48266069035,56015.60039515911,51.08466345132297,39.15656948454862,18.926057475791033,51.08466345132297,Medium,Ranging,train,2021-11,3509407d0c39,15-20
256,2021-11-30 13:10:00,2021-11-30 13:15:00,LONG,58007.78,58123.79556,TP,1,5e-05,0.0008,0.0008500000000000001,0.001999999999999997,0.001149999999999997,0.0,0.0050376001288103284,57262.20240823228,56621.06243670944,54.625956090643434,28.668872249921638,7.006799677196966,54.625956090643434,High,Trending,train,2021-11,3509407d0c39,5-10
257,2021-12-04 14:45:00,2021-12-04 14:50:00,SHORT,47449.21,47484.7969075,SL,1,5e-05,0.0008,0.0008500000000000001,-0.0007500000000000203,-0.0016000000000000202,0.008920274963482048,0.0,49660.89587221664,52059.39511312639,55.14716693426548,44.3513638075745,37.45730897742045,74.4952709630988,High,Trending,train,2021-12,3509407d0c39,
258,2021-12-12 14:45:00,2021-12-12 14:50:00,LONG,49750.0,49849.5,TP,1,5e-05,0.0008,0.0008500000000000001,0.002,0.00115,0.0,0.0028677386934673017,49363.18747738909,49151.37952511584,50.369590643275636,32.67538797138795,18.854629496130293,50.369590643275636,High,Trending,train,2021-12,3509407d0c39,15-20
259,2021-12-14 15:05:00,2021-12-14 15:10:00,SHORT,47168.71,47204.0865325,SL,1,5e-05,0.0008,0.0008500000000000001,-0.0007499999999999698,-0.00159999999999997,0.0025020824186203963,0.0021770788304365826,47454.474268267695,47872.649272315,78.94350737568034,80.83678407556171,67.93555129386503,85.6495857929309,Medium,Ranging,train,2021-12,3509407d0c39,
260,2021-12-21 14:40:00,2021-12-21 14:45:00,LONG,48869.16,48832.50813,SL,1,5e-05,0.0008,0.0008500000000000001,-0.0007500000000000308,-0.0016000000000000309,0.005663285393078212,0.0,48110.35041007907,47585.6275276094,50.8116100066835,36.01401006679534,9.670367042138851,50.8116100066835,Medium,Trending,train,2021-12,3509407d0c39,5-10
261,2021-12-28 14:05:00,2021-12-28 14:10:00,SHORT,48950.98,48987.693235000006,SL,1,5e-05,0.0008,0.0008500000000000001,-0.0007500000000000591,-0.0016000000000000593,0.0014130462760908616,0.0024448948723804972,49854.616409779854,50165.66144870169,18.09470937248041,19.703611611425824,13.431542658789951,82.55756833500497,High,Trending,train,2021-12,3509407d0c39,10-15
262,2021-12-28 15:20:00,2021-12-28 15:25:00,SHORT,48906.0,48942.6795,SL,1,5e-05,0.0008,0.0008500000000000001,-0.0007499999999999666,-0.0015999999999999667,0.0034920050709524157,0.0,49465.45358873114,49860.949263435046,57.7007920656122,70.10514723122974,57.7007920656122,92.12257743074777,High,Trending,train,2021-12,3509407d0c39,
263,2022-01-06 13:20:00,2022-01-06 13:30:00,SHORT,42997.72,43029.968290000004,SL,2,5e-05,0.0008,0.0008500000000000001,-0.000750000000000074,-0.001600000000000074,0.0031383059380823523,0.0022726786443560535,44740.363696136286,45562.90180773238,63.33096973367774,70.60235221458005,63.33096973367774,88.84331628816119,High,Trending,train,2022-01,3509407d0c39,
264,2022-01-17 14:50:00,2022-01-17 14:55:00,SHORT,42615.89,42647.851917500004,SL,1,5e-05,0.0008,0.0008500000000000001,-0.000750000000000102,-0.0016000000000001022,0.001502725861175277,0.0010533629592154338,42758.99246990502,42845.84619655046,52.23137567543563,63.54858712020465,52.23137567543563,76.36447778596884,Low,Trending,train,2022-01,3509407d0c39,
265,2022-01-21 13:35:00,2022-01-21 13:40:00,SHORT,38233.43,38262.1050725,SL,1,5e-05,0.0008,0.0008500000000000001,-0.000750000000000052,-0.001600000000000052,0.012203194952689301,0.0,40287.154114229874,41096.01431764142,71.96169323832152,75.42759678461226,71.12165077991824,85.35594792795943,High,Trending,train,2022-01,3509407d0c39,
266,2022-01-21 14:45:00,2022-01-21 14:50:00,SHORT,38391.02,38419.813265,SL,1,5e-05,0.0008,0.0008500000000000001,-0.0007500000000000065,-0.0016000000000000066,0.005964155159201324,0.0001088796286214925,39523.505869422006,40463.138252033204,40.46993042601138,60.07310843816398,40.46993042601138,81.50407734263402,High,Trending,train,2022-01,3509407d0c39,
267,2022-01-26 13:10:00,2022-01-26 13:15:00,LONG,37874.56,37846.15407999999,SL,1,5e-05,0.0008,0.0008500000000000001,-0.000750000000000124,-0.0016000000000001241,0.005890761503235961,0.0,36899.840442910754,36307.2370903498,48.102373762962024,32.35171027688562,12.691381297079845,48.102373762962024,High,Trending,train,2022-01,3509407d0c39,10-15
268,2022-01-26 13:25:00,2022-01-26 13:30:00,LONG,37970.36,37941.88223,SL,1,5e-05,0.0008,0.0008500000000000001,-0.0007499999999999392,-0.0015999999999999391,0.0022233131316110317,0.0006162701644124906,37012.03584253423,36399.42838821793,78.55348685710695,65.98599524649727,34.53962597980387,78.55348685710695,Medium,Trending,train,2022-01,3509407d0c39,
269,2022-01-29 13:35:00,2022-01-29 13:45:00,LONG,38051.0,38127.102,TP,2,5e-05,0.0008,0.0008500000000000001,0.0019999999999999723,0.0011499999999999722,0.0007116764342593295,0.0035507608210034055,37401.28078158201,37168.18622495107,72.88595813743355,56.906890936650335,19.21475463160617,72.88595813743355,Medium,Trending,train,2022-01,3509407d0c39,15-20
270,2022-02-03 13:45:00,2022-02-03 13:50:00,SHORT,36619.35,36546.1113,TP,1,5e-05,0.0008,0.0008500000000000001,0.0020000000000000464,0.0011500000000000464,0.0,0.004597296238190971,37201.06078537684,37582.70340945148,30.948310365821687,50.057342844288094,30.948310365821687,74.91832117687457,High,Trending,train,2022-02,3509407d0c39,
271,2022-02-12 13:40:00,2022-02-12 13:50:00,SHORT,42203.11,42234.7623325,SL,2,5e-05,0.0008,0.0008500000000000001,-0.000750000000000039,-0.001600000000000039,0.0008437766790172711,0.0023986383941847697,42917.65349679571,43300.085026970126,39.89607470647114,57.92736403782686,39.89607470647114,82.15823875137379,Low,Trending,train,2022-02,3509407d0c39,
272,2022-02-18 14:35:00,2022-02-18 14:40:00,SHORT,40223.46,40143.01308,TP,1,5e-05,0.0008,0.0008500000000000001,0.0020000000000000534,0.0011500000000000533,0.0,0.014851780528079868,40942.66762322859,41690.38357689169,20.109567445654434,18.147872647659835,16.782919041432155,50.203763017660485,High,Trending,train,2022-02,3509407d0c39,15-20
273,2022-02-24 14:00:00,2022-02-24 14:05:00,SHORT,35475.7,35502.306775,SL,1,5e-05,0.0008,0.0008500000000000001,-0.0007500000000000057,-0.0016000000000000057,0.007177589166669148,0.0,36565.27616254648,37268.088166246474,60.76420809177656,70.86431979981934,60.76420809177656,83.18379710891077,Medium,Trending,train,2022-02,3509407d0c39,
274,2022-02-24 14:10:00,2022-02-24 14:15:00,SHORT,35622.86,35551.61428,TP,1,5e-05,0.0008,0.0008500000000000001,0.0019999999999999714,0.0011499999999999714,0.0,0.0068832204938064235,36487.609683304145,37200.94959684165,49.74254204437647,55.995949631317565,49.74254204437647,82.68360255027032,High,Trending,train,2022-02,3509407d0c39,
275,2022-03-09 14:10:00,2022-03-09 14:15:00,LONG,42227.21,42195.5395925,SL,1,5e-05,0.0008,0.0008500000000000001,-0.000750000000000038,-0.001600000000000038,0.0043900603426084124,0.0,40898.01279244004,40177.7970004837,82.08167222540025,69.23050039886785,14.718745163102321,82.08167222540025,High,Trending,train,2022-03,3509407d0c39,10-15
276,2022-03-16 13:20:00,2022-03-16 13:30:00,LONG,40373.01,40342.7302425,SL,2,5e-05,0.0008,0.0008500000000000001,-0.0007500000000000102,-0.0016000000000000103,0.0020000985807102317,0.004383869322599379,39680.20307122343,39363.590942430994,45.84588209432642,27.300326685812234,12.946732336250642,45.84588209432642,Low,Trending,train,2022-03,3509407d0c39,10-15
277,2022-03-22 13:40:00,2022-03-22 13:45:00,LONG,42989.12,42956.87816,SL,1,5e-05,0.0008,0.0008500000000000001,-0.0007500000000000561,-0.0016000000000000562,0.005217831860712779,0.0,42137.16168952311,41797.53298056188,58.09101736849092,37.34836147284573,14.205074878523268,58.09101736849092,Low,Trending,train,2022-03,3509407d0c39,10-15
278,2022-03-31 15:05:00,2022-03-31 15:10:00,SHORT,46565.4,46600.32405,SL,1,5e-05,0.0008,0.0008500000000000001,-0.000750000000000031,-0.001600000000000031,0.0016449982175606467,0.000923217668053919,46901.320448620245,47013.187305421816,69.04451056618883,80.54441486359336,61.891318815772514,93.28100974326418,Low,Trending,train,2022-03,3509407d0c39,
279,2022-03-31 15:20:00,2022-03-31 15:25:00,SHORT,46590.03,46496.84994,TP,1,5e-05,0.0008,0.0008500000000000001,0.0019999999999999736,0.0011499999999999735,0.0,0.0021470258765662704,46862.76700997145,46986.80389948518,44.58107476484043,49.36508725087318,44.58107476484043,79.30772428132718,Medium,Trending,train,2022-03,3509407d0c39,
280,2022-04-01 13:55:00,2022-04-01 14:00:00,SHORT,45352.69,45386.7045175,SL,1,5e-05,0.0008,0.0008500000000000001,-0.0007499999999999951,-0.001599999999999995,0.0034685924914265873,0.0,45860.099604404044,46292.2511134752,44.19117595397042,57.431501823442865,44.19117595397042,79.9605578990813,Medium,Trending,train,2022-04,3509407d0c39,
281,2022-04-06 13:35:00,2022-04-06 13:40:00,SHORT,44857.03,44767.31594,TP,1,5e-05,0.0008,0.0008500000000000001,0.001999999999999965,0.0011499999999999649,0.0,0.007312566168558124,45393.86203277632,45727.779980131825,51.29128507870197,71.6096805784784,51.29128507870197,86.71987684793528,Medium,Trending,train,2022-04,3509407d0c39,
282,2022-04-06 13:45:00,2022-04-06 13:50:00,SHORT,44575.16,44486.00968,TP,1,5e-05,0.0008,0.0008500000000000001,0.0020000000000000144,0.0011500000000000143,0.0,0.009388412739292584,45318.85074997922,45676.49472064228,15.20841488578737,31.600199346347136,15.20841488578737,86.71987684793528,High,Trending,train,2022-04,3509407d0c39,15-20
283,2022-04-11 13:00:00,2022-04-11 13:05:00,SHORT,41145.45,41063.1591,TP,1,5e-05,0.0008,0.0008500000000000001,0.001999999999999999,0.0011499999999999991,0.00017182944894270714,0.0020945207793328373,42045.05729269877,42386.19271761079,58.48219766727999,70.92401233721255,56.413666241910825,84.60615330923497,Medium,Trending,train,2022-04,3509407d0c39,
284,2022-04-11 13:10:00,2022-04-11 13:15:00,SHORT,41068.79,41099.5915925,SL,1,5e-05,0.0008,0.0008500000000000001,-0.0007499999999999993,-0.0015999999999999994,0.0018488492112867286,0.00024958125135900037,41969.78515177615,42334.43215815149,34.970811919783095,45.28032588854586,34.970811919783095,83.58985081967099,High,Trending,train,2022-04,3509407d0c39,
285,2022-04-11 14:15:00,2022-04-11 14:20:00,SHORT,41043.09,40961.00382,TP,1,5e-05,0.0008,0.0008500000000000001,0.001999999999999962,0.0011499999999999618,0.0,0.005163597575133671,41592.51508876183,42037.61673704535,51.79856438040113,68.502591895371,51.79856438040113,91.03898454979685,High,Trending,train,2022-04,3509407d0c39,
286,2022-04-11 14:25:00,2022-04-11 14:30:00,SHORT,40831.19,40861.8133925,SL,1,5e-05,0.0008,0.0008500000000000001,-0.0007499999999999476,-0.0015999999999999478,0.002869130191894828,0.00044279875262028234,41534.42117959137,41990.53626112944,10.91828267502744,29.15928585916167,10.91828267502744,82.80365129627957,High,Trending,train,2022-04,3509407d0c39,10-15
287,2022-04-15 13:50:00,2022-04-15 14:05:00,SHORT,40083.85,40113.9128875,SL,3,5e-05,0.0008,0.0008500000000000001,-0.0007500000000000962,-0.0016000000000000961,0.0009609855340742986,0.0018373983537010906,40298.821913231484,40439.18442862414,24.748014991931097,48.65327382037435,24.748014991931097,83.46344168586295,Medium,Trending,train,2022-04,3509407d0c39,
288,2022-04-18 13:00:00,2022-04-18 13:05:00,SHORT,39400.01,39429.560007500004,SL,1,5e-05,0.0008,0.0008500000000000001,-0.000750000000000046,-0.001600000000000046,0.0009251266687495026,0.001269542824989234,39938.56896408521,40134.624843022655,73.28005545418824,77.22071185092341,52.492678833228304,80.44901036027238,High,Trending,train,2022-04,3509407d0c39,
289,2022-04-18 13:10:00,2022-04-18 13:20:00,SHORT,39350.0,39379.512500000004,SL,2,5e-05,0.0008,0.0008500000000000001,-0.0007500000000001109,-0.0016000000000001109,0.0013557814485387178,0.00048360864040657777,39894.20910525513,40104.3113308955,54.514217363845006,62.6655134374741,54.514217363845006,80.44901036027238,High,Trending,train,2022-04,3509407d0c39,
290,2022-04-18 14:45:00,2022-04-18 14:50:00,SHORT,39430.1,39351.239799999996,TP,1,5e-05,0.0008,0.0008500000000000001,0.002000000000000071,0.001150000000000071,0.0,0.002626419917778491,39629.92110451323,39880.4316693968,24.283802336667545,32.72895730004435,24.283802336667545,80.73627185307826,High,Trending,train,2022-04,3509407d0c39,
291,2022-05-04 13:00:00,2022-05-04 13:15:00,LONG,38964.29,39042.21858,TP,3,5e-05,0.0008,0.0008500000000000001,0.0019999999999999944,0.0011499999999999943,0.0,0.0020901189268430743,38622.345954654025,38561.22518575392,62.52578301654336,47.510691110356134,18.99269331735241,62.52578301654336,Medium,Trending,train,2022-05,3509407d0c39,15-20
292,2022-05-17 13:35:00,2022-05-17 13:40:00,LONG,30611.97,30673.19394,TP,1,5e-05,0.0008,0.0008500000000000001,0.0019999999999999953,0.0011499999999999952,0.0,0.004254544872479555,30160.86807178471,30011.23323556514,76.60022155616406,53.681244694517126,14.643247492368047,76.60022155616406,Medium,Trending,train,2022-05,3509407d0c39,10-15
293,2022-05-20 12:50:00,2022-05-20 12:55:00,LONG,30166.23,30226.56246,TP,1,5e-05,0.0008,0.0008500000000000001,0.002000000000000048,0.0011500000000000481,2.35362522926838e-05,0.003108442785193922,29994.820786475037,29859.62581291588,29.87290407180411,22.65017504435311,5.4455701691886444,29.87290407180411,Low,Trending,train,2022-05,3509407d0c39,5-10
294,2022-05-29 14:25:00,2022-05-29 14:30:00,LONG,29358.62,29336.601035,SL,1,5e-05,0.0008,0.0008500000000000001,-0.0007499999999999762,-0.0015999999999999762,0.0014408034165093344,0.00021390651195466525,29245.548465653315,29182.17476270233,52.88262769776168,39.88649798270615,11.380078005165442,52.88262769776168,Low,Trending,train,2022-05,3509407d0c39,10-15
295,2022-05-30 12:55:00,2022-05-30 13:00:00,LONG,30549.5,30526.587874999997,SL,1,5e-05,0.0008,0.0008500000000000001,-0.0007500000000000838,-0.001600000000000084,0.0015522348974614398,0.0007407649879703766,29751.57884300938,29495.792902242276,28.405471569551793,23.323219100476592,19.9596436149605,58.34756313859958,Medium,Trending,train,2022-05,3509407d0c39,15-20
296,2022-05-30 13:05:00,2022-05-30 13:10:00,LONG,30502.08,30479.20344,SL,1,5e-05,0.0008,0.0008500000000000001,-0.00075000000000002,-0.00160000000000002,0.005086866207157134,0.0,29807.130642854874,29534.162163991426,41.84794467840834,36.58477308302076,19.9596436149605,41.84794467840834,High,Trending,train,2022-05,3509407d0c39,15-20
297,2022-05-30 13:40:00,2022-05-30 13:50:00,LONG,30420.24,30481.08048,TP,2,5e-05,0.0008,0.0008500000000000001,0.001999999999999965,0.0011499999999999649,0.0006045317196709511,0.0032573707505266277,29943.734478751852,29642.731060308517,47.31406908930163,38.0430904814042,10.795026843833389,47.31406908930163,Medium,Trending,train,2022-05,3509407d0c39,10-15
298,2022-05-31 13:15:00,2022-05-31 13:20:00,LONG,31725.28,31701.486039999996,SL,1,5e-05,0.0008,0.0008500000000000001,-0.0007500000000000851,-0.0016000000000000853,0.0009922686261555316,0.0012021958513841146,30979.770310123105,30479.74618730554,83.16671390207016,69.59585095094023,12.090073093025245,83.16671390207016,Low,Trending,train,2022-05,3509407d0c39,10-15
299,2022-05-31 13:55:00,2022-05-31 14:00:00,LONG,31396.45,31372.9026625,SL,1,5e-05,0.0008,0.0008500000000000001,-0.0007500000000000045,-0.0016000000000000046,0.005190077222106344,0.0004293479039827612,31122.463540329216,30631.68481171822,23.173944316926995,19.35037813222033,9.8758459867288,28.248439550758235,High,Trending,train,2022-05,3509407d0c39,5-10
300,2022-06-24 13:10:00,2022-06-24 13:15:00,LONG,21279.24,21263.280570000003,SL,1,5e-05,0.0008,0.0008500000000000001,-0.0007499999999999518,-0.0015999999999999517,0.006409063481590555,0.0,20840.49736222344,20748.498864763686,39.866729847025375,30.45912275362134,17.817958022961825,39.866729847025375,Medium,Trending,train,2022-06,3509407d0c39,15-20
301,2022-06-24 13:20:00,2022-06-24 13:25:00,LONG,21195.36,21237.75072,TP,1,5e-05,0.0008,0.0008500000000000001,0.0019999999999999727,0.0011499999999999727,0.0,0.0034408474307584436,20869.94440088369,20767.1120079942,41.63716507010932,40.69546372547867,17.817958022961825,41.63716507010932,Medium,Trending,train,2022-06,3509407d0c39,15-20
302,2022-06-27 15:05:00,2022-06-27 15:10:00,SHORT,20767.31,20725.775380000003,TP,1,5e-05,0.0008,0.0008500000000000001,0.00199999999999993,0.0011499999999999297,0.0,0.0031058427884978843,21001.092270038425,21101.877856581024,65.53225379056946,74.57781540438548,62.711071441376724,85.30979335238389,Medium,Trending,train,2022-06,3509407d0c39,
303,2022-06-29 13:25:00,2022-06-29 13:30:00,SHORT,20081.27,20096.3309525,SL,1,5e-05,0.0008,0.0008500000000000001,-0.0007499999999999993,-0.0015999999999999994,0.0030187333769228233,0.002906190694114495,20451.698868213007,20674.826162865804,78.52503431213661,82.59280229356911,64.05307642302442,91.11810362222185,Medium,Trending,train,2022-06,3509407d0c39,
304,2022-06-29 13:35:00,2022-06-29 13:40:00,SHORT,20024.35,19984.3013,TP,1,5e-05,0.0008,0.0008500000000000001,0.001999999999999969,0.0011499999999999688,0.0,0.005837392974054061,20418.14479145691,20648.96949732847,35.13638912924142,56.09380480393867,35.13638912924142,91.11810362222185,Medium,Trending,train,2022-06,3509407d0c39,
305,2022-06-29 14:20:00,2022-06-29 14:25:00,SHORT,20044.66,20059.693495,SL,1,5e-05,0.0008,0.0008500000000000001,-0.0007499999999999838,-0.0015999999999999838,0.005247282817468607,0.0,20312.333941903584,20553.025347796836,65.14501418489503,75.16621510525346,65.14501418489503,85.03616180595684,Low,Trending,train,2022-06,3509407d0c39,
306,2022-06-29 14:30:00,2022-06-29 14:35:00,SHORT,20118.56,20078.32288,TP,1,5e-05,0.0008,0.0008500000000000001,0.0020000000000000794,0.0011500000000000793,0.0,0.0034028280354062496,20296.97516128816,20535.757478066545,60.91839037204952,62.71152130204748,60.91839037204952,85.03616180595684,Medium,Trending,train,2022-06,3509407d0c39,
307,2022-07-04 14:25:00,2022-07-04 14:30:00,LONG,19592.71,19578.015467499998,SL,1,5e-05,0.0008,0.0008500000000000001,-0.0007500000000000773,-0.0016000000000000775,0.0015822211424555358,0.00020977189985461848,19471.66012700133,19382.05910302717,70.77694240347581,56.54591468387682,11.060655434416844,70.77694240347581,Medium,Trending,train,2022-07,3509407d0c39,10-15
308,2022-07-06 13:55:00,2022-07-06 14:00:00,LONG,20179.81,20220.16962,TP,1,5e-05,0.0008,0.0008500000000000001,0.0019999999999999636,0.0011499999999999636,0.0006526325074419379,0.0032626669924047916,19895.063768701915,19727.271726243645,40.78861914334321,29.281007800079163,17.21243396422187,45.918086807472065,Medium,Trending,train,2022-07,3509407d0c39,15-20
309,2022-07-06 14:05:00,2022-07-06 14:10:00,LONG,20199.33,20184.1805025,SL,1,5e-05,0.0008,0.0008500000000000001,-0.000750000000000115,-0.0016000000000001152,0.003996172150264448,0.003566454926970213,19921.10888452645,19747.11962444015,58.349569609814125,49.50397745820672,17.21243396422187,58.349569609814125,High,Trending,train,2022-07,3509407d0c39,15-20
310,2022-07-08 13:00:00,2022-07-08 13:05:00,LONG,21380.01,21363.974992499996,SL,1,5e-05,0.0008,0.0008500000000000001,-0.000750000000000112,-0.0016000000000001122,0.001242281925967185,0.0021861542627904106,20974.38660650082,20633.64428135834,38.08696498405535,26.650583445600535,15.012625381491526,38.08696498405535,Low,Trending,train,2022-07,3509407d0c39,15-20
311,2022-07-11 15:00:00,2022-07-11 15:05:00,SHORT,20387.23,20402.5204225,SL,1,5e-05,0.0008,0.0008500000000000001,-0.0007500000000000992,-0.0016000000000000992,0.0013621271747069335,0.0006376540608998869,20602.609513612042,20810.646071749103,41.544570643039414,63.81364117358651,41.544570643039414,83.39314830303952,Medium,Trending,train,2022-07,3509407d0c39,
312,2022-07-15 14:05:00,2022-07-15 14:10:00,LONG,20934.91,20919.2088175,SL,1,5e-05,0.0008,0.0008500000000000001,-0.0007500000000000415,-0.0016000000000000415,0.0014998870308017304,0.0019522414951866993,20553.923636203894,20273.72978194188,48.19830648823389,32.376091968611824,13.104030060008947,48.19830648823389,Medium,Trending,train,2022-07,3509407d0c39,10-15
313,2022-07-17 13:25:00,2022-07-17 13:30:00,LONG,21248.84,21232.90337,SL,1,5e-05,0.0008,0.0008500000000000001,-0.0007500000000000071,-0.0016000000000000072,0.002437309519013785,0.0024956656457481366,21085.503340440748,20886.87105971139,31.629678452905733,23.322305517002846,15.005957863909154,31.629678452905733,High,Trending,train,2022-07,3509407d0c39,15-20
314,2022-07-17 13:35:00,2022-07-17 13:40:00,LONG,21197.78,21240.17556,TP,1,5e-05,0.0008,0.0008500000000000001,0.00200000000000004,0.0011500000000000399,0.0,0.0021299400220212428,21095.265044366875,20899.632498405186,35.937243870074255,34.95062559561276,15.01547477796892,37.284954463858575,Medium,Ranging,train,2022-07,3509407d0c39,15-20
315,2022-07-22 13:40:00,2022-07-22 13:45:00,LONG,23553.11,23535.4451675,SL,1,5e-05,0.0008,0.0008500000000000001,-0.0007500000000001008,-0.001600000000000101,0.0020978121360618555,0.0035910332011355657,23249.90637847119,23126.924117081424,34.91665327196464,26.841635337457546,16.831879421691,56.858959023449835,Medium,Trending,train,2022-07,3509407d0c39,15-20
316,2022-07-22 13:50:00,2022-07-22 13:55:00,LONG,23625.81,23608.0906425,SL,1,5e-05,0.0008,0.0008500000000000001,-0.0007500000000000818,-0.0016000000000000818,0.007864703897982812,0.0,23276.70857928079,23145.42525943682,56.17370176144538,49.529177433668174,16.831879421691,57.49717726759483,High,Trending,train,2022-07,3509407d0c39,15-20
317,2022-07-22 14:15:00,2022-07-22 14:20:00,LONG,23496.54,23478.917595,SL,1,5e-05,0.0008,0.0008500000000000001,-0.0007500000000000805,-0.0016000000000000805,0.002859995556792648,0.0017730270073806548,23308.971501506127,23174.795297000903,29.29791860826303,21.583083974173956,12.642853121525073,41.80120900529697,Medium,Trending,train,2022-07,3509407d0c39,10-15
318,2022-07-22 14:25:00,2022-07-22 14:30:00,LONG,23477.21,23459.602092499998,SL,1,5e-05,0.0008,0.0008500000000000001,-0.0007500000000000682,-0.0016000000000000684,0.0007586080288074124,0.0035255466897472247,23322.487056945873,23186.94676658228,38.62301957129498,35.58662110386191,12.642853121525073,38.83892513202804,Medium,Trending,train,2022-07,3509407d0c39,10-15
319,2022-07-23 15:30:00,2022-07-23 15:35:00,SHORT,22166.93,22183.5551975,SL,1,5e-05,0.0008,0.0008500000000000001,-0.0007500000000000621,-0.0016000000000000623,0.002662524760984062,8.706663484750892e-05,22464.863049162384,22691.414664384076,58.905372245680546,68.71234674007336,58.905372245680546,91.88961169566335,High,Trending,train,2022-07,3509407d0c39,
320,2022-07-25 13:15:00,2022-07-25 13:20:00,SHORT,21885.32,21901.73399,SL,1,5e-05,0.0008,0.0008500000000000001,-0.0007500000000000422,-0.0016000000000000424,0.005382603498600856,0.0009705135679989127,22320.76621089752,22470.716903443248,40.281218976330585,60.832697003867374,40.281218976330585,83.328072719359,Medium,Trending,train,2022-07,3509407d0c39,
321,2022-07-25 15:15:00,2022-07-25 15:20:00,SHORT,21783.69,21800.0277675,SL,1,5e-05,0.0008,0.0008500000000000001,-0.0007500000000000489,-0.0016000000000000489,0.0012128340056253965,0.00040580819870279767,22027.367924939554,22233.618767899898,38.8114678143095,59.8366039371343,38.8114678143095,89.75951172784198,Medium,Trending,train,2022-07,3509407d0c39,
322,2022-07-26 12:05:00,2022-07-26 12:10:00,SHORT,21109.42,21125.252065,SL,1,5e-05,0.0008,0.0008500000000000001,-0.0007500000000001105,-0.0016000000000001104,0.004128962330561593,0.0,21917.454584336996,22137.87894587671,35.67429578430676,61.487581254190076,35.67429578430676,85.47889293688733,Low,Trending,train,2022-07,3509407d0c39,
323,2022-07-28 14:15:00,2022-07-28 14:20:00,LONG,22903.38,22886.202465000002,SL,1,5e-05,0.0008,0.0008500000000000001,-0.0007499999999999519,-0.001599999999999952,0.0031680913472160576,0.0012989349170297135,22457.769829574117,22085.692756271943,29.879881433664167,23.185249235913904,16.564783656238745,29.879881433664167,Medium,Trending,train,2022-07,3509407d0c39,15-20
324,2022-08-04 13:40:00,2022-08-04 13:45:00,SHORT,22892.09,22909.2590675,SL,1,5e-05,0.0008,0.0008500000000000001,-0.0007499999999999595,-0.0015999999999999595,0.010564784604638482,0.0,23070.713733352,23134.79324250015,66.94010872624335,70.65597818604509,63.65979436539917,81.36803146649301,High,Trending,train,2022-08,3509407d0c39,
325,2022-08-06 15:40:00,2022-08-06 15:55:00,LONG,23197.84,23202.21,EOD,3,5e-05,0.0008,0.0008500000000000001,0.00018837960775654032,-0.0006616203922434597,0.0005315150031210555,0.0006944612084573642,23181.519257852422,23153.80636663513,34.03697297281554,25.308636639086334,19.20991953523153,42.35350906799109,Low,Trending,train,2022-08,3509407d0c39,15-20
326,2022-08-08 13:30:00,2022-08-08 13:35:00,LONG,24048.69,24096.787379999998,TP,1,5e-05,0.0008,0.0008500000000000001,0.001999999999999969,0.0011499999999999688,0.0,0.004037641967192483,23638.691973708817,23434.274914722428,44.40222495454689,34.66809387408505,19.517119117532385,44.40222495454689,High,Trending,train,2022-08,3509407d0c39,15-20
327,2022-08-10 12:20:00,2022-08-10 12:25:00,SHORT,23134.93,23152.2811975,SL,1,5e-05,0.0008,0.0008500000000000001,-0.0007500000000000054,-0.0016000000000000055,0.000879190038612615,0.003983154476802024,23226.567759494807,23344.585125518075,55.67076219794711,71.54204060819853,39.63481432176707,82.60495854354195,High,Trending,train,2022-08,3509407d0c39,
328,2022-08-10 12:30:00,2022-08-10 12:35:00,SHORT,23063.1,23080.397324999998,SL,1,5e-05,0.0008,0.0008500000000000001,-0.0007499999999999804,-0.0015999999999999803,0.029783506987352156,0.0,23233.135997903508,23343.211582707838,41.23257362126353,43.75484907259499,34.36121139857466,82.60495854354195,High,Ranging,train,2022-08,3509407d0c39,
329,2022-08-11 13:45:00,2022-08-11 13:50:00,LONG,24664.5,24713.829,TP,1,5e-05,0.0008,0.0008500000000000001,0.0020000000000000625,0.0011500000000000624,1.6217640739067533e-06,0.003176630379695455,24328.98532160432,24047.87607719194,35.29976302066961,23.46046170962559,7.510238319290619,35.29976302066961,Medium,Trending,train,2022-08,3509407d0c39,5-10
330,2022-08-11 14:00:00,2022-08-11 14:05:00,LONG,24731.75,24781.2135,TP,1,5e-05,0.0008,0.0008500000000000001,0.0020000000000000673,0.0011500000000000672,0.0,0.0036176170307398855,24375.31781065674,24088.09521161608,89.25850650158615,73.66268542496142,21.080710942778538,89.25850650158615,Medium,Trending,train,2022-08,3509407d0c39,
331,2022-08-13 15:50:00,2022-08-13 15:55:00,LONG,24532.3,24513.900775,SL,1,5e-05,0.0008,0.0008500000000000001,-0.0007500000000000418,-0.001600000000000042,0.0008384864036392719,0.00034077522286946526,24398.203587252032,24286.435247533205,56.25953187893352,44.052438748651326,16.670741665671443,56.25953187893352,Low,Trending,train,2022-08,3509407d0c39,15-20
332,2022-08-17 15:45:00,2022-08-17 15:55:00,SHORT,23385.64,23391.9,EOD,2,5e-05,0.0008,0.0008500000000000001,-0.0002676856395635115,-0.0011176856395635115,0.0007243761556238071,0.001653578862926063,23531.879949297527,23694.670006808563,37.19703735013493,52.93527699789061,37.19703735013493,89.11266725825136,Low,Trending,train,2022-08,3509407d0c39,
333,2022-08-19 13:05:00,2022-08-19 13:10:00,SHORT,21505.29,21521.4189675,SL,1,5e-05,0.0008,0.0008500000000000001,-0.0007500000000000337,-0.0016000000000000337,0.0009095436518176537,0.0006282175222934467,22607.836012802174,23039.018456152186,73.28940401247272,78.36600952269677,73.28940401247272,86.7108924314155,Medium,Trending,train,2022-08,3509407d0c39,
334,2022-09-07 13:15:00,2022-09-07 13:20:00,SHORT,18821.25,18835.3659375,SL,1,5e-05,0.0008,0.0008500000000000001,-0.0007499999999999381,-0.0015999999999999383,0.0019573620243076386,0.00029912997277019423,19320.425411767766,19530.763105119455,67.97825120065895,76.3341992706895,67.97825120065895,88.18769766704037,Low,Trending,train,2022-09,3509407d0c39,
335,2022-09-14 13:35:00,2022-09-14 13:40:00,SHORT,20220.62,20235.785465,SL,1,5e-05,0.0008,0.0008500000000000001,-0.000750000000000092,-0.001600000000000092,0.004810436079605889,0.0004920719542724569,20745.55140314051,21111.450629460334,36.7087232445717,52.586753150389654,36.7087232445717,88.54507637309094,High,Trending,train,2022-09,3509407d0c39,
336,2022-09-14 13:45:00,2022-09-14 13:50:00,SHORT,20316.39,20275.75722,TP,1,5e-05,0.0008,0.0008500000000000001,0.0019999999999999957,0.0011499999999999956,0.0,0.0037723237248349444,20710.506581676425,21079.242164429048,47.62386573516434,40.20353069377695,36.27800310159514,73.27761060960624,High,Trending,train,2022-09,3509407d0c39,
337,2022-09-18 15:50:00,2022-09-18 15:55:00,SHORT,19813.75,19828.6103125,SL,1,5e-05,0.0008,0.0008500000000000001,-0.000750000000000044,-0.001600000000000044,0.0012905179483944083,0.0004305091161440331,19882.981149429314,19898.51037297259,44.25177326291998,53.89075585726531,44.25177326291998,91.12428454822975,Low,Trending,train,2022-09,3509407d0c39,
338,2022-09-19 13:05:00,2022-09-19 13:10:00,SHORT,18808.24,18770.62352,TP,1,5e-05,0.0008,0.0008500000000000001,0.0020000000000000313,0.0011500000000000312,0.0,0.0026956270230495106,19399.20285045089,19618.061383980745,66.86148131964144,74.68790331821566,66.86148131964144,86.14959786563679,High,Trending,train,2022-09,3509407d0c39,
339,2022-09-19 13:20:00,2022-09-19 13:25:00,SHORT,18753.99,18768.055492500003,SL,1,5e-05,0.0008,0.0008500000000000001,-0.0007500000000000911,-0.0016000000000000911,0.0017782882469276427,0.0002847394074541015,19327.571552062906,19568.433223509568,29.755272747906066,43.25085794227476,29.755272747906066,75.50863697761427,Low,Trending,train,2022-09,3509407d0c39,
340,2022-09-19 14:10:00,2022-09-19 14:15:00,SHORT,19078.57,19092.8789275,SL,1,5e-05,0.0008,0.0008500000000000001,-0.0007500000000001063,-0.0016000000000001063,0.008089180688070529,0.0,19227.84713649833,19468.840678554316,78.86483982759195,80.14019434174202,78.86483982759195,89.9459236606209,High,Ranging,train,2022-09,3509407d0c39,
341,2022-09-23 15:05:00,2022-09-23 15:10:00,SHORT,18604.9,18618.853675000002,SL,1,5e-05,0.0008,0.0008500000000000001,-0.0007500000000000353,-0.0016000000000000354,0.004829372907137288,0.0,18830.862176379374,18939.432389793266,51.212389396164866,62.9730636222511,51.212389396164866,89.17508354719462,High,Trending,train,2022-09,3509407d0c39,
342,2022-09-27 13:20:00,2022-09-27 13:25:00,LONG,20207.03,20191.8747275,SL,1,5e-05,0.0008,0.0008500000000000001,-0.0007500000000000068,-0.0016000000000000068,0.005580236185129552,0.0,19655.817248725692,19400.74356908785,24.355153254589567,21.06316888385118,14.040103357102717,25.816738233740363,High,Trending,train,2022-09,3509407d0c39,10-15
343,2022-09-27 13:35:00,2022-09-27 13:40:00,LONG,20227.3,20267.7546,TP,1,5e-05,0.0008,0.0008500000000000001,0.0020000000000000464,0.0011500000000000464,0.00011370771185473457,0.0059053852961097495,19720.237401869035,19448.69712097957,54.52387914318816,34.045100856520214,20.608890855360055,54.52387914318816,High,Trending,train,2022-09,3509407d0c39,
344,2022-09-27 14:25:00,2022-09-27 14:30:00,LONG,20206.22,20191.065335,SL,1,5e-05,0.0008,0.0008500000000000001,-0.0007500000000000911,-0.0016000000000000911,0.003720141619758762,3.0188724066182692e-05,19868.035077466506,19579.37249942281,41.63303479331232,35.03110200359324,16.114215242122338,41.63303479331232,High,Trending,train,2022-09,3509407d0c39,15-20
345,2022-10-04 14:45:00,2022-10-04 14:50:00,LONG,20111.14,20096.056645,SL,1,5e-05,0.0008,0.0008500000000000001,-0.0007499999999999427,-0.0015999999999999426,0.0007513248875996379,0.0014335338523823985,19865.975659680167,19662.850133695112,34.996426644207645,23.932326964929,13.282808164193918,34.996426644207645,Medium,Trending,train,2022-10,3509407d0c39,10-15
346,2022-10-11 15:00:00,2022-10-11 15:05:00,SHORT,19033.61,19047.8852075,SL,1,5e-05,0.0008,0.0008500000000000001,-0.0007499999999999444,-0.0015999999999999443,0.0035158858461426,0.0,19141.794973759057,19243.065406602505,67.11700978666612,70.05117565451218,64.91087610884314,88.69868301624315,High,Trending,train,2022-10,3509407d0c39,
347,2022-10-13 14:35:00,2022-10-13 14:40:00,SHORT,18404.08,18417.883060000004,SL,1,5e-05,0.0008,0.0008500000000000001,-0.0007500000000001089,-0.001600000000000109,0.0027667778014439327,0.0,18618.7428519527,18812.330257882186,25.42809624424065,28.21388405068579,22.599558993392822,80.26730320725306,Medium,Trending,train,2022-10,3509407d0c39,
348,2022-10-19 13:55:00,2022-10-19 14:00:00,SHORT,19139.99,19101.710020000002,TP,1,5e-05,0.0008,0.0008500000000000001,0.0019999999999999653,0.0011499999999999653,0.0006044935237688059,0.0020888203180881074,19274.904928057895,19338.002331638938,29.515115289173362,32.763434375439594,28.916172112259556,88.05988491245834,High,Trending,train,2022-10,3509407d0c39,
349,2022-10-19 14:35:00,2022-10-19 14:40:00,SHORT,19170.93,19185.308197500002,SL,1,5e-05,0.0008,0.0008500000000000001,-0.0007500000000001037,-0.0016000000000001037,0.002006684078445916,0.0,19251.717391322232,19316.07468394092,71.80975079457079,76.87949243496462,69.71323653452755,83.93722581778083,Medium,Trending,train,2022-10,3509407d0c39,
350,2022-10-21 13:15:00,2022-10-21 13:20:00,SHORT,18938.16,18900.28368,TP,1,5e-05,0.0008,0.0008500000000000001,0.001999999999999968,0.0011499999999999679,0.000597206909224619,0.0020213156927599532,19060.295435446646,19145.96378952449,71.20285257559861,77.97587177493149,68.28986955269939,84.502108218684,High,Trending,train,2022-10,3509407d0c39,
351,2022-10-23 12:00:00,2022-10-23 12:20:00,LONG,19151.24,19136.87657,SL,4,5e-05,0.0008,0.0008500000000000001,-0.000750000000000065,-0.001600000000000065,0.0011059336105651795,0.0002746558447389516,19188.04325806747,19163.988196828803,42.707017051733345,40.797597952656695,8.754502697668563,49.241921406785615,Medium,Ranging,train,2022-10,3509407d0c39,5-10
352,2022-10-29 15:10:00,2022-10-29 15:15:00,LONG,20843.67,20828.037247499997,SL,1,5e-05,0.0008,0.0008500000000000001,-0.0007500000000000728,-0.0016000000000000727,0.0011053715588472297,0.001209959666411969,20716.88312235682,20619.46751167448,61.65856351979246,43.017165918459874,13.439045544829561,61.65856351979246,Low,Trending,train,2022-10,3509407d0c39,10-15
353,2022-10-29 15:20:00,2022-10-29 15:25:00,LONG,20858.45,20900.1669,TP,1,5e-05,0.0008,0.0008500000000000001,0.001999999999999973,0.001149999999999973,0.0005158580814970449,0.0029345421160248786,20728.273793455875,20629.09350474675,81.82830822311986,74.3017447161793,22.141685832307896,81.82830822311986,Medium,Trending,train,2022-10,3509407d0c39,
354,2022-11-01 12:00:00,2022-11-01 12:05:00,SHORT,20522.23,20481.18554,TP,1,5e-05,0.0008,0.0008500000000000001,0.0020000000000000477,0.0011500000000000477,0.0,0.0021669185073942337,20487.6235626639,20559.251586748138,79.73788087165413,81.50561845364835,67.66266315138286,85.86980515358539,Low,Trending,train,2022-11,3509407d0c39,
355,2022-11-03 13:50:00,2022-11-03 13:55:00,SHORT,20176.04,20135.68792,TP,1,5e-05,0.0008,0.0008500000000000001,0.0020000000000000282,0.0011500000000000282,0.0,0.004103877668759542,20251.839934662818,20332.439706142035,58.54407462124567,73.94335393771073,58.54407462124567,94.94329042614989,Medium,Trending,train,2022-11,3509407d0c39,
356,2022-11-03 14:00:00,2022-11-03 14:05:00,SHORT,20107.87,20122.9509025,SL,1,5e-05,0.0008,0.0008500000000000001,-0.0007500000000000838,-0.001600000000000084,0.002591025305017497,0.0,20242.596594819464,20324.55686892443,34.088248190160066,43.58016358952167,34.088248190160066,86.14813335232957,High,Trending,train,2022-11,3509407d0c39,
357,2022-11-04 14:15:00,2022-11-04 14:20:00,LONG,20920.83,20962.67166,TP,1,5e-05,0.0008,0.0008500000000000001,0.001999999999999915,0.001149999999999915,0.0,0.015495083130066934,20580.032590720628,20481.753927331847,75.18706187797653,58.977497861939845,18.049241069589588,75.18706187797653,High,Trending,train,2022-11,3509407d0c39,15-20
358,2022-11-08 13:30:00,2022-11-08 13:40:00,SHORT,19661.34,19676.086005,SL,2,5e-05,0.0008,0.0008500000000000001,-0.0007500000000000447,-0.0016000000000000447,0.0008030988732202827,0.0011423432990833344,20206.83699965929,20512.847116289868,23.792275515564558,36.40154635136391,23.792275515564558,81.68228734132178,High,Trending,train,2022-11,3509407d0c39,
359,2022-11-09 12:05:00,2022-11-09 12:10:00,SHORT,17912.03,17925.4640225,SL,1,5e-05,0.0008,0.0008500000000000001,-0.0007500000000000808,-0.001600000000000081,0.004071007027120985,0.002192381321380125,19551.281581823136,19967.10474130358,36.93818840455243,61.469025600788406,36.93818840455243,84.06857615497518,High,Trending,train,2022-11,3509407d0c39,
360,2022-11-16 15:50:00,2022-11-16 15:55:00,SHORT,16413.16,16425.46987,SL,1,5e-05,0.0008,0.0008500000000000001,-0.0007500000000000582,-0.0016000000000000584,0.0033984924292457296,9.991982043673601e-05,16585.788540381043,16664.150447248794,30.66152893981966,48.16669567432953,30.66152893981966,81.41414966242195,Medium,Trending,train,2022-11,3509407d0c39,
361,2022-11-20 14:15:00,2022-11-20 15:00:00,SHORT,16570.38,16537.239240000003,TP,9,5e-05,0.0008,0.0008500000000000001,0.0019999999999999038,0.0011499999999999037,0.0,0.002208760450876937,16591.120364395745,16616.921189656372,36.047468524760596,53.87098655261759,36.047468524760596,85.19312817419085,Medium,Trending,train,2022-11,3509407d0c39,
362,2022-11-21 13:30:00,2022-11-21 13:45:00,SHORT,16211.61,16179.18678,TP,3,5e-05,0.0008,0.0008500000000000001,0.002000000000000036,0.001150000000000036,0.0,0.003931750146962565,16340.096517914573,16449.744162677598,66.00857613251047,77.38482238062075,66.00857613251047,89.92942356266887,High,Trending,train,2022-11,3509407d0c39,
363,2022-11-28 14:00:00,2022-11-28 14:25:00,SHORT,16179.46,16191.594595,SL,5,5e-05,0.0008,0.0008500000000000001,-0.0007500000000000837,-0.0016000000000000838,0.00101363086283482,0.0005710944617434564,16324.742483200014,16408.058917563172,48.15777924919283,67.09271851299734,48.15777924919283,84.30578563101908,Medium,Trending,train,2022-11,3509407d0c39,
364,2022-12-07 13:20:00,2022-12-07 13:25:00,SHORT,16837.97,16850.598477500003,SL,1,5e-05,0.0008,0.0008500000000000001,-0.0007500000000001301,-0.0016000000000001302,0.0009692379782123206,0.0006752595473208836,16910.35936683389,16967.775598088454,64.64810794401342,76.00037590449443,64.64810794401342,84.6452714872168,Medium,Trending,train,2022-12,3509407d0c39,
365,2023-01-02 13:50:00,2023-01-02 14:30:00,LONG,16699.93,16687.4050525,SL,8,5e-05,0.0008,0.0008500000000000001,-0.0007500000000001121,-0.0016000000000001122,0.0007562905952301008,0.0006275475406184076,16653.101342206493,16620.08590135957,31.192225901099878,25.379419346373457,18.13593406449655,31.192225901099878,Medium,Trending,train,2023-01,3509407d0c39,15-20
366,2023-01-02 14:45:00,2023-01-02 15:40:00,LONG,16702.57,16735.97514,TP,11,5e-05,0.0008,0.0008500000000000001,0.0019999999999999363,0.0011499999999999362,0.0006322380328297567,0.002839682755408317,16669.033632332917,16635.477655472845,61.431572144126655,36.76986002844906,11.294248868944349,61.431572144126655,Low,Trending,train,2023-01,3509407d0c39,10-15
367,2023-01-04 14:35:00,2023-01-04 14:40:00,LONG,16811.26,16844.88252,TP,1,5e-05,0.0008,0.0008500000000000001,0.002000000000000048,0.0011500000000000481,0.0,0.003083052668271251,16786.52123822231,16749.611725974282,57.616737076770285,45.27463692488184,11.495095658367688,57.616737076770285,High,Trending,train,2023-01,3509407d0c39,10-15
368,2023-01-14 13:35:00,2023-01-14 13:40:00,LONG,20926.82,20911.124884999997,SL,1,5e-05,0.0008,0.0008500000000000001,-0.000750000000000108,-0.001600000000000108,0.002720432440284778,0.0,19964.868928506632,19308.10255094958,64.7090195317129,49.14060911041963,18.727571850624535,64.7090195317129,High,Trending,train,2023-01,3509407d0c39,15-20
369,2023-01-31 13:25:00,2023-01-31 13:30:00,SHORT,22908.87,22926.0516525,SL,1,5e-05,0.0008,0.0008500000000000001,-0.000749999999999977,-0.001599999999999977,0.00550572769412027,0.0005526243764969576,23046.223872450093,23114.465115825653,53.285161713095164,74.89263242981968,53.285161713095164,93.28422916153204,Low,Trending,train,2023-01,3509407d0c39,
370,2023-01-31 13:35:00,2023-01-31 13:40:00,SHORT,22951.52,22968.733640000002,SL,1,5e-05,0.0008,0.0008500000000000001,-0.0007500000000000767,-0.0016000000000000766,0.005864535333607471,0.0,23043.530026048706,23110.392577218627,53.6748453965866,47.57842945549578,35.775281256806046,93.28422916153204,High,Trending,train,2023-01,3509407d0c39,
371,2023-02-13 14:55:00,2023-02-13 15:00:00,SHORT,21660.63,21676.8754725,SL,1,5e-05,0.0008,0.0008500000000000001,-0.0007499999999999478,-0.0015999999999999478,0.000918717507293085,0.0011357010391665515,21683.968603889654,21753.923374162074,79.38056853846278,78.60266859280088,53.481899156786106,80.18990822832076,Medium,Ranging,train,2023-02,3509407d0c39,
372,2023-02-16 14:20:00,2023-02-16 14:25:00,LONG,24396.73,24378.432452499997,SL,1,5e-05,0.0008,0.0008500000000000001,-0.0007500000000000865,-0.0016000000000000866,0.0014645405347355799,0.0004619471543932501,23909.079380852985,23321.592721048128,24.244513927463007,23.6049988530676,16.98041383765781,26.593382031944312,Medium,Trending,train,2023-02,3509407d0c39,15-20
373,2023-02-22 14:05:00,2023-02-22 14:10:00,SHORT,24045.66,23997.56868,TP,1,5e-05,0.0008,0.0008500000000000001,0.001999999999999981,0.001149999999999981,0.0,0.0027223207847070583,24304.386378004525,24453.937003170297,31.080706674702487,57.80682615114296,31.080706674702487,83.84568779806777,High,Trending,train,2023-02,3509407d0c39,
374,2023-03-01 13:40:00,2023-03-01 13:45:00,LONG,23680.82,23663.059385,SL,1,5e-05,0.0008,0.0008500000000000001,-0.0007499999999999677,-0.0015999999999999678,0.0011680338772052596,0.0006342685768482864,23607.126056096957,23550.963347069603,35.082542027765165,24.830896350534847,17.101004353131824,35.082542027765165,Medium,Trending,train,2023-03,3509407d0c39,15-20
375,2023-03-02 15:25:00,2023-03-02 15:30:00,SHORT,23334.58,23352.080935,SL,1,5e-05,0.0008,0.0008500000000000001,-0.0007500000000000011,-0.0016000000000000012,0.002110601519290255,0.00031798301062208495,23392.225728609887,23453.781335154035,67.54115094132123,71.84992438116427,67.54115094132123,84.94616062905267,High,Trending,train,2023-03,3509407d0c39,
376,2023-03-03 14:35:00,2023-03-03 14:45:00,SHORT,22397.56,22414.358170000003,SL,2,5e-05,0.0008,0.0008500000000000001,-0.0007500000000000824,-0.0016000000000000825,0.0012568333336308872,0.0011822716403036564,22648.909427816965,22931.89759636628,22.37416990600288,37.49453675500606,22.37416990600288,69.82288410859796,Medium,Trending,train,2023-03,3509407d0c39,
377,2023-03-10 13:00:00,2023-03-10 13:05:00,SHORT,19933.31,19948.259982500003,SL,1,5e-05,0.0008,0.0008500000000000001,-0.0007500000000001042,-0.0016000000000001044,0.0010881283640297918,0.0015627108593606106,20984.18100010723,21409.927413048983,77.06001466863371,78.64947057388179,52.99724331992845,80.70899381821556,High,Trending,train,2023-03,3509407d0c39,
378,2023-03-10 13:10:00,2023-03-10 13:20:00,SHORT,19924.43,19939.3733225,SL,2,5e-05,0.0008,0.0008500000000000001,-0.0007499999999999668,-0.001599999999999967,0.0010318990304867598,0.0019915249771260855,20902.69460255958,21351.678723193127,61.23904439823557,67.90008062033975,61.23904439823557,80.70899381821556,Low,Trending,train,2023-03,3509407d0c39,
379,2023-03-10 14:00:00,2023-03-10 14:05:00,SHORT,20184.9,20144.5302,TP,1,5e-05,0.0008,0.0008500000000000001,0.0020000000000000196,0.0011500000000000195,0.0,0.01061536098766902,20638.84702013903,21124.16382319872,68.44951040780933,76.44376739030717,66.52010242344039,83.1056797884135,High,Trending,train,2023-03,3509407d0c39,
380,2023-03-10 14:10:00,2023-03-10 14:15:00,SHORT,20010.43,19970.40914,TP,1,5e-05,0.0008,0.0008500000000000001,0.002000000000000027,0.0011500000000000269,0.0,0.007623024592674964,20587.163089332495,21078.794248717837,27.555901744440963,48.34755706407751,27.555901744440963,83.1056797884135,High,Trending,train,2023-03,3509407d0c39,
381,2023-03-17 13:40:00,2023-03-17 13:45:00,LONG,26585.0,26565.06125,SL,1,5e-05,0.0008,0.0008500000000000001,-0.0007500000000000438,-0.0016000000000000439,0.00824374647357532,0.0,25832.717872205,25365.813236850416,30.763735816870433,26.047190420325006,18.161274636001803,36.659275250287884,High,Trending,train,2023-03,3509407d0c39,15-20
382,2023-03-17 13:50:00,2023-03-17 13:55:00,LONG,26414.47,26394.6591475,SL,1,5e-05,0.0008,0.0008500000000000001,-0.000750000000000095,-0.001600000000000095,0.0014056689382751582,0.002039033908308612,25876.079958156173,25406.24075035496,17.992181113541104,27.058823116361463,17.992181113541104,32.420552418673346,High,Trending,train,2023-03,3509407d0c39,15-20
383,2023-03-17 14:05:00,2023-03-17 14:10:00,LONG,26547.67,26527.7592475,SL,1,5e-05,0.0008,0.0008500000000000001,-0.000749999999999998,-0.0015999999999999981,0.0035230963771961474,0.0023478519960509433,25948.028043189388,25470.62285175756,56.1043370890564,36.67123207637071,17.51804676999677,56.1043370890564,Medium,Trending,train,2023-03,3509407d0c39,15-20
384,2023-03-17 14:15:00,2023-03-17 14:20:00,LONG,26585.06,26565.121205,SL,1,5e-05,0.0008,0.0008500000000000001,-0.0007500000000000694,-0.0016000000000000695,0.0024472391636506108,0.0003878118010641191,25995.36460272884,25513.49030193862,72.2603796882235,67.11340913378218,17.51804676999677,72.9755106240672,Medium,Trending,train,2023-03,3509407d0c39,15-20
385,2023-03-25 13:50:00,2023-03-25 13:55:00,SHORT,27506.75,27527.3800625,SL,1,5e-05,0.0008,0.0008500000000000001,-0.0007500000000000127,-0.0016000000000000129,0.002989811591700277,0.0,27669.348614298982,27787.121191486967,73.55120147430569,79.79683534748048,73.55120147430569,89.63055861362017,Medium,Trending,train,2023-03,3509407d0c39,
386,2023-04-06 13:35:00,2023-04-06 13:40:00,SHORT,27883.68,27827.91264,TP,1,5e-05,0.0008,0.0008500000000000001,0.002000000000000059,0.001150000000000059,0.0,0.0031803549603208864,28039.63639077459,28118.240789997886,27.486250675874327,56.20285697341753,27.486250675874327,92.38659396135283,High,Trending,train,2023-04,3509407d0c39,
387,2023-04-06 13:45:00,2023-04-06 13:50:00,SHORT,27847.02,27867.905265,SL,1,5e-05,0.0008,0.0008500000000000001,-0.0007500000000000287,-0.001600000000000029,0.001171400027722858,0.0022964755295180857,28022.397990868816,28106.379980665548,16.06027818559937,19.835610766597444,15.960303438319153,81.82775523007037,High,Trending,train,2023-04,3509407d0c39,15-20
388,2023-04-09 14:20:00,2023-04-09 14:25:00,SHORT,27897.47,27841.67506,TP,1,5e-05,0.0008,0.0008500000000000001,0.001999999999999992,0.0011499999999999917,0.0,0.002962992701488696,27939.071200648024,27960.12479504263,44.06234067537545,72.14564554109528,44.06234067537545,99.1827679626292,High,Trending,train,2023-04,3509407d0c39,
389,2023-04-09 14:30:00,2023-04-09 14:35:00,SHORT,27844.59,27865.473442500002,SL,1,5e-05,0.0008,0.0008500000000000001,-0.0007500000000000817,-0.0016000000000000818,0.0009545839963884586,0.0,27932.0175981376,27955.701199511106,29.405647548196935,32.29547627637041,23.41844060553935,99.1827679626292,High,Trending,train,2023-04,3509407d0c39,
390,2023-04-10 14:00:00,2023-04-10 14:35:00,LONG,28217.45,28273.8849,TP,7,5e-05,0.0008,0.0008500000000000001,0.002000000000000007,0.001150000000000007,0.00017506897327725673,0.0034836599338352427,28130.60734448464,28063.51423904071,42.48087550787856,24.081311271737487,9.299203317893886,42.48087550787856,High,Trending,train,2023-04,3509407d0c39,5-10
391,2023-04-16 14:20:00,2023-04-16 14:25:00,SHORT,30272.86,30295.564645000002,SL,1,5e-05,0.0008,0.0008500000000000001,-0.0007500000000000535,-0.0016000000000000536,0.000753149851054683,0.00046609405256062964,30293.93426761443,30323.357839810888,80.7784145176691,80.37154300669452,64.52568731611728,91.75453343238718,High,Trending,train,2023-04,3509407d0c39,
392,2023-04-17 13:15:00,2023-04-17 13:20:00,SHORT,29477.74,29418.78452,TP,1,5e-05,0.0008,0.0008500000000000001,0.002000000000000018,0.0011500000000000178,0.0,0.004666232893023784,29931.151200108285,30100.27452995143,52.80179731158626,66.80768913985104,52.80179731158626,81.91605214847915,High,Trending,train,2023-04,3509407d0c39,
393,2023-04-17 13:25:00,2023-04-17 13:30:00,SHORT,29362.42,29384.441815,SL,1,5e-05,0.0008,0.0008500000000000001,-0.0007500000000000021,-0.001600000000000002,0.0019920020216317867,0.003828703492423249,29887.331607635522,30071.297534364665,24.183021030390865,34.88854568885313,24.183021030390865,81.91605214847915,High,Trending,train,2023-04,3509407d0c39,
394,2023-04-17 14:40:00,2023-04-17 14:45:00,SHORT,29389.0,29411.04175,SL,1,5e-05,0.0008,0.0008500000000000001,-0.0007500000000000109,-0.001600000000000011,0.0009217734526523578,0.0010888427642995679,29675.768865664977,29902.014609939524,39.651248611197,58.24558165278643,39.651248611197,84.1037268921693,Medium,Trending,train,2023-04,3509407d0c39,
395,2023-04-17 14:50:00,2023-04-17 14:55:00,SHORT,29404.67,29426.7235025,SL,1,5e-05,0.0008,0.0008500000000000001,-0.0007500000000000902,-0.0016000000000000903,0.0013310810833790368,0.0,29655.251359654598,29882.678554261078,36.264409126001006,35.07226540943695,29.301138491113367,78.6263644525747,Medium,Trending,train,2023-04,3509407d0c39,
396,2023-04-19 14:25:00,2023-04-19 14:30:00,SHORT,29388.09,29410.131067500002,SL,1,5e-05,0.0008,0.0008500000000000001,-0.0007500000000000715,-0.0016000000000000714,0.0015621974752357112,0.0,29554.953890115943,29720.420690583847,60.44126272826711,71.1641060883492,60.44126272826711,89.46545774383482,Medium,Trending,train,2023-04,3509407d0c39,
397,2023-04-20 13:05:00,2023-04-20 13:10:00,SHORT,28843.9,28865.532925000003,SL,1,5e-05,0.0008,0.0008500000000000001,-0.0007500000000000591,-0.0016000000000000593,0.0008521732498031856,0.00034114665492530986,29163.578025253257,29405.80942484746,60.6720321772479,73.99496081460488,60.6720321772479,90.06612226576645,Medium,Trending,train,2023-04,3509407d0c39,
398,2023-04-26 13:50:00,2023-04-26 13:55:00,LONG,29807.97,29785.6140225,SL,1,5e-05,0.0008,0.0008500000000000001,-0.0007499999999999807,-0.0015999999999999808,0.0009796037771106429,0.0022198760935413665,28778.98044469706,28258.238702833,56.79888627205124,33.6383747993087,9.363111297100236,56.79888627205124,Medium,Trending,train,2023-04,3509407d0c39,5-10
399,2023-04-26 14:00:00,2023-04-26 14:05:00,LONG,29847.07,29824.684697499997,SL,1,5e-05,0.0008,0.0008500000000000001,-0.0007500000000000864,-0.0016000000000000866,0.0013686435552970038,0.0017201018391420045,28860.64568539702,28320.30545107992,79.29746452768467,70.67723080694837,11.659228786601895,79.29746452768467,Medium,Trending,train,2023-04,3509407d0c39,10-15
400,2023-05-05 15:30:00,2023-05-05 15:35:00,LONG,29298.88,29276.90584,SL,1,5e-05,0.0008,0.0008500000000000001,-0.0007500000000000537,-0.0016000000000000536,0.0022444543955264513,0.0,29109.069716899507,28962.934320508797,52.227102166900316,32.16460831500013,10.674170644249193,52.227102166900316,Low,Trending,train,2023-05,3509407d0c39,10-15
401,2023-05-08 13:35:00,2023-05-08 13:40:00,SHORT,27880.0,27900.91,SL,1,5e-05,0.0008,0.0008500000000000001,-0.0007499999999999948,-0.0015999999999999949,0.0016470588235293492,0.0,28337.828517367394,28564.714034301276,73.1159904268933,79.47765347581614,73.1159904268933,92.41824253524159,Medium,Trending,train,2023-05,3509407d0c39,
402,2023-05-17 13:50:00,2023-05-17 13:55:00,SHORT,26679.63,26626.27074,TP,1,5e-05,0.0008,0.0008500000000000001,0.002000000000000041,0.0011500000000000407,0.0,0.002774776111962665,26846.133382187505,26945.870558149196,30.73422426761057,57.448759870359346,30.73422426761057,82.50976674919308,High,Trending,train,2023-05,3509407d0c39,
403,2023-05-17 14:00:00,2023-05-17 14:05:00,SHORT,26635.91,26655.8869325,SL,1,5e-05,0.0008,0.0008500000000000001,-0.0007500000000000588,-0.0016000000000000588,0.0008398436546751727,0.0012588268994751385,26829.251315121957,26933.35425550635,17.37586530213208,20.625611450055334,13.766744780423812,82.50976674919308,Medium,Trending,train,2023-05,3509407d0c39,10-15
404,2023-05-31 15:05:00,2023-05-31 15:10:00,SHORT,27003.92,26949.91216,TP,1,5e-05,0.0008,0.0008500000000000001,0.0019999999999999406,0.0011499999999999406,0.0,0.00290994788904715,27206.890248912692,27351.047870661096,62.46847776249365,75.10694221220041,59.132471363194774,85.27632589477349,Medium,Trending,train,2023-05,3509407d0c39,
405,2023-05-31 15:15:00,2023-05-31 15:20:00,SHORT,26925.35,26945.5440125,SL,1,5e-05,0.0008,0.0008500000000000001,-0.0007500000000000037,-0.0016000000000000038,0.0028207618471069356,0.0,27186.123593863656,27334.800819561748,22.635367065394636,41.10748259339873,22.635367065394636,85.27632589477349,Medium,Trending,train,2023-05,3509407d0c39,
406,2023-06-04 12:45:00,2023-06-04 13:50:00,LONG,27216.03,27270.462059999998,TP,13,5e-05,0.0008,0.0008500000000000001,0.00199999999999997,0.00114999999999997,0.00035530531087738567,0.002901598800412888,27170.69301357564,27135.81949279513,91.84587711246677,63.18015149612885,2.131593439734514,91.84587711246677,Low,Trending,train,2023-06,3509407d0c39,0-5
407,2023-06-05 14:10:00,2023-06-05 14:15:00,SHORT,26761.06,26707.53788,TP,1,5e-05,0.0008,0.0008500000000000001,0.0020000000000000543,0.0011500000000000542,0.0,0.0022820471236938934,26892.534995319103,26992.17877647592,42.58938345984842,56.411383711202426,42.58938345984842,74.83324182945752,High,Trending,train,2023-06,3509407d0c39,
408,2023-06-05 15:05:00,2023-06-05 15:10:00,SHORT,26676.68,26696.68751,SL,1,5e-05,0.0008,0.0008500000000000001,-0.0007499999999999796,-0.0015999999999999797,0.002177932186463928,0.0006207669020283375,26846.469804777775,26947.079066263766,66.32539912869824,72.70780526396766,66.32539912869824,83.61088581747296,High,Trending,train,2023-06,3509407d0c39,
409,2023-06-05 15:15:00,2023-06-05 15:20:00,SHORT,26695.98,26642.58804,TP,1,5e-05,0.0008,0.0008500000000000001,0.0020000000000000313,0.0011500000000000312,0.0,0.006142497859228227,26832.133787493825,26935.8371638517,48.47320093956886,56.701230985813424,48.47320093956886,82.58447448384781,High,Trending,train,2023-06,3509407d0c39,
410,2023-06-09 12:55:00,2023-06-09 13:00:00,LONG,26692.83,26672.8103775,SL,1,5e-05,0.0008,0.0008500000000000001,-0.0007499999999999988,-0.001599999999999999,0.0012018208635053587,0.0,26586.11617408466,26535.666390857637,55.400736667142944,48.55045900826852,31.18076791664696,55.400736667142944,Medium,Trending,train,2023-06,3509407d0c39,
411,2023-06-15 13:25:00,2023-06-15 13:30:00,SHORT,25035.83,25054.606872500004,SL,1,5e-05,0.0008,0.0008500000000000001,-0.000750000000000094,-0.001600000000000094,0.0025279769035017907,0.0,25472.289090267754,25672.789938878825,82.50835758514467,79.43900070109123,58.207749226379086,82.50835758514467,High,Trending,train,2023-06,3509407d0c39,
412,2023-06-15 14:10:00,2023-06-15 14:55:00,SHORT,25067.88,25017.74424,TP,9,5e-05,0.0008,0.0008500000000000001,0.002000000000000041,0.0011500000000000407,0.00044957930227847094,0.003024986556501856,25351.368158829617,25573.9571164578,42.402065738770155,36.05585885679326,29.346627343975456,84.5038165084019,Low,Trending,train,2023-06,3509407d0c39,
413,2023-06-21 13:20:00,2023-06-21 13:25:00,LONG,29004.39,29062.39878,TP,1,5e-05,0.0008,0.0008500000000000001,0.002000000000000004,0.0011500000000000039,0.0,0.002209665502360165,27869.359216994748,27346.397581487265,66.92852618458586,45.88753998682654,8.137299545301856,66.92852618458586,Medium,Trending,train,2023-06,3509407d0c39,5-10
414,2023-06-28 13:50:00,2023-06-28 13:55:00,SHORT,30116.16,30138.74712,SL,1,5e-05,0.0008,0.0008500000000000001,-0.0007500000000000047,-0.0016000000000000046,0.0029223513223464877,0.0,30359.773354552734,30441.5099346027,57.061419316876936,67.69812791138553,57.061419316876936,92.8958336923165,Medium,Trending,train,2023-06,3509407d0c39,
415,2023-06-30 13:25:00,2023-06-30 13:35:00,LONG,31048.49,31025.2036325,SL,2,5e-05,0.0008,0.0008500000000000001,-0.0007500000000000251,-0.001600000000000025,0.030548345507301743,0.0015028106036718647,30777.04918252262,30663.150955247893,63.369692837935624,44.89867702851717,15.378059639254992,63.369692837935624,High,Trending,train,2023-06,3509407d0c39,15-20
416,2023-07-04 13:35:00,2023-07-04 13:45:00,LONG,31043.93,31020.6470525,SL,2,5e-05,0.0008,0.0008500000000000001,-0.0007499999999999956,-0.0015999999999999955,0.0007708431245657457,0.0003704427886546581,30917.59168918498,30796.118584042055,77.37150845178863,70.68989208968088,28.49163253332952,77.37150845178863,Low,Trending,train,2023-07,3509407d0c39,
417,2023-07-05 14:20:00,2023-07-05 14:30:00,SHORT,30407.6,30430.4057,SL,2,5e-05,0.0008,0.0008500000000000001,-0.0007500000000000263,-0.0016000000000000263,0.0014601612754706539,0.0008349886212657171,30540.940407092246,30644.573476614583,69.18145724830056,75.0489547621756,69.18145724830056,95.05207609205537,Low,Trending,train,2023-07,3509407d0c39,
418,2023-07-14 13:15:00,2023-07-14 13:20:00,LONG,31154.63,31131.2640275,SL,1,5e-05,0.0008,0.0008500000000000001,-0.0007499999999999926,-0.0015999999999999927,0.002480851160806624,0.0,30897.704360452703,30768.237291809317,52.681117474834714,38.36314959587742,10.946734131227805,52.681117474834714,Low,Trending,train,2023-07,3509407d0c39,10-15
419,2023-07-14 13:25:00,2023-07-14 13:35:00,LONG,31130.0,31106.6525,SL,2,5e-05,0.0008,0.0008500000000000001,-0.0007499999999999954,-0.0015999999999999955,0.00256986829424992,0.001528429168005196,30916.363248537848,30782.825050193424,57.50794210745088,55.06307612862479,23.895723206646228,57.50794210745088,Low,Trending,train,2023-07,3509407d0c39,
420,2023-07-15 15:25:00,2023-07-15 15:40:00,SHORT,30281.88,30304.59141,SL,3,5e-05,0.0008,0.0008500000000000001,-0.0007499999999999962,-0.0015999999999999964,0.0008652038776985025,0.0,30466.27538597843,30607.36215680218,70.36479250334516,77.7935400400862,34.61313048204075,83.53858729370221,Medium,Trending,train,2023-07,3509407d0c39,
421,2023-07-16 12:10:00,2023-07-16 14:15:00,SHORT,30325.98,30348.724485,SL,25,5e-05,0.0008,0.0008500000000000001,-0.0007499999999999755,-0.0015999999999999756,0.0013589008500302093,0.0017443789120746573,30420.15461447333,30558.918879183067,76.78735635581116,79.86623645141695,76.78735635581116,95.90506235668884,Medium,Ranging,train,2023-07,3509407d0c39,
422,2023-07-18 14:05:00,2023-07-18 14:10:00,SHORT,29878.14,29900.548605,SL,1,5e-05,0.0008,0.0008500000000000001,-0.0007500000000000179,-0.001600000000000018,0.0015549830076436863,0.0007818425109461494,29970.90328326644,30105.87239056749,73.0623023098093,74.45265001799744,73.0623023098093,87.96776301616926,Medium,Trending,train,2023-07,3509407d0c39,
423,2023-07-21 12:50:00,2023-07-21 13:00:00,SHORT,29849.68,29872.06726,SL,2,5e-05,0.0008,0.0008500000000000001,-0.0007499999999999838,-0.0015999999999999838,0.0008077138515387964,0.0001574556243149249,29924.06406496273,29970.13716369603,62.70814005366009,72.64245208039279,62.70814005366009,87.91510295279359,Low,Trending,train,2023-07,3509407d0c39,
424,2023-07-27 13:35:00,2023-07-27 13:40:00,LONG,29502.5,29480.373125,SL,1,5e-05,0.0008,0.0008500000000000001,-0.0007500000000000592,-0.0016000000000000593,0.001597830692314191,0.0,29386.494043271905,29345.027957322527,60.99153525838077,42.50722461146547,11.913137264356946,60.99153525838077,High,Trending,train,2023-07,3509407d0c39,10-15
425,2023-07-27 14:25:00,2023-07-27 14:30:00,LONG,29420.82,29398.754385,SL,1,5e-05,0.0008,0.0008500000000000001,-0.0007499999999999839,-0.0015999999999999838,0.0012209041080431563,0.0,29400.659891503205,29360.52492002395,29.573109297854828,24.099829039556965,3.7217218037353006,29.573109297854828,High,Ranging,train,2023-07,3509407d0c39,0-5
426,2023-08-05 14:40:00,2023-08-05 14:45:00,SHORT,29038.07,29059.8485525,SL,1,5e-05,0.0008,0.0008500000000000001,-0.0007499999999999976,-0.0015999999999999977,0.0008557731281727245,0.0,29093.807177785522,29141.25438098291,40.460038701622544,59.495714133722856,40.460038701622544,88.66024337693996,Medium,Trending,train,2023-08,3509407d0c39,
427,2023-08-09 14:05:00,2023-08-09 14:10:00,LONG,29925.86,29903.415605,SL,1,5e-05,0.0008,0.0008500000000000001,-0.0007500000000000755,-0.0016000000000000755,0.0041662963069398935,0.0,29752.922505124006,29564.327354188743,23.584633115456622,19.32863934665316,9.155967828064602,25.24531709643864,High,Trending,train,2023-08,3509407d0c39,5-10
428,2023-08-17 15:10:00,2023-08-17 15:15:00,SHORT,28444.77,28466.103577500002,SL,1,5e-05,0.0008,0.0008500000000000001,-0.0007500000000000496,-0.0016000000000000497,0.001756034589135392,0.0006419457777300375,28591.49058513486,28810.77472186508,84.85527825686096,81.65353423553194,50.654967271334954,84.85527825686096,Medium,Trending,train,2023-08,3509407d0c39,
429,2023-09-08 13:35:00,2023-09-08 13:40:00,LONG,25949.64,25930.17777,SL,1,5e-05,0.0008,0.0008500000000000001,-0.0007500000000000385,-0.0016000000000000385,0.002862852817996738,0.0,25800.22992317241,25766.096876301668,81.41740103966207,82.51882368112052,22.30913531659118,89.91372225998919,High,Trending,train,2023-09,3509407d0c39,
430,2023-09-11 12:05:00,2023-09-11 12:10:00,SHORT,25615.0,25634.21125,SL,1,5e-05,0.0008,0.0008500000000000001,-0.0007500000000000114,-0.0016000000000000116,0.0025988678508686203,0.0,25783.694581742955,25802.38313370391,31.86082044528993,43.10919696338957,31.86082044528993,79.76814319502053,High,Trending,train,2023-09,3509407d0c39,
431,2023-09-14 14:15:00,2023-09-14 14:20:00,LONG,26597.92,26577.971559999998,SL,1,5e-05,0.0008,0.0008500000000000001,-0.0007500000000000045,-0.0016000000000000046,0.001697501157985204,0.0009639851537264213,26423.307742400695,26281.808043061552,33.378952301650195,27.444923295999207,17.6850758728154,33.378952301650195,High,Trending,train,2023-09,3509407d0c39,15-20
432,2023-09-18 13:45:00,2023-09-18 13:50:00,LONG,27240.0,27219.57,SL,1,5e-05,0.0008,0.0008500000000000001,-0.0007500000000000106,-0.0016000000000000107,0.0013582966226138033,0.0003527900146843092,26985.887404666748,26798.897569882054,17.951624920229584,21.71473989927779,4.530086899742015,25.19021739130349,High,Trending,train,2023-09,3509407d0c39,0-5
433,2023-09-18 14:10:00,2023-09-18 14:15:00,LONG,27167.12,27221.45424,TP,1,5e-05,0.0008,0.0008500000000000001,0.0020000000000000052,0.0011500000000000052,0.0,0.0024176283684100596,27026.79940385675,26838.210878292182,26.99995737503599,26.671122637698797,5.493619495837021,29.197816549750442,Medium,Trending,train,2023-09,3509407d0c39,5-10
434,2023-09-18 14:20:00,2023-09-18 14:50:00,LONG,27225.41,27279.86082,TP,6,5e-05,0.0008,0.0008500000000000001,0.0020000000000000677,0.0011500000000000676,0.00029421044531554897,0.002178112285544984,27042.428523129587,26853.574065105546,51.45865449368032,37.68356296078642,23.815593988310464,51.45865449368032,Medium,Trending,train,2023-09,3509407d0c39,
435,2023-09-25 13:35:00,2023-09-25 13:50:00,SHORT,26126.85,26146.4451375,SL,3,5e-05,0.0008,0.0008500000000000001,-0.0007500000000000161,-0.0016000000000000161,0.0020339229566519903,0.0006150760615994546,26319.508063934398,26434.03004474035,67.30723941406438,76.2251553946132,67.30723941406438,89.73559073338419,Medium,Trending,train,2023-09,3509407d0c39,
436,2023-10-02 14:35:00,2023-10-02 14:40:00,LONG,28360.13,28338.8599025,SL,1,5e-05,0.0008,0.0008500000000000001,-0.0007500000000000247,-0.0016000000000000248,0.0028102833097027667,0.0,27992.76772784312,27657.72507771371,34.087815405045966,28.83936476316894,3.281312279351358,34.087815405045966,High,Trending,train,2023-10,3509407d0c39,0-5
437,2023-10-09 14:05:00,2023-10-09 14:15:00,SHORT,27494.0,27514.6205,SL,2,5e-05,0.0008,0.0008500000000000001,-0.0007500000000000329,-0.0016000000000000328,0.0018233069033243988,0.00025314614097618124,27627.55485670974,27711.639382280773,66.33491809051218,73.33991109100187,66.33491809051218,90.9795714168966,Medium,Trending,train,2023-10,3509407d0c39,
438,2023-10-12 13:25:00,2023-10-12 13:30:00,SHORT,26788.99,26735.41202,TP,1,5e-05,0.0008,0.0008500000000000001,0.0020000000000000686,0.0011500000000000685,0.0,0.0023830685666014336,26946.944457189937,27104.38565631325,27.175522887530914,48.06385127070842,27.175522887530914,89.84390436672663,High,Trending,train,2023-10,3509407d0c39,
439,2023-10-12 13:35:00,2023-10-12 13:55:00,SHORT,26735.03,26755.0812725,SL,4,5e-05,0.0008,0.0008500000000000001,-0.0007500000000000291,-0.0016000000000000291,0.0011468100091901845,0.0018447706997149324,26930.3288434114,27089.740564408014,9.929692591000842,15.36674302205621,8.995013587637343,75.03795987685707,Medium,Trending,train,2023-10,3509407d0c39,5-10
440,2023-10-16 14:25:00,2023-10-16 14:30:00,LONG,28192.27,28248.65454,TP,1,5e-05,0.0008,0.0008500000000000001,0.0019999999999999684,0.0011499999999999683,0.0,0.007367977108618822,27730.67016336348,27417.5847983283,61.206237883379636,38.102315474304284,12.736270190895533,61.206237883379636,High,Trending,train,2023-10,3509407d0c39,10-15
441,2023-10-16 14:35:00,2023-10-16 14:40:00,LONG,28244.79,28223.6064075,SL,1,5e-05,0.0008,0.0008500000000000001,-0.0007500000000000493,-0.0016000000000000493,0.00621459745319411,4.956666344462746e-06,27765.636755953754,27447.715493423744,70.76949451021015,69.17608552824358,18.305859418992274,75.55252419114142,High,Trending,train,2023-10,3509407d0c39,15-20
442,2023-10-23 12:55:00,2023-10-23 13:10:00,LONG,30632.92,30694.18584,TP,3,5e-05,0.0008,0.0008500000000000001,0.002000000000000001,0.0011500000000000008,0.0,0.0025469331686303635,30161.897558263714,29949.930734308145,32.74702433476355,22.52812543156446,13.90819225586158,62.931413735989786,High,Trending,train,2023-10,3509407d0c39,10-15
443,2023-10-23 13:50:00,2023-10-23 13:55:00,LONG,30625.34,30602.370994999997,SL,1,5e-05,0.0008,0.0008500000000000001,-0.0007500000000000866,-0.0016000000000000866,0.002236383334846294,8.620312460202622e-05,30313.74544869393,30076.544415562457,56.32328581101722,44.77930068587495,15.204056869561,56.32328581101722,High,Trending,train,2023-10,3509407d0c39,15-20
444,2023-10-23 14:00:00,2023-10-23 14:05:00,LONG,30610.0,30671.22,TP,1,5e-05,0.0008,0.0008500000000000001,0.002000000000000038,0.0011500000000000381,0.0,0.0020676249591637004,30336.817655637886,30097.609716393257,80.98041616135028,70.25307112235852,29.19367489884093,80.98041616135028,Medium,Trending,train,2023-10,3509407d0c39,
445,2023-10-24 13:20:00,2023-10-24 13:30:00,LONG,34423.64,34492.48728,TP,2,5e-05,0.0008,0.0008500000000000001,0.0020000000000000516,0.0011500000000000516,0.000494137168527269,0.002794010162783491,32563.197028866507,31568.09807759429,29.39098097294068,23.377364292227686,16.14742035013735,29.39098097294068,High,Trending,train,2023-10,3509407d0c39,15-20
446,2023-10-29 13:30:00,2023-10-29 13:35:00,LONG,34390.0,34364.2075,SL,1,5e-05,0.0008,0.0008500000000000001,-0.000750000000000093,-0.001600000000000093,0.0017987787147426748,0.0006048269845886278,34245.460807785195,34170.85055362979,30.584003230186795,23.983291093850198,18.80385563894752,59.294353523591184,Medium,Trending,train,2023-10,3509407d0c39,15-20
447,2023-10-30 12:10:00,2023-10-30 12:15:00,LONG,34588.72,34657.89744,TP,1,5e-05,0.0008,0.0008500000000000001,0.001999999999999985,0.0011499999999999848,0.0,0.0037992154667763423,34415.0703470388,34312.03301121021,90.15429422108856,69.03475740906028,15.394490578656695,90.15429422108856,High,Trending,train,2023-10,3509407d0c39,15-20
448,2023-10-30 13:30:00,2023-10-30 13:40:00,LONG,34668.68,34738.01736,TP,2,5e-05,0.0008,0.0008500000000000001,0.001999999999999934,0.001149999999999934,0.00011855080724159622,0.0025486981333007366,34530.1281712251,34407.62769772551,87.07277551699987,73.3987541703263,25.51393727658883,87.07277551699987,High,Trending,train,2023-10,3509407d0c39,
449,2023-11-09 13:50:00,2023-11-09 13:55:00,LONG,37060.86,37134.98172,TP,1,5e-05,0.0008,0.0008500000000000001,0.0020000000000000764,0.0011500000000000763,0.00022503525282478018,0.0030797990116796918,36239.8013189759,35786.11101570878,70.23951090448908,45.34323248102813,13.439454595136505,70.23951090448908,High,Trending,train,2023-11,3509407d0c39,10-15
450,2023-11-09 14:00:00,2023-11-09 14:05:00,LONG,37165.98,37240.31196000001,TP,1,5e-05,0.0008,0.0008500000000000001,0.002000000000000085,0.001150000000000085,0.00015444231525726587,0.0039918226291892015,36312.54471620958,35840.98891333808,81.2992611422438,79.12657788498548,18.55486616483756,85.84096160822402,High,Trending,train,2023-11,3509407d0c39,15-20
451,2023-11-09 15:40:00,2023-11-09 15:45:00,LONG,37490.82,37462.701885,SL,1,5e-05,0.0008,0.0008500000000000001,-0.000749999999999933,-0.001599999999999933,0.005349576242930874,0.0,37020.58295245899,36421.865334097296,32.47650503874137,26.911441472548915,11.69101501594981,32.47650503874137,Medium,Trending,train,2023-11,3509407d0c39,10-15
452,2023-11-24 13:25:00,2023-11-24 13:30:00,LONG,37737.99,37709.686507499995,SL,1,5e-05,0.0008,0.0008500000000000001,-0.000750000000000077,-0.001600000000000077,0.002596587682597774,0.0,37452.6130857642,37240.91561119237,39.491238317349804,44.71703005268974,15.112339068975624,49.019623277227424,Low,Trending,train,2023-11,3509407d0c39,15-20
453,2023-11-29 14:05:00,2023-11-29 14:10:00,LONG,38153.49,38124.8748825,SL,1,5e-05,0.0008,0.0008500000000000001,-0.0007499999999999404,-0.0015999999999999404,0.0008332134229398378,0.0007524868629317824,37868.06660795269,37638.99581803085,38.73260253896267,28.49367022054075,9.042881607923745,38.73260253896267,Low,Trending,train,2023-11,3509407d0c39,5-10
454,2023-12-01 14:25:00,2023-12-01 14:35:00,LONG,38313.3,38389.926600000006,TP,2,5e-05,0.0008,0.0008500000000000001,0.002000000000000084,0.0011500000000000841,7.02106057166135e-05,0.002167654574259999,38180.17139052848,38021.729074398005,45.811085081226416,25.10425577742535,9.03980411705138,45.811085081226416,Medium,Trending,train,2023-12,3509407d0c39,5-10
455,2023-12-01 14:40:00,2023-12-01 14:45:00,LONG,38378.78,38349.995915,SL,1,5e-05,0.0008,0.0008500000000000001,-0.0007499999999999823,-0.0015999999999999825,0.002691852112026429,0.0,38197.867977356254,38040.09050976298,67.92903310963855,71.2648411393692,20.461878133998688,80.53743870587284,High,Ranging,train,2023-12,3509407d0c39,
456,2023-12-03 13:10:00,2023-12-03 13:15:00,LONG,39496.66,39575.653320000005,TP,1,5e-05,0.0008,0.0008500000000000001,0.002000000000000035,0.0011500000000000351,0.0,0.002891890099061386,39051.99707915088,38775.50201555705,55.68951413352435,36.8773240014902,8.290586352273978,55.68951413352435,High,Trending,train,2023-12,3509407d0c39,5-10
457,2023-12-03 13:20:00,2023-12-03 13:30:00,LONG,39588.51,39667.687020000005,TP,2,5e-05,0.0008,0.0008500000000000001,0.0020000000000000707,0.0011500000000000707,0.0,0.0027816151706643,39093.936519431474,38807.72749284135,71.41822345285192,67.30197119182641,13.383682696262667,74.79817598910337,High,Trending,train,2023-12,3509407d0c39,10-15
458,2023-12-03 14:35:00,2023-12-03 14:40:00,LONG,39693.83,39664.0596275,SL,1,5e-05,0.0008,0.0008500000000000001,-0.0007500000000000718,-0.0016000000000000719,0.0016080584816330836,0.0,39338.220148750996,39022.2607948309,46.85931883763797,31.59117090587787,13.971909040547141,46.85931883763797,High,Trending,train,2023-12,3509407d0c39,10-15
459,2023-12-04 14:25:00,2023-12-04 14:30:00,LONG,41574.39,41543.2092075,SL,1,5e-05,0.0008,0.0008500000000000001,-0.0007500000000000723,-0.0016000000000000723,0.0023425479002818664,0.0,41045.007984334276,40331.706345087114,19.067400380975595,19.998073841908543,12.797927343949121,22.024039440598667,High,Trending,train,2023-12,3509407d0c39,10-15
460,2023-12-06 13:35:00,2023-12-06 13:40:00,LONG,44090.02,44056.952484999994,SL,1,5e-05,0.0008,0.0008500000000000001,-0.0007500000000000559,-0.0016000000000000558,0.0015692893765980387,0.0,43107.54533714564,42349.862883310576,43.90027749097507,31.226513962437522,16.499961632131907,43.90027749097507,Medium,Trending,train,2023-12,3509407d0c39,15-20
461,2023-12-17 14:20:00,2023-12-17 14:25:00,SHORT,41844.38,41760.69124,TP,1,5e-05,0.0008,0.0008500000000000001,0.001999999999999935,0.001149999999999935,0.0,0.0027860372169451306,42040.991639402004,42144.16385667099,47.37163347829617,70.94168629617276,47.37163347829617,93.42710181016919,High,Trending,train,2023-12,3509407d0c39,
462,2023-12-17 14:30:00,2023-12-17 14:35:00,SHORT,41765.46,41681.92908,TP,1,5e-05,0.0008,0.0008500000000000001,0.0019999999999999385,0.0011499999999999384,0.0,0.006116537445056253,42016.728183853986,42127.76051752106,16.07779738390005,29.848654512927766,16.07779738390005,93.42710181016919,High,Trending,train,2023-12,3509407d0c39,15-20
463,2023-12-19 14:25:00,2023-12-19 14:35:00,LONG,42683.28,42651.26754,SL,2,5e-05,0.0008,0.0008500000000000001,-0.0007499999999999555,-0.0015999999999999556,0.000753925190379003,0.0015631413518361562,42441.40750072744,42172.9141300447,33.54081174693866,24.881383661502923,14.711605746466473,33.54081174693866,Medium,Trending,train,2023-12,3509407d0c39,10-15
464,2023-12-26 15:45:00,2023-12-26 15:50:00,SHORT,42576.1,42490.9478,TP,1,5e-05,0.0008,0.0008500000000000001,0.001999999999999925,0.001149999999999925,0.0,0.004497358846864695,42814.956079033596,43052.24496930548,54.60995045873276,71.2823893867375,54.60995045873276,86.98736089885244,High,Trending,train,2023-12,3509407d0c39,
465,2023-12-27 12:00:00,2023-12-27 12:05:00,SHORT,43019.11,43051.3743325,SL,1,5e-05,0.0008,0.0008500000000000001,-0.0007500000000000613,-0.0016000000000000614,0.0008575258762907791,0.0003981951277001635,42791.99452927022,43026.373050236914,45.10404154407587,33.42533567200268,24.37394272908035,72.24985680262766,High,Ranging,train,2023-12,3509407d0c39,
466,2024-01-02 13:20:00,2024-01-02 13:25:00,LONG,45535.1,45500.948675,SL,1,5e-05,0.0008,0.0008500000000000001,-0.000749999999999976,-0.001599999999999976,0.0009968134472088438,0.0,44025.23823166871,43412.84979523056,80.4803993292073,66.85368110095446,19.889561320132177,80.4803993292073,High,Trending,train,2024-01,3509407d0c39,15-20
467,2024-01-02 14:45:00,2024-01-02 14:50:00,LONG,45524.5,45490.356625,SL,1,5e-05,0.0008,0.0008500000000000001,-0.0007499999999999923,-0.0015999999999999925,0.0086217311557513,0.0,44788.8030461901,44037.31030052169,14.874282149374404,17.696120889454402,14.874282149374404,36.33540328397609,High,Trending,train,2024-01,3509407d0c39,10-15
468,2024-01-22 13:25:00,2024-01-22 13:30:00,SHORT,41063.87,40981.74226,TP,1,5e-05,0.0008,0.0008500000000000001,0.002000000000000086,0.0011500000000000858,0.0007191236481120468,0.0023358733602070513,41322.24156789144,41477.78431667745,66.85795439614297,74.65067575817444,66.85795439614297,85.50159104427932,High,Trending,train,2024-01,3509407d0c39,
469,2024-01-22 13:35:00,2024-01-22 13:40:00,SHORT,40991.1,40909.1178,TP,1,5e-05,0.0008,0.0008500000000000001,0.001999999999999965,0.0011499999999999649,0.0,0.003061640209704058,41295.39306593901,41458.00073010054,41.83011326632454,54.20799200727814,41.83011326632454,83.97432901851845,Medium,Trending,train,2024-01,3509407d0c39,
470,2024-01-30 13:20:00,2024-01-30 13:25:00,LONG,43253.64,43221.19977,SL,1,5e-05,0.0008,0.0008500000000000001,-0.0007500000000000036,-0.0016000000000000038,0.0019318605324314363,0.000272347020967457,42759.01200279559,42448.62608687691,21.389622836791755,26.13309711605974,19.172430577649013,34.16389722227552,Medium,Trending,train,2024-01,3509407d0c39,15-20
471,2024-02-05 14:35:00,2024-02-05 14:40:00,LONG,43394.09,43361.54443249999,SL,1,5e-05,0.0008,0.0008500000000000001,-0.0007500000000001115,-0.0016000000000001115,0.002919291544078768,0.0,43238.096407734236,43138.50984136605,26.82902614994279,26.925132102975287,13.439727698941844,30.865607290977298,High,Trending,train,2024-02,3509407d0c39,10-15
472,2024-02-25 13:35:00,2024-02-25 14:00:00,LONG,51640.99,51602.259257499994,SL,5,5e-05,0.0008,0.0008500000000000001,-0.0007500000000000686,-0.0016000000000000688,0.0007701246625983894,0.0009488586489143605,51390.364284884046,51294.295176503205,56.285056810010246,36.59459801124266,8.789449859682312,56.285056810010246,Low,Trending,train,2024-02,3509407d0c39,5-10
473,2024-02-27 14:35:00,2024-02-27 14:40:00,LONG,57118.92,57076.08081,SL,1,5e-05,0.0008,0.0008500000000000001,-0.0007499999999999787,-0.0015999999999999786,0.005465964692609719,0.003253037697491566,55501.245538676696,54116.903968579456,73.67510176994891,44.92984172705901,4.908768039937898,73.67510176994891,High,Trending,train,2024-02,3509407d0c39,0-5
474,2024-03-08 13:35:00,2024-03-08 13:40:00,LONG,67493.19,67628.17638,TP,1,5e-05,0.0008,0.0008500000000000001,0.002000000000000031,0.0011500000000000308,0.00046049090286000326,0.0023674981135132834,67260.46754715483,67009.56947284499,44.07913165266157,29.724848272642646,14.092261904762033,47.52254830336278,Low,Trending,holdout,2024-03,3509407d0c39,10-15
475,2024-03-08 13:50:00,2024-03-08 13:55:00,LONG,67776.42,67725.58768499999,SL,1,5e-05,0.0008,0.0008500000000000001,-0.0007500000000001023,-0.0016000000000001022,0.0008795094223035177,0.0014987513356415365,67315.1943330636,67052.30665111652,91.35753783316333,77.34322586149682,31.003151260504406,91.35753783316333,Medium,Trending,holdout,2024-03,3509407d0c39,
476,2024-03-10 14:05:00,2024-03-10 14:10:00,LONG,69335.39,69283.3884575,SL,1,5e-05,0.0008,0.0008500000000000001,-0.0007500000000000283,-0.0016000000000000285,0.0019310484876482186,0.0017972063040245477,69121.55220935705,68661.23124446155,43.644702272976446,28.518496887556534,10.075653441632177,43.644702272976446,High,Trending,holdout,2024-03,3509407d0c39,10-15
477,2024-03-11 14:15:00,2024-03-11 14:20:00,LONG,72251.09,72196.9016825,SL,1,5e-05,0.0008,0.0008500000000000001,-0.0007499999999999534,-0.0015999999999999535,0.0037207743163459785,0.001417971687347514,71016.80390890804,70163.56006873763,79.78685860365603,57.17462000879649,14.851989830253293,79.78685860365603,Medium,Trending,holdout,2024-03,3509407d0c39,10-15
478,2024-03-11 14:25:00,2024-03-11 14:35:00,LONG,72029.41,71975.3879425,SL,2,5e-05,0.0008,0.0008500000000000001,-0.0007499999999999789,-0.001599999999999979,0.0034473418566110378,0.001931572117555733,71097.59302779246,70238.2011090773,79.3806515340855,81.72003592926929,32.664027828805075,85.99259765006637,Medium,Trending,holdout,2024-03,3509407d0c39,
479,2024-03-15 14:10:00,2024-03-15 14:15:00,SHORT,67964.75,68015.7235625,SL,1,5e-05,0.0008,0.0008500000000000001,-0.0007500000000000446,-0.0016000000000000445,0.0019900021702426627,0.0009365148845540399,69300.899222508,70324.2109006805,44.178473546583355,63.938989402361585,44.178473546583355,90.3988840630533,Medium,Trending,holdout,2024-03,3509407d0c39,
480,2024-03-19 13:05:00,2024-03-19 13:10:00,SHORT,63407.98,63455.535985,SL,1,5e-05,0.0008,0.0008500000000000001,-0.000749999999999985,-0.0015999999999999851,0.0015665220686732879,0.001472685299232126,65708.21165031879,66602.93955671949,50.04577498260475,62.93386474223623,50.04577498260475,82.04431703585513,Low,Trending,holdout,2024-03,3509407d0c39,
481,2024-03-21 14:15:00,2024-03-21 14:20:00,LONG,67064.69,67198.81938,TP,1,5e-05,0.0008,0.0008500000000000001,0.0019999999999999775,0.0011499999999999774,0.0,0.0049282267613552635,66075.44045614908,65506.74831199133,57.61461326327146,40.027870695468266,12.4919311611727,57.61461326327146,Low,Trending,holdout,2024-03,3509407d0c39,10-15
482,2024-03-21 14:25:00,2024-03-21 14:30:00,LONG,67280.02,67229.559985,SL,1,5e-05,0.0008,0.0008500000000000001,-0.0007500000000000625,-0.0016000000000000625,0.004489891649853875,0.0,66164.17303160859,65574.31641268768,77.57273141287605,69.66654350281556,22.38677427906457,77.57273141287605,Low,Trending,holdout,2024-03,3509407d0c39,
483,2024-03-25 13:35:00,2024-03-25 13:40:00,LONG,67075.95,67210.1019,TP,1,5e-05,0.0008,0.0008500000000000001,0.001999999999999957,0.001149999999999957,0.0,0.002073023192366309,66336.56054188154,65838.84245966756,54.888882963446925,34.842311922457164,12.33699602752847,54.888882963446925,Medium,Trending,holdout,2024-03,3509407d0c39,10-15
484,2024-03-26 13:45:00,2024-03-26 13:50:00,LONG,70554.0,70695.108,TP,1,5e-05,0.0008,0.0008500000000000001,0.0019999999999998994,0.0011499999999998994,0.0,0.0038284151146639536,69756.6493297409,68513.21337041458,45.3290139994108,31.33608515175038,7.879700416034474,45.3290139994108,High,Ranging,holdout,2024-03,3509407d0c39,5-10
485,2024-03-31 14:10:00,2024-03-31 14:15:00,LONG,70543.98,70491.072015,SL,1,5e-05,0.0008,0.0008500000000000001,-0.0007499999999999718,-0.0015999999999999719,0.001328391168176106,8.533683526225873e-05,70400.95717654836,70315.07475208845,29.58471941110226,22.80906427221136,16.955628081966964,46.21412530953984,Medium,Trending,holdout,2024-03,3509407d0c39,15-20
486,2024-03-31 14:20:00,2024-03-31 15:00:00,LONG,70550.0,70497.0875,SL,8,5e-05,0.0008,0.0008500000000000001,-0.0007500000000000825,-0.0016000000000000827,0.001842664776754075,0.001842664776754075,70411.0787777365,70323.61056418181,34.61622795292469,33.4486770989606,16.955628081966964,36.14508393285493,Low,Trending,holdout,2024-03,3509407d0c39,15-20
487,2024-04-01 13:20:00,2024-04-01 13:25:00,SHORT,69710.29,69762.57271749999,SL,1,5e-05,0.0008,0.0008500000000000001,-0.0007499999999999771,-0.0015999999999999773,0.004442816117964887,0.0,70084.98157798045,70180.34634910713,34.24056243413313,55.02834619456803,34.24056243413313,90.32040629294,Medium,Trending,holdout,2024-04,3509407d0c39,
488,2024-04-01 13:45:00,2024-04-01 13:50:00,SHORT,69965.32,70017.79399,SL,1,5e-05,0.0008,0.0008500000000000001,-0.0007499999999999798,-0.00159999999999998,0.0009423239970887435,0.0026927626429781026,70065.44694000378,70160.97112208843,82.32657922683502,77.96066587999151,48.995187992345826,82.32657922683502,High,Trending,holdout,2024-04,3509407d0c39,
489,2024-04-01 13:55:00,2024-04-01 14:00:00,SHORT,69797.99,69850.33849250001,SL,1,5e-05,0.0008,0.0008500000000000001,-0.0007500000000001208,-0.0016000000000001209,0.0019476205546891502,0.0012606380212382225,70048.09731755058,70148.36192408478,56.278977054961445,67.61771109258046,56.278977054961445,82.32657922683502,High,Trending,holdout,2024-04,3509407d0c39,
490,2024-04-05 15:40:00,2024-04-05 15:45:00,LONG,67926.29,67875.3452825,SL,1,5e-05,0.0008,0.0008500000000000001,-0.0007499999999999268,-0.001599999999999927,0.0008032236119475637,0.002329436805690558,67495.40937131541,67263.89086915295,49.0633403328308,25.797493676950022,6.585275046815741,49.0633403328308,Low,Trending,holdout,2024-04,3509407d0c39,5-10
491,2024-04-07 14:35:00,2024-04-07 14:40:00,LONG,69313.08,69451.70616,TP,1,5e-05,0.0008,0.0008500000000000001,0.001999999999999997,0.001149999999999997,0.0,0.002991787408667965,68934.12915687186,68456.9657523584,63.46319345791043,38.574994926595515,5.697429932901039,63.46319345791043,High,Trending,holdout,2024-04,3509407d0c39,5-10
492,2024-04-07 14:45:00,2024-04-07 14:50:00,LONG,69494.83,69442.7088775,SL,1,5e-05,0.0008,0.0008500000000000001,-0.0007500000000000091,-0.0016000000000000092,0.000789123449902626,0.0024439228069195436,68975.09283569755,68496.57638455689,86.49480991782498,77.15375377249423,17.479989885578675,86.49480991782498,Medium,Trending,holdout,2024-04,3509407d0c39,15-20
493,2024-04-08 13:20:00,2024-04-08 13:25:00,LONG,72152.01,72097.8959925,SL,1,5e-05,0.0008,0.0008500000000000001,-0.0007500000000000041,-0.0016000000000000042,0.001796346352651861,0.0011565859357211483,70749.14432921325,69790.5790987189,22.055175325632224,19.58732480284957,10.65172582463393,22.957879711465562,High,Trending,holdout,2024-04,3509407d0c39,10-15
494,2024-04-08 13:30:00,2024-04-08 13:35:00,LONG,72188.64,72134.49852,SL,1,5e-05,0.0008,0.0008500000000000001,-0.0007500000000000787,-0.0016000000000000788,0.006739148985214367,0.0,70851.65062454478,69880.48019670071,24.322120645853857,27.26836403245287,13.748919371451015,35.42779612587261,High,Trending,holdout,2024-04,3509407d0c39,10-15
495,2024-04-08 13:50:00,2024-04-08 13:55:00,LONG,72136.35,72082.2477375,SL,1,5e-05,0.0008,0.0008500000000000001,-0.0007500000000000574,-0.0016000000000000575,0.0029991814113135167,0.0,71015.7474325547,70040.26880157717,62.06222365058867,40.382784499667,16.383691556487175,62.06222365058867,High,Trending,holdout,2024-04,3509407d0c39,15-20
496,2024-04-13 13:35:00,2024-04-13 13:40:00,SHORT,67528.0,67578.64600000001,SL,1,5e-05,0.0008,0.0008500000000000001,-0.0007500000000001172,-0.0016000000000001174,0.0012203826560834542,0.00029528491884851213,68522.04134882112,69036.26379192341,43.82545069754684,60.918803123805766,43.82545069754684,88.85365895178045,Low,Trending,holdout,2024-04,3509407d0c39,
497,2024-04-13 14:35:00,2024-04-13 14:40:00,SHORT,67594.4,67459.21119999999,TP,1,5e-05,0.0008,0.0008500000000000001,0.0020000000000000525,0.0011500000000000525,0.0,0.002822423159314956,68162.18246099995,68725.01648741125,47.477893250815896,64.69799504568613,47.477893250815896,82.8099972980848,High,Trending,holdout,2024-04,3509407d0c39,
498,2024-04-13 14:45:00,2024-04-13 14:55:00,SHORT,67499.99,67550.6149925,SL,2,5e-05,0.0008,0.0008500000000000001,-0.0007500000000000162,-0.0016000000000000163,0.0009731853293606083,0.0016176298692785335,68112.83396726678,68677.77361563746,31.83855222219111,36.60945573357198,30.51192172770899,79.14591149961583,Medium,Trending,holdout,2024-04,3509407d0c39,
499,2024-04-14 13:00:00,2024-04-14 13:05:00,SHORT,64525.25,64573.643937500005,SL,1,5e-05,0.0008,0.0008500000000000001,-0.0007500000000000704,-0.0016000000000000705,0.004961158616200675,0.001569463117151763,66504.01369405951,67511.46649916559,46.00773498573094,63.964987833621485,46.00773498573094,90.59769374568826,High,Trending,holdout,2024-04,3509407d0c39,
500,2024-04-19 13:10:00,2024-04-19 13:15:00,LONG,64773.42,64724.839934999996,SL,1,5e-05,0.0008,0.0008500000000000001,-0.0007500000000000297,-0.0016000000000000298,0.003603638653015361,0.0,63938.594914783826,63411.403328390494,21.949226132463295,21.027161205789508,18.593998415853367,54.75833321267686,Medium,Trending,holdout,2024-04,3509407d0c39,15-20
501,2024-04-19 13:35:00,2024-04-19 13:40:00,LONG,64828.01,64779.3889925,SL,1,5e-05,0.0008,0.0008500000000000001,-0.0007500000000000827,-0.0016000000000000827,0.003517152539465611,0.0016644040130184693,64073.19850151082,63532.11472087101,41.5616366731609,29.49069418120097,12.372152077308144,41.5616366731609,High,Trending,holdout,2024-04,3509407d0c39,10-15
502,2024-04-19 13:45:00,2024-04-19 13:50:00,LONG,64887.56,64838.894329999996,SL,1,5e-05,0.0008,0.0008500000000000001,-0.000750000000000033,-0.001600000000000033,0.0030176816634806067,0.0004030048286605546,64136.84272284794,63585.78185464726,66.4954764401747,56.36388976983105,14.780300497807142,66.4954764401747,High,Trending,holdout,2024-04,3509407d0c39,10-15
503,2024-04-21 13:10:00,2024-04-21 13:15:00,LONG,64985.1,65115.0702,TP,1,5e-05,0.0008,0.0008500000000000001,0.002000000000000052,0.001150000000000052,0.0,0.002678614020752445,64565.606365845706,64284.7549201846,34.67859929039991,21.649096754899514,8.862477636254507,34.67859929039991,High,Trending,holdout,2024-04,3509407d0c39,5-10
504,2024-04-21 13:20:00,2024-04-21 13:25:00,LONG,65155.95,65107.08303749999,SL,1,5e-05,0.0008,0.0008500000000000001,-0.0007500000000000593,-0.0016000000000000593,0.000813279523972837,0.0006149860450196753,64612.5709513247,64319.70935523274,76.82285530264669,57.17296647003092,8.862477636254507,76.82285530264669,Medium,Trending,holdout,2024-04,3509407d0c39,5-10
505,2024-04-21 14:05:00,2024-04-21 14:30:00,LONG,64954.86,64906.143855,SL,5,5e-05,0.0008,0.0008500000000000001,-0.000749999999999977,-0.001599999999999977,0.0008413535184280507,0.0012617993480395328,64719.94130218505,64426.92545468467,38.560054233882795,26.30948167542755,15.803351739690122,38.560054233882795,Medium,Trending,holdout,2024-04,3509407d0c39,15-20
506,2024-04-29 13:25:00,2024-04-29 13:30:00,SHORT,62489.99,62536.8574925,SL,1,5e-05,0.0008,0.0008500000000000001,-0.0007500000000000222,-0.0016000000000000224,0.0017604419523831263,0.0021904308193999933,62993.347210776396,63234.511828173745,31.142849941459783,46.57298919728232,31.142849941459783,88.0735692067002,Low,Trending,holdout,2024-04,3509407d0c39,
507,2024-04-29 13:35:00,2024-04-29 13:40:00,SHORT,62392.0,62267.216,TP,1,5e-05,0.0008,0.0008500000000000001,0.0019999999999999944,0.0011499999999999943,0.0,0.007676625208360032,62939.726748586756,63197.74846073236,14.278035433122882,21.984191789916462,14.278035433122882,62.78785319273012,High,Trending,holdout,2024-04,3509407d0c39,10-15
508,2024-04-30 13:50:00,2024-04-30 13:55:00,SHORT,61131.23,61008.967540000005,TP,1,5e-05,0.0008,0.0008500000000000001,0.001999999999999969,0.0011499999999999688,0.0,0.00574894370684186,61820.470371271134,62312.1592976249,34.11325799490896,57.460616454905164,34.11325799490896,81.47633139610785,High,Trending,holdout,2024-04,3509407d0c39,
509,2024-04-30 14:00:00,2024-04-30 14:05:00,SHORT,60820.58,60866.195435,SL,1,5e-05,0.0008,0.0008500000000000001,-0.0007499999999999951,-0.001599999999999995,0.002127898155525617,0.00047204416662911016,61746.399431534795,62255.09271993154,16.128133779365427,19.000726920052433,6.760788985883057,81.47633139610785,High,Trending,holdout,2024-04,3509407d0c39,5-10
510,2024-05-08 14:20:00,2024-05-08 14:25:00,SHORT,62377.98,62424.763485,SL,1,5e-05,0.0008,0.0008500000000000001,-0.0007499999999999988,-0.001599999999999999,0.004617013888554903,0.0,62653.27270922737,62981.30069124401,83.85805404324579,78.10421137199283,75.20515603282499,91.79065319969372,High,Trending,holdout,2024-05,3509407d0c39,
511,2024-05-13 13:50:00,2024-05-13 13:55:00,LONG,62788.82,62741.728384999995,SL,1,5e-05,0.0008,0.0008500000000000001,-0.0007500000000000768,-0.0016000000000000768,0.0014145830420128887,0.0015462943880774282,62155.60394732399,61826.765391726934,33.51294549031833,20.611979507085533,7.2669511457128175,37.582761759760864,High,Trending,holdout,2024-05,3509407d0c39,5-10
512,2024-05-13 14:00:00,2024-05-13 14:05:00,LONG,62779.66,62905.219320000004,TP,1,5e-05,0.0008,0.0008500000000000001,0.002000000000000005,0.0011500000000000048,0.0,0.003167586444399242,62207.476077479776,61866.09252076421,48.403161963877515,40.70846056727894,7.674302485543944,48.403161963877515,High,Trending,holdout,2024-05,3509407d0c39,5-10
513,2024-05-13 15:15:00,2024-05-13 15:20:00,LONG,62909.3,63035.1186,TP,1,5e-05,0.0008,0.0008500000000000001,0.0019999999999999792,0.0011499999999999792,0.0,0.002156914796381378,62514.258566876044,62131.72513106259,67.52984496652947,39.571120890456775,11.874586203556236,67.52984496652947,Low,Trending,holdout,2024-05,3509407d0c39,10-15
514,2024-05-16 13:35:00,2024-05-16 13:40:00,LONG,66125.0,66075.40625,SL,1,5e-05,0.0008,0.0008500000000000001,-0.00075,-0.0016,0.0009592438563325975,0.0008107372400756232,65154.48298521949,64266.26928358283,65.2674040785431,47.47819500113841,17.097040940061675,65.2674040785431,Medium,Trending,holdout,2024-05,3509407d0c39,15-20
515,2024-05-21 13:35:00,2024-05-21 13:40:00,LONG,71032.01,71174.07402,TP,1,5e-05,0.0008,0.0008500000000000001,0.002000000000000074,0.0011500000000000741,0.0,0.002076387814451615,69319.65587475825,68342.9171456921,33.1098157869373,25.29506676094046,12.397189284137596,33.1098157869373,High,Trending,holdout,2024-05,3509407d0c39,10-15
516,2024-05-21 13:50:00,2024-05-21 13:55:00,LONG,71054.57,71001.27907250001,SL,1,5e-05,0.0008,0.0008500000000000001,-0.0007499999999999768,-0.0015999999999999769,0.007144931001623224,0.0,69506.47770487545,68496.162752019,54.32451285849081,57.972772838568325,24.381152752746925,62.126320181730335,High,Trending,holdout,2024-05,3509407d0c39,
517,2024-05-21 14:35:00,2024-05-21 14:40:00,LONG,70621.14,70568.174145,SL,1,5e-05,0.0008,0.0008500000000000001,-0.000750000000000031,-0.001600000000000031,0.0023269236378795606,0.0020775648764661853,69848.67252901918,68849.23748423561,41.95803216577198,27.966200002483973,14.852959816862361,41.95803216577198,High,Ranging,holdout,2024-05,3509407d0c39,10-15
518,2024-05-28 14:40:00,2024-05-28 14:45:00,SHORT,67979.99,67844.03002,TP,1,5e-05,0.0008,0.0008500000000000001,0.0019999999999999944,0.0011499999999999943,0.0,0.00475860617219869,68459.74271402342,68674.5167861346,51.443961243692684,66.2732806313348,51.443961243692684,88.3541657783614,High,Trending,holdout,2024-05,3509407d0c39,
519,2024-05-28 14:50:00,2024-05-28 14:55:00,SHORT,67936.0,67986.952,SL,1,5e-05,0.0008,0.0008500000000000001,-0.0007500000000000703,-0.0016000000000000703,0.0022961316533208495,0.0,68423.31069449066,68647.49739054065,42.592701173989354,45.432693367520535,42.26141768487964,77.74525909871072,High,Trending,holdout,2024-05,3509407d0c39,
520,2024-06-11 13:45:00,2024-06-11 13:50:00,SHORT,66970.0,67020.22750000001,SL,1,5e-05,0.0008,0.0008500000000000001,-0.0007500000000001217,-0.0016000000000001217,0.0008293265641330983,0.0031431984470658503,68131.37100082729,68724.68811439483,34.24760553521709,49.5988027947755,34.24760553521709,95.3740785950207,High,Trending,holdout,2024-06,3509407d0c39,
521,2024-06-11 13:55:00,2024-06-11 14:00:00,SHORT,66783.87,66833.9579025,SL,1,5e-05,0.0008,0.0008500000000000001,-0.0007500000000000466,-0.0016000000000000467,0.002277795521583429,0.00010571414923989389,68028.86044328578,68649.14228499007,23.86306308228661,26.02138918565089,19.95349893944906,69.42452266364609,High,Trending,holdout,2024-06,3509407d0c39,15-20
522,2024-06-11 15:05:00,2024-06-11 15:10:00,SHORT,66803.01,66853.11225749999,SL,1,5e-05,0.0008,0.0008500000000000001,-0.0007499999999999278,-0.0015999999999999279,0.003961797529782019,0.0,67564.85304305109,68233.69148989437,29.15209330353225,35.504101077113326,25.437352025677455,89.9917656279875,High,Trending,holdout,2024-06,3509407d0c39,
523,2024-06-11 15:35:00,2024-06-11 15:40:00,SHORT,66756.0,66622.488,TP,1,5e-05,0.0008,0.0008500000000000001,0.0020000000000000365,0.0011500000000000364,0.0,0.0105608484630595,67418.12925406067,68080.84388389811,33.85775345690312,49.09648275616602,33.85775345690312,80.66530571740485,High,Trending,holdout,2024-06,3509407d0c39,
524,2024-06-11 15:45:00,2024-06-11 15:50:00,SHORT,66125.68,66175.27425999999,SL,1,5e-05,0.0008,0.0008500000000000001,-0.0007499999999999703,-0.0015999999999999704,0.004450918311917655,0.0,67326.641637447,68008.16404921922,19.594484401743077,24.439346676577212,19.594484401743077,66.86642182088532,High,Trending,holdout,2024-06,3509407d0c39,15-20
525,2024-06-17 13:30:00,2024-06-17 13:35:00,SHORT,65704.0,65572.592,TP,1,5e-05,0.0008,0.0008500000000000001,0.0019999999999999363,0.0011499999999999362,0.0,0.0051747230001217585,66094.86901091522,66336.14504006726,53.271203155566305,73.09942083284864,53.271203155566305,86.9286456929408,High,Trending,holdout,2024-06,3509407d0c39,
526,2024-06-17 13:40:00,2024-06-17 13:45:00,SHORT,65466.02,65335.08796,TP,1,5e-05,0.0008,0.0008500000000000001,0.0019999999999999953,0.0011499999999999952,0.0,0.0025205442457017363,66044.31890626969,66300.91711770407,16.85224432328287,35.668554993067325,16.85224432328287,86.9286456929408,High,Trending,holdout,2024-06,3509407d0c39,15-20
527,2024-06-17 14:55:00,2024-06-17 15:00:00,SHORT,65452.97,65502.059727500004,SL,1,5e-05,0.0008,0.0008500000000000001,-0.0007500000000000379,-0.001600000000000038,0.003207799432172319,0.0003203827114338916,65795.4647308073,66089.02816814555,41.30193929166442,65.63770903955898,41.30193929166442,95.9569882067154,Medium,Trending,holdout,2024-06,3509407d0c39,
528,2024-06-21 13:50:00,2024-06-21 13:55:00,SHORT,63620.17,63667.8851275,SL,1,5e-05,0.0008,0.0008500000000000001,-0.0007499999999999946,-0.0015999999999999947,0.001101694635522096,0.0029276878700574796,64261.79626526816,64639.70828759718,47.2931291802501,67.37168840406298,41.68507983491337,84.99628652466907,High,Trending,holdout,2024-06,3509407d0c39,
529,2024-06-21 14:00:00,2024-06-21 14:05:00,SHORT,63615.21,63662.9214075,SL,1,5e-05,0.0008,0.0008500000000000001,-0.0007499999999999849,-0.0015999999999999851,0.0018585177978663154,0.0019872605938107924,64209.49170815412,64598.22988204489,30.706528989567435,37.62140097331175,30.706528989567435,84.99628652466907,High,Trending,holdout,2024-06,3509407d0c39,
530,2024-06-24 13:50:00,2024-06-24 13:55:00,SHORT,61254.0,61299.940500000004,SL,1,5e-05,0.0008,0.0008500000000000001,-0.0007500000000000694,-0.0016000000000000695,0.006458843504097649,0.0,62444.2090473273,63162.255243588384,71.9904137635497,72.91343889752005,66.33813174197556,93.78634047106961,High,Trending,holdout,2024-06,3509407d0c39,
531,2024-06-24 14:15:00,2024-06-24 14:25:00,SHORT,61450.01,61327.10998,TP,2,5e-05,0.0008,0.0008500000000000001,0.0020000000000000152,0.0011500000000000152,0.0004473555008371514,0.003026850605882733,62279.06530901402,63007.47015592944,55.361393788994974,75.30750655824157,55.361393788994974,93.04380598599226,High,Trending,holdout,2024-06,3509407d0c39,
532,2024-06-24 14:30:00,2024-06-24 14:35:00,SHORT,61266.78,61312.730085,SL,1,5e-05,0.0008,0.0008500000000000001,-0.0007500000000000659,-0.001600000000000066,0.0024044025163391593,0.0,62172.19169836784,62910.07911985737,18.2054713030927,26.987921330804824,18.2054713030927,77.93029119247667,Medium,Trending,holdout,2024-06,3509407d0c39,15-20
533,2024-06-29 12:00:00,2024-06-29 12:05:00,SHORT,61102.33,61148.156747500005,SL,1,5e-05,0.0008,0.0008500000000000001,-0.0007500000000000485,-0.0016000000000000484,0.0009732853067960119,0.00011750779389264354,61231.87425432803,61401.25093802785,72.9175322591488,74.33655641321167,68.61188868763367,77.28744717053596,Low,Trending,holdout,2024-06,3509407d0c39,
534,2024-07-01 13:30:00,2024-07-01 13:35:00,LONG,62945.99,62898.7805075,SL,1,5e-05,0.0008,0.0008500000000000001,-0.0007499999999999731,-0.0015999999999999732,0.0023191310518747253,0.0,62231.752544441166,61889.94606490934,48.0997611873679,35.457599722197365,19.229039640097923,48.69122954825661,High,Trending,holdout,2024-07,3509407d0c39,15-20
535,2024-07-01 13:40:00,2024-07-01 13:45:00,LONG,62800.02,62752.91998499999,SL,1,5e-05,0.0008,0.0008500000000000001,-0.0007500000000000577,-0.0016000000000000578,0.0026146488488379,0.0,62271.761168474906,61923.76976004082,27.2258570544373,42.64642657002977,19.229039640097923,52.61366146828419,High,Trending,holdout,2024-07,3509407d0c39,15-20
536,2024-07-01 14:00:00,2024-07-01 14:05:00,LONG,62685.27,62810.64054,TP,1,5e-05,0.0008,0.0008500000000000001,0.0020000000000000564,0.0011500000000000564,0.0,0.003425525645817641,62334.527336007515,61983.09995319629,35.24001986607507,23.96513717277945,14.108357399999283,35.24001986607507,High,Trending,holdout,2024-07,3509407d0c39,10-15
537,2024-07-01 14:10:00,2024-07-01 14:15:00,LONG,62822.02,62774.903484999995,SL,1,5e-05,0.0008,0.0008500000000000001,-0.0007500000000000243,-0.0016000000000000244,0.003369359979191982,0.0,62364.277060266846,62012.08961290822,44.33040444551608,41.36004585549575,14.108357399999283,44.509713254896205,High,Trending,holdout,2024-07,3509407d0c39,10-15
538,2024-07-03 14:05:00,2024-07-03 14:20:00,SHORT,60500.0,60545.375,SL,3,5e-05,0.0008,0.0008500000000000001,-0.00075,-0.0016,0.0014447933884298098,0.001455702479338838,61026.29029148832,61519.67380962461,56.37403067718981,72.58099512050386,56.37403067718981,94.50779471038669,Medium,Trending,holdout,2024-07,3509407d0c39,
539,2024-07-04 14:10:00,2024-07-04 14:15:00,SHORT,57269.99,57312.9424925,SL,1,5e-05,0.0008,0.0008500000000000001,-0.000750000000000009,-0.001600000000000009,0.0018571681259242508,6.932077341031777e-05,58405.75696042306,59505.71987422215,71.56478527873563,79.86898764152703,56.639631839248125,89.41613580576758,Medium,Trending,holdout,2024-07,3509407d0c39,
540,2024-07-04 14:25:00,2024-07-04 14:30:00,SHORT,57156.01,57041.697980000004,TP,1,5e-05,0.0008,0.0008500000000000001,0.0019999999999999575,0.0011499999999999575,0.0,0.004059240664280135,58266.109184075605,59369.88050771364,49.92027717942381,61.25538798298245,49.92027717942381,78.62604184007797,High,Trending,holdout,2024-07,3509407d0c39,
541,2024-07-05 13:50:00,2024-07-05 13:55:00,SHORT,55504.01,55545.638007500005,SL,1,5e-05,0.0008,0.0008500000000000001,-0.0007500000000000567,-0.0016000000000000567,0.006858603549545345,0.0,56408.76802916498,57561.93465577159,66.53939856273824,79.29828847445924,66.53939856273824,95.85506682516433,Medium,Ranging,holdout,2024-07,3509407d0c39,
542,2024-07-14 13:20:00,2024-07-14 13:25:00,LONG,59725.48,59680.68589,SL,1,5e-05,0.0008,0.0008500000000000001,-0.0007500000000000426,-0.0016000000000000428,0.0014980206102990074,0.00017613922901911876,59154.83366475307,58762.7173899469,56.97778850137767,38.15549204120338,8.090934454232448,56.97778850137767,Medium,Trending,holdout,2024-07,3509407d0c39,5-10
543,2024-07-14 13:30:00,2024-07-14 14:25:00,LONG,59636.01,59591.2829925,SL,11,5e-05,0.0008,0.0008500000000000001,-0.000750000000000086,-0.0016000000000000862,0.002225836369670024,0.0016095979593537186,59190.57808115037,58796.32713448382,36.40372586959441,50.38281703875867,18.715622650976787,57.766936745304044,Medium,Trending,holdout,2024-07,3509407d0c39,15-20
544,2024-07-19 15:45:00,2024-07-19 15:50:00,LONG,65711.99,65662.7060075,SL,1,5e-05,0.0008,0.0008500000000000001,-0.0007500000000000114,-0.0016000000000000116,0.001022340063054057,0.0012402607195429632,65067.87820554533,64754.6044000017,62.11770706024982,41.00347893795715,12.42475297432839,62.11770706024982,Medium,Trending,holdout,2024-07,3509407d0c39,10-15
545,2024-07-25 13:45:00,2024-07-25 13:50:00,SHORT,64221.18,64092.73764,TP,1,5e-05,0.0008,0.0008500000000000001,0.0020000000000000144,0.0011500000000000143,0.0,0.004035740233985116,65138.017850090124,65737.0590261843,40.035526748188325,52.12127450383944,40.035526748188325,99.65646325485852,High,Trending,holdout,2024-07,3509407d0c39,
546,2024-07-29 14:00:00,2024-07-29 14:05:00,LONG,69273.59,69221.6348075,SL,1,5e-05,0.0008,0.0008500000000000001,-0.0007499999999999681,-0.0015999999999999682,0.006910858813582358,0.0,68953.52552403926,68549.3380479341,13.942071183116516,16.24412533345029,4.8114796805465865,21.254246276670997,High,Trending,holdout,2024-07,3509407d0c39,0-5
547,2024-07-30 13:40:00,2024-07-30 13:45:00,SHORT,66615.99,66482.75802000001,TP,1,5e-05,0.0008,0.0008500000000000001,0.0019999999999999523,0.0011499999999999523,0.0,0.002616488924055664,67459.8385204541,67832.53911339014,34.02323842720782,38.215457826012766,34.02323842720782,74.40952956082384,High,Trending,holdout,2024-07,3509407d0c39,
548,2024-08-04 13:05:00,2024-08-04 13:15:00,SHORT,60984.55,60862.5809,TP,2,5e-05,0.0008,0.0008500000000000001,0.002000000000000034,0.0011500000000000338,0.0,0.002430615623137388,61607.371867827824,62383.37759299968,49.5187019153823,71.96789373982392,49.5187019153823,89.02527230492488,Medium,Trending,holdout,2024-08,3509407d0c39,
549,2024-08-09 13:50:00,2024-08-09 13:55:00,LONG,60272.01,60392.55402,TP,1,5e-05,0.0008,0.0008500000000000001,0.0020000000000000196,0.0011500000000000195,0.0,0.004256536325899794,59475.1711029871,58563.57194688431,49.733953481290506,30.533336909756446,12.521050381795144,49.733953481290506,High,Trending,holdout,2024-08,3509407d0c39,10-15
550,2024-08-09 14:05:00,2024-08-09 14:10:00,LONG,61085.96,61040.145529999994,SL,1,5e-05,0.0008,0.0008500000000000001,-0.0007500000000000786,-0.0016000000000000788,0.008595264771151925,0.0,59614.28795482379,58688.25482154234,82.37278556209631,82.81498351120375,28.783660950608795,91.12318866396288,High,Trending,holdout,2024-08,3509407d0c39,
551,2024-08-18 12:05:00,2024-08-18 12:10:00,LONG,60020.01,59974.994992500004,SL,1,5e-05,0.0008,0.0008500000000000001,-0.0007499999999999719,-0.001599999999999972,0.0009373540590879947,0.0,59281.68367022759,59123.546806730774,65.05396474217555,41.47542594683687,16.73956687169203,65.05396474217555,Medium,Trending,holdout,2024-08,3509407d0c39,15-20
552,2024-08-20 13:35:00,2024-08-20 13:40:00,LONG,60462.01,60416.6634925,SL,1,5e-05,0.0008,0.0008500000000000001,-0.0007499999999999761,-0.001599999999999976,0.0007656047160853711,0.0068274276690436795,59743.21646525266,59477.759925130515,35.969388901752005,36.3130093811042,9.23476942775465,40.092988674091806,High,Trending,holdout,2024-08,3509407d0c39,5-10
553,2024-08-20 13:45:00,2024-08-20 13:50:00,LONG,60774.99,60896.53998,TP,1,5e-05,0.0008,0.0008500000000000001,0.0020000000000000564,0.0011500000000000564,0.00018889349056241597,0.002133937002704605,59824.58884777842,59529.65463054643,66.27215438569762,49.32157554735566,32.87665056746894,66.27215438569762,High,Trending,holdout,2024-08,3509407d0c39,
554,2024-08-27 13:05:00,2024-08-27 13:10:00,SHORT,62266.52,62313.21989,SL,1,5e-05,0.0008,0.0008500000000000001,-0.0007500000000000564,-0.0016000000000000565,0.0024554126358756955,0.0,63055.81743983678,63271.88927094732,58.63459669582079,71.9144718787607,58.63459669582079,85.67213770633857,Low,Trending,holdout,2024-08,3509407d0c39,
555,2024-08-30 14:15:00,2024-08-30 14:20:00,SHORT,59314.83,59196.20034,TP,1,5e-05,0.0008,0.0008500000000000001,0.001999999999999978,0.0011499999999999779,0.0,0.004594129326510756,59853.04299952163,60157.30372258001,52.08539648367403,69.91845248481653,52.08539648367403,87.751410558146,High,Trending,holdout,2024-08,3509407d0c39,
556,2024-08-30 14:25:00,2024-08-30 14:30:00,SHORT,59157.42,59201.788065,SL,1,5e-05,0.0008,0.0008500000000000001,-0.0007500000000000405,-0.0016000000000000406,0.0028834928906636185,0.0015453682733289967,59804.65753243039,60120.67363836944,36.24004305705041,41.854682454251666,36.24004305705041,87.751410558146,High,Trending,holdout,2024-08,3509407d0c39,
557,2024-09-01 14:55:00,2024-09-01 15:00:00,SHORT,57913.01,57956.4447575,SL,1,5e-05,0.0008,0.0008500000000000001,-0.000749999999999987,-0.001599999999999987,0.0012085367346645938,0.001690121097142156,58215.93292718029,58611.638115230126,68.03070532200904,77.19363137543063,67.67812183621491,83.75196452769013,Medium,Trending,holdout,2024-09,3509407d0c39,
558,2024-09-10 13:45:00,2024-09-10 13:50:00,LONG,56879.99,56837.33000749999,SL,1,5e-05,0.0008,0.0008500000000000001,-0.0007500000000000808,-0.001600000000000081,0.0034105139610607874,0.0,56244.558553181065,55728.10226991968,34.06081186100703,23.811507269623863,13.584468223441375,34.06081186100703,High,Trending,holdout,2024-09,3509407d0c39,10-15
559,2024-09-16 15:50:00,2024-09-16 15:55:00,SHORT,57921.09,57964.530817499995,SL,1,5e-05,0.0008,0.0008500000000000001,-0.000749999999999982,-0.001599999999999982,0.0011724572172243908,0.0008903492665624854,58382.31562460157,58777.62108698539,71.87521424595296,71.23234182368525,65.75642132226463,95.7904062975335,Medium,Trending,holdout,2024-09,3509407d0c39,
560,2024-09-19 14:00:00,2024-09-19 14:05:00,LONG,63035.98,63162.051960000004,TP,1,5e-05,0.0008,0.0008500000000000001,0.002000000000000018,0.0011500000000000178,0.0,0.0039980341385982545,61771.20542028746,60939.0487281117,52.41880969875089,31.112935550178886,13.324174350267448,52.41880969875089,High,Trending,holdout,2024-09,3509407d0c39,10-15
561,2024-09-19 14:10:00,2024-09-19 14:15:00,LONG,63063.87,63189.997740000006,TP,1,5e-05,0.0008,0.0008500000000000001,0.002000000000000056,0.001150000000000056,0.0,0.004473718469862337,61878.80214306428,61026.50708207262,74.17777651351365,63.60267987422935,13.324174350267448,74.17777651351365,High,Trending,holdout,2024-09,3509407d0c39,10-15
562,2024-09-19 15:15:00,2024-09-19 15:20:00,LONG,63079.82,63032.510135,SL,1,5e-05,0.0008,0.0008500000000000001,-0.000750000000000046,-0.001600000000000046,0.0016458512405393628,0.0003199121367182134,62389.92435189448,61512.39526601711,30.634627858290035,24.184314915143457,11.719932279300759,30.634627858290035,Low,Trending,holdout,2024-09,3509407d0c39,10-15
563,2024-09-23 13:00:00,2024-09-23 13:05:00,LONG,63315.81,63268.3231425,SL,1,5e-05,0.0008,0.0008500000000000001,-0.0007500000000000007,-0.0016000000000000007,0.0014372397668133757,0.0008095924224929294,63008.35021552271,62924.2193136913,27.898048533649444,21.493704426797535,14.386799177905269,46.03880454559277,High,Trending,holdout,2024-09,3509407d0c39,10-15
564,2024-09-23 13:25:00,2024-09-23 13:30:00,LONG,63287.99,63240.5240075,SL,1,5e-05,0.0008,0.0008500000000000001,-0.0007500000000000229,-0.0016000000000000228,0.0016905261171985073,0.002085861788310895,63055.09279802277,62956.663207908125,53.83336452187654,33.207487248222456,14.487997634856788,53.83336452187654,High,Trending,holdout,2024-09,3509407d0c39,10-15
565,2024-09-23 13:35:00,2024-09-23 13:40:00,LONG,63328.01,63280.5139925,SL,1,5e-05,0.0008,0.0008500000000000001,-0.0007500000000000847,-0.0016000000000000849,0.0017804128062764012,0.0009335521517255215,63071.68582393414,62969.00638375722,50.6224218615012,55.60883477969659,14.487997634856788,62.37071795571239,High,Trending,holdout,2024-09,3509407d0c39,10-15
566,2024-09-26 13:45:00,2024-09-26 13:50:00,LONG,64340.0,64291.744999999995,SL,1,5e-05,0.0008,0.0008500000000000001,-0.0007500000000000723,-0.0016000000000000723,0.0019511967671743996,0.0,64108.738215459605,63860.097286950535,28.01905025481571,22.491766389229408,14.204107827009869,28.01905025481571,High,Trending,holdout,2024-09,3509407d0c39,10-15
567,2024-09-27 14:10:00,2024-09-27 14:20:00,LONG,65960.0,66091.92,TP,2,5e-05,0.0008,0.0008500000000000001,0.0019999999999999736,0.0011499999999999735,0.00019693753790183806,0.005761067313523348,65313.57648220184,64850.75941582796,93.23556178930392,86.38485152849465,26.534774277263537,93.23556178930392,High,Trending,holdout,2024-09,3509407d0c39,
568,2024-09-30 13:30:00,2024-09-30 13:35:00,SHORT,63984.01,64031.998007500006,SL,1,5e-05,0.0008,0.0008500000000000001,-0.0007500000000000583,-0.0016000000000000584,0.001512877983108524,0.00112543743350881,64789.0449704498,65111.821992070305,47.648961842625965,64.62431689031796,47.648961842625965,85.52506780604335,High,Trending,holdout,2024-09,3509407d0c39,
569,2024-09-30 13:40:00,2024-09-30 13:45:00,SHORT,63913.58,63961.515185000004,SL,1,5e-05,0.0008,0.0008500000000000001,-0.0007500000000000328,-0.0016000000000000328,0.0029273903918384564,0.0,64725.73133950403,65066.858502527306,40.8305087178729,37.63938463570706,24.438683346622696,85.52506780604335,High,Trending,holdout,2024-09,3509407d0c39,
570,2024-09-30 14:50:00,2024-09-30 15:05:00,SHORT,63850.01,63722.309980000005,TP,3,5e-05,0.0008,0.0008500000000000001,0.0019999999999999463,0.0011499999999999462,9.193420643153138e-05,0.0032779947880979643,64338.918206586444,64763.510418920225,60.02898738102948,73.16977845833604,43.377850630579566,81.01985855782591,Medium,Trending,holdout,2024-09,3509407d0c39,
571,2024-10-07 15:40:00,2024-10-07 15:45:00,LONG,63701.83,63654.0536275,SL,1,5e-05,0.0008,0.0008500000000000001,-0.0007500000000000639,-0.001600000000000064,0.0016927300204719667,0.0,63435.49712858779,63008.50150417605,48.418902913580546,46.6419248115024,23.53127359885765,48.418902913580546,Low,Ranging,holdout,2024-10,3509407d0c39,
572,2024-10-10 13:35:00,2024-10-10 13:45:00,SHORT,60962.0,60840.076,TP,2,5e-05,0.0008,0.0008500000000000001,0.001999999999999985,0.0011499999999999848,0.00016370853974612384,0.005658442964469622,61549.693719127055,61892.702736065265,35.29213321139586,62.819509379623305,35.29213321139586,93.66861439109896,Low,Trending,holdout,2024-10,3509407d0c39,
573,2024-10-10 13:50:00,2024-10-10 13:55:00,SHORT,60710.0,60755.5325,SL,1,5e-05,0.0008,0.0008500000000000001,-0.0007500000000000192,-0.0016000000000000194,0.005600395322022731,0.0,61462.65183452502,61827.95245878765,15.082054609020522,14.085366626088037,13.363625337801556,63.12093221336304,Medium,Trending,holdout,2024-10,3509407d0c39,10-15
574,2024-10-10 15:25:00,2024-10-10 15:40:00,SHORT,60558.0,60603.4185,SL,3,5e-05,0.0008,0.0008500000000000001,-0.0007499999999999961,-0.0015999999999999962,0.0013540737805079427,0.0018410449486442413,61047.43264996893,61469.108933033735,41.84924856467399,66.26338670720865,41.84924856467399,87.44053161774299,Low,Trending,holdout,2024-10,3509407d0c39,
575,2024-10-14 13:45:00,2024-10-14 13:50:00,LONG,64989.98,65119.95996,TP,1,5e-05,0.0008,0.0008500000000000001,0.0019999999999999528,0.0011499999999999527,0.0,0.004647177918811435,63881.77018501562,63341.796880891496,68.82002748457545,39.55526563414696,11.29188494325131,68.82002748457545,High,Trending,holdout,2024-10,3509407d0c39,10-15
576,2024-10-14 13:55:00,2024-10-14 14:00:00,LONG,65008.77,65138.78754,TP,1,5e-05,0.0008,0.0008500000000000001,0.0020000000000000113,0.0011500000000000113,0.0,0.006725707931406843,63973.96797163496,63409.95879909985,74.92959265049663,75.33421354854124,11.29188494325131,82.25302051055196,High,Trending,holdout,2024-10,3509407d0c39,10-15
577,2024-10-15 12:00:00,2024-10-15 12:05:00,LONG,65399.68,65530.47936,TP,1,5e-05,0.0008,0.0008500000000000001,0.001999999999999958,0.001149999999999958,0.0,0.0023038339025512897,65175.702480104424,64376.74944291931,21.745622872123434,21.61327960409214,19.894079469102536,47.49651361736735,Medium,Trending,holdout,2024-10,3509407d0c39,15-20
578,2024-10-22 13:35:00,2024-10-22 13:40:00,SHORT,66832.7,66882.824525,SL,1,5e-05,0.0008,0.0008500000000000001,-0.0007500000000000979,-0.0016000000000000979,0.0023536382639037915,0.00019002673840795136,67271.59092252933,67558.52667633897,42.10233184417426,58.88015987969212,42.10233184417426,82.29995079256535,High,Trending,holdout,2024-10,3509407d0c39,
579,2024-10-25 15:05:00,2024-10-25 15:10:00,LONG,68498.0,68446.6265,SL,1,5e-05,0.0008,0.0008500000000000001,-0.0007500000000000221,-0.0016000000000000222,0.0008918508569592762,0.00038555870244391796,68109.4522070568,67824.67109412483,33.82503276950826,26.130940061586927,18.018526532327147,33.82503276950826,Medium,Trending,holdout,2024-10,3509407d0c39,15-20
580,2024-11-03 13:10:00,2024-11-03 13:30:00,SHORT,68400.62,68263.81876,TP,4,5e-05,0.0008,0.0008500000000000001,0.00200000000000001,0.00115000000000001,0.0,0.002202026823733401,69047.9602186048,69565.03898216406,24.63823283308005,44.85627970176548,24.63823283308005,96.40816254086174,Medium,Trending,holdout,2024-11,3509407d0c39,
581,2024-11-05 15:40:00,2024-11-05 15:45:00,LONG,69622.01,69569.79349249999,SL,1,5e-05,0.0008,0.0008500000000000001,-0.0007500000000001213,-0.0016000000000001213,0.0011779320936007847,0.0020776475715080438,69216.18798014132,69026.84552149702,40.329970134249905,24.030469070176746,10.650545894812005,40.329970134249905,High,Trending,holdout,2024-11,3509407d0c39,10-15
582,2024-11-05 15:50:00,2024-11-05 15:55:00,LONG,69580.0,69527.815,SL,1,5e-05,0.0008,0.0008500000000000001,-0.0007499999999999665,-0.0015999999999999665,0.000911325093417699,0.0008623167576889911,69244.94630538997,69048.93137498209,53.92563961679199,48.98621292657801,10.650545894812005,53.92563961679199,Medium,Trending,holdout,2024-11,3509407d0c39,10-15
583,2024-11-11 13:25:00,2024-11-11 13:30:00,LONG,81860.0,81798.605,SL,1,5e-05,0.0008,0.0008500000000000001,-0.0007500000000000498,-0.0016000000000000497,0.0023410701197165824,0.0005863669679941363,80620.07637926949,79366.99568049512,38.01157190058631,26.213643894123418,15.917473650903077,41.21730275424755,Medium,Trending,holdout,2024-11,3509407d0c39,15-20
584,2024-11-11 13:35:00,2024-11-11 13:40:00,LONG,81756.75,81695.4324375,SL,1,5e-05,0.0008,0.0008500000000000001,-0.0007500000000000042,-0.0016000000000000042,0.0017704960140905797,0.0,80705.50194026376,79459.7039333921,38.276248089979546,39.591223478133784,15.917473650903077,42.485850443835794,Medium,Trending,holdout,2024-11,3509407d0c39,15-20
585,2024-11-12 13:15:00,2024-11-12 13:20:00,LONG,86496.0,86431.128,SL,1,5e-05,0.0008,0.0008500000000000001,-0.000750000000000035,-0.001600000000000035,0.006105022197558241,0.0,84342.10969167507,82499.77581979845,30.59687030482034,26.30112131748345,14.065791664845719,30.59687030482034,High,Trending,holdout,2024-11,3509407d0c39,10-15
586,2024-11-21 13:35:00,2024-11-21 13:45:00,LONG,97508.0,97434.86899999999,SL,2,5e-05,0.0008,0.0008500000000000001,-0.0007500000000000872,-0.0016000000000000872,0.0010888337367190206,0.00157228124871803,95977.97594202244,94643.08810375586,56.108108642271844,31.914602321214204,8.398106972292302,56.108108642271844,Medium,Trending,holdout,2024-11,3509407d0c39,5-10
587,2024-11-26 12:05:00,2024-11-26 12:10:00,SHORT,92191.0,92260.14325000001,SL,1,5e-05,0.0008,0.0008500000000000001,-0.0007500000000000897,-0.0016000000000000896,0.004725190094477719,0.0,96347.20778551503,96832.15540516048,25.40413412073109,54.58531504576027,25.40413412073109,93.61468866347558,Medium,Trending,holdout,2024-11,3509407d0c39,
588,2024-12-02 14:05:00,2024-12-02 14:15:00,SHORT,95719.96,95528.52008,TP,2,5e-05,0.0008,0.0008500000000000001,0.002000000000000045,0.001150000000000045,3.134142554889894e-07,0.002287506179484471,96008.29436971569,96294.71730097698,62.60685643782557,66.56421510617027,62.60685643782557,82.3064123716291,Medium,Trending,holdout,2024-12,3509407d0c39,
589,2024-12-05 14:30:00,2024-12-05 14:35:00,LONG,102611.83,102817.05366,TP,1,5e-05,0.0008,0.0008500000000000001,0.002000000000000032,0.001150000000000032,0.0,0.00607288652780088,100812.40445209233,99027.01708266833,49.234063949001005,36.194286063769134,27.108805597766793,49.234063949001005,High,Trending,holdout,2024-12,3509407d0c39,
590,2024-12-15 13:45:00,2024-12-15 13:50:00,LONG,102691.19,102896.57238,TP,1,5e-05,0.0008,0.0008500000000000001,0.001999999999999956,0.0011499999999999557,0.0,0.0026334294110331473,102181.82808967997,101668.298423143,53.624202775599265,27.71206186598739,8.574851070339816,53.624202775599265,High,Trending,holdout,2024-12,3509407d0c39,5-10
591,2024-12-16 13:05:00,2024-12-16 13:10:00,LONG,103574.06,103781.20812,TP,1,5e-05,0.0008,0.0008500000000000001,0.001999999999999981,0.001149999999999981,0.0,0.004773589062744072,103117.43128430285,102551.61138614417,55.21412159266271,38.46307597788203,10.889361301346367,55.21412159266271,High,Trending,holdout,2024-12,3509407d0c39,10-15
592,2024-12-19 14:40:00,2024-12-19 14:45:00,SHORT,102227.36,102022.90528,TP,1,5e-05,0.0008,0.0008500000000000001,0.001999999999999944,0.001149999999999944,0.0,0.014998822233108569,102859.42044844164,103644.98943304238,43.94393208298347,67.43307633213324,43.94393208298347,86.9496354558046,High,Trending,holdout,2024-12,3509407d0c39,
593,2024-12-19 14:50:00,2024-12-19 14:55:00,SHORT,101039.99,101115.7699925,SL,1,5e-05,0.0008,0.0008500000000000001,-0.0007499999999999994,-0.0015999999999999994,0.0032224864630330157,0.0018366985190715255,102721.9219902762,103544.05646831177,13.848115819231694,25.33532284452002,13.848115819231694,86.9496354558046,High,Trending,holdout,2024-12,3509407d0c39,10-15
594,2024-12-20 12:05:00,2024-12-20 12:10:00,SHORT,92611.97,92681.4289775,SL,1,5e-05,0.0008,0.0008500000000000001,-0.0007500000000000632,-0.0016000000000000632,0.001511251731282596,0.002967866896687335,101044.65193666647,102407.48179199955,32.15404802860653,57.60012700605642,32.15404802860653,81.72504609390353,High,Trending,holdout,2024-12,3509407d0c39,
595,2024-12-20 13:10:00,2024-12-20 13:15:00,SHORT,93927.71,93998.1557825,SL,1,5e-05,0.0008,0.0008500000000000001,-0.0007499999999999897,-0.0015999999999999899,0.0025107606690292694,0.0013151603504441168,98088.47162859916,100419.96049489512,76.32404402178189,79.12377179291762,75.03412501875063,93.27597107137534,Medium,Trending,holdout,2024-12,3509407d0c39,
596,2024-12-23 14:50:00,2024-12-23 14:55:00,SHORT,93944.0,94014.458,SL,1,5e-05,0.0008,0.0008500000000000001,-0.0007499999999999864,-0.0015999999999999864,0.006294601038916764,0.002067827641999433,95548.94246852207,96117.43332490715,6.414173699294671,9.790538058729078,3.0141098239295463,76.6452196711568,High,Trending,holdout,2024-12,3509407d0c39,0-5
597,2025-01-02 14:10:00,2025-01-02 14:15:00,LONG,96425.52,96353.20086,SL,1,5e-05,0.0008,0.0008500000000000001,-0.0007500000000000714,-0.0016000000000000714,0.0029194553475056116,0.00027461609748120544,95807.38001220502,95264.95424551619,39.654472427784384,22.870649339255937,5.133424670226428,39.654472427784384,High,Trending,holdout,2025-01,3509407d0c39,5-10
598,2025-01-02 14:20:00,2025-01-02 14:25:00,LONG,96199.98,96392.37995999999,TP,1,5e-05,0.0008,0.0008500000000000001,0.00199999999999995,0.00114999999999995,0.0,0.003026715805970004,95843.59389054372,95304.66090190219,48.363021761750694,45.486628525613234,5.133424670226428,48.442391387305065,High,Trending,holdout,2025-01,3509407d0c39,5-10
599,2025-01-06 13:25:00,2025-01-06 13:35:00,LONG,99253.84,99179.39962,SL,2,5e-05,0.0008,0.0008500000000000001,-0.0007500000000000001,-0.0016000000000000003,0.0011724483405377096,0.0013672015107929032,98589.87521412355,98152.86375816578,52.13055525715524,30.385745590773904,7.643751924028695,52.13055525715524,Medium,Trending,holdout,2025-01,3509407d0c39,5-10
600,2025-01-08 13:35:00,2025-01-08 13:40:00,SHORT,95235.9,95307.326925,SL,1,5e-05,0.0008,0.0008500000000000001,-0.0007500000000000738,-0.001600000000000074,0.002162314841357173,0.0,97223.56078947101,98168.26115353551,62.23746393067657,74.34988137279969,62.23746393067657,84.12383863402067,Low,Trending,holdout,2025-01,3509407d0c39,
601,2025-01-12 15:20:00,2025-01-12 15:30:00,LONG,95186.97,95115.5797725,SL,2,5e-05,0.0008,0.0008500000000000001,-0.0007500000000000003,-0.0016000000000000003,0.0011345040187748937,0.001286100397985126,94667.3491829075,94554.44758464511,58.89637465062956,35.88375793904652,9.178032084443831,58.89637465062956,High,Trending,holdout,2025-01,3509407d0c39,5-10
602,2025-01-13 13:35:00,2025-01-13 13:40:00,SHORT,91422.85,91240.0043,TP,1,5e-05,0.0008,0.0008500000000000001,0.002000000000000058,0.001150000000000058,0.0,0.0033129573186572573,92753.53346671407,93455.28745859257,69.46757101887363,77.42669082790864,69.46757101887363,95.18632171142052,Medium,Trending,holdout,2025-01,3509407d0c39,
603,2025-01-13 13:45:00,2025-01-13 13:50:00,SHORT,91214.28,91031.85144,TP,1,5e-05,0.0008,0.0008500000000000001,0.002000000000000003,0.001150000000000003,6.270947926137403e-05,0.0021070165767904142,92628.19567611707,93363.88927376393,35.901749562000106,54.368562913764634,35.901749562000106,86.05138657066112,Medium,Trending,holdout,2025-01,3509407d0c39,
604,2025-01-14 15:10:00,2025-01-14 15:15:00,LONG,96772.78,96700.200415,SL,1,5e-05,0.0008,0.0008500000000000001,-0.0007499999999999948,-0.0015999999999999949,0.0008566458460735982,0.0020877771621318326,95540.24287614235,94713.10260626614,47.23940924068872,32.711481236389055,18.828206599432566,47.23940924068872,Medium,Trending,holdout,2025-01,3509407d0c39,15-20
605,2025-01-17 13:45:00,2025-01-17 13:50:00,LONG,102771.95,102694.8710375,SL,1,5e-05,0.0008,0.0008500000000000001,-0.0007500000000000331,-0.0016000000000000333,0.002793077293950372,0.0,100971.79362912363,99747.80668873183,40.75201688029114,30.402760370087673,12.366168137196622,40.75201688029114,Medium,Trending,holdout,2025-01,3509407d0c39,10-15
606,2025-01-27 13:25:00,2025-01-27 13:30:00,SHORT,100882.02,100957.681515,SL,1,5e-05,0.0008,0.0008500000000000001,-0.0007499999999999978,-0.001599999999999998,0.003594396702207198,0.0018439361146813285,102476.6893954022,103414.24405967302,65.37309884415238,78.45343066781949,65.37309884415238,94.62140671606295,High,Trending,holdout,2025-01,3509407d0c39,
607,2025-01-27 13:35:00,2025-01-27 13:40:00,SHORT,101198.59,100996.19282,TP,1,5e-05,0.0008,0.0008500000000000001,0.0019999999999999996,0.0011499999999999995,0.0,0.0041126067072673874,102374.5667583086,103325.4225986526,60.81179675276463,62.67627722833368,60.81179675276463,91.24851707482038,Medium,Trending,holdout,2025-01,3509407d0c39,
608,2025-01-30 14:10:00,2025-01-30 14:15:00,LONG,104967.99,104889.26400750001,SL,1,5e-05,0.0008,0.0008500000000000001,-0.0007499999999999638,-0.0015999999999999639,0.0022355386627866598,0.0,104042.4406810381,103432.52375171927,30.646212309299035,20.51104500966404,10.772188879884837,30.646212309299035,Medium,Trending,holdout,2025-01,3509407d0c39,10-15
609,2025-01-30 14:25:00,2025-01-30 14:30:00,LONG,104906.0,104827.3205,SL,1,5e-05,0.0008,0.0008500000000000001,-0.0007499999999999845,-0.0015999999999999847,0.0013108878424494697,0.002746458734486067,104134.61027510875,103515.44512107574,50.14617214211356,42.61533268057327,20.114733839808654,50.14617214211356,Medium,Trending,holdout,2025-01,3509407d0c39,
610,2025-02-02 12:05:00,2025-02-02 12:10:00,SHORT,99009.99,99084.24749250001,SL,1,5e-05,0.0008,0.0008500000000000001,-0.0007500000000000817,-0.0016000000000000818,0.0015776185817208655,0.0,102211.04727508691,102882.5495167455,29.925832657505623,54.99552761618096,29.925832657505623,92.69403970302847,High,Trending,holdout,2025-02,3509407d0c39,
611,2025-02-02 13:40:00,2025-02-02 13:45:00,SHORT,98591.2,98665.1434,SL,1,5e-05,0.0008,0.0008500000000000001,-0.0007500000000000381,-0.001600000000000038,0.0023935199084704917,0.0,100306.0023511288,101540.9102554701,76.33451216558534,81.49793247880295,76.123316383653,88.9407699345437,High,Trending,holdout,2025-02,3509407d0c39,
612,2025-02-02 13:50:00,2025-02-02 13:55:00,SHORT,98630.62,98704.592965,SL,1,5e-05,0.0008,0.0008500000000000001,-0.0007500000000000823,-0.0016000000000000823,0.0016907528311188688,0.0,100177.57202039997,101426.9922158477,60.945170924633466,67.56457488948944,60.945170924633466,88.9407699345437,High,Trending,holdout,2025-02,3509407d0c39,
613,2025-02-03 13:55:00,2025-02-03 14:00:00,SHORT,94922.56,94732.71488,TP,1,5e-05,0.0008,0.0008500000000000001,0.0019999999999999805,0.0011499999999999805,0.0,0.008055619233193916,96727.32961771791,98428.45283325503,53.58563935612184,70.27746488761171,41.557631260166126,81.13239212318234,Medium,Trending,holdout,2025-02,3509407d0c39,
614,2025-02-03 14:05:00,2025-02-03 14:10:00,SHORT,94344.05,94414.8080375,SL,1,5e-05,0.0008,0.0008500000000000001,-0.000749999999999959,-0.001599999999999959,0.0042476446580361,0.0002761170418272579,96543.69639067308,98268.10676587907,19.91693810000432,35.33017577436909,19.91693810000432,81.13239212318234,High,Trending,holdout,2025-02,3509407d0c39,15-20
615,2025-02-12 15:05:00,2025-02-12 15:10:00,SHORT,95133.2,94942.9336,TP,1,5e-05,0.0008,0.0008500000000000001,0.001999999999999928,0.001149999999999928,0.0,0.004467735764170646,95775.92790530015,96265.3262353328,64.11361272732387,74.63992665707333,64.11361272732387,84.0094762179559,High,Trending,holdout,2025-02,3509407d0c39,
616,2025-02-12 15:15:00,2025-02-12 15:20:00,SHORT,94979.99,95051.2249925,SL,1,5e-05,0.0008,0.0008500000000000001,-0.0007500000000000177,-0.0016000000000000176,0.009544957837961466,0.0,95732.24780493106,96223.77375477864,48.351473252498806,51.371428907306885,41.64920074209839,84.0094762179559,High,Trending,holdout,2025-02,3509407d0c39,
617,2025-02-17 13:05:00,2025-02-17 13:20:00,SHORT,96365.31,96437.5839825,SL,3,5e-05,0.0008,0.0008500000000000001,-0.000750000000000027,-0.0016000000000000272,0.0011944132177855893,0.0006673563339338364,96740.47283062768,96894.28676997259,60.75542114407085,70.89763732138765,60.75542114407085,81.59808699355727,Low,Trending,holdout,2025-02,3509407d0c39,
618,2025-03-02 13:55:00,2025-03-02 14:00:00,LONG,85615.0,85786.23,TP,1,5e-05,0.0008,0.0008500000000000001,0.0019999999999999523,0.0011499999999999523,0.0,0.0034671494481106875,85263.60831881528,84941.23986063042,39.127275843705455,27.507840615645275,13.289823764085854,39.127275843705455,Medium,Trending,holdout,2025-03,3509407d0c39,10-15
619,2025-03-02 14:05:00,2025-03-02 14:10:00,LONG,85881.59,85817.1788075,SL,1,5e-05,0.0008,0.0008500000000000001,-0.0007500000000000394,-0.0016000000000000393,0.004284503815078318,0.0,85301.10394212823,84973.05152965774,67.36588977080548,57.58463625010423,19.294695849344773,67.36588977080548,High,Trending,holdout,2025-03,3509407d0c39,15-20
620,2025-03-10 15:45:00,2025-03-10 15:50:00,SHORT,80301.06,80361.285795,SL,1,5e-05,0.0008,0.0008500000000000001,-0.0007500000000000716,-0.0016000000000000716,0.003822240951738465,0.0010129380608424909,81451.2123169312,82812.84308238862,57.4334194891995,72.2329719421929,57.4334194891995,90.62050099019683,Medium,Ranging,holdout,2025-03,3509407d0c39,
621,2025-03-18 14:55:00,2025-03-18 15:00:00,SHORT,81792.51,81853.8543825,SL,1,5e-05,0.0008,0.0008500000000000001,-0.0007499999999999937,-0.0015999999999999938,0.0008607145079666676,0.0031236356483006905,82189.57660004581,82573.18443311471,69.85958641424007,67.78489312234959,63.62491652385172,96.7379123888333,Low,Trending,holdout,2025-03,3509407d0c39,
622,2025-03-23 14:40:00,2025-03-23 14:45:00,LONG,85048.76,84984.97343,SL,1,5e-05,0.0008,0.0008500000000000001,-0.0007499999999999598,-0.00159999999999996,0.0012129512529046743,0.0,84679.26547544729,84500.5635873607,45.97507845391101,30.88216935738052,14.922693632300474,45.97507845391101,High,Trending,holdout,2025-03,3509407d0c39,10-15
623,2025-03-23 14:50:00,2025-03-23 15:20:00,LONG,84945.61,85115.50122,TP,6,5e-05,0.0008,0.0008500000000000001,0.0020000000000000586,0.0011500000000000585,0.0007168116162801046,0.002756234253894988,84699.50290909223,84517.89210662896,42.97391513403096,46.0672922263496,14.922693632300474,49.25288309110721,Medium,Trending,holdout,2025-03,3509407d0c39,10-15
624,2025-03-24 13:35:00,2025-03-24 13:40:00,LONG,87369.66,87544.39932,TP,1,5e-05,0.0008,0.0008500000000000001,0.0019999999999999233,0.0011499999999999232,1.9800924027980393e-05,0.0023994599498269697,86231.61251665215,85542.52093857051,56.818785138582975,49.254300390977214,20.18437887000511,56.818785138582975,High,Trending,holdout,2025-03,3509407d0c39,
625,2025-03-24 15:10:00,2025-03-24 15:15:00,LONG,87868.59,88044.32718,TP,1,5e-05,0.0008,0.0008500000000000001,0.0019999999999999597,0.0011499999999999596,0.0,0.004647963510055226,87198.74955932918,86333.04890073588,30.70447441171935,23.598353853166667,18.31274419203054,35.40932669192192,Medium,Trending,holdout,2025-03,3509407d0c39,15-20
626,2025-03-24 15:20:00,2025-03-24 15:25:00,LONG,88254.78,88188.588915,SL,1,5e-05,0.0008,0.0008500000000000001,-0.0007499999999999838,-0.0015999999999999838,0.0033794203554753637,0.0,87274.0291010955,86405.4130257928,64.04711297464333,49.42288536799947,18.31274419203054,64.04711297464333,High,Trending,holdout,2025-03,3509407d0c39,15-20
627,2025-03-28 15:45:00,2025-03-28 15:50:00,SHORT,84286.01,84349.2245075,SL,1,5e-05,0.0008,0.0008500000000000001,-0.0007500000000000091,-0.0016000000000000092,0.0008910138230532662,0.0018711290284116173,84963.25597165947,85599.65339381134,73.60041807077816,78.25608250529672,54.988321424834375,81.89992635837693,Low,Trending,holdout,2025-03,3509407d0c39,
628,2025-04-02 13:35:00,2025-04-02 13:40:00,LONG,85120.89,85291.13178,TP,1,5e-05,0.0008,0.0008500000000000001,0.0019999999999999606,0.0011499999999999605,0.0,0.004142813826312194,84496.46096839596,84077.21442869525,60.53181675693406,36.93071297959738,13.76385324633623,60.53181675693406,High,Trending,holdout,2025-04,3509407d0c39,10-15
629,2025-04-09 13:35:00,2025-04-09 13:40:00,SHORT,77193.09,77250.9848175,SL,1,5e-05,0.0008,0.0008500000000000001,-0.0007499999999999594,-0.0015999999999999595,0.00883978086639633,0.00017281339560311042,77807.72398306777,78573.36525967381,60.555795727649866,56.95306990053084,49.13508728062066,82.12631149262516,High,Trending,holdout,2025-04,3509407d0c39,
630,2025-04-11 13:35:00,2025-04-11 13:40:00,LONG,82450.5,82615.401,TP,1,5e-05,0.0008,0.0008500000000000001,0.001999999999999976,0.0011499999999999761,0.0,0.010155547874179074,81332.31439812722,80612.63850748395,91.33743779557553,75.51027150381657,11.37227958664747,91.33743779557553,High,Trending,holdout,2025-04,3509407d0c39,10-15
631,2025-04-12 15:20:00,2025-04-12 15:25:00,LONG,84984.74,85154.70948,TP,1,5e-05,0.0008,0.0008500000000000001,0.001999999999999997,0.001149999999999997,0.0,0.0023917235023604797,83984.32415410437,83028.31029539986,64.62933822136695,40.32893212626436,17.916515275353742,64.62933822136695,Medium,Trending,holdout,2025-04,3509407d0c39,15-20
632,2025-04-21 13:25:00,2025-04-21 13:30:00,LONG,87101.26,87275.46252,TP,1,5e-05,0.0008,0.0008500000000000001,0.002000000000000071,0.001150000000000071,0.0,0.0037178566647600936,85875.4333927941,85409.18011372906,68.17975207613382,44.132182863652396,3.2775496525328793,68.17975207613382,High,Trending,holdout,2025-04,3509407d0c39,0-5
633,2025-04-21 13:35:00,2025-04-21 13:40:00,LONG,87349.54,87524.23908,TP,1,5e-05,0.0008,0.0008500000000000001,0.0020000000000000664,0.0011500000000000663,6.0103350286675815e-05,0.0025835282017514097,85995.32927954581,85488.57094154088,95.34689204049543,83.42604872240496,20.132659188021144,95.34689204049543,High,Trending,holdout,2025-04,3509407d0c39,
634,2025-04-30 15:05:00,2025-04-30 15:10:00,SHORT,93906.56,93976.98992,SL,1,5e-05,0.0008,0.0008500000000000001,-0.0007500000000001021,-0.0016000000000001022,0.0014386641359241125,0.0,94223.88500736328,94384.29987720225,36.750448468899634,41.74504923641491,36.750448468899634,71.52225662988117,Medium,Trending,holdout,2025-04,3509407d0c39,
635,2025-05-01 13:50:00,2025-05-01 13:55:00,LONG,96160.37,96088.2497225,SL,1,5e-05,0.0008,0.0008500000000000001,-0.0007499999999999828,-0.001599999999999983,0.004063108326226197,0.0,95453.16348007135,95053.01408799962,21.784114583597134,18.760435745347376,13.02672828554669,51.7973638123647,High,Trending,holdout,2025-05,3509407d0c39,10-15
636,2025-05-01 14:15:00,2025-05-01 14:25:00,LONG,96223.99,96416.43798,TP,2,5e-05,0.0008,0.0008500000000000001,0.0019999999999999706,0.0011499999999999705,0.0,0.0020785876786027554,95573.79061646144,95153.96834360724,62.334701003997715,44.98245107823357,13.368878704129182,62.334701003997715,High,Trending,holdout,2025-05,3509407d0c39,10-15
637,2025-05-04 14:45:00,2025-05-04 14:50:00,SHORT,95541.54,95613.196155,SL,1,5e-05,0.0008,0.0008500000000000001,-0.0007500000000000443,-0.0016000000000000443,0.0010515844730993574,0.0,95716.40772592492,95950.49846725873,71.44022076299892,78.27936295560355,71.44022076299892,92.11792767769134,Medium,Trending,holdout,2025-05,3509407d0c39,
638,2025-05-05 13:10:00,2025-05-05 13:15:00,SHORT,94213.78,94284.440335,SL,1,5e-05,0.0008,0.0008500000000000001,-0.0007500000000000824,-0.0016000000000000825,0.0011159726316044153,0.0004695703749494526,95019.43891791874,95439.71937000858,31.659294915344287,58.50373640165046,31.659294915344287,82.63907034093991,Medium,Trending,holdout,2025-05,3509407d0c39,
639,2025-05-05 13:20:00,2025-05-05 13:25:00,SHORT,94318.91,94130.27218,TP,1,5e-05,0.0008,0.0008500000000000001,0.0020000000000000378,0.0011500000000000377,0.0,0.0020334204455925977,94964.78101573352,95395.37056420487,39.48266795066745,31.001964989378497,21.86393210212415,82.63907034093991,Medium,Trending,holdout,2025-05,3509407d0c39,
640,2025-05-07 13:35:00,2025-05-07 13:40:00,LONG,96909.79,97103.60957999999,TP,1,5e-05,0.0008,0.0008500000000000001,0.0019999999999999562,0.0011499999999999562,0.0,0.004191939741072654,95709.99078735083,95213.0696592436,56.83389954727488,27.25882866183237,1.4408715515729993,56.83389954727488,High,Trending,holdout,2025-05,3509407d0c39,0-5
641,2025-05-07 13:45:00,2025-05-07 13:50:00,LONG,97231.83,97158.9061275,SL,1,5e-05,0.0008,0.0008500000000000001,-0.0007500000000000329,-0.0016000000000000328,0.003454527185182048,0.0,95813.83855456724,95285.57787768322,72.11759051133295,71.4879737815579,1.4408715515729993,85.51243128606625,High,Trending,holdout,2025-05,3509407d0c39,0-5
642,2025-05-08 13:35:00,2025-05-08 13:40:00,LONG,99480.79,99406.17940749999,SL,1,5e-05,0.0008,0.0008500000000000001,-0.0007500000000000109,-0.001600000000000011,0.0026214106261118236,0.0,98134.69175701913,97118.93226542715,62.27312831677375,67.3174125133312,16.66747061883704,78.34024393295739,High,Trending,holdout,2025-05,3509407d0c39,15-20
643,2025-05-08 14:00:00,2025-05-08 14:10:00,LONG,99290.04,99215.57246999998,SL,2,5e-05,0.0008,0.0008500000000000001,-0.0007500000000000907,-0.0016000000000000907,0.001372846662162667,0.001526235662711065,98340.99719237813,97323.77436696437,40.01656848306237,27.88820161157268,12.541237569394438,41.58275156055723,High,Trending,holdout,2025-05,3509407d0c39,10-15
644,2025-05-21 13:35:00,2025-05-21 13:40:00,LONG,106573.09,106786.23617999999,TP,1,5e-05,0.0008,0.0008500000000000001,0.0019999999999999636,0.0011499999999999636,0.0,0.0058907928821431655,105722.90952227055,105128.86831894003,63.73876872178595,43.688043573442485,18.748382010465424,63.73876872178595,High,Trending,holdout,2025-05,3509407d0c39,15-20
645,2025-05-22 13:35:00,2025-05-22 13:40:00,LONG,111069.45,111291.5889,TP,1,5e-05,0.0008,0.0008500000000000001,0.0020000000000000486,0.0011500000000000486,0.0,0.004449468328149613,109594.52967610378,108064.08853824079,42.26484420481551,36.84155806325621,14.91057958415309,42.26484420481551,High,Trending,holdout,2025-05,3509407d0c39,10-15
646,2025-05-25 14:00:00,2025-05-25 14:10:00,SHORT,107521.74,107602.381305,SL,2,5e-05,0.0008,0.0008500000000000001,-0.0007499999999999755,-0.0015999999999999756,0.0008250424518798881,0.0001310432662270073,108043.81213081005,108420.92334119398,58.780190790519384,72.66806328934136,58.780190790519384,84.8995923026042,High,Trending,holdout,2025-05,3509407d0c39,
647,2025-06-05 15:00:00,2025-06-05 15:05:00,SHORT,104639.21,104429.93158,TP,1,5e-05,0.0008,0.0008500000000000001,0.0020000000000000226,0.0011500000000000225,0.0,0.0028393754119512235,104924.56321261541,105037.09539370461,62.98676652519841,67.3640705310378,62.98676652519841,80.07498093304832,Medium,Trending,holdout,2025-06,3509407d0c39,
648,2025-06-07 14:35:00,2025-06-07 14:40:00,LONG,105651.47,105572.2313975,SL,1,5e-05,0.0008,0.0008500000000000001,-0.0007500000000000136,-0.0016000000000000137,0.001316971737354903,0.0,105250.78381327163,105044.97497137803,40.4384882279492,23.518348848457233,5.088442931889665,40.4384882279492,Medium,Trending,holdout,2025-06,3509407d0c39,5-10
649,2025-06-07 15:20:00,2025-06-07 15:55:00,LONG,105488.84,105558.11,EOD,7,5e-05,0.0008,0.0008500000000000001,0.0006566571402245401,-0.0001933428597754599,0.0007169478780882424,0.0008374345570583249,105314.18113442151,105113.47232066972,48.969079616775986,36.11596231475053,10.71833605516327,48.969079616775986,Low,Ranging,holdout,2025-06,3509407d0c39,10-15
650,2025-06-09 13:40:00,2025-06-09 13:50:00,LONG,107263.63,107183.1822775,SL,2,5e-05,0.0008,0.0008500000000000001,-0.0007500000000000089,-0.001600000000000009,0.0020845835629467865,0.0017534368359527059,106833.34361702323,106280.06341776377,31.21812265822419,23.239186190227375,5.774412197376389,31.21812265822419,High,Trending,holdout,2025-06,3509407d0c39,5-10
651,2025-06-09 14:05:00,2025-06-09 14:10:00,LONG,107215.99,107430.42198,TP,1,5e-05,0.0008,0.0008500000000000001,0.0019999999999999432,0.0011499999999999432,0.0,0.0024361105092625436,106895.46945364847,106365.28056450961,36.114197530864026,24.095007271505352,15.18481895135807,36.114197530864026,High,Ranging,holdout,2025-06,3509407d0c39,15-20
652,2025-06-10 14:00:00,2025-06-10 14:05:00,LONG,109305.28,109223.30103999999,SL,1,5e-05,0.0008,0.0008500000000000001,-0.00075000000000007,-0.0016000000000000701,0.0036244360748172296,0.0,108707.25352363639,107890.35589774256,32.367523386006134,25.65626806930061,10.78292579376938,32.367523386006134,High,Ranging,holdout,2025-06,3509407d0c39,10-15
653,2025-06-13 13:55:00,2025-06-13 14:00:00,SHORT,104765.11,104843.6838325,SL,1,5e-05,0.0008,0.0008500000000000001,-0.0007499999999999846,-0.0015999999999999847,0.0021673245988096386,0.0018814469817289418,105975.04461715816,106841.56779470893,27.723878374884112,53.99028693116264,27.723878374884112,80.22282015539078,Medium,Trending,holdout,2025-06,3509407d0c39,
654,2025-06-13 14:05:00,2025-06-13 14:15:00,SHORT,104596.27,104387.07746,TP,2,5e-05,0.0008,0.0008500000000000001,0.0020000000000000347,0.0011500000000000347,0.00030718112605726864,0.0028979044855041254,105870.17641130209,106754.10652641332,9.626112682282004,15.391702411731982,8.82511617803017,80.22282015539078,High,Trending,holdout,2025-06,3509407d0c39,5-10
655,2025-06-21 14:50:00,2025-06-21 15:00:00,SHORT,103480.0,103557.61,SL,2,5e-05,0.0008,0.0008500000000000001,-0.0007500000000000057,-0.0016000000000000057,0.001932740626207963,0.0001871859296481962,103978.61535691762,104328.1891393573,42.327557692796994,62.880530293287954,42.327557692796994,84.5816802708361,Medium,Trending,holdout,2025-06,3509407d0c39,
656,2025-06-24 13:40:00,2025-06-24 13:45:00,LONG,105219.63,105140.7152775,SL,1,5e-05,0.0008,0.0008500000000000001,-0.0007500000000000489,-0.0016000000000000489,0.0016501673689596195,0.0006782954853575834,103576.05761014015,102909.44925904158,39.764205897818705,28.481580333317492,11.251565691472114,39.764205897818705,Medium,Trending,holdout,2025-06,3509407d0c39,10-15
657,2025-06-29 13:10:00,2025-06-29 13:30:00,LONG,108146.65,108065.54001249999,SL,4,5e-05,0.0008,0.0008500000000000001,-0.0007500000000000672,-0.0016000000000000673,0.0010748368072426718,9.28369024838786e-05,107639.33139580928,107359.67950447873,64.01712446330151,62.21531207546568,25.35897400246667,64.0676843919368,Medium,Trending,holdout,2025-06,3509407d0c39,
658,2025-06-29 13:45:00,2025-06-29 13:50:00,LONG,108152.57,108071.45557250001,SL,1,5e-05,0.0008,0.0008500000000000001,-0.0007499999999999718,-0.0015999999999999719,0.0010356665588252716,0.0,107750.47394278056,107455.74754489458,38.50280703603669,29.58341501331473,17.150670008687904,38.50280703603669,High,Trending,holdout,2025-06,3509407d0c39,15-20
659,2025-07-01 13:40:00,2025-07-01 13:45:00,SHORT,106546.51,106626.41988249999,SL,1,5e-05,0.0008,0.0008500000000000001,-0.0007499999999999667,-0.001599999999999967,0.001796023163968492,0.0013222394614332287,106899.79033515444,107151.32949816648,48.27626228248153,66.95553663086115,48.27626228248153,83.30631056745511,High,Trending,holdout,2025-07,3509407d0c39,
660,2025-07-01 13:50:00,2025-07-01 13:55:00,SHORT,106737.87,106817.9234025,SL,1,5e-05,0.0008,0.0008500000000000001,-0.0007500000000000826,-0.0016000000000000827,0.0010130425124653946,0.0,106888.8871798177,107135.89837972057,59.283408061516134,50.4331945256672,43.73991323300431,83.30631056745511,Medium,Trending,holdout,2025-07,3509407d0c39,
661,2025-07-08 13:45:00,2025-07-08 13:50:00,LONG,109033.0,108951.22525,SL,1,5e-05,0.0008,0.0008500000000000001,-0.0007499999999999712,-0.0015999999999999712,0.0013849018187154349,0.0,108646.0490027871,108548.88911219401,56.82504431988332,37.050278651936125,19.867437332956904,56.82504431988332,High,Trending,holdout,2025-07,3509407d0c39,15-20
662,2025-07-11 13:05:00,2025-07-11 13:10:00,LONG,117955.21,117866.7435925,SL,1,5e-05,0.0008,0.0008500000000000001,-0.0007500000000000313,-0.0016000000000000315,0.0021636178681722186,0.0,113834.73467298438,112104.62041163993,45.98243916584833,35.438849649967416,4.783604443325401,45.98243916584833,Medium,Trending,holdout,2025-07,3509407d0c39,0-5
663,2025-07-11 13:35:00,2025-07-11 13:40:00,LONG,117396.0,117630.792,TP,1,5e-05,0.0008,0.0008500000000000001,0.002000000000000011,0.0011500000000000108,0.0,0.002840897475212058,114650.02725050534,112732.65019402483,23.680721892762268,20.67308699529444,16.413331670140717,23.680721892762268,High,Trending,holdout,2025-07,3509407d0c39,15-20
664,2025-07-11 13:45:00,2025-07-11 13:50:00,LONG,117450.99,117685.89198,TP,1,5e-05,0.0008,0.0008500000000000001,0.001999999999999958,0.001149999999999958,0.0,0.0033956291045311106,114876.40816934385,112923.22201466888,50.63622721805219,34.756083420420886,16.478927969554707,50.63622721805219,High,Trending,holdout,2025-07,3509407d0c39,15-20
665,2025-07-14 13:40:00,2025-07-14 13:45:00,LONG,121533.99,121777.05798000001,TP,1,5e-05,0.0008,0.0008500000000000001,0.002000000000000058,0.001150000000000058,0.0,0.00419709745397149,120328.68758318163,119142.11559919055,42.44674239496606,27.749346060697746,13.607533082636577,42.44674239496606,High,Trending,holdout,2025-07,3509407d0c39,10-15
666,2025-07-14 13:50:00,2025-07-14 13:55:00,LONG,121925.79,121834.34565749999,SL,1,5e-05,0.0008,0.0008500000000000001,-0.0007500000000000518,-0.001600000000000052,0.002809495841691806,0.001592854145132104,120457.34613118765,119254.22344747247,88.80253721143264,67.18440415925947,14.47722985921431,88.80253721143264,High,Trending,holdout,2025-07,3509407d0c39,10-15
667,2025-07-25 15:40:00,2025-07-25 15:45:00,SHORT,115338.95,115425.4542125,SL,1,5e-05,0.0008,0.0008500000000000001,-0.0007500000000000315,-0.0016000000000000315,0.0018950233203961627,0.00011245117109182254,116129.04145122139,116868.64996894132,64.18753696800131,76.55560726490437,64.18753696800131,89.71987610017099,Medium,Trending,holdout,2025-07,3509407d0c39,
668,2025-07-30 12:45:00,2025-07-30 12:50:00,SHORT,117583.67,117671.8577525,SL,1,5e-05,0.0008,0.0008500000000000001,-0.0007500000000000154,-0.0016000000000000155,0.0014831141092976551,0.0,117953.11395522807,118118.5905119942,61.89503244675211,69.9486127999905,61.89503244675211,81.3011368652708,Low,Trending,holdout,2025-07,3509407d0c39,
669,2025-08-01 13:15:00,2025-08-01 13:20:00,SHORT,115781.86,115550.29628,TP,1,5e-05,0.0008,0.0008500000000000001,0.002000000000000048,0.0011500000000000481,0.0004594847586659697,0.0022144228810972583,117000.78496631894,117482.559980615,65.99344539771262,76.25596633598244,65.99344539771262,87.82865492443216,Low,Trending,holdout,2025-08,3509407d0c39,
670,2025-08-01 13:25:00,2025-08-01 13:30:00,SHORT,115744.14,115512.65172,TP,1,5e-05,0.0008,0.0008500000000000001,0.0020000000000000434,0.0011500000000000433,0.0,0.003650551984748419,116901.63515729789,117413.119861779,41.846046885229356,52.11480652608694,41.846046885229356,85.82877815627518,Low,Trending,holdout,2025-08,3509407d0c39,
671,2025-08-01 14:50:00,2025-08-01 14:55:00,SHORT,115427.72,115514.29079,SL,1,5e-05,0.0008,0.0008500000000000001,-0.0007499999999999821,-0.001599999999999982,0.0028640434030923986,0.0,116063.97842884854,116767.77978157988,69.83548441758623,76.9323768023145,69.83548441758623,98.14223896893759,High,Ranging,holdout,2025-08,3509407d0c39,
672,2025-08-05 15:25:00,2025-08-05 15:30:00,SHORT,112992.37,113077.1142775,SL,1,5e-05,0.0008,0.0008500000000000001,-0.0007500000000000801,-0.00160000000000008,0.0008959897026675805,0.0011230846826205537,113772.85944505918,114048.48605262801,65.22992162297395,78.08284542379278,55.75953763539369,90.89439705898117,Medium,Trending,holdout,2025-08,3509407d0c39,
673,2025-08-07 14:40:00,2025-08-07 14:45:00,LONG,116630.23,116542.75732749999,SL,1,5e-05,0.0008,0.0008500000000000001,-0.0007500000000000628,-0.0016000000000000627,0.0028646089440104105,0.0,115893.56183949432,115305.51686139348,60.84901513885452,46.66489430336793,22.396659306269214,60.84901513885452,High,Trending,holdout,2025-08,3509407d0c39,
674,2025-08-10 13:15:00,2025-08-10 13:20:00,LONG,118582.01,118493.07349249999,SL,1,5e-05,0.0008,0.0008500000000000001,-0.0007500000000000811,-0.0016000000000000812,0.0009451686642856007,0.0,117670.51873990062,117181.11480959346,41.60327943233286,40.41518738644915,16.847525635748855,44.25971907349713,High,Trending,holdout,2025-08,3509407d0c39,15-20
675,2025-08-11 12:05:00,2025-08-11 12:10:00,LONG,120473.9,120383.54457499999,SL,1,5e-05,0.0008,0.0008500000000000001,-0.000750000000000013,-0.001600000000000013,0.003467141015605846,0.0,118567.0917557544,117990.70474143888,83.73016931632196,73.1589745117257,23.34643212419211,83.73016931632196,High,Trending,holdout,2025-08,3509407d0c39,
676,2025-08-11 13:20:00,2025-08-11 13:25:00,LONG,119662.01,119572.26349249999,SL,1,5e-05,0.0008,0.0008500000000000001,-0.000750000000000061,-0.001600000000000061,0.0018219650497262208,0.0,119112.87239733274,118458.7025876473,42.258073849386655,31.523019972230937,12.340500847534996,42.258073849386655,Medium,Ranging,holdout,2025-08,3509407d0c39,10-15
677,2025-08-18 13:45:00,2025-08-18 13:50:00,SHORT,115368.01,115137.27398,TP,1,5e-05,0.0008,0.0008500000000000001,0.001999999999999971,0.001149999999999971,0.0,0.002674744931458918,116540.11319403056,117151.10439935986,26.95129811687193,54.20009977700863,26.95129811687193,89.05143929012046,High,Trending,holdout,2025-08,3509407d0c39,
678,2025-08-18 13:55:00,2025-08-18 14:00:00,SHORT,115069.77,114839.63046,TP,1,5e-05,0.0008,0.0008500000000000001,0.0020000000000000326,0.0011500000000000325,0.00022794866106011966,0.002004262283656295,116418.00827330542,117064.92412098088,3.623615140349017,13.246914833424682,3.623615140349017,80.15914844255965,High,Trending,holdout,2025-08,3509407d0c39,0-5
679,2025-08-22 13:10:00,2025-08-22 13:20:00,SHORT,112252.93,112337.11969749999,SL,2,5e-05,0.0008,0.0008500000000000001,-0.0007499999999999835,-0.0015999999999999836,0.0008442541321638917,0.0017331396160437716,112798.69565250342,113248.68336369154,62.53348704084534,67.07532919175743,62.53348704084534,84.50933433358705,Low,Trending,holdout,2025-08,3509407d0c39,
680,2025-08-26 12:55:00,2025-08-26 13:00:00,SHORT,109850.36,109932.74777,SL,1,5e-05,0.0008,0.0008500000000000001,-0.0007500000000000107,-0.0016000000000000107,0.0033359016756977136,0.0,111474.5896534115,112312.22943623758,50.97491509554385,65.84034423737842,40.50883496763061,86.64695191683008,High,Trending,holdout,2025-08,3509407d0c39,
681,2025-08-28 14:20:00,2025-08-28 14:25:00,LONG,112876.14,112791.482895,SL,1,5e-05,0.0008,0.0008500000000000001,-0.0007500000000000503,-0.0016000000000000504,0.0021590922581158994,0.0,112527.828977657,112139.21269315554,58.165094121454906,57.21711010155216,26.181041511140876,59.97126652289409,Low,Trending,holdout,2025-08,3509407d0c39,
682,2025-09-12 13:35:00,2025-09-12 13:40:00,LONG,115045.99,114959.7055075,SL,1,5e-05,0.0008,0.0008500000000000001,-0.0007500000000000864,-0.0016000000000000866,0.0019288807893261075,0.0,114603.57030879997,114167.03488249375,29.73028558486219,24.933388949719056,14.755123792792284,31.731501605564215,High,Trending,holdout,2025-09,3509407d0c39,10-15
683,2025-09-15 13:50:00,2025-09-15 13:55:00,SHORT,114572.0,114657.929,SL,1,5e-05,0.0008,0.0008500000000000001,-0.0007500000000000325,-0.0016000000000000326,0.002440648675068993,0.0,115061.76233826016,115189.55979741983,34.51701631701672,31.17168984162876,19.021500517206672,91.75218812870416,High,Trending,holdout,2025-09,3509407d0c39,15-20
684,2025-09-22 13:30:00,2025-09-22 13:35:00,SHORT,112946.72,112720.82656,TP,1,5e-05,0.0008,0.0008500000000000001,0.0019999999999999983,0.0011499999999999982,0.0,0.0035124525971183683,114097.9315569762,114826.12916662756,69.58057430307062,77.00398304495333,69.58057430307062,83.80440466051154,High,Trending,holdout,2025-09,3509407d0c39,
685,2025-09-22 13:40:00,2025-09-22 13:50:00,SHORT,112561.26,112645.680945,SL,2,5e-05,0.0008,0.0008500000000000001,-0.0007500000000000472,-0.0016000000000000471,0.003009383512586882,0.0016103231253807462,113980.7616794694,114737.81947084764,22.41704025183814,45.89969475419969,22.41704025183814,81.79231339838151,High,Trending,holdout,2025-09,3509407d0c39,
686,2025-09-25 13:40:00,2025-09-25 13:45:00,SHORT,111232.51,111010.04497999999,TP,1,5e-05,0.0008,0.0008500000000000001,0.0020000000000000295,0.0011500000000000295,0.0,0.0051712399549375615,112162.5091986518,112616.43635815986,44.61615172123276,68.59134442004316,44.61615172123276,91.08407513219595,High,Trending,holdout,2025-09,3509407d0c39,
687,2025-09-25 13:50:00,2025-09-25 13:55:00,SHORT,110876.97,110960.1277275,SL,1,5e-05,0.0008,0.0008500000000000001,-0.0007500000000000161,-0.0016000000000000161,0.0011096082441646705,9.812677961892949e-05,112067.29133639485,112550.0625356656,20.73623124529362,30.104354350346835,20.73623124529362,88.82528588559484,Medium,Trending,holdout,2025-09,3509407d0c39,
688,2025-09-25 14:40:00,2025-09-25 14:45:00,SHORT,111460.0,111543.595,SL,1,5e-05,0.0008,0.0008500000000000001,-0.0007500000000000104,-0.0016000000000000105,0.0011972007895209252,0.0,111857.35475735078,112345.35404812334,75.32973331485698,81.89965706717952,75.32973331485698,91.08933561002762,Low,Trending,holdout,2025-09,3509407d0c39,
689,2025-09-26 14:05:00,2025-09-26 14:10:00,SHORT,109426.64,109508.70998,SL,1,5e-05,0.0008,0.0008500000000000001,-0.000750000000000002,-0.001600000000000002,0.0010913247450529255,0.0014701173315747914,110153.14164237432,110964.91112530953,67.05269772870066,79.09122196302928,67.05269772870066,95.81773006395917,Medium,Ranging,holdout,2025-09,3509407d0c39,
690,2025-09-29 13:15:00,2025-09-29 13:35:00,LONG,112094.74,112318.92948,TP,4,5e-05,0.0008,0.0008500000000000001,0.002000000000000008,0.0011500000000000078,6.521269419075528e-05,0.004151934336972358,110825.96691505193,110345.80456220456,46.06101023049178,26.925525658467205,12.314086624038922,46.06101023049178,Medium,Trending,holdout,2025-09,3509407d0c39,10-15
691,2025-10-17 13:45:00,2025-10-17 13:50:00,SHORT,105326.67,105405.6650025,SL,1,5e-05,0.0008,0.0008500000000000001,-0.0007499999999999984,-0.0015999999999999986,0.0063402745002761685,0.0,107610.09258037264,109082.9919435375,52.089384800633354,68.53966474520864,52.089384800633354,90.4276413995306,High,Trending,holdout,2025-10,3509407d0c39,
692,2025-10-20 13:35:00,2025-10-20 13:40:00,LONG,110694.23,110915.61846,TP,1,5e-05,0.0008,0.0008500000000000001,0.002000000000000018,0.0011500000000000178,0.0,0.0025222633555515685,109556.4982541595,108785.79610332148,46.56263543531342,33.722168250171556,7.891490611829693,46.56263543531342,High,Trending,holdout,2025-10,3509407d0c39,5-10
693,2025-10-20 13:45:00,2025-10-20 13:55:00,LONG,110910.26,111132.08051999999,TP,2,5e-05,0.0008,0.0008500000000000001,0.0019999999999999445,0.0011499999999999445,0.0,0.0026399721720966386,109666.20079516992,108871.93153305106,81.10043108219308,62.61419072751489,24.155495079802126,81.10043108219308,High,Trending,holdout,2025-10,3509407d0c39,
694,2025-10-26 13:20:00,2025-10-26 13:40:00,LONG,113489.55,113716.5291,TP,4,5e-05,0.0008,0.0008500000000000001,0.001999999999999972,0.0011499999999999718,0.0,0.004497770940143802,112457.33596872093,111750.5568203433,38.10389743654189,25.46789314529742,13.874883328877857,38.10389743654189,Medium,Trending,holdout,2025-10,3509407d0c39,10-15
695,2025-10-27 13:20:00,2025-10-27 13:25:00,LONG,115200.65,115114.24951249998,SL,1,5e-05,0.0008,0.0008500000000000001,-0.0007500000000000874,-0.0016000000000000875,0.0008508632546777256,0.0,114213.67993139455,113356.01117097231,59.703810797436184,58.214924982625384,26.09095728188302,62.97317720036272,Low,Trending,holdout,2025-10,3509407d0c39,
696,2025-10-27 13:50:00,2025-10-27 13:55:00,LONG,114993.56,115223.54712,TP,1,5e-05,0.0008,0.0008500000000000001,0.0020000000000000456,0.0011500000000000455,0.0,0.003286184026305468,114386.05380973271,113544.09442035716,64.46051369053698,38.08991504247084,15.71881872274352,64.46051369053698,High,Trending,holdout,2025-10,3509407d0c39,15-20
697,2025-10-27 14:00:00,2025-10-27 14:05:00,LONG,115264.29,115177.84178249999,SL,1,5e-05,0.0008,0.0008500000000000001,-0.0007500000000000104,-0.0016000000000000105,0.005011873148222991,0.0,114443.84722690053,113606.6296298324,75.7093284343735,72.54961008232301,15.71881872274352,77.47898812205888,High,Ranging,holdout,2025-10,3509407d0c39,15-20
698,2025-11-03 14:10:00,2025-11-03 14:15:00,SHORT,108064.0,107847.872,TP,1,5e-05,0.0008,0.0008500000000000001,0.001999999999999972,0.0011499999999999718,0.0,0.0025728272135030986,108748.97490302431,109325.5779069734,55.04607017750727,69.38334218690991,55.04607017750727,81.80416295714944,High,Trending,holdout,2025-11,3509407d0c39,
699,2025-11-03 14:25:00,2025-11-03 14:35:00,SHORT,107667.25,107748.0004375,SL,2,5e-05,0.0008,0.0008500000000000001,-0.0007499999999999903,-0.0015999999999999903,0.0015301774680787333,0.0027700159519260057,108627.58078752446,109229.59431490251,4.156154336580325,14.358925224530859,4.156154336580325,71.29979342607332,Medium,Trending,holdout,2025-11,3509407d0c39,0-5
700,2025-11-03 15:05:00,2025-11-03 15:10:00,SHORT,107781.05,107565.48790000001,TP,1,5e-05,0.0008,0.0008500000000000001,0.001999999999999959,0.0011499999999999588,4.7596493075453476e-05,0.002268951731310865,108396.73142755318,109015.507793717,64.73461572885246,74.49177572689057,44.966369944293184,82.09253862670094,High,Trending,holdout,2025-11,3509407d0c39,
701,2025-11-03 15:15:00,2025-11-03 15:20:00,SHORT,107648.43,107433.13313999999,TP,1,5e-05,0.0008,0.0008500000000000001,0.0020000000000000204,0.0011500000000000204,0.0,0.005185491325790742,108336.27975300084,108960.431660251,32.37092510768674,46.937063952722816,32.37092510768674,82.09253862670094,Medium,Trending,holdout,2025-11,3509407d0c39,
702,2025-11-04 13:50:00,2025-11-04 13:55:00,SHORT,103923.07,104001.0123025,SL,1,5e-05,0.0008,0.0008500000000000001,-0.0007499999999999965,-0.0015999999999999966,0.0010630940752615942,9.50703246161286e-05,105485.82809736079,106870.79723449104,71.00214177662646,78.75185508371736,40.45995984596459,86.63211403642237,Low,Trending,holdout,2025-11,3509407d0c39,
703,2025-11-09 15:05:00,2025-11-09 15:10:00,LONG,103265.22,103471.75044,TP,1,5e-05,0.0008,0.0008500000000000001,0.002000000000000022,0.001150000000000022,0.0,0.002079887110103468,102619.80953251396,102276.98622886784,28.338572693956838,22.58453563278839,15.86469953003833,34.35750142435584,High,Trending,holdout,2025-11,3509407d0c39,15-20
704,2025-11-09 15:20:00,2025-11-09 15:25:00,LONG,103572.39,103494.7107075,SL,1,5e-05,0.0008,0.0008500000000000001,-0.0007500000000000437,-0.0016000000000000437,0.0013493943704494485,0.00012310230554687403,102714.45113139544,102345.64335104423,79.6764469497155,63.457020855706354,23.550334674370294,79.6764469497155,Medium,Trending,holdout,2025-11,3509407d0c39,
705,2025-11-14 14:35:00,2025-11-14 14:40:00,SHORT,95576.64,95648.32248,SL,1,5e-05,0.0008,0.0008500000000000001,-0.0007500000000000327,-0.0016000000000000328,0.010216094644046896,0.0,97365.93860507966,99453.6094064574,74.34628449136723,76.91233860894472,74.34628449136723,80.33120449457296,High,Ranging,holdout,2025-11,3509407d0c39,
706,2025-11-21 13:25:00,2025-11-21 13:30:00,SHORT,83636.34,83469.06732,TP,1,5e-05,0.0008,0.0008500000000000001,0.0019999999999999354,0.0011499999999999354,0.0,0.004185262052356591,86906.25541603817,88885.15476452332,54.826485499914064,75.81605502123182,54.826485499914064,94.8184259971754,Low,Trending,holdout,2025-11,3509407d0c39,
707,2025-11-21 14:10:00,2025-11-21 14:15:00,SHORT,84210.04,84041.61992,TP,1,5e-05,0.0008,0.0008500000000000001,0.0019999999999999554,0.0011499999999999553,0.0,0.007899533119803608,86026.63089066697,88079.36926965658,55.334131937248365,64.41445194878321,55.334131937248365,80.08288858034176,Medium,Trending,holdout,2025-11,3509407d0c39,
708,2025-11-27 13:35:00,2025-11-27 13:40:00,LONG,90564.45,90745.5789,TP,1,5e-05,0.0008,0.0008500000000000001,0.0019999999999999567,0.0011499999999999566,0.0,0.003161284587937131,89181.83984649566,88234.60899575218,36.066414386091715,25.505323062776956,7.397765399870629,36.066414386091715,High,Trending,holdout,2025-11,3509407d0c39,5-10
709,2025-12-01 13:35:00,2025-12-01 13:40:00,SHORT,85784.15,85848.4881125,SL,1,5e-05,0.0008,0.0008500000000000001,-0.0007500000000000169,-0.001600000000000017,0.0010809689202493757,0.0013101487862268197,88321.22901631193,89459.20295454445,64.67749360719743,75.59274965663468,64.67749360719743,90.77917136381605,High,Trending,holdout,2025-12,3509407d0c39,
710,2025-12-01 13:45:00,2025-12-01 13:50:00,SHORT,85790.45,85854.7928375,SL,1,5e-05,0.0008,0.0008500000000000001,-0.0007500000000000885,-0.0016000000000000885,0.0037384114432317487,0.0005879442292236761,88126.62033378122,89315.3402389462,32.50393847504883,46.9679860085327,32.50393847504883,85.34607649203933,Low,Trending,holdout,2025-12,3509407d0c39,
711,2025-12-01 14:30:00,2025-12-01 14:35:00,SHORT,86244.01,86308.6930075,SL,1,5e-05,0.0008,0.0008500000000000001,-0.0007500000000000399,-0.00160000000000004,0.00498573756020859,0.0,87538.02602881538,88798.29167621657,78.32320505684056,73.39969318837882,70.84397048611696,89.90937146385086,High,Trending,holdout,2025-12,3509407d0c39,
712,2025-12-01 14:45:00,2025-12-01 14:50:00,SHORT,86054.68,85882.57063999999,TP,1,5e-05,0.0008,0.0008500000000000001,0.0020000000000000256,0.0011500000000000256,0.0007184966581713133,0.002169318391515639,87380.47858639665,88643.93154218161,32.028257171425956,57.00520919668778,32.028257171425956,80.38980950949075,High,Trending,holdout,2025-12,3509407d0c39,
713,2025-12-01 14:55:00,2025-12-01 15:00:00,SHORT,86034.45,86098.9758375,SL,1,5e-05,0.0008,0.0008500000000000001,-0.0007499999999999718,-0.0015999999999999719,0.0011939403343660727,0.0032774080615381534,87278.28949863065,88542.2713405472,18.7480267898686,22.594176205372534,17.006244654823277,80.38980950949075,High,Trending,holdout,2025-12,3509407d0c39,15-20
714,2025-12-03 14:20:00,2025-12-03 14:25:00,LONG,92345.17,92529.86034,TP,1,5e-05,0.0008,0.0008500000000000001,0.002000000000000011,0.0011500000000000108,0.0005049533180782996,0.0024493971909955044,91508.37005150157,90344.87874298867,33.797621563466315,26.205993124976143,16.106425535639005,45.69160428051517,Medium,Trending,holdout,2025-12,3509407d0c39,15-20
715,2025-12-12 14:35:00,2025-12-12 14:40:00,LONG,92345.08,92529.77016,TP,1,5e-05,0.0008,0.0008500000000000001,0.0019999999999999814,0.0011499999999999813,5.566078885847971e-05,0.0020004314252583455,91733.07720935761,91395.76279261705,54.28727601557457,36.06986070341832,16.95211468818341,54.28727601557457,High,Trending,holdout,2025-12,3509407d0c39,15-20
716,2025-12-14 13:00:00,2025-12-14 13:05:00,SHORT,89431.66,89252.79668,TP,1,5e-05,0.0008,0.0008500000000000001,0.0020000000000000447,0.0011500000000000446,0.0,0.0038427107357730302,89991.8114847803,90375.35357114392,25.882841797364538,46.53436732526658,25.882841797364538,80.44641533161676,High,Trending,holdout,2025-12,3509407d0c39,
717,2025-12-14 13:10:00,2025-12-14 13:15:00,SHORT,89248.76,89315.69657,SL,1,5e-05,0.0008,0.0008500000000000001,-0.0007500000000000594,-0.0016000000000000595,0.0008161457929500765,0.0005463381227929078,89934.4842810294,90331.08112839736,20.552234422583236,21.292452230087637,17.442280470315364,69.56867993654494,Low,Trending,holdout,2025-12,3509407d0c39,15-20
718,2025-12-21 13:00:00,2025-12-21 13:05:00,LONG,88638.01,88571.5314925,SL,1,5e-05,0.0008,0.0008500000000000001,-0.0007499999999999587,-0.0015999999999999587,0.003954849618126449,0.0,88369.49821397127,88269.65453627202,19.39114372470105,16.46883714036383,9.279587336975332,47.526279799755436,High,Trending,holdout,2025-12,3509407d0c39,5-10
719,2025-12-22 13:35:00,2025-12-22 13:40:00,LONG,89940.0,89872.545,SL,1,5e-05,0.0008,0.0008500000000000001,-0.0007500000000000194,-0.0016000000000000194,0.002315766066266387,0.0,89206.82763579175,88790.2589978989,21.573093223807295,20.60863865304523,15.626465661746941,22.218374913645885,Medium,Trending,holdout,2025-12,3509407d0c39,15-20
720,2025-12-22 14:05:00,2025-12-22 14:10:00,LONG,90086.32,90018.75526,SL,1,5e-05,0.0008,0.0008500000000000001,-0.0007500000000000179,-0.001600000000000018,0.0015133263296802637,0.0,89360.40569351321,88918.48643511778,63.51540288036667,54.0159322170694,19.056503455946736,63.51540288036667,High,Trending,holdout,2025-12,3509407d0c39,15-20
721,2025-12-29 13:15:00,2025-12-29 13:20:00,SHORT,87328.44,87393.93633000001,SL,1,5e-05,0.0008,0.0008500000000000001,-0.0007500000000001034,-0.0016000000000001035,0.0015496669813408065,0.0,87610.73252485227,87681.84868439255,48.520497200309364,61.91034274340317,48.520497200309364,93.77531362313533,High,Trending,holdout,2025-12,3509407d0c39,
722,2025-12-29 13:30:00,2025-12-29 13:35:00,SHORT,87299.28,87364.75446,SL,1,5e-05,0.0008,0.0008500000000000001,-0.0007499999999999729,-0.001599999999999973,0.0008368912091829127,0.00045796483086682873,87580.81034169621,87662.31782405083,27.66042862213325,37.96263465466607,27.66042862213325,55.87827518026,Medium,Trending,holdout,2025-12,3509407d0c39,
723,2026-01-02 13:10:00,2026-01-02 13:20:00,LONG,89457.97,89636.88594000001,TP,2,5e-05,0.0008,0.0008500000000000001,0.0020000000000000694,0.0011500000000000694,0.0,0.0025780821988248184,88684.39104586483,88468.69237918842,37.32051738459485,24.295832980353357,13.926223675055226,48.748251289731606,Low,Trending,holdout,2026-01,3509407d0c39,10-15
724,2026-01-02 13:25:00,2026-01-02 13:30:00,LONG,89558.09,89490.92143249999,SL,1,5e-05,0.0008,0.0008500000000000001,-0.0007500000000000495,-0.0016000000000000495,0.0015084064432369707,0.00024464568192559145,88785.54131680087,88533.36397799687,71.80888190899724,67.9240365124928,21.640757881410277,71.80888190899724,Medium,Trending,holdout,2026-01,3509407d0c39,
725,2026-01-02 13:50:00,2026-01-02 13:55:00,LONG,89501.4,89434.27394999999,SL,1,5e-05,0.0008,0.0008500000000000001,-0.0007500000000000695,-0.0016000000000000697,0.0021391844149923,0.0,88909.01458489089,88622.11402619818,29.12834518097586,22.777839711899077,17.981015464741173,46.94411726213539,Low,Trending,holdout,2026-01,3509407d0c39,15-20
726,2026-01-05 13:00:00,2026-01-05 13:20:00,LONG,92874.28,92804.62428999999,SL,4,5e-05,0.0008,0.0008500000000000001,-0.0007500000000000685,-0.0016000000000000686,0.0017042393222321491,0.001569002742201621,91815.11257161813,91142.8422936504,36.17555117230022,21.85056460146006,7.0480395847255375,36.17555117230022,High,Trending,holdout,2026-01,3509407d0c39,5-10
727,2026-01-13 13:35:00,2026-01-13 13:40:00,LONG,92284.0,92214.787,SL,1,5e-05,0.0008,0.0008500000000000001,-0.0007500000000000366,-0.0016000000000000367,0.0025061765853235537,0.0,91578.11461194059,91274.52148302451,55.981112254366366,54.473803006158185,19.665674635756826,59.776073436072785,High,Trending,holdout,2026-01,3509407d0c39,15-20
728,2026-01-13 14:20:00,2026-01-13 14:25:00,LONG,92125.2,92309.4504,TP,1,5e-05,0.0008,0.0008500000000000001,0.002000000000000048,0.0011500000000000481,0.0,0.0033480524329933866,91736.9774554751,91411.27626199994,62.112380048523484,42.05218834188209,18.134873238030245,62.112380048523484,Medium,Trending,holdout,2026-01,3509407d0c39,15-20
729,2026-01-13 14:30:00,2026-01-13 14:35:00,LONG,92433.63,92618.49726,TP,1,5e-05,0.0008,0.0008500000000000001,0.00199999999999999,0.00114999999999999,0.0,0.003963600693816691,91791.27727435438,91451.73414016874,93.46895562746094,80.77157678359531,22.700395937474628,93.46895562746094,Medium,Trending,holdout,2026-01,3509407d0c39,
730,2026-01-14 14:05:00,2026-01-14 14:10:00,LONG,95244.93,95435.41986,TP,1,5e-05,0.0008,0.0008500000000000001,0.002000000000000016,0.001150000000000016,0.0,0.00297202171286185,94071.8025508157,93128.75579717132,68.70902486400466,42.93109255572767,15.007634107030682,68.70902486400466,Medium,Trending,holdout,2026-01,3509407d0c39,15-20
731,2026-01-14 14:15:00,2026-01-14 14:20:00,LONG,95476.56,95667.51312,TP,1,5e-05,0.0008,0.0008500000000000001,0.0020000000000000586,0.0011500000000000585,0.0,0.003442310866667206,94186.2286830098,93224.05396020744,87.63850912123097,81.83005483710639,15.007634107030682,89.14263052608385,High,Trending,holdout,2026-01,3509407d0c39,15-20
732,2026-01-18 15:45:00,2026-01-18 15:55:00,SHORT,95045.28,95116.56396,SL,2,5e-05,0.0008,0.0008500000000000001,-0.000750000000000007,-0.001600000000000007,0.0008437031276040465,0.0,95142.06789349392,95220.37570267609,72.3088096195018,75.65015754682268,63.10538889802053,81.64645358453657,Medium,Trending,holdout,2026-01,3509407d0c39,
733,2026-01-19 14:10:00,2026-01-19 14:20:00,SHORT,92850.79,92920.42809249999,SL,2,5e-05,0.0008,0.0008500000000000001,-0.000749999999999974,-0.001599999999999974,0.0014631000985560363,5.158814480731502e-05,93741.98493763147,94304.58007416637,15.864196376216599,30.865118150106394,15.864196376216599,69.96289083316533,Low,Trending,holdout,2026-01,3509407d0c39,15-20
734,2026-01-20 14:20:00,2026-01-20 14:25:00,SHORT,90756.91,90824.9776825,SL,1,5e-05,0.0008,0.0008500000000000001,-0.0007499999999999704,-0.0015999999999999704,0.0026784737382530596,0.0,91756.02499568752,92618.96279111186,47.17975128744596,67.25283445584331,47.17975128744596,92.78948837995098,High,Trending,holdout,2026-01,3509407d0c39,
735,2026-01-20 14:30:00,2026-01-20 14:35:00,SHORT,90990.1,91058.342575,SL,1,5e-05,0.0008,0.0008500000000000001,-0.0007499999999999623,-0.0015999999999999623,0.004187378626905507,0.002758102255080568,91690.03503062119,92551.50930454733,47.59644429513508,45.071271930444105,40.437620208751525,92.78948837995098,High,Trending,holdout,2026-01,3509407d0c39,
736,2026-01-25 13:10:00,2026-01-25 13:20:00,SHORT,88764.69,88831.2635175,SL,2,5e-05,0.0008,0.0008500000000000001,-0.00075000000000001,-0.00160000000000001,0.0007757589194532261,0.00033831019969763693,89098.56152739577,89267.71627478588,56.511607628901345,75.11435724993324,56.511607628901345,89.6381093543863,Medium,Trending,holdout,2026-01,3509407d0c39,
737,2026-01-25 14:20:00,2026-01-25 14:25:00,SHORT,88824.87,88647.22026,TP,1,5e-05,0.0008,0.0008500000000000001,0.0019999999999999267,0.0011499999999999267,0.0,0.0022502706730670153,88985.04350122268,89161.53852452939,27.35302472904965,46.64544557364201,27.35302472904965,83.71817643576075,High,Trending,holdout,2026-01,3509407d0c39,
738,2026-01-26 14:15:00,2026-01-26 14:25:00,SHORT,87688.01,87753.7760075,SL,2,5e-05,0.0008,0.0008500000000000001,-0.0007500000000000247,-0.0016000000000000248,0.0009326246541573796,0.0006332678777862429,88172.99877916426,88514.40891940407,4.632498431773217,19.828191805339767,4.632498431773217,68.36248379120723,High,Trending,holdout,2026-01,3509407d0c39,0-5
739,2026-01-28 14:35:00,2026-01-28 14:40:00,LONG,90081.35,90013.7889875,SL,1,5e-05,0.0008,0.0008500000000000001,-0.0007500000000001041,-0.0016000000000001042,0.004899349310373468,0.0,89494.02311316194,89037.01066543862,20.893605466761365,17.611334557849826,4.958967323794417,22.10332789158012,High,Trending,holdout,2026-01,3509407d0c39,0-5
740,2026-02-14 13:20:00,2026-02-14 13:25:00,LONG,69480.18,69428.069865,SL,1,5e-05,0.0008,0.0008500000000000001,-0.0007499999999999332,-0.0015999999999999333,0.003255316839996572,0.0,68863.02199441631,68378.13898131902,35.029326248216705,30.529343335174445,6.574908679796678,35.029326248216705,High,Trending,holdout,2026-02,3509407d0c39,5-10
741,2026-03-04 15:05:00,2026-03-04 15:10:00,LONG,71670.64,71813.98127999999,TP,1,5e-05,0.0008,0.0008500000000000001,0.0019999999999999064,0.0011499999999999063,0.0,0.008042902923707703,70545.43505773359,69334.8996249651,35.35073899017121,30.00950308850305,19.786070596390136,35.35073899017121,High,Trending,holdout,2026-03,3509407d0c39,15-20
742,2026-03-10 14:00:00,2026-03-10 14:05:00,LONG,69921.12,69868.67916,SL,1,5e-05,0.0008,0.0008500000000000001,-0.000749999999999938,-0.001599999999999938,0.0062135732379571705,0.003274833126242979,69739.27544740454,69197.58180014376,28.000347343739367,29.391460600521114,8.057074478199604,30.150458634263885,High,Trending,holdout,2026-03,3509407d0c39,5-10
743,2026-03-11 12:00:00,2026-03-11 12:05:00,LONG,69172.99,69121.1102575,SL,1,5e-05,0.0008,0.0008500000000000001,-0.0007500000000001219,-0.001600000000000122,0.002820175909701196,0.0,70368.08573231522,69776.89321115756,21.677838153249137,20.453041711426746,12.765658275861194,26.915628705170054,Medium,Trending,holdout,2026-03,3509407d0c39,10-15
744,2026-03-19 14:05:00,2026-03-19 14:10:00,SHORT,69816.82,69677.18636,TP,1,5e-05,0.0008,0.0008500000000000001,0.002,0.00115,0.0,0.004534867099360879,70454.51733145918,71313.6707068917,60.81432381563186,77.58141575690935,60.81432381563186,94.69326894960425,High,Trending,holdout,2026-03,3509407d0c39,
745,2026-03-22 14:50:00,2026-03-22 15:00:00,SHORT,68727.74,68779.285805,SL,2,5e-05,0.0008,0.0008500000000000001,-0.0007500000000000227,-0.0016000000000000228,0.0013423982805195508,0.0011907855547121302,69184.02697602604,69620.85679931066,36.61149505342734,58.64802068071034,36.61149505342734,80.92018254633454,Medium,Trending,holdout,2026-03,3509407d0c39,
746,2026-03-25 14:40:00,2026-03-25 14:45:00,LONG,71346.65,71293.1400125,SL,1,5e-05,0.0008,0.0008500000000000001,-0.0007500000000000203,-0.0016000000000000202,0.0010394321247036678,0.000915950503632698,71184.81522429254,70902.44728595437,31.733757192714346,27.77021229153023,8.649089240211891,31.733757192714346,Low,Trending,holdout,2026-03,3509407d0c39,5-10
747,2026-03-26 14:00:00,2026-03-26 14:05:00,SHORT,69646.59,69698.8249425,SL,1,5e-05,0.0008,0.0008500000000000001,-0.00074999999999999,-0.00159999999999999,0.0027356687527702196,0.0005621237163225678,70067.3829418486,70347.57158624369,75.6660853741757,77.64415178723429,41.77310767126875,83.23753022976224,Medium,Trending,holdout,2026-03,3509407d0c39,
748,2026-03-26 14:10:00,2026-03-26 14:15:00,SHORT,69648.38,69509.08324,TP,1,5e-05,0.0008,0.0008500000000000001,0.001999999999999963,0.0011499999999999631,0.00045399476628164707,0.002459066528180613,70033.59649495521,70319.36331308444,66.42555665074464,70.14919840607946,66.42555665074464,83.23753022976224,Medium,Trending,holdout,2026-03,3509407d0c39,
749,2026-04-02 14:30:00,2026-04-02 14:35:00,SHORT,66261.88,66311.57641000001,SL,1,5e-05,0.0008,0.0008500000000000001,-0.0007500000000000619,-0.0016000000000000619,0.011932049015210546,0.0,66799.06370591477,67142.46577071649,73.12481619072183,80.14067029860894,73.12481619072183,93.80489061025064,High,Trending,holdout,2026-04,3509407d0c39,
750,2026-04-10 14:05:00,2026-04-10 14:10:00,LONG,72432.86,72577.72572,TP,1,5e-05,0.0008,0.0008500000000000001,0.002000000000000022,0.001150000000000022,0.0004894187527594118,0.0045991556870735835,71891.07961521433,71424.73757754714,84.26860550483482,80.7559902749499,37.676510666335474,84.26860550483482,Medium,Trending,holdout,2026-04,3509407d0c39,
751,2026-04-12 14:45:00,2026-04-12 14:55:00,SHORT,70844.92,70703.23015999999,TP,2,5e-05,0.0008,0.0008500000000000001,0.00200000000000009,0.0011500000000000898,0.0,0.002045594800586948,71482.27397605231,71773.11210663072,14.477895107751989,39.068544420151724,14.477895107751989,90.35130088095566,High,Trending,holdout,2026-04,3509407d0c39,10-15
752,2026-04-22 13:10:00,2026-04-22 13:15:00,LONG,78262.74,78419.26548,TP,1,5e-05,0.0008,0.0008500000000000001,0.0019999999999999567,0.0011499999999999566,0.0,0.003031583100719381,76939.81024999652,76442.45181931362,67.715999319161,60.253646949495646,23.042573704776572,67.715999319161,Low,Trending,holdout,2026-04,3509407d0c39,
753,2026-04-28 13:55:00,2026-04-28 14:00:00,SHORT,76128.13,76185.22609750001,SL,1,5e-05,0.0008,0.0008500000000000001,-0.0007500000000000692,-0.0016000000000000692,0.000810738422183773,0.0014466400264922395,76732.94092544551,77131.82281778405,47.699477245747154,62.90840840992342,47.699477245747154,80.92539152581297,High,Trending,holdout,2026-04,3509407d0c39,
754,2026-05-01 14:50:00,2026-05-01 14:55:00,LONG,78380.0,78321.215,SL,1,5e-05,0.0008,0.0008500000000000001,-0.0007500000000000446,-0.0016000000000000445,0.0008203623373309889,0.00011482521051288594,77812.79042825372,77360.48071317613,32.59001065216245,25.19458815224111,16.654038751818362,32.59001065216245,Medium,Trending,holdout,2026-05,3509407d0c39,15-20
755,2026-05-04 15:35:00,2026-05-04 15:40:00,LONG,79670.15,79829.49029999999,TP,1,5e-05,0.0008,0.0008500000000000001,0.0019999999999999523,0.0011499999999999523,0.0005015680276740015,0.0032202776071089644,79257.40610238815,78949.4627287652,32.3172269487174,25.221821642436286,17.538845570565915,44.51572514180296,High,Trending,holdout,2026-05,3509407d0c39,15-20
756,2026-05-04 15:45:00,2026-05-04 15:50:00,LONG,79909.99,79850.05750750001,SL,1,5e-05,0.0008,0.0008500000000000001,-0.0007499999999999555,-0.0015999999999999556,0.004286072367172114,9.99874984340592e-05,79303.68674042058,78985.15805946747,51.56454956341241,42.247065236912945,17.538845570565915,51.56454956341241,Medium,Trending,holdout,2026-05,3509407d0c39,15-20
757,2026-05-10 14:35:00,2026-05-10 14:40:00,LONG,80953.42,80892.704935,SL,1,5e-05,0.0008,0.0008500000000000001,-0.000749999999999959,-0.001599999999999959,0.0009562289029914177,0.0003283369621691307,80769.07585495587,80621.28318744928,45.42030978812585,33.07284983369831,17.930276258797527,45.42030978812585,Low,Trending,holdout,2026-05,3509407d0c39,15-20
758,2026-05-11 13:05:00,2026-05-11 13:30:00,LONG,81197.35,81136.4519875,SL,5,5e-05,0.0008,0.0008500000000000001,-0.0007500000000001097,-0.0016000000000001098,0.0035946985954591454,0.0016618768962286055,81031.12872560794,80851.52980183788,43.166304447639256,28.227886659164145,17.00073936978509,43.166304447639256,Medium,Trending,holdout,2026-05,3509407d0c39,15-20
759,2026-05-13 12:25:00,2026-05-13 12:30:00,SHORT,80280.22,80340.430165,SL,1,5e-05,0.0008,0.0008500000000000001,-0.0007499999999999599,-0.00159999999999996,0.000985672435875296,0.002842792408889776,80610.54978284714,80718.52953674593,48.928276246937266,64.4451533343865,48.928276246937266,87.73325696108259,Medium,Trending,holdout,2026-05,3509407d0c39,
760,2026-05-13 12:35:00,2026-05-13 12:40:00,SHORT,80112.01,80172.0940075,SL,1,5e-05,0.0008,0.0008500000000000001,-0.0007500000000000183,-0.0016000000000000185,0.0008421958205767296,0.003245580781208645,80565.5902301484,80691.40144590205,21.37810974290981,32.033983966720164,21.37810974290981,81.92412909048784,High,Trending,holdout,2026-05,3509407d0c39,
761,2026-05-13 13:40:00,2026-05-13 13:45:00,SHORT,79891.15,79731.36769999999,TP,1,5e-05,0.0008,0.0008500000000000001,0.002000000000000078,0.001150000000000078,0.0,0.003938859310449193,80399.65977322398,80570.4788356115,12.3424743856612,15.011397199235128,9.689236992548834,74.19574332857323,Medium,Trending,holdout,2026-05,3509407d0c39,5-10
762,2026-05-13 14:55:00,2026-05-13 15:00:00,SHORT,79740.82,79800.62561500001,SL,1,5e-05,0.0008,0.0008500000000000001,-0.0007500000000000596,-0.0016000000000000597,0.0014454328410467155,1.75568799017709e-05,80097.77278252409,80352.30937172963,28.85094332953108,30.900296385263335,25.547822450871795,78.85729837031226,Low,Trending,holdout,2026-05,3509407d0c39,
763,2026-05-18 12:55:00,2026-05-18 13:15:00,SHORT,77612.0,77456.776,TP,4,5e-05,0.0008,0.0008500000000000001,0.0020000000000000256,0.0011500000000000256,0.000360640107199985,0.0028347420501983554,77918.52717455724,78195.00921873454,68.54533333333364,78.8997790164551,45.54247061376058,88.94141067926023,Medium,Trending,holdout,2026-05,3509407d0c39,
