trade_id,entry_time,exit_time,direction,entry_price,exit_price,exit_reason,holding_candles,spread_pct,fees_pct,cost_total_pct,pnl_gross_pct,pnl_net_pct,mae_pct,mfe_pct,asia_high,asia_low,asia_range_pct,session_candle_num,split,month,spec_hash,asia_range_bucket
0,2019-01-03 12:05:00,2019-01-03 12:40:00,SHORT,3803.64,3809.34546,SL,7,5e-05,0.0008,0.0008500000000000001,-0.0015000000000000343,-0.0023500000000000344,0.0015774363504432597,0.0021847493453639004,3862.74,3805.0,1.5174770039421757,1,train,2019-01,5210f76300b0,Q2
1,2019-01-03 12:45:00,2019-01-03 12:50:00,SHORT,3804.21,3809.9163150000004,SL,1,5e-05,0.0008,0.0008500000000000001,-0.0015000000000000944,-0.002350000000000094,0.003362064659942528,0.0,3862.74,3805.0,1.5174770039421757,9,train,2019-01,5210f76300b0,Q2
2,2019-01-06 12:45:00,2019-01-06 13:00:00,LONG,3792.64,3786.95104,SL,3,5e-05,0.0008,0.0008500000000000001,-0.0014999999999999875,-0.0023499999999999875,0.0020144279446506585,0.00242047755653062,3792.12,3740.0,1.3935828877005318,9,train,2019-01,5210f76300b0,Q2
3,2019-01-07 12:10:00,2019-01-07 12:15:00,SHORT,3967.72,3973.67158,SL,1,5e-05,0.0008,0.0008500000000000001,-0.001500000000000095,-0.002350000000000095,0.0019532628310465457,0.00035788815743036757,4017.9,3970.03,1.2057843391611622,2,train,2019-01,5210f76300b0,Q1 (tight)
4,2019-01-07 12:55:00,2019-01-07 13:00:00,SHORT,3969.99,3956.095035,TP,1,5e-05,0.0008,0.0008500000000000001,0.0034999999999999892,0.002649999999999989,0.0,0.003770790354635604,4017.9,3970.03,1.2057843391611622,11,train,2019-01,5210f76300b0,Q1 (tight)
5,2019-01-08 12:15:00,2019-01-08 12:45:00,LONG,3996.98,3990.98453,SL,6,5e-05,0.0008,0.0008500000000000001,-0.0014999999999999601,-0.00234999999999996,0.001888926139235168,0.0009532196808590349,3989.0,3922.0,1.7083120856705762,3,train,2019-01,5210f76300b0,Q2
6,2019-01-08 12:50:00,2019-01-08 13:00:00,LONG,3991.12,4005.08892,TP,2,5e-05,0.0008,0.0008500000000000001,0.0035000000000000634,0.0026500000000000633,0.0006213794624065471,0.004229389244121978,3989.0,3922.0,1.7083120856705762,10,train,2019-01,5210f76300b0,Q2
7,2019-01-10 12:30:00,2019-01-10 13:00:00,SHORT,3732.08,3719.0177200000003,TP,6,5e-05,0.0008,0.0008500000000000001,0.003499999999999905,0.002649999999999905,0.001318299714904309,0.004303230370195694,3996.01,3731.01,7.10263440730526,6,train,2019-01,5210f76300b0,Q4 (wide)
8,2019-01-15 12:30:00,2019-01-15 13:30:00,SHORT,3605.14,3610.5477100000003,SL,12,5e-05,0.0008,0.0008500000000000001,-0.0015000000000001128,-0.002350000000000113,0.002011017602645112,0.0020359819590916556,3648.42,3610.12,1.060906562662742,6,train,2019-01,5210f76300b0,Q1 (tight)
9,2019-01-24 12:10:00,2019-01-24 12:45:00,LONG,3556.51,3568.9577850000005,TP,7,5e-05,0.0008,0.0008500000000000001,0.0035000000000000825,0.0026500000000000824,0.0,0.003635586572229471,3555.0,3529.22,0.7304730223675543,2,train,2019-01,5210f76300b0,Q1 (tight)
10,2019-01-25 12:50:00,2019-01-25 13:10:00,SHORT,3548.9,3554.22335,SL,4,5e-05,0.0008,0.0008500000000000001,-0.0015000000000000334,-0.0023500000000000335,0.0017188424582264671,0.0013807095156245853,3587.15,3551.0,1.0180230920867388,10,train,2019-01,5210f76300b0,Q1 (tight)
11,2019-02-02 12:10:00,2019-02-02 13:55:00,LONG,3470.28,3465.0745800000004,SL,21,5e-05,0.0008,0.0008500000000000001,-0.0014999999999999354,-0.0023499999999999355,0.0017577832336296679,0.0027260048180549066,3471.0,3440.29,0.8926573050527729,2,train,2019-02,5210f76300b0,Q1 (tight)
12,2019-02-03 12:05:00,2019-02-03 12:30:00,SHORT,3458.56,3463.74784,SL,5,5e-05,0.0008,0.0008500000000000001,-0.0015000000000000148,-0.002350000000000015,0.0017839794596595324,0.0007401924500369939,3511.09,3457.38,1.5534884797158552,1,train,2019-02,5210f76300b0,Q2
13,2019-02-05 12:05:00,2019-02-05 12:10:00,LONG,3470.53,3465.3242050000003,SL,1,5e-05,0.0008,0.0008500000000000001,-0.0014999999999999575,-0.0023499999999999576,0.0015934165674983936,0.0,3471.89,3448.43,0.6803095901613209,1,train,2019-02,5210f76300b0,Q1 (tight)
14,2019-02-13 12:50:00,2019-02-13 14:15:00,SHORT,3623.77,3611.0868050000004,TP,17,5e-05,0.0008,0.0008500000000000001,0.0034999999999998934,0.0026499999999998933,0.0006567745745453241,0.0035901837037118148,3670.0,3624.0,1.2693156732891833,10,train,2019-02,5210f76300b0,Q2
15,2019-02-28 12:05:00,2019-02-28 12:30:00,LONG,3838.0,3832.2430000000004,SL,5,5e-05,0.0008,0.0008500000000000001,-0.0014999999999998977,-0.0023499999999998977,0.0024752475247524753,0.0001615424700364489,3833.95,3809.88,0.6317784287169073,1,train,2019-02,5210f76300b0,Q1 (tight)
16,2019-03-04 12:45:00,2019-03-04 13:30:00,SHORT,3698.29,3703.8374350000004,SL,9,5e-05,0.0008,0.0008500000000000001,-0.0015000000000001095,-0.00235000000000011,0.0026688009864017943,0.002198313274513386,3830.0,3699.5,3.5275037167184755,9,train,2019-03,5210f76300b0,Q4 (wide)
17,2019-03-13 12:45:00,2019-03-13 12:55:00,SHORT,3865.0,3870.7975,SL,2,5e-05,0.0008,0.0008500000000000001,-0.001500000000000033,-0.002350000000000033,0.003340232858990907,0.0014540750323414984,3893.56,3870.0,0.6087855297157609,9,train,2019-03,5210f76300b0,Q1 (tight)
18,2019-04-13 12:10:00,2019-04-13 12:15:00,SHORT,5028.7,5036.24305,SL,1,5e-05,0.0008,0.0008500000000000001,-0.001500000000000044,-0.002350000000000044,0.0026448187404299684,0.0,5099.0,5030.01,1.3715678497657018,2,train,2019-04,5210f76300b0,Q2
19,2019-04-13 12:45:00,2019-04-13 12:55:00,SHORT,5032.0,5039.548000000001,SL,2,5e-05,0.0008,0.0008500000000000001,-0.001500000000000136,-0.002350000000000136,0.0021502384737678275,0.0004431637519871946,5099.0,5030.01,1.3715678497657018,9,train,2019-04,5210f76300b0,Q2
20,2019-04-15 12:25:00,2019-04-15 12:45:00,SHORT,5110.52,5118.185780000001,SL,4,5e-05,0.0008,0.0008500000000000001,-0.0015000000000000523,-0.0023500000000000526,0.0016182306301510466,0.0013149346837504313,5167.38,5113.0,1.0635634656757307,5,train,2019-04,5210f76300b0,Q1 (tight)
21,2019-04-28 12:10:00,2019-04-28 12:15:00,LONG,5326.25,5318.260625,SL,1,5e-05,0.0008,0.0008500000000000001,-0.0015000000000000204,-0.0023500000000000205,0.001815536259094123,0.0,5321.54,5280.0,0.7867424242424235,2,train,2019-04,5210f76300b0,Q1 (tight)
22,2019-04-28 12:20:00,2019-04-28 13:30:00,LONG,5321.96,5313.97706,SL,14,5e-05,0.0008,0.0008500000000000001,-0.0014999999999999757,-0.002349999999999976,0.00375049793685034,0.0019165871220377113,5321.54,5280.0,0.7867424242424235,4,train,2019-04,5210f76300b0,Q1 (tight)
23,2019-04-30 12:05:00,2019-04-30 12:10:00,LONG,5268.86,5260.95671,SL,1,5e-05,0.0008,0.0008500000000000001,-0.001499999999999865,-0.0023499999999998652,0.0026912842626297495,0.0,5264.01,5192.15,1.3840124033396684,1,train,2019-04,5210f76300b0,Q2
24,2019-04-30 12:20:00,2019-04-30 12:40:00,LONG,5265.29,5283.7185150000005,TP,4,5e-05,0.0008,0.0008500000000000001,0.003500000000000098,0.002650000000000098,0.0,0.004465091191558341,5264.01,5192.15,1.3840124033396684,4,train,2019-04,5210f76300b0,Q2
25,2019-05-08 12:50:00,2019-05-08 12:55:00,LONG,5923.41,5914.524885,SL,1,5e-05,0.0008,0.0008500000000000001,-0.001500000000000007,-0.002350000000000007,0.0026015420171826456,0.0008677434113121205,5928.65,5772.2,2.710405044870237,10,train,2019-05,5210f76300b0,Q3
26,2019-05-08 13:00:00,2019-05-08 13:05:00,LONG,5928.61,5919.717085,SL,1,5e-05,0.0008,0.0008500000000000001,-0.001499999999999907,-0.002349999999999907,0.002072998561214174,0.0,5928.65,5772.2,2.710405044870237,12,train,2019-05,5210f76300b0,Q3
27,2019-05-16 12:40:00,2019-05-16 12:45:00,SHORT,7868.18,7840.64137,TP,1,5e-05,0.0008,0.0008500000000000001,0.0035000000000000014,0.0026500000000000013,0.0,0.004214443492650124,8320.0,7870.01,5.717781807138743,8,train,2019-05,5210f76300b0,Q4 (wide)
28,2019-05-22 12:10:00,2019-05-22 12:15:00,SHORT,7830.02,7841.7650300000005,SL,1,5e-05,0.0008,0.0008500000000000001,-0.0015000000000000052,-0.0023500000000000053,0.0017688332852278095,0.0015389488149455787,7988.0,7830.23,2.014883343145737,2,train,2019-05,5210f76300b0,Q3
29,2019-05-22 12:25:00,2019-05-22 12:30:00,SHORT,7830.21,7802.804265000001,TP,1,5e-05,0.0008,0.0008500000000000001,0.0034999999999999194,0.0026499999999999193,0.0,0.003795555930173042,7988.0,7830.23,2.014883343145737,5,train,2019-05,5210f76300b0,Q3
30,2019-05-22 12:35:00,2019-05-22 12:40:00,SHORT,7820.91,7832.641365,SL,1,5e-05,0.0008,0.0008500000000000001,-0.0015000000000000705,-0.0023500000000000708,0.0015637566472444348,0.0016609320398776847,7988.0,7830.23,2.014883343145737,7,train,2019-05,5210f76300b0,Q3
31,2019-05-22 12:45:00,2019-05-22 12:50:00,SHORT,7811.51,7784.169715000001,TP,1,5e-05,0.0008,0.0008500000000000001,0.003499999999999912,0.002649999999999912,7.296924666289986e-05,0.004415279504218747,7988.0,7830.23,2.014883343145737,9,train,2019-05,5210f76300b0,Q3
32,2019-05-25 12:10:00,2019-05-25 12:15:00,LONG,8033.64,8021.589540000001,SL,1,5e-05,0.0008,0.0008500000000000001,-0.0014999999999999345,-0.0023499999999999346,0.004457506186485877,0.0,8033.48,7908.34,1.5823801202274994,2,train,2019-05,5210f76300b0,Q2
33,2019-05-25 12:25:00,2019-05-25 12:35:00,LONG,8029.6,8017.555600000001,SL,2,5e-05,0.0008,0.0008500000000000001,-0.0014999999999999712,-0.002349999999999971,0.002306466075520628,0.0007958055195774905,8033.48,7908.34,1.5823801202274994,5,train,2019-05,5210f76300b0,Q2
34,2019-05-25 12:55:00,2019-05-25 13:00:00,LONG,8036.93,8024.874605000001,SL,1,5e-05,0.0008,0.0008500000000000001,-0.0014999999999999263,-0.0023499999999999264,0.002945154430858558,0.001928597113574462,8033.48,7908.34,1.5823801202274994,11,train,2019-05,5210f76300b0,Q2
35,2019-05-26 12:20:00,2019-05-26 12:25:00,SHORT,7908.7,7920.563050000001,SL,1,5e-05,0.0008,0.0008500000000000001,-0.0015000000000001063,-0.0023500000000001063,0.0037288049869131186,0.0,8047.5,7919.64,1.614467324272311,4,train,2019-05,5210f76300b0,Q2
36,2019-05-26 12:35:00,2019-05-26 12:40:00,SHORT,7916.17,7928.044255000001,SL,1,5e-05,0.0008,0.0008500000000000001,-0.0015000000000000796,-0.0023500000000000795,0.0038806645132684436,0.0,8047.5,7919.64,1.614467324272311,7,train,2019-05,5210f76300b0,Q2
37,2019-06-17 12:35:00,2019-06-17 12:40:00,LONG,9221.34,9207.50799,SL,1,5e-05,0.0008,0.0008500000000000001,-0.001500000000000009,-0.002350000000000009,0.002817377951577489,0.0007536865574852167,9212.66,8950.0,2.9347486033519536,7,train,2019-06,5210f76300b0,Q4 (wide)
38,2019-06-17 12:45:00,2019-06-17 13:35:00,LONG,9223.43,9255.712005000001,TP,10,5e-05,0.0008,0.0008500000000000001,0.0035000000000001016,0.0026500000000001015,0.0014560743671280956,0.005049097786831982,9212.66,8950.0,2.9347486033519536,9,train,2019-06,5210f76300b0,Q4 (wide)
39,2019-06-21 12:15:00,2019-06-21 12:35:00,LONG,9794.19,9828.469665,TP,4,5e-05,0.0008,0.0008500000000000001,0.0035000000000000022,0.002650000000000002,0.0014529021797618162,0.0038594309483478747,9798.0,9518.06,2.941145569580361,3,train,2019-06,5210f76300b0,Q4 (wide)
40,2019-06-21 12:50:00,2019-06-21 13:00:00,LONG,9818.22,9852.58377,TP,2,5e-05,0.0008,0.0008500000000000001,0.003499999999999993,0.002649999999999993,0.0001212032323576667,0.0036564672618867224,9798.0,9518.06,2.941145569580361,10,train,2019-06,5210f76300b0,Q4 (wide)
41,2019-06-24 12:50:00,2019-06-24 13:00:00,LONG,10902.26,10885.90661,SL,2,5e-05,0.0008,0.0008500000000000001,-0.00150000000000002,-0.00235000000000002,0.0015253718036444754,0.0022609990956003285,10905.96,10620.8,2.6849201566736958,10,train,2019-06,5210f76300b0,Q3
42,2019-06-27 12:35:00,2019-06-27 12:40:00,SHORT,12101.42,12059.065030000002,TP,1,5e-05,0.0008,0.0008500000000000001,0.003499999999999876,0.002649999999999876,0.0,0.016231153038238494,13478.04,12100.0,11.388760330578519,7,train,2019-06,5210f76300b0,Q4 (wide)
43,2019-06-28 12:50:00,2019-06-28 12:55:00,LONG,11807.85,11790.138225,SL,1,5e-05,0.0008,0.0008500000000000001,-0.0014999999999999796,-0.0023499999999999797,0.011497436027727336,0.0,11771.98,10982.88,7.184818553967634,10,train,2019-06,5210f76300b0,Q4 (wide)
44,2019-06-30 12:30:00,2019-06-30 12:35:00,SHORT,11655.02,11672.502530000002,SL,1,5e-05,0.0008,0.0008500000000000001,-0.0015000000000000972,-0.0023500000000000972,0.0029927018572254013,0.0012887150772800421,12180.0,11651.98,4.531590339152663,6,train,2019-06,5210f76300b0,Q4 (wide)
45,2019-06-30 12:40:00,2019-06-30 12:45:00,SHORT,11642.88,11660.34432,SL,1,5e-05,0.0008,0.0008500000000000001,-0.001500000000000082,-0.002350000000000082,0.0017100579925243304,0.0031126319261213535,12180.0,11651.98,4.531590339152663,8,train,2019-06,5210f76300b0,Q4 (wide)
46,2019-06-30 13:00:00,2019-06-30 13:05:00,SHORT,11648.0,11665.472000000002,SL,1,5e-05,0.0008,0.0008500000000000001,-0.001500000000000135,-0.002350000000000135,0.0036006181318681755,0.0,12180.0,11651.98,4.531590339152663,12,train,2019-06,5210f76300b0,Q4 (wide)
47,2019-07-07 12:05:00,2019-07-07 12:10:00,LONG,11326.68,11366.323380000002,TP,1,5e-05,0.0008,0.0008500000000000001,0.0035000000000001185,0.0026500000000001184,0.0,0.006296637673175167,11324.99,11094.37,2.078711995363405,1,train,2019-07,5210f76300b0,Q3
48,2019-07-07 12:50:00,2019-07-07 12:55:00,LONG,11327.29,11310.299065000001,SL,1,5e-05,0.0008,0.0008500000000000001,-0.001499999999999983,-0.002349999999999983,0.0035207008913871736,0.0,11324.99,11094.37,2.078711995363405,10,train,2019-07,5210f76300b0,Q3
49,2019-07-17 12:10:00,2019-07-17 12:15:00,SHORT,9213.41,9181.163065,TP,1,5e-05,0.0008,0.0008500000000000001,0.0034999999999999146,0.0026499999999999146,0.0,0.008205430996775393,9630.0,9214.0,4.514868678098546,2,train,2019-07,5210f76300b0,Q4 (wide)
50,2019-07-21 12:35:00,2019-07-21 12:40:00,SHORT,10530.51,10546.305765000001,SL,1,5e-05,0.0008,0.0008500000000000001,-0.0015000000000000718,-0.0023500000000000716,0.004938032440973894,0.0013674551375004284,10817.9,10530.0,2.7340930674263975,7,train,2019-07,5210f76300b0,Q3
51,2019-07-22 12:25:00,2019-07-22 12:30:00,SHORT,10500.07,10515.820105,SL,1,5e-05,0.0008,0.0008500000000000001,-0.001500000000000094,-0.002350000000000094,0.0019323680699272362,0.0019114158286563528,10683.16,10511.0,1.6379031490819127,5,train,2019-07,5210f76300b0,Q2
52,2019-07-22 12:35:00,2019-07-22 12:40:00,SHORT,10485.89,10501.618835,SL,1,5e-05,0.0008,0.0008500000000000001,-0.0014999999999999896,-0.0023499999999999897,0.0029897319159365933,9.918089928456757e-05,10683.16,10511.0,1.6379031490819127,7,train,2019-07,5210f76300b0,Q2
53,2019-07-22 12:45:00,2019-07-22 12:50:00,SHORT,10486.98,10502.71047,SL,1,5e-05,0.0008,0.0008500000000000001,-0.0015000000000000404,-0.0023500000000000404,0.004769723981546683,0.0,10683.16,10511.0,1.6379031490819127,9,train,2019-07,5210f76300b0,Q2
54,2019-07-29 12:05:00,2019-07-29 12:10:00,SHORT,9495.31,9509.552965,SL,1,5e-05,0.0008,0.0008500000000000001,-0.0015000000000001345,-0.0023500000000001345,0.00207365530983196,0.0005034064185370289,9729.0,9493.25,2.483343428225318,1,train,2019-07,5210f76300b0,Q3
55,2019-07-29 12:25:00,2019-07-29 12:40:00,SHORT,9497.81,9512.056715,SL,3,5e-05,0.0008,0.0008500000000000001,-0.0015000000000001193,-0.0023500000000001194,0.0018025207916352087,0.0022542038638380694,9729.0,9493.25,2.483343428225318,5,train,2019-07,5210f76300b0,Q3
56,2019-08-09 12:20:00,2019-08-09 12:25:00,SHORT,11770.8,11729.6022,TP,1,5e-05,0.0008,0.0008500000000000001,0.003499999999999993,0.002649999999999993,0.0,0.003716824684813267,12045.68,11778.0,2.2727118356257456,4,train,2019-08,5210f76300b0,Q3
57,2019-08-09 12:40:00,2019-08-09 13:00:00,SHORT,11772.13,11789.788195,SL,4,5e-05,0.0008,0.0008500000000000001,-0.0014999999999999983,-0.0023499999999999984,0.009926835670350275,0.002312240860404986,12045.68,11778.0,2.2727118356257456,8,train,2019-08,5210f76300b0,Q3
58,2019-08-20 12:05:00,2019-08-20 12:15:00,SHORT,10680.25,10642.869125000001,TP,2,5e-05,0.0008,0.0008500000000000001,0.003499999999999899,0.002649999999999899,0.0004447461435827813,0.004507385126752596,10949.96,10714.0,2.2023520627216646,1,train,2019-08,5210f76300b0,Q3
59,2019-08-30 12:40:00,2019-08-30 12:50:00,LONG,9555.35,9588.793725000001,TP,2,5e-05,0.0008,0.0008500000000000001,0.003500000000000104,0.002650000000000104,0.0004552423511436382,0.0044969572019862535,9554.0,9350.41,2.177337678240849,8,train,2019-08,5210f76300b0,Q3
60,2019-08-31 12:05:00,2019-08-31 12:30:00,SHORT,9560.61,9574.950915000001,SL,5,5e-05,0.0008,0.0008500000000000001,-0.0015000000000000707,-0.0023500000000000708,0.001501996211538674,0.0015689375468720091,9655.77,9566.42,0.9339962075677252,1,train,2019-08,5210f76300b0,Q1 (tight)
61,2019-08-31 12:35:00,2019-08-31 12:45:00,SHORT,9572.73,9587.089095,SL,2,5e-05,0.0008,0.0008500000000000001,-0.001499999999999979,-0.002349999999999979,0.0028487171371176707,0.0008075021441114043,9655.77,9566.42,0.9339962075677252,7,train,2019-08,5210f76300b0,Q1 (tight)
62,2019-09-01 12:25:00,2019-09-01 14:55:00,SHORT,9574.49,9576.86,MAX_HOLD,30,5e-05,0.0008,0.0008500000000000001,-0.00024753276675841746,-0.0010975327667584176,0.001096664156524264,0.0030320152822762,9642.58,9579.34,0.6601707424519829,5,train,2019-09,5210f76300b0,Q1 (tight)
63,2019-09-02 12:10:00,2019-09-02 13:00:00,LONG,9797.99,9832.282965,TP,10,5e-05,0.0008,0.0008500000000000001,0.003500000000000056,0.002650000000000056,0.0005766488841078258,0.005104108087475107,9793.0,9712.5,0.8288288288288289,2,train,2019-09,5210f76300b0,Q1 (tight)
64,2019-09-07 12:05:00,2019-09-07 12:10:00,LONG,10400.0,10384.400000000001,SL,1,5e-05,0.0008,0.0008500000000000001,-0.0014999999999998602,-0.00234999999999986,0.0015259615384616155,0.0003173076923076223,10394.29,10288.57,1.0275480460355635,1,train,2019-09,5210f76300b0,Q1 (tight)
65,2019-09-07 12:15:00,2019-09-07 12:55:00,LONG,10390.35,10374.764475000002,SL,8,5e-05,0.0008,0.0008500000000000001,-0.001499999999999865,-0.0023499999999998652,0.002175095160413303,0.001409962128320955,10394.29,10288.57,1.0275480460355635,3,train,2019-09,5210f76300b0,Q1 (tight)
66,2019-09-09 12:40:00,2019-09-09 12:45:00,LONG,10405.13,10389.522305,SL,1,5e-05,0.0008,0.0008500000000000001,-0.0014999999999998834,-0.0023499999999998834,0.0047005659708239935,0.0,10404.74,10090.0,3.1193260654112964,8,train,2019-09,5210f76300b0,Q4 (wide)
67,2019-09-18 12:20:00,2019-09-18 12:25:00,SHORT,10175.62,10190.883430000002,SL,1,5e-05,0.0008,0.0008500000000000001,-0.0015000000000000863,-0.0023500000000000864,0.003967325823880902,0.0,10258.02,10182.28,0.7438412614856376,4,train,2019-09,5210f76300b0,Q1 (tight)
68,2019-09-18 12:40:00,2019-09-18 13:05:00,SHORT,10183.06,10198.33459,SL,5,5e-05,0.0008,0.0008500000000000001,-0.0015000000000000883,-0.002350000000000088,0.002032787786775363,0.0001040944470522113,10258.02,10182.28,0.7438412614856376,8,train,2019-09,5210f76300b0,Q1 (tight)
69,2019-09-25 12:05:00,2019-09-25 12:10:00,SHORT,8307.03,8277.955395,TP,1,5e-05,0.0008,0.0008500000000000001,0.003499999999999975,0.002649999999999975,0.0004309602830373704,0.003550005236528552,8730.0,8310.0,5.054151624548736,1,train,2019-09,5210f76300b0,Q4 (wide)
70,2019-09-25 12:15:00,2019-09-25 12:20:00,SHORT,8283.94,8296.36591,SL,1,5e-05,0.0008,0.0008500000000000001,-0.0014999999999999916,-0.002349999999999992,0.004232285603227388,0.00017503748216437197,8730.0,8310.0,5.054151624548736,3,train,2019-09,5210f76300b0,Q4 (wide)
71,2019-09-25 12:25:00,2019-09-25 12:30:00,SHORT,8290.67,8303.106005,SL,1,5e-05,0.0008,0.0008500000000000001,-0.001499999999999948,-0.002349999999999948,0.008220083539689753,0.0,8730.0,8310.0,5.054151624548736,5,train,2019-09,5210f76300b0,Q4 (wide)
72,2019-09-25 12:50:00,2019-09-25 12:55:00,SHORT,8304.4,8316.856600000001,SL,1,5e-05,0.0008,0.0008500000000000001,-0.001500000000000162,-0.002350000000000162,0.0034897162949761047,0.00042748422522991095,8730.0,8310.0,5.054151624548736,10,train,2019-09,5210f76300b0,Q4 (wide)
73,2019-09-25 13:00:00,2019-09-25 13:05:00,SHORT,8304.31,8316.766465,SL,1,5e-05,0.0008,0.0008500000000000001,-0.0015000000000001347,-0.002350000000000135,0.014971743588570265,0.0,8730.0,8310.0,5.054151624548736,12,train,2019-09,5210f76300b0,Q4 (wide)
74,2019-10-03 12:10:00,2019-10-03 13:35:00,SHORT,8239.91,8211.070315,TP,17,5e-05,0.0008,0.0008500000000000001,0.0034999999999998795,0.0026499999999998794,0.0009089905108186597,0.0036298940158326796,8393.0,8241.0,1.8444363548113092,2,train,2019-10,5210f76300b0,Q3
75,2019-10-05 12:35:00,2019-10-05 12:55:00,SHORT,8081.1,8052.816150000001,TP,4,5e-05,0.0008,0.0008500000000000001,0.0034999999999999754,0.0026499999999999753,0.0,0.0038422986969595947,8149.99,8091.72,0.7201188375277385,7,train,2019-10,5210f76300b0,Q1 (tight)
76,2019-10-08 12:10:00,2019-10-08 12:20:00,SHORT,8168.67,8140.0796550000005,TP,2,5e-05,0.0008,0.0008500000000000001,0.003499999999999953,0.0026499999999999527,0.0007675668132020913,0.004733940776160632,8325.0,8186.45,1.6924307850167069,2,train,2019-10,5210f76300b0,Q2
77,2019-10-08 12:30:00,2019-10-08 12:35:00,SHORT,8188.34,8200.622510000001,SL,1,5e-05,0.0008,0.0008500000000000001,-0.0015000000000001113,-0.0023500000000001115,0.0029639707193399928,0.0,8325.0,8186.45,1.6924307850167069,6,train,2019-10,5210f76300b0,Q2
78,2019-10-11 12:50:00,2019-10-11 14:00:00,SHORT,8350.29,8321.063985,TP,14,5e-05,0.0008,0.0008500000000000001,0.003500000000000022,0.002650000000000022,0.0011628338656500703,0.004198656573604187,8779.51,8359.0,5.030625672927386,10,train,2019-10,5210f76300b0,Q4 (wide)
79,2019-10-19 13:00:00,2019-10-19 13:05:00,LONG,8039.23,8027.171155,SL,1,5e-05,0.0008,0.0008500000000000001,-0.0014999999999999458,-0.002349999999999946,0.004492967610082047,0.0019292892478508785,7957.99,7892.0,0.8361632032437885,12,train,2019-10,5210f76300b0,Q1 (tight)
80,2019-10-20 12:10:00,2019-10-20 12:25:00,LONG,7956.42,7944.48537,SL,3,5e-05,0.0008,0.0008500000000000001,-0.0014999999999999677,-0.0023499999999999676,0.0016439554472991531,0.0006988067497693046,7953.21,7870.0,1.0573062261753499,2,train,2019-10,5210f76300b0,Q1 (tight)
81,2019-10-20 12:35:00,2019-10-20 12:40:00,LONG,7967.03,7955.079455,SL,1,5e-05,0.0008,0.0008500000000000001,-0.0014999999999999614,-0.0023499999999999615,0.0026973665217778497,0.002883132108200955,7953.21,7870.0,1.0573062261753499,7,train,2019-10,5210f76300b0,Q1 (tight)
82,2019-10-20 12:45:00,2019-10-20 14:10:00,LONG,7953.18,7981.016130000001,TP,17,5e-05,0.0008,0.0008500000000000001,0.0035000000000000747,0.0026500000000000746,0.0005255759331487896,0.004540322235885479,7953.21,7870.0,1.0573062261753499,9,train,2019-10,5210f76300b0,Q1 (tight)
83,2019-10-21 12:20:00,2019-10-21 12:25:00,LONG,8256.85,8244.464725000002,SL,1,5e-05,0.0008,0.0008500000000000001,-0.0014999999999998459,-0.002349999999999846,0.0020346742401764705,0.0,8251.41,8183.0,0.8360014664548436,4,train,2019-10,5210f76300b0,Q1 (tight)
84,2019-10-21 12:40:00,2019-10-21 12:45:00,LONG,8251.25,8238.873125,SL,1,5e-05,0.0008,0.0008500000000000001,-0.0014999999999999911,-0.002349999999999991,0.0023184366005149764,0.0,8251.41,8183.0,0.8360014664548436,8,train,2019-10,5210f76300b0,Q1 (tight)
85,2019-10-22 12:40:00,2019-10-22 13:20:00,LONG,8238.31,8225.952535,SL,8,5e-05,0.0008,0.0008500000000000001,-0.0014999999999998955,-0.0023499999999998956,0.005257146186535769,0.0015901319566756246,8226.57,8159.96,0.8163030210932367,8,train,2019-10,5210f76300b0,Q1 (tight)
86,2019-10-28 12:45:00,2019-10-28 12:50:00,SHORT,9321.03,9288.406395000002,TP,1,5e-05,0.0008,0.0008500000000000001,0.0034999999999998773,0.0026499999999998773,0.0,0.00719126534299328,9902.1,9322.52,6.216988539579426,9,train,2019-10,5210f76300b0,Q4 (wide)
87,2019-10-28 13:00:00,2019-10-28 13:15:00,SHORT,9323.6,9337.585400000002,SL,3,5e-05,0.0008,0.0008500000000000001,-0.0015000000000001492,-0.0023500000000001493,0.007755587970311842,0.0024507700888069376,9902.1,9322.52,6.216988539579426,12,train,2019-10,5210f76300b0,Q4 (wide)
88,2019-10-30 12:10:00,2019-10-30 12:15:00,SHORT,9133.16,9146.85974,SL,1,5e-05,0.0008,0.0008500000000000001,-0.0015000000000000022,-0.0023500000000000023,0.004297526814377499,0.0,9409.84,9151.0,2.828543328597969,2,train,2019-10,5210f76300b0,Q4 (wide)
89,2019-10-30 12:20:00,2019-10-30 12:25:00,SHORT,9151.64,9119.60926,TP,1,5e-05,0.0008,0.0008500000000000001,0.0035000000000000166,0.0026500000000000165,0.0,0.003874715351565307,9409.84,9151.0,2.828543328597969,4,train,2019-10,5210f76300b0,Q4 (wide)
90,2019-10-30 12:30:00,2019-10-30 12:40:00,SHORT,9126.8,9094.8562,TP,2,5e-05,0.0008,0.0008500000000000001,0.0034999999999999016,0.0026499999999999016,0.0003440417232766399,0.005001753078844682,9409.84,9151.0,2.828543328597969,6,train,2019-10,5210f76300b0,Q4 (wide)
91,2019-11-01 12:05:00,2019-11-01 12:20:00,LONG,9164.2,9150.453700000002,SL,3,5e-05,0.0008,0.0008500000000000001,-0.001499999999999878,-0.0023499999999998782,0.002204229501756916,0.0011784989415332785,9144.7,9030.0,1.2702104097453015,1,train,2019-11,5210f76300b0,Q2
92,2019-11-01 12:25:00,2019-11-01 12:30:00,LONG,9150.0,9136.275,SL,1,5e-05,0.0008,0.0008500000000000001,-0.0015000000000000397,-0.0023500000000000396,0.002185792349726776,0.0013366120218578758,9144.7,9030.0,1.2702104097453015,5,train,2019-11,5210f76300b0,Q2
93,2019-11-01 12:35:00,2019-11-01 12:50:00,LONG,9160.85,9192.912975000001,TP,3,5e-05,0.0008,0.0008500000000000001,0.00350000000000008,0.00265000000000008,0.0008809226218090798,0.0048194217785467106,9144.7,9030.0,1.2702104097453015,7,train,2019-11,5210f76300b0,Q2
94,2019-11-07 12:10:00,2019-11-07 12:25:00,SHORT,9206.53,9174.307145,TP,3,5e-05,0.0008,0.0008500000000000001,0.003499999999999998,0.002649999999999998,0.00037690639144165555,0.0042795711304912335,9375.0,9215.0,1.7362995116657625,2,train,2019-11,5210f76300b0,Q2
95,2019-11-15 12:40:00,2019-11-15 12:45:00,LONG,8657.36,8644.37396,SL,1,5e-05,0.0008,0.0008500000000000001,-0.001499999999999974,-0.002349999999999974,0.0016125008085606865,0.0,8659.41,8517.0,1.6720676294469865,8,train,2019-11,5210f76300b0,Q2
96,2019-11-15 12:55:00,2019-11-15 13:55:00,LONG,8665.24,8652.24214,SL,12,5e-05,0.0008,0.0008500000000000001,-0.0014999999999999413,-0.0023499999999999415,0.0031343621180717272,0.002741989835249828,8659.41,8517.0,1.6720676294469865,11,train,2019-11,5210f76300b0,Q2
97,2019-11-17 12:05:00,2019-11-17 12:50:00,LONG,8531.1,8560.95885,TP,9,5e-05,0.0008,0.0008500000000000001,0.003500000000000062,0.002650000000000062,0.000576713436719775,0.005072030570500924,8519.53,8407.0,1.338527417628175,1,train,2019-11,5210f76300b0,Q2
98,2019-11-19 12:25:00,2019-11-19 12:30:00,SHORT,8092.3,8063.97695,TP,1,5e-05,0.0008,0.0008500000000000001,0.0034999999999999957,0.0026499999999999957,0.0,0.00395561212510661,8218.63,8092.5,1.5586036453506233,5,train,2019-11,5210f76300b0,Q2
99,2019-11-19 12:40:00,2019-11-19 12:50:00,SHORT,8076.59,8048.321935000001,TP,2,5e-05,0.0008,0.0008500000000000001,0.003499999999999913,0.002649999999999913,0.0008939416263547183,0.004962490357935704,8218.63,8092.5,1.5586036453506233,8,train,2019-11,5210f76300b0,Q2
100,2019-11-20 12:25:00,2019-11-20 12:40:00,SHORT,8080.87,8092.9913050000005,SL,3,5e-05,0.0008,0.0008500000000000001,-0.0015000000000000712,-0.002350000000000071,0.0017114493860190707,0.0022089205741460333,8158.36,8078.9,0.9835497406825192,5,train,2019-11,5210f76300b0,Q1 (tight)
101,2019-11-20 12:45:00,2019-11-20 12:50:00,SHORT,8077.09,8089.205635,SL,1,5e-05,0.0008,0.0008500000000000001,-0.0015000000000000137,-0.0023500000000000135,0.0019499597008328495,0.0,8158.36,8078.9,0.9835497406825192,9,train,2019-11,5210f76300b0,Q1 (tight)
102,2019-11-20 12:55:00,2019-11-20 14:00:00,SHORT,8081.76,8093.882640000001,SL,13,5e-05,0.0008,0.0008500000000000001,-0.001500000000000062,-0.002350000000000062,0.0019661558868364587,0.0014551285858526136,8158.36,8078.9,0.9835497406825192,11,train,2019-11,5210f76300b0,Q1 (tight)
103,2019-11-24 12:50:00,2019-11-24 12:55:00,SHORT,7140.41,7151.120615,SL,1,5e-05,0.0008,0.0008500000000000001,-0.0014999999999999946,-0.0023499999999999945,0.001998484680851721,0.0014032807639896767,7330.39,7150.0,2.5229370629370673,10,train,2019-11,5210f76300b0,Q3
104,2019-11-29 12:25:00,2019-11-29 12:30:00,LONG,7610.0,7598.585,SL,1,5e-05,0.0008,0.0008500000000000001,-0.0014999999999999953,-0.0023499999999999953,0.007490144546649146,0.0,7533.48,7362.3,2.325088627195297,5,train,2019-11,5210f76300b0,Q3
105,2019-11-30 12:45:00,2019-11-30 12:55:00,SHORT,7709.38,7682.39717,TP,2,5e-05,0.0008,0.0008500000000000001,0.0034999999999999897,0.0026499999999999896,0.0,0.0035190897322482624,7770.0,7714.74,0.7162911517432891,9,train,2019-11,5210f76300b0,Q1 (tight)
106,2019-12-05 12:05:00,2019-12-05 12:10:00,LONG,7400.81,7426.712835000001,TP,1,5e-05,0.0008,0.0008500000000000001,0.003500000000000105,0.002650000000000105,0.0007391082867956688,0.004526531555329754,7376.72,7150.0,3.1709090909090945,1,train,2019-12,5210f76300b0,Q4 (wide)
107,2019-12-08 12:25:00,2019-12-08 13:45:00,LONG,7503.05,7529.310675000001,TP,16,5e-05,0.0008,0.0008500000000000001,0.0035000000000000595,0.0026500000000000594,0.0014847295433190939,0.0037584715549009826,7499.75,7374.86,1.6934558757725617,5,train,2019-12,5210f76300b0,Q2
108,2019-12-17 12:10:00,2019-12-17 12:20:00,LONG,6915.89,6905.516165000001,SL,2,5e-05,0.0008,0.0008500000000000001,-0.0014999999999999157,-0.0023499999999999155,0.002494255981515033,0.0014213644230894255,6910.78,6856.0,0.7990081680280009,2,train,2019-12,5210f76300b0,Q1 (tight)
109,2019-12-17 12:25:00,2019-12-17 12:30:00,LONG,6907.52,6897.15872,SL,1,5e-05,0.0008,0.0008500000000000001,-0.0015000000000000113,-0.0023500000000000114,0.0017343417029556877,0.0004878740850551125,6910.78,6856.0,0.7990081680280009,5,train,2019-12,5210f76300b0,Q1 (tight)
110,2019-12-17 12:45:00,2019-12-17 12:55:00,LONG,6909.44,6899.07584,SL,2,5e-05,0.0008,0.0008500000000000001,-0.0014999999999998806,-0.002349999999999881,0.005916543164134749,0.0002836698777324988,6910.78,6856.0,0.7990081680280009,9,train,2019-12,5210f76300b0,Q1 (tight)
111,2019-12-24 12:45:00,2019-12-24 13:00:00,LONG,7352.56,7378.293960000001,TP,3,5e-05,0.0008,0.0008500000000000001,0.003500000000000065,0.002650000000000065,0.00011016571099051217,0.003511702046634058,7342.27,7227.35,1.5900710495548172,9,train,2019-12,5210f76300b0,Q2
112,2019-12-29 12:10:00,2019-12-29 12:40:00,LONG,7331.76,7357.421160000001,TP,6,5e-05,0.0008,0.0008500000000000001,0.003500000000000077,0.0026500000000000768,0.0,0.004806485755125615,7323.99,7288.0,0.49382546652030435,2,train,2019-12,5210f76300b0,Q1 (tight)
113,2019-12-30 12:05:00,2019-12-30 12:10:00,SHORT,7311.0,7321.9665,SL,1,5e-05,0.0008,0.0008500000000000001,-0.0015000000000000616,-0.0023500000000000617,0.0015045821365066339,0.0,7408.24,7312.0,1.3161925601750517,1,train,2019-12,5210f76300b0,Q2
114,2019-12-30 13:00:00,2019-12-30 13:10:00,SHORT,7303.56,7314.515340000001,SL,2,5e-05,0.0008,0.0008500000000000001,-0.0015000000000000592,-0.0023500000000000595,0.0036694433947279505,0.00148968448263588,7408.24,7312.0,1.3161925601750517,12,train,2019-12,5210f76300b0,Q2
115,2020-01-09 12:10:00,2020-01-09 12:30:00,SHORT,7889.46,7901.2941900000005,SL,4,5e-05,0.0008,0.0008500000000000001,-0.001500000000000062,-0.002350000000000062,0.0020964679458416627,0.002339830609446025,8055.96,7896.0,2.0258358662613984,2,train,2020-01,5210f76300b0,Q3
116,2020-01-09 12:55:00,2020-01-09 13:00:00,SHORT,7895.08,7906.92262,SL,1,5e-05,0.0008,0.0008500000000000001,-0.0015000000000000445,-0.0023500000000000448,0.0037884353293443328,0.0,8055.96,7896.0,2.0258358662613984,11,train,2020-01,5210f76300b0,Q3
117,2020-01-11 12:05:00,2020-01-11 12:15:00,SHORT,8031.06,8043.106590000001,SL,2,5e-05,0.0008,0.0008500000000000001,-0.0015000000000001037,-0.0023500000000001037,0.0034765024791246937,0.0003959626749146801,8253.26,8044.65,2.5931519705642954,1,train,2020-01,5210f76300b0,Q3
118,2020-01-11 12:30:00,2020-01-11 12:50:00,SHORT,8043.76,8055.825640000001,SL,4,5e-05,0.0008,0.0008500000000000001,-0.0015000000000000885,-0.0023500000000000886,0.0027648761275820984,0.0023322426327986186,8253.26,8044.65,2.5931519705642954,6,train,2020-01,5210f76300b0,Q3
119,2020-01-20 12:05:00,2020-01-20 12:15:00,SHORT,8625.53,8638.468295,SL,2,5e-05,0.0008,0.0008500000000000001,-0.0014999999999999911,-0.002349999999999991,0.0016775780734632358,0.0023801435969732472,8735.84,8627.94,1.2505882052958137,1,train,2020-01,5210f76300b0,Q2
120,2020-01-20 12:20:00,2020-01-20 12:25:00,SHORT,8610.83,8580.692095,TP,1,5e-05,0.0008,0.0008500000000000001,0.0034999999999999524,0.0026499999999999523,0.0,0.004740541852527539,8735.84,8627.94,1.2505882052958137,4,train,2020-01,5210f76300b0,Q2
121,2020-02-01 12:10:00,2020-02-01 12:45:00,SHORT,9342.14,9309.44251,TP,7,5e-05,0.0008,0.0008500000000000001,0.003499999999999856,0.002649999999999856,0.0010361651613014034,0.006544539045657571,9464.53,9341.17,1.3206054487821182,2,train,2020-02,5210f76300b0,Q2
122,2020-02-29 12:30:00,2020-02-29 12:35:00,SHORT,8652.96,8665.93944,SL,1,5e-05,0.0008,0.0008500000000000001,-0.001500000000000113,-0.0023500000000001133,0.0021853793384000015,0.0,8790.0,8656.0,1.5480591497227356,6,train,2020-02,5210f76300b0,Q2
123,2020-02-29 12:45:00,2020-02-29 12:50:00,SHORT,8654.51,8667.491765,SL,1,5e-05,0.0008,0.0008500000000000001,-0.001500000000000052,-0.002350000000000052,0.002646019243146017,0.0,8790.0,8656.0,1.5480591497227356,9,train,2020-02,5210f76300b0,Q2
124,2020-03-04 12:10:00,2020-03-04 12:15:00,SHORT,8716.83,8729.905245,SL,1,5e-05,0.0008,0.0008500000000000001,-0.0014999999999999994,-0.0023499999999999997,0.0022106660334089844,0.0,8848.29,8728.0,1.3782080659945104,2,train,2020-03,5210f76300b0,Q2
125,2020-03-04 12:45:00,2020-03-04 13:45:00,SHORT,8733.08,8746.17962,SL,12,5e-05,0.0008,0.0008500000000000001,-0.0015000000000000996,-0.0023500000000000994,0.0026657261813702216,0.0017954719297201321,8848.29,8728.0,1.3782080659945104,9,train,2020-03,5210f76300b0,Q2
126,2020-03-08 12:50:00,2020-03-08 12:55:00,SHORT,8695.19,8664.756835,TP,1,5e-05,0.0008,0.0008500000000000001,0.0035000000000000426,0.0026500000000000425,0.0,0.007844566938732901,8886.76,8695.73,2.196825338413229,10,train,2020-03,5210f76300b0,Q3
127,2020-03-11 12:05:00,2020-03-11 12:10:00,SHORT,7810.02,7821.735030000001,SL,1,5e-05,0.0008,0.0008500000000000001,-0.001500000000000038,-0.002350000000000038,0.004265033892358725,0.0,7965.49,7813.0,1.9517470881863532,1,train,2020-03,5210f76300b0,Q3
128,2020-03-11 12:50:00,2020-03-11 12:55:00,SHORT,7813.2,7824.919800000001,SL,1,5e-05,0.0008,0.0008500000000000001,-0.0015000000000000972,-0.0023500000000000972,0.005385757436133713,0.0,7965.49,7813.0,1.9517470881863532,10,train,2020-03,5210f76300b0,Q3
129,2020-03-13 12:25:00,2020-03-13 12:30:00,LONG,5529.87,5521.575195,SL,1,5e-05,0.0008,0.0008500000000000001,-0.0014999999999999172,-0.0023499999999999173,0.009922475573566809,0.009417942917283756,5523.23,3782.13,46.03490625652739,5,train,2020-03,5210f76300b0,Q4 (wide)
130,2020-03-13 12:35:00,2020-03-13 12:40:00,LONG,5540.73,5560.122555,TP,1,5e-05,0.0008,0.0008500000000000001,0.0035000000000000647,0.0026500000000000646,0.0,0.024854125719896123,5523.23,3782.13,46.03490625652739,7,train,2020-03,5210f76300b0,Q4 (wide)
131,2020-03-13 13:00:00,2020-03-13 13:05:00,LONG,5529.32,5521.02602,SL,1,5e-05,0.0008,0.0008500000000000001,-0.0014999999999999033,-0.0023499999999999034,0.01217509567180046,0.0,5523.23,3782.13,46.03490625652739,12,train,2020-03,5210f76300b0,Q4 (wide)
132,2020-03-15 12:40:00,2020-03-15 12:45:00,LONG,5330.88,5322.883680000001,SL,1,5e-05,0.0008,0.0008500000000000001,-0.0014999999999998662,-0.002349999999999866,0.006603037397202679,0.0022060147667927656,5332.04,5093.1,4.691445288723951,8,train,2020-03,5210f76300b0,Q4 (wide)
133,2020-03-16 12:25:00,2020-03-16 12:30:00,SHORT,4658.38,4665.36757,SL,1,5e-05,0.0008,0.0008500000000000001,-0.00150000000000005,-0.00235000000000005,0.01371721499748832,0.0030783233656335777,5365.42,4778.0,12.294265383005442,5,train,2020-03,5210f76300b0,Q4 (wide)
134,2020-03-16 12:45:00,2020-03-16 12:50:00,SHORT,4756.96,4764.09544,SL,1,5e-05,0.0008,0.0008500000000000001,-0.0015000000000000035,-0.0023500000000000036,0.019171908109380742,0.0027559617907234185,5365.42,4778.0,12.294265383005442,9,train,2020-03,5210f76300b0,Q4 (wide)
135,2020-03-16 13:00:00,2020-03-16 13:05:00,SHORT,4762.25,4745.582125,TP,1,5e-05,0.0008,0.0008500000000000001,0.00350000000000002,0.00265000000000002,0.0,0.017012966559924497,5365.42,4778.0,12.294265383005442,12,train,2020-03,5210f76300b0,Q4 (wide)
136,2020-03-18 12:05:00,2020-03-18 12:10:00,SHORT,5099.15,5106.798725,SL,1,5e-05,0.0008,0.0008500000000000001,-0.0015000000000000026,-0.0023500000000000027,0.0029200945255582456,0.0005334222370393782,5436.17,5104.92,6.488838218816357,1,train,2020-03,5210f76300b0,Q4 (wide)
137,2020-03-18 12:20:00,2020-03-18 12:25:00,SHORT,5084.92,5092.54738,SL,1,5e-05,0.0008,0.0008500000000000001,-0.001499999999999981,-0.002349999999999981,0.004033495118900635,0.0021514596099841314,5436.17,5104.92,6.488838218816357,4,train,2020-03,5210f76300b0,Q4 (wide)
138,2020-03-18 12:30:00,2020-03-18 12:35:00,SHORT,5100.7,5108.35105,SL,1,5e-05,0.0008,0.0008500000000000001,-0.0015000000000000777,-0.0023500000000000777,0.005742349089340672,0.00031564295096745006,5436.17,5104.92,6.488838218816357,6,train,2020-03,5210f76300b0,Q4 (wide)
139,2020-03-18 12:55:00,2020-03-18 13:00:00,SHORT,5105.6,5087.7304,TP,1,5e-05,0.0008,0.0008500000000000001,0.003499999999999998,0.002649999999999998,0.001447430272641691,0.0056957066750234885,5436.17,5104.92,6.488838218816357,11,train,2020-03,5210f76300b0,Q4 (wide)
140,2020-03-24 12:05:00,2020-03-24 12:15:00,LONG,6663.6,6653.604600000001,SL,2,5e-05,0.0008,0.0008500000000000001,-0.0014999999999999684,-0.0023499999999999684,0.018098325229605673,0.003271504892250326,6666.0,6371.33,4.624937022568288,1,train,2020-03,5210f76300b0,Q4 (wide)
141,2020-03-29 12:05:00,2020-03-29 12:10:00,SHORT,6084.89,6094.0173350000005,SL,1,5e-05,0.0008,0.0008500000000000001,-0.0015000000000000213,-0.0023500000000000213,0.006588451064850676,0.0003188225259619334,6266.0,6116.0,2.4525833878351864,1,train,2020-03,5210f76300b0,Q3
142,2020-03-29 12:15:00,2020-03-29 12:40:00,SHORT,6105.53,6114.688295,SL,5,5e-05,0.0008,0.0008500000000000001,-0.0015000000000000295,-0.0023500000000000296,0.007938704747990797,0.0027270359821341696,6266.0,6116.0,2.4525833878351864,3,train,2020-03,5210f76300b0,Q3
143,2020-03-29 12:50:00,2020-03-29 12:55:00,SHORT,6117.65,6126.826475,SL,1,5e-05,0.0008,0.0008500000000000001,-0.0015000000000000343,-0.0023500000000000344,0.0026121141287913617,0.00021903835623143464,6266.0,6116.0,2.4525833878351864,10,train,2020-03,5210f76300b0,Q3
144,2020-03-30 12:20:00,2020-03-30 12:30:00,LONG,6338.36,6328.85246,SL,2,5e-05,0.0008,0.0008500000000000001,-0.0014999999999999382,-0.002349999999999938,0.003426753923727801,0.0015114319792501416,6330.01,5857.76,8.061955423233453,4,train,2020-03,5210f76300b0,Q4 (wide)
145,2020-03-31 12:05:00,2020-03-31 12:10:00,SHORT,6375.69,6353.375085,TP,1,5e-05,0.0008,0.0008500000000000001,0.003499999999999989,0.0026499999999999887,0.0003889775067483634,0.008515156790872825,6523.23,6378.0,2.277046095954838,1,train,2020-03,5210f76300b0,Q3
146,2020-03-31 12:15:00,2020-03-31 12:20:00,SHORT,6336.81,6346.3152150000005,SL,1,5e-05,0.0008,0.0008500000000000001,-0.001500000000000021,-0.0023500000000000213,0.0035917125493741026,0.0,6523.23,6378.0,2.277046095954838,3,train,2020-03,5210f76300b0,Q3
147,2020-03-31 12:35:00,2020-03-31 12:45:00,SHORT,6369.0,6378.5535,SL,2,5e-05,0.0008,0.0008500000000000001,-0.0014999999999999976,-0.002349999999999998,0.012717852096090438,0.001840163290940533,6523.23,6378.0,2.277046095954838,7,train,2020-03,5210f76300b0,Q3
148,2020-04-03 12:05:00,2020-04-03 12:10:00,LONG,6987.62,7012.07667,TP,1,5e-05,0.0008,0.0008500000000000001,0.0035000000000000695,0.0026500000000000694,0.001260801245631487,0.003756643893056577,6955.0,6723.12,3.4489939194897623,1,train,2020-04,5210f76300b0,Q4 (wide)
149,2020-04-03 12:40:00,2020-04-03 12:45:00,LONG,6952.01,6941.581985000001,SL,1,5e-05,0.0008,0.0008500000000000001,-0.0014999999999999287,-0.0023499999999999285,0.0168843255403833,0.0,6955.0,6723.12,3.4489939194897623,8,train,2020-04,5210f76300b0,Q4 (wide)
150,2020-04-06 12:05:00,2020-04-06 12:10:00,LONG,7128.28,7117.58758,SL,1,5e-05,0.0008,0.0008500000000000001,-0.0014999999999999161,-0.0023499999999999164,0.0042029774363521125,0.0004713619554788227,7100.39,6765.0,4.957723577235777,1,train,2020-04,5210f76300b0,Q4 (wide)
151,2020-04-06 12:15:00,2020-04-06 12:20:00,LONG,7111.5,7100.8327500000005,SL,1,5e-05,0.0008,0.0008500000000000001,-0.0014999999999999315,-0.0023499999999999316,0.0020389509948674682,0.0,7100.39,6765.0,4.957723577235777,3,train,2020-04,5210f76300b0,Q4 (wide)
152,2020-04-06 12:25:00,2020-04-06 12:40:00,LONG,7105.22,7130.088270000001,TP,3,5e-05,0.0008,0.0008500000000000001,0.0035000000000001193,0.0026500000000001193,0.0,0.008132049394670361,7100.39,6765.0,4.957723577235777,5,train,2020-04,5210f76300b0,Q4 (wide)
153,2020-04-09 12:20:00,2020-04-09 12:25:00,SHORT,7224.11,7234.946165,SL,1,5e-05,0.0008,0.0008500000000000001,-0.001500000000000086,-0.002350000000000086,0.0035838324720969543,0.0005689282139944813,7371.92,7234.96,1.893030507425059,4,train,2020-04,5210f76300b0,Q3
154,2020-04-09 12:35:00,2020-04-09 12:40:00,SHORT,7230.58,7241.42587,SL,1,5e-05,0.0008,0.0008500000000000001,-0.0015000000000000146,-0.0023500000000000144,0.0024769797167032044,0.0012709907089057308,7371.92,7234.96,1.893030507425059,7,train,2020-04,5210f76300b0,Q3
155,2020-04-09 12:45:00,2020-04-09 12:50:00,SHORT,7238.2,7249.0573,SL,1,5e-05,0.0008,0.0008500000000000001,-0.0015000000000000798,-0.00235000000000008,0.00853803431792437,0.0,7371.92,7234.96,1.893030507425059,9,train,2020-04,5210f76300b0,Q3
156,2020-04-16 12:15:00,2020-04-16 12:20:00,LONG,6991.44,6980.95284,SL,1,5e-05,0.0008,0.0008500000000000001,-0.0014999999999999538,-0.0023499999999999537,0.0021283169132538075,0.0021755174899591554,6980.0,6468.27,7.911388980361048,3,train,2020-04,5210f76300b0,Q4 (wide)
157,2020-04-16 12:25:00,2020-04-16 12:30:00,LONG,6991.12,7015.58892,TP,1,5e-05,0.0008,0.0008500000000000001,0.003500000000000036,0.002650000000000036,0.0,0.005132224879561517,6980.0,6468.27,7.911388980361048,5,train,2020-04,5210f76300b0,Q4 (wide)
158,2020-04-21 12:05:00,2020-04-21 12:10:00,SHORT,6813.18,6823.399770000001,SL,1,5e-05,0.0008,0.0008500000000000001,-0.0015000000000000892,-0.002350000000000089,0.0018625663786953522,0.0003419842129519442,6917.0,6811.05,1.5555604495635742,1,train,2020-04,5210f76300b0,Q2
159,2020-04-21 13:00:00,2020-04-21 13:05:00,SHORT,6809.19,6819.403785,SL,1,5e-05,0.0008,0.0008500000000000001,-0.0015000000000001212,-0.002350000000000121,0.0018783438265050562,0.0,6917.0,6811.05,1.5555604495635742,12,train,2020-04,5210f76300b0,Q2
160,2020-05-01 12:35:00,2020-05-01 12:40:00,LONG,8855.41,8842.126885,SL,1,5e-05,0.0008,0.0008500000000000001,-0.0015000000000000204,-0.0023500000000000205,0.002303676509613856,0.0018158391311074165,8835.7,8613.56,2.578956900515016,7,train,2020-05,5210f76300b0,Q3
161,2020-05-01 12:45:00,2020-05-01 12:55:00,LONG,8846.21,8877.171735,TP,2,5e-05,0.0008,0.0008500000000000001,0.0035000000000000877,0.0026500000000000876,0.000821820870180407,0.004384928686974521,8835.7,8613.56,2.578956900515016,9,train,2020-05,5210f76300b0,Q3
162,2020-05-02 12:05:00,2020-05-02 12:15:00,LONG,8861.51,8892.525285000002,TP,2,5e-05,0.0008,0.0008500000000000001,0.003500000000000148,0.002650000000000148,0.0,0.006938997981156685,8856.76,8753.0,1.1854221409802377,1,train,2020-05,5210f76300b0,Q1 (tight)
163,2020-05-02 12:55:00,2020-05-02 13:20:00,LONG,8865.81,8852.511285,SL,5,5e-05,0.0008,0.0008500000000000001,-0.0014999999999998864,-0.0023499999999998865,0.0016862531455105524,0.0024566283283761615,8856.76,8753.0,1.1854221409802377,11,train,2020-05,5210f76300b0,Q1 (tight)
164,2020-05-12 12:05:00,2020-05-12 12:10:00,LONG,8790.03,8776.844955,SL,1,5e-05,0.0008,0.0008500000000000001,-0.0015000000000000195,-0.0023500000000000196,0.006212720548166568,0.0,8785.0,8528.78,3.004181137278712,1,train,2020-05,5210f76300b0,Q4 (wide)
165,2020-05-14 12:40:00,2020-05-14 12:45:00,LONG,9557.52,9590.97132,TP,1,5e-05,0.0008,0.0008500000000000001,0.0035000000000000126,0.0026500000000000126,0.0,0.00549096418317718,9547.0,9256.76,3.13543831751066,8,train,2020-05,5210f76300b0,Q4 (wide)
166,2020-05-21 12:05:00,2020-05-21 12:20:00,SHORT,9372.52,9339.716180000001,TP,3,5e-05,0.0008,0.0008500000000000001,0.003499999999999912,0.002649999999999912,0.0,0.0056036156764669946,9578.47,9400.0,1.898617021276589,1,train,2020-05,5210f76300b0,Q3
167,2020-05-23 12:05:00,2020-05-23 12:20:00,SHORT,9162.05,9129.982825,TP,3,5e-05,0.0008,0.0008500000000000001,0.003500000000000015,0.0026500000000000148,0.00046823582058609956,0.0055544337784665465,9307.85,9169.99,1.5033822283339522,1,train,2020-05,5210f76300b0,Q2
168,2020-06-05 12:35:00,2020-06-05 12:45:00,SHORT,9712.04,9678.04786,TP,2,5e-05,0.0008,0.0008500000000000001,0.0035000000000000296,0.0026500000000000295,0.0,0.00601624375517402,9846.16,9725.0,1.2458611825192787,7,train,2020-06,5210f76300b0,Q2
169,2020-06-06 12:40:00,2020-06-06 12:45:00,LONG,9660.96,9646.46856,SL,1,5e-05,0.0008,0.0008500000000000001,-0.0014999999999999777,-0.002349999999999978,0.0018072738112981659,0.0003912654643017521,9644.34,9531.05,1.1886413354247525,8,train,2020-06,5210f76300b0,Q1 (tight)
170,2020-06-06 12:50:00,2020-06-06 12:55:00,LONG,9659.44,9644.950840000001,SL,1,5e-05,0.0008,0.0008500000000000001,-0.0014999999999999144,-0.0023499999999999147,0.001910048615654813,0.0,9644.34,9531.05,1.1886413354247525,10,train,2020-06,5210f76300b0,Q1 (tight)
171,2020-06-06 13:00:00,2020-06-06 15:10:00,LONG,9647.8,9633.3283,SL,26,5e-05,0.0008,0.0008500000000000001,-0.0015000000000000059,-0.0023500000000000057,0.002329028379526871,0.003369680134331166,9644.34,9531.05,1.1886413354247525,12,train,2020-06,5210f76300b0,Q1 (tight)
172,2020-06-07 12:05:00,2020-06-07 12:15:00,SHORT,9588.73,9555.169445,TP,2,5e-05,0.0008,0.0008500000000000001,0.0035000000000000027,0.0026500000000000026,0.00035562582323205,0.0036209174729082316,9717.0,9597.0,1.2503907471084714,1,train,2020-06,5210f76300b0,Q2
173,2020-06-12 12:10:00,2020-06-12 12:15:00,LONG,9470.25,9456.044625,SL,1,5e-05,0.0008,0.0008500000000000001,-0.0014999999999999523,-0.0023499999999999524,0.0061487289142313625,0.0,9463.0,9232.51,2.496504200916108,2,train,2020-06,5210f76300b0,Q3
174,2020-06-12 12:25:00,2020-06-12 12:35:00,LONG,9466.69,9452.489965,SL,2,5e-05,0.0008,0.0008500000000000001,-0.0014999999999999833,-0.002349999999999983,0.0022214733977769054,0.00025246416646150006,9463.0,9232.51,2.496504200916108,5,train,2020-06,5210f76300b0,Q3
175,2020-06-12 12:55:00,2020-06-12 13:10:00,LONG,9459.92,9445.73012,SL,3,5e-05,0.0008,0.0008500000000000001,-0.0014999999999999896,-0.0023499999999999897,0.0018361677477188813,0.0007431352485011136,9463.0,9232.51,2.496504200916108,11,train,2020-06,5210f76300b0,Q3
176,2020-06-19 12:05:00,2020-06-19 12:40:00,LONG,9390.4,9376.3144,SL,7,5e-05,0.0008,0.0008500000000000001,-0.0015000000000000362,-0.002350000000000036,0.002250170386777901,0.003471630601465365,9388.71,9215.79,1.8763448385867976,1,train,2020-06,5210f76300b0,Q3
177,2020-06-22 12:10:00,2020-06-22 12:45:00,LONG,9455.56,9488.65446,TP,7,5e-05,0.0008,0.0008500000000000001,0.003500000000000027,0.002650000000000027,0.00013748524677536524,0.004699880282077478,9450.0,9277.09,1.863838768406902,2,train,2020-06,5210f76300b0,Q3
178,2020-06-28 12:35:00,2020-06-28 14:05:00,LONG,9036.13,9067.756454999999,TP,18,5e-05,0.0008,0.0008500000000000001,0.0034999999999999584,0.0026499999999999584,0.0002999071505167729,0.003637619202025735,9034.65,8948.06,0.9676957910429763,7,train,2020-06,5210f76300b0,Q1 (tight)
179,2020-07-01 13:00:00,2020-07-01 13:20:00,LONG,9165.01,9151.262485000001,SL,4,5e-05,0.0008,0.0008500000000000001,-0.001499999999999903,-0.0023499999999999034,0.0016377505316415605,0.0005422798229352009,9162.85,9080.1,0.9113335756214138,12,train,2020-07,5210f76300b0,Q1 (tight)
180,2020-07-05 12:05:00,2020-07-05 12:30:00,SHORT,9023.39,9036.925085,SL,5,5e-05,0.0008,0.0008500000000000001,-0.0015000000000001492,-0.0023500000000001493,0.0022840639715229626,0.0014850294623195536,9145.24,9040.0,1.1641592920353958,1,train,2020-07,5210f76300b0,Q1 (tight)
181,2020-07-05 12:35:00,2020-07-05 13:55:00,SHORT,9043.83,9012.176595,TP,16,5e-05,0.0008,0.0008500000000000001,0.0034999999999999016,0.0026499999999999016,0.0,0.0035549098114404667,9145.24,9040.0,1.1641592920353958,7,train,2020-07,5210f76300b0,Q1 (tight)
182,2020-07-16 12:05:00,2020-07-16 12:10:00,SHORT,9086.01,9099.639015,SL,1,5e-05,0.0008,0.0008500000000000001,-0.001500000000000048,-0.0023500000000000482,0.0021483577499915186,0.0,9226.15,9084.0,1.5648392778511626,1,train,2020-07,5210f76300b0,Q2
183,2020-07-16 12:40:00,2020-07-16 13:00:00,SHORT,9083.49,9097.115235000001,SL,4,5e-05,0.0008,0.0008500000000000001,-0.0015000000000001475,-0.0023500000000001475,0.0016161189146462749,0.000423845900639552,9226.15,9084.0,1.5648392778511626,8,train,2020-07,5210f76300b0,Q2
184,2020-07-18 12:20:00,2020-07-18 14:50:00,LONG,9166.03,9164.22,MAX_HOLD,30,5e-05,0.0008,0.0008500000000000001,-0.00019746826052296463,-0.0010474682605229647,0.0013757319144712139,0.0009786134236959016,9168.88,9121.1,0.5238403262764232,4,train,2020-07,5210f76300b0,Q1 (tight)
185,2020-07-19 12:40:00,2020-07-19 15:10:00,SHORT,9132.91,9131.7,MAX_HOLD,30,5e-05,0.0008,0.0008500000000000001,0.0001324878926869012,-0.0007175121073130988,0.00022884272373210134,0.0015416772967214094,9180.79,9139.27,0.4543032430380155,8,train,2020-07,5210f76300b0,Q1 (tight)
186,2020-07-29 12:05:00,2020-07-29 12:25:00,LONG,11092.31,11075.671535,SL,4,5e-05,0.0008,0.0008500000000000001,-0.0014999999999999998,-0.0023499999999999997,0.002385436396927162,0.002856934218390985,11079.97,10812.0,2.4784498705142375,1,train,2020-07,5210f76300b0,Q3
187,2020-07-29 12:35:00,2020-07-29 12:50:00,LONG,11087.58,11126.38653,TP,3,5e-05,0.0008,0.0008500000000000001,0.0034999999999999853,0.0026499999999999853,0.00014791325068224247,0.004456337631836691,11079.97,10812.0,2.4784498705142375,7,train,2020-07,5210f76300b0,Q3
188,2020-08-11 12:15:00,2020-08-11 12:40:00,SHORT,11699.05,11658.103325,TP,5,5e-05,0.0008,0.0008500000000000001,0.0034999999999999346,0.0026499999999999345,0.0007992101922806009,0.004192648121001216,11935.0,11705.0,1.9649722340879965,3,train,2020-08,5210f76300b0,Q3
189,2020-08-12 12:30:00,2020-08-12 13:45:00,LONG,11481.55,11521.735425,TP,15,5e-05,0.0008,0.0008500000000000001,0.0035000000000001297,0.0026500000000001297,0.0010573485287264715,0.006397219887558799,11476.41,11150.0,2.9274439461883395,6,train,2020-08,5210f76300b0,Q4 (wide)
190,2020-08-13 12:20:00,2020-08-13 12:25:00,SHORT,11484.3,11501.52645,SL,1,5e-05,0.0008,0.0008500000000000001,-0.00150000000000001,-0.00235000000000001,0.002169048178818026,0.0004362477469239222,11656.99,11490.52,1.4487594991349333,4,train,2020-08,5210f76300b0,Q2
191,2020-08-13 12:30:00,2020-08-13 12:35:00,SHORT,11495.87,11455.634455000001,TP,1,5e-05,0.0008,0.0008500000000000001,0.00349999999999996,0.00264999999999996,0.0,0.0072086758114001635,11656.99,11490.52,1.4487594991349333,6,train,2020-08,5210f76300b0,Q2
192,2020-08-16 12:05:00,2020-08-16 12:10:00,SHORT,11754.42,11713.27953,TP,1,5e-05,0.0008,0.0008500000000000001,0.0035000000000000235,0.0026500000000000234,0.0,0.004514046630969413,11931.72,11768.78,1.384510543998602,1,train,2020-08,5210f76300b0,Q2
193,2020-08-16 12:35:00,2020-08-16 12:50:00,SHORT,11766.75,11784.400125,SL,3,5e-05,0.0008,0.0008500000000000001,-0.0015000000000000098,-0.00235000000000001,0.002230862387660144,0.0012331357426647305,11931.72,11768.78,1.384510543998602,7,train,2020-08,5210f76300b0,Q2
194,2020-08-16 13:00:00,2020-08-16 13:05:00,SHORT,11771.05,11788.706575,SL,1,5e-05,0.0008,0.0008500000000000001,-0.0015000000000000753,-0.002350000000000075,0.0018596471852554562,0.0010959090310549728,11931.72,11768.78,1.384510543998602,12,train,2020-08,5210f76300b0,Q2
195,2020-08-18 12:15:00,2020-08-18 12:20:00,SHORT,12181.48,12199.75222,SL,1,5e-05,0.0008,0.0008500000000000001,-0.0015000000000000612,-0.0023500000000000612,0.002833810013233239,0.0,12387.77,12192.0,1.6057250656168014,3,train,2020-08,5210f76300b0,Q2
196,2020-08-18 12:35:00,2020-08-18 12:45:00,SHORT,12194.76,12213.052140000002,SL,2,5e-05,0.0008,0.0008500000000000001,-0.0015000000000001132,-0.0023500000000001133,0.00297176820208022,0.0007224414420619586,12387.77,12192.0,1.6057250656168014,7,train,2020-08,5210f76300b0,Q2
197,2020-08-21 13:00:00,2020-08-21 13:40:00,SHORT,11760.24,11719.079160000001,TP,8,5e-05,0.0008,0.0008500000000000001,0.0034999999999998847,0.0026499999999998847,0.0009812724910376722,0.003844309299810134,11878.0,11778.44,0.8452732280335893,12,train,2020-08,5210f76300b0,Q1 (tight)
198,2020-08-22 12:15:00,2020-08-22 12:30:00,LONG,11587.8,11570.4183,SL,3,5e-05,0.0008,0.0008500000000000001,-0.0014999999999999922,-0.0023499999999999923,0.0015524948652893373,0.0003089456152159968,11589.56,11376.81,1.870032109176474,3,train,2020-08,5210f76300b0,Q3
199,2020-08-22 12:40:00,2020-08-22 13:00:00,LONG,11594.9,11577.50765,SL,4,5e-05,0.0008,0.0008500000000000001,-0.0015000000000000068,-0.0023500000000000066,0.0015877670355069777,0.0014299390249161207,11589.56,11376.81,1.870032109176474,8,train,2020-08,5210f76300b0,Q3
200,2020-08-23 12:10:00,2020-08-23 12:15:00,SHORT,11545.83,11563.148745,SL,1,5e-05,0.0008,0.0008500000000000001,-0.0015000000000000425,-0.0023500000000000426,0.0015460127162794156,0.00015243598771159963,11688.81,11555.26,1.1557507143932657,2,train,2020-08,5210f76300b0,Q1 (tight)
201,2020-08-23 12:20:00,2020-08-23 13:25:00,SHORT,11558.19,11575.527285000002,SL,13,5e-05,0.0008,0.0008500000000000001,-0.0015000000000001236,-0.0023500000000001237,0.006353070852789259,0.0022261271012157945,11688.81,11555.26,1.1557507143932657,4,train,2020-08,5210f76300b0,Q1 (tight)
202,2020-08-24 12:55:00,2020-08-24 13:20:00,LONG,11786.62,11768.94007,SL,5,5e-05,0.0008,0.0008500000000000001,-0.0015000000000000202,-0.0023500000000000205,0.002045539773064762,0.0006023779505913098,11775.0,11585.09,1.6392621895902393,11,train,2020-08,5210f76300b0,Q2
203,2020-08-25 12:10:00,2020-08-25 12:15:00,SHORT,11555.12,11514.677080000001,TP,1,5e-05,0.0008,0.0008500000000000001,0.0034999999999999567,0.0026499999999999566,0.0,0.00753951495094822,11767.85,11550.0,1.8861471861471892,2,train,2020-08,5210f76300b0,Q3
204,2020-08-26 12:10:00,2020-08-26 12:20:00,LONG,11395.29,11378.197065000002,SL,2,5e-05,0.0008,0.0008500000000000001,-0.0014999999999998912,-0.0023499999999998912,0.003360160206541551,0.0017507233251631952,11400.0,11250.0,1.3333333333333335,2,train,2020-08,5210f76300b0,Q2
205,2020-08-27 12:05:00,2020-08-27 12:10:00,SHORT,11312.45,11329.418675,SL,1,5e-05,0.0008,0.0008500000000000001,-0.0015000000000000065,-0.0023500000000000066,0.002363767353667842,0.0,11480.59,11332.48,1.30695134692495,1,train,2020-08,5210f76300b0,Q2
206,2020-08-27 12:15:00,2020-08-27 12:25:00,SHORT,11337.0,11297.3205,TP,2,5e-05,0.0008,0.0008500000000000001,0.0035000000000000166,0.0026500000000000165,0.0,0.004585869277586644,11480.59,11332.48,1.30695134692495,3,train,2020-08,5210f76300b0,Q2
207,2020-08-28 12:05:00,2020-08-28 12:15:00,LONG,11461.65,11444.457525,SL,2,5e-05,0.0008,0.0008500000000000001,-0.0014999999999999853,-0.0023499999999999853,0.0018156199151081642,0.0014631401238042025,11444.96,11276.89,1.4903931846457643,1,train,2020-08,5210f76300b0,Q2
208,2020-08-28 12:20:00,2020-08-28 12:50:00,LONG,11456.3,11439.11555,SL,6,5e-05,0.0008,0.0008500000000000001,-0.0014999999999998981,-0.002349999999999898,0.0031676893936086743,0.002252035997660771,11444.96,11276.89,1.4903931846457643,4,train,2020-08,5210f76300b0,Q2
209,2020-08-28 13:00:00,2020-08-28 13:30:00,LONG,11440.88,11423.71868,SL,6,5e-05,0.0008,0.0008500000000000001,-0.0014999999999999345,-0.0023499999999999346,0.0017332582808315383,0.0010567368943647818,11444.96,11276.89,1.4903931846457643,12,train,2020-08,5210f76300b0,Q2
210,2020-08-29 12:25:00,2020-08-29 14:30:00,SHORT,11466.53,11483.729795000001,SL,25,5e-05,0.0008,0.0008500000000000001,-0.001500000000000039,-0.002350000000000039,0.0015671698412683998,0.002863987623108311,11580.02,11462.51,1.0251681350768742,5,train,2020-08,5210f76300b0,Q1 (tight)
211,2020-09-03 12:10:00,2020-09-03 12:15:00,SHORT,11180.54,11141.408110000002,TP,1,5e-05,0.0008,0.0008500000000000001,0.0034999999999998877,0.0026499999999998877,0.0,0.01772275757700446,11446.13,11237.0,1.8610839191955078,2,train,2020-09,5210f76300b0,Q3
212,2020-09-06 12:05:00,2020-09-06 12:10:00,LONG,10250.19,10286.065665000002,TP,1,5e-05,0.0008,0.0008500000000000001,0.0035000000000001354,0.0026500000000001353,0.0,0.004504306749435871,10250.0,9994.86,2.5527120940163184,1,train,2020-09,5210f76300b0,Q3
213,2020-09-06 12:40:00,2020-09-06 12:45:00,LONG,10259.76,10244.37036,SL,1,5e-05,0.0008,0.0008500000000000001,-0.0014999999999999432,-0.0023499999999999433,0.003412360523053192,0.0008928084087736803,10250.0,9994.86,2.5527120940163184,8,train,2020-09,5210f76300b0,Q3
214,2020-09-06 12:55:00,2020-09-06 13:00:00,LONG,10250.35,10234.974475,SL,1,5e-05,0.0008,0.0008500000000000001,-0.0014999999999999482,-0.0023499999999999485,0.0037530425790340003,0.0,10250.0,9994.86,2.5527120940163184,11,train,2020-09,5210f76300b0,Q3
215,2020-09-07 12:05:00,2020-09-07 12:10:00,SHORT,10046.17,10011.008405,TP,1,5e-05,0.0008,0.0008500000000000001,0.003499999999999958,0.002649999999999958,0.0,0.0065865897152845385,10312.0,10052.38,2.58267196425126,1,train,2020-09,5210f76300b0,Q3
216,2020-09-15 12:05:00,2020-09-15 12:20:00,LONG,10843.83,10881.783405,TP,3,5e-05,0.0008,0.0008500000000000001,0.0035000000000000187,0.0026500000000000187,0.0,0.005087685808427472,10839.0,10650.0,1.7746478873239435,1,train,2020-09,5210f76300b0,Q2
217,2020-09-17 12:20:00,2020-09-17 12:55:00,SHORT,10845.12,10807.162080000002,TP,7,5e-05,0.0008,0.0008500000000000001,0.0034999999999999003,0.0026499999999999003,0.0001788822991353429,0.004159474491753026,11045.46,10842.77,1.8693562622835187,4,train,2020-09,5210f76300b0,Q3
218,2020-09-18 12:05:00,2020-09-18 12:15:00,LONG,10984.47,10967.993295,SL,2,5e-05,0.0008,0.0008500000000000001,-0.0014999999999999207,-0.0023499999999999207,0.0025763646311564668,0.0,10985.0,10870.01,1.0578647121759757,1,train,2020-09,5210f76300b0,Q1 (tight)
219,2020-09-18 12:45:00,2020-09-18 13:30:00,LONG,10981.05,10964.578425,SL,9,5e-05,0.0008,0.0008500000000000001,-0.0014999999999999614,-0.0023499999999999615,0.002317629006333539,0.0020070940392768336,10985.0,10870.01,1.0578647121759757,9,train,2020-09,5210f76300b0,Q1 (tight)
220,2020-09-25 12:30:00,2020-09-25 12:45:00,SHORT,10607.16,10623.070740000001,SL,3,5e-05,0.0008,0.0008500000000000001,-0.0015000000000001102,-0.0023500000000001102,0.0020373031046953738,0.002035417585857114,10760.53,10614.58,1.3749955250231354,6,train,2020-09,5210f76300b0,Q2
221,2020-09-25 12:50:00,2020-09-25 13:05:00,SHORT,10617.19,10633.115785000002,SL,3,5e-05,0.0008,0.0008500000000000001,-0.0015000000000001195,-0.0023500000000001194,0.0022887411829306315,0.000885356671586327,10760.53,10614.58,1.3749955250231354,10,train,2020-09,5210f76300b0,Q2
222,2020-09-29 12:05:00,2020-09-29 13:10:00,LONG,10750.12,10733.994820000002,SL,13,5e-05,0.0008,0.0008500000000000001,-0.0014999999999999152,-0.0023499999999999155,0.0022827652156441856,0.0014148679270556167,10747.88,10656.82,0.8544762884237463,1,train,2020-09,5210f76300b0,Q1 (tight)
223,2020-10-01 12:20:00,2020-10-01 13:50:00,LONG,10868.59,10852.287115000001,SL,18,5e-05,0.0008,0.0008500000000000001,-0.0014999999999999218,-0.0023499999999999216,0.0020784664800126,0.002797050951411327,10857.47,10776.59,0.7505157011633475,4,train,2020-10,5210f76300b0,Q1 (tight)
224,2020-10-06 12:20:00,2020-10-06 12:30:00,SHORT,10705.37,10721.428055000002,SL,2,5e-05,0.0008,0.0008500000000000001,-0.0015000000000001243,-0.0023500000000001246,0.0016262866206399082,0.0003147952849832187,10800.0,10705.27,0.8848912731766649,4,train,2020-10,5210f76300b0,Q1 (tight)
225,2020-10-06 12:50:00,2020-10-06 14:35:00,SHORT,10703.39,10665.928135,TP,21,5e-05,0.0008,0.0008500000000000001,0.0034999999999999355,0.0026499999999999354,0.001440665060322017,0.0037614251185839457,10800.0,10705.27,0.8848912731766649,10,train,2020-10,5210f76300b0,Q1 (tight)
226,2020-10-20 12:30:00,2020-10-20 12:35:00,LONG,11861.0,11843.2085,SL,1,5e-05,0.0008,0.0008500000000000001,-0.001499999999999946,-0.002349999999999946,0.0020698086164740977,0.0008312958435208314,11849.0,11677.59,1.467854240472562,6,train,2020-10,5210f76300b0,Q2
227,2020-10-20 12:40:00,2020-10-20 13:20:00,LONG,11863.67,11845.874495,SL,8,5e-05,0.0008,0.0008500000000000001,-0.0015000000000000042,-0.002350000000000004,0.0031162363754217155,0.0022876563491735203,11849.0,11677.59,1.467854240472562,8,train,2020-10,5210f76300b0,Q2
228,2020-10-21 12:10:00,2020-10-21 12:15:00,LONG,12296.86,12278.414710000001,SL,1,5e-05,0.0008,0.0008500000000000001,-0.0014999999999999723,-0.0023499999999999723,0.001730523076622866,0.0011295566510474558,12295.0,11886.95,3.432756089661345,2,train,2020-10,5210f76300b0,Q4 (wide)
229,2020-10-21 12:25:00,2020-10-21 12:30:00,LONG,12349.34,12330.815990000001,SL,1,5e-05,0.0008,0.0008500000000000001,-0.0014999999999999337,-0.0023499999999999337,0.0027807154066533226,0.0024794847335970166,12295.0,11886.95,3.432756089661345,5,train,2020-10,5210f76300b0,Q4 (wide)
230,2020-10-22 12:05:00,2020-10-22 12:10:00,LONG,12937.0,12917.594500000001,SL,1,5e-05,0.0008,0.0008500000000000001,-0.0014999999999999178,-0.002349999999999918,0.0027301538223699242,0.0,12940.0,12678.08,2.0659279638557266,1,train,2020-10,5210f76300b0,Q3
231,2020-10-26 12:05:00,2020-10-26 12:10:00,LONG,13160.0,13140.26,SL,1,5e-05,0.0008,0.0008500000000000001,-0.0014999999999999833,-0.002349999999999983,0.003819908814589699,0.0,13151.51,12971.0,1.391642895690388,1,train,2020-10,5210f76300b0,Q2
232,2020-10-26 12:50:00,2020-10-26 12:55:00,LONG,13149.6,13129.875600000001,SL,1,5e-05,0.0008,0.0008500000000000001,-0.0014999999999999354,-0.0023499999999999355,0.002365090953337011,0.0,13151.51,12971.0,1.391642895690388,10,train,2020-10,5210f76300b0,Q2
233,2020-10-29 12:40:00,2020-10-29 12:50:00,SHORT,13105.0,13124.657500000001,SL,2,5e-05,0.0008,0.0008500000000000001,-0.001500000000000089,-0.002350000000000089,0.0030797405570393423,0.0022342617321633464,13326.39,13120.88,1.5662821396125886,8,train,2020-10,5210f76300b0,Q2
234,2020-11-16 12:25:00,2020-11-16 12:40:00,LONG,16286.23,16261.800655000001,SL,3,5e-05,0.0008,0.0008500000000000001,-0.001499999999999917,-0.0023499999999999173,0.0015712660327159905,0.0012888188365263037,16291.99,15864.0,2.697869389813413,5,train,2020-11,5210f76300b0,Q3
235,2020-11-16 12:50:00,2020-11-16 13:40:00,LONG,16294.25,16351.279875,TP,10,5e-05,0.0008,0.0008500000000000001,0.003500000000000011,0.002650000000000011,0.0005063135768752781,0.003722171931816416,16291.99,15864.0,2.697869389813413,10,train,2020-11,5210f76300b0,Q3
236,2020-11-23 12:20:00,2020-11-23 12:25:00,LONG,18558.88,18531.041680000002,SL,1,5e-05,0.0008,0.0008500000000000001,-0.0014999999999999424,-0.0023499999999999424,0.003433935668531698,0.0,18556.83,18000.0,3.09350000000001,4,train,2020-11,5210f76300b0,Q4 (wide)
237,2020-11-23 12:35:00,2020-11-23 13:15:00,LONG,18598.72,18570.821920000002,SL,8,5e-05,0.0008,0.0008500000000000001,-0.0014999999999999476,-0.0023499999999999476,0.014287004697097497,0.0034104497513807557,18556.83,18000.0,3.09350000000001,7,train,2020-11,5210f76300b0,Q4 (wide)
238,2020-11-25 12:10:00,2020-11-25 12:15:00,LONG,19215.28,19186.45708,SL,1,5e-05,0.0008,0.0008500000000000001,-0.0014999999999999326,-0.002349999999999933,0.0028191106244612753,0.0005490422205662843,19218.12,18625.0,3.1845369127516725,2,train,2020-11,5210f76300b0,Q4 (wide)
239,2020-11-25 12:20:00,2020-11-25 12:25:00,LONG,19219.57,19190.740645,SL,1,5e-05,0.0008,0.0008500000000000001,-0.0014999999999998977,-0.0023499999999998977,0.002266439883930874,0.0008501751079758884,19218.12,18625.0,3.1845369127516725,4,train,2020-11,5210f76300b0,Q4 (wide)
240,2020-11-25 12:30:00,2020-11-25 12:50:00,LONG,19229.2,19296.502200000003,TP,4,5e-05,0.0008,0.0008500000000000001,0.003500000000000099,0.002650000000000099,0.0009194350258981284,0.004085453372995115,19218.12,18625.0,3.1845369127516725,6,train,2020-11,5210f76300b0,Q4 (wide)
241,2020-11-26 12:15:00,2020-11-26 12:20:00,SHORT,17206.8,17232.6102,SL,1,5e-05,0.0008,0.0008500000000000001,-0.001499999999999994,-0.002349999999999994,0.008680289187995478,0.0,18915.03,17200.0,9.971104651162783,3,train,2020-11,5210f76300b0,Q4 (wide)
242,2020-11-26 12:40:00,2020-11-26 12:45:00,SHORT,17178.97,17204.738455000002,SL,1,5e-05,0.0008,0.0008500000000000001,-0.0015000000000000738,-0.002350000000000074,0.010332982710837635,0.0,18915.03,17200.0,9.971104651162783,8,train,2020-11,5210f76300b0,Q4 (wide)
243,2020-11-27 12:35:00,2020-11-27 12:40:00,SHORT,16987.94,17013.42191,SL,1,5e-05,0.0008,0.0008500000000000001,-0.0015000000000001323,-0.0023500000000001324,0.0036531798440541533,0.0015981926001621043,17457.62,17012.56,2.6160671880069644,7,train,2020-11,5210f76300b0,Q3
244,2020-11-27 12:45:00,2020-11-27 12:50:00,SHORT,17007.32,17032.830980000002,SL,1,5e-05,0.0008,0.0008500000000000001,-0.0015000000000001616,-0.002350000000000162,0.0025577222043214336,0.0013558867593484046,17457.62,17012.56,2.6160671880069644,9,train,2020-11,5210f76300b0,Q3
245,2020-11-28 12:15:00,2020-11-28 12:20:00,LONG,17210.65,17184.834025000004,SL,1,5e-05,0.0008,0.0008500000000000001,-0.0014999999999998667,-0.002349999999999867,0.0052670875301049904,0.0,17190.0,16872.0,1.8847795163584635,3,train,2020-11,5210f76300b0,Q3
246,2020-11-29 12:40:00,2020-11-29 12:45:00,LONG,17983.02,17956.04547,SL,1,5e-05,0.0008,0.0008500000000000001,-0.0014999999999999725,-0.0023499999999999728,0.0023549993271431706,0.00168436669702869,17886.21,17517.0,2.107723925329675,8,train,2020-11,5210f76300b0,Q3
247,2020-12-03 12:05:00,2020-12-03 12:15:00,LONG,19307.07,19278.109395,SL,2,5e-05,0.0008,0.0008500000000000001,-0.001500000000000011,-0.002350000000000011,0.0037001989426670486,0.0019127708140075264,19299.0,18867.2,2.288627883310715,1,train,2020-12,5210f76300b0,Q3
248,2020-12-03 12:25:00,2020-12-03 12:30:00,LONG,19308.15,19279.187775000002,SL,1,5e-05,0.0008,0.0008500000000000001,-0.001499999999999964,-0.002349999999999964,0.004576823776488302,0.001579643829160225,19299.0,18867.2,2.288627883310715,5,train,2020-12,5210f76300b0,Q3
249,2020-12-03 12:35:00,2020-12-03 13:00:00,LONG,19291.66,19359.18081,TP,5,5e-05,0.0008,0.0008500000000000001,0.0035000000000000933,0.0026500000000000933,0.0012653136122034005,0.004328295232240253,19299.0,18867.2,2.288627883310715,7,train,2020-12,5210f76300b0,Q3
250,2020-12-05 12:20:00,2020-12-05 12:55:00,LONG,18995.18,19061.66313,TP,7,5e-05,0.0008,0.0008500000000000001,0.003500000000000028,0.0026500000000000278,0.00011845110180582653,0.0044658697627502405,18990.08,18500.0,2.6490810810810905,4,train,2020-12,5210f76300b0,Q3
251,2020-12-07 12:10:00,2020-12-07 12:20:00,SHORT,19155.01,19183.742514999998,SL,2,5e-05,0.0008,0.0008500000000000001,-0.0014999999999999842,-0.002349999999999984,0.001724875111002337,0.0011098923989075653,19420.91,19157.55,1.3747060558369968,2,train,2020-12,5210f76300b0,Q2
252,2020-12-10 12:10:00,2020-12-10 12:15:00,SHORT,18256.16,18283.54424,SL,1,5e-05,0.0008,0.0008500000000000001,-0.0014999999999999677,-0.0023499999999999676,0.0018881298148132556,0.00022896381276239314,18557.32,18278.44,1.525731955243451,2,train,2020-12,5210f76300b0,Q2
253,2020-12-10 12:20:00,2020-12-10 12:40:00,SHORT,18264.56,18200.63404,TP,4,5e-05,0.0008,0.0008500000000000001,0.0035000000000000265,0.0026500000000000265,0.0,0.003528691630129646,18557.32,18278.44,1.525731955243451,4,train,2020-12,5210f76300b0,Q2
254,2020-12-11 12:10:00,2020-12-11 12:15:00,SHORT,17698.82,17725.36823,SL,1,5e-05,0.0008,0.0008500000000000001,-0.0015000000000000187,-0.0023500000000000187,0.0047669844656309844,0.001712543548101021,18292.73,17700.51,3.3457793024042877,2,train,2020-12,5210f76300b0,Q4 (wide)
255,2020-12-13 12:25:00,2020-12-13 12:30:00,LONG,19303.84,19371.403440000002,TP,1,5e-05,0.0008,0.0008500000000000001,0.003500000000000089,0.002650000000000089,0.0,0.0037282737527870704,19306.27,18711.12,3.1807288927653796,5,train,2020-12,5210f76300b0,Q4 (wide)
256,2020-12-13 12:35:00,2020-12-13 12:40:00,LONG,19375.8,19346.7363,SL,1,5e-05,0.0008,0.0008500000000000001,-0.0014999999999999376,-0.0023499999999999376,0.0016365775864738037,0.0012489806872490801,19306.27,18711.12,3.1807288927653796,7,train,2020-12,5210f76300b0,Q4 (wide)
257,2020-12-22 12:05:00,2020-12-22 12:10:00,LONG,23191.78,23156.99233,SL,1,5e-05,0.0008,0.0008500000000000001,-0.001499999999999909,-0.002349999999999909,0.004388623900364649,0.0,23076.77,22428.86,2.888733533492116,1,train,2020-12,5210f76300b0,Q4 (wide)
258,2020-12-22 12:20:00,2020-12-22 12:30:00,LONG,23143.65,23108.934525000004,SL,2,5e-05,0.0008,0.0008500000000000001,-0.0014999999999998808,-0.002349999999999881,0.0023738692902805876,0.0022343061703749894,23076.77,22428.86,2.888733533492116,4,train,2020-12,5210f76300b0,Q4 (wide)
259,2020-12-22 12:45:00,2020-12-22 12:50:00,LONG,23082.0,23162.787,TP,1,5e-05,0.0008,0.0008500000000000001,0.0035000000000000113,0.0026500000000000113,0.0,0.0094445888571181,23076.77,22428.86,2.888733533492116,9,train,2020-12,5210f76300b0,Q4 (wide)
260,2020-12-23 12:25:00,2020-12-23 12:30:00,SHORT,23260.37,23295.260555,SL,1,5e-05,0.0008,0.0008500000000000001,-0.0015000000000000761,-0.002350000000000076,0.007171854961894403,0.00023516392903455646,24050.0,23319.11,3.1342962917538424,5,train,2020-12,5210f76300b0,Q4 (wide)
261,2020-12-24 12:05:00,2020-12-24 12:10:00,LONG,23253.28,23218.40008,SL,1,5e-05,0.0008,0.0008500000000000001,-0.0014999999999999744,-0.0023499999999999745,0.0048444778543069115,0.0,23242.04,22703.42,2.372417900034456,1,train,2020-12,5210f76300b0,Q3
262,2021-01-07 12:05:00,2021-01-07 12:10:00,LONG,38046.14,37989.07079,SL,1,5e-05,0.0008,0.0008500000000000001,-0.0015000000000000388,-0.0023500000000000387,0.005155319304402482,0.00404403705605879,37700.8,36422.71,3.5090469654784164,1,train,2021-01,5210f76300b0,Q4 (wide)
263,2021-01-07 12:20:00,2021-01-07 12:25:00,LONG,37757.92,37890.072720000004,TP,1,5e-05,0.0008,0.0008500000000000001,0.003500000000000146,0.0026500000000001457,0.0,0.00735686711556142,37700.8,36422.71,3.5090469654784164,4,train,2021-01,5210f76300b0,Q4 (wide)
264,2021-01-16 12:05:00,2021-01-16 12:15:00,LONG,37774.2,37717.5387,SL,2,5e-05,0.0008,0.0008500000000000001,-0.0014999999999999937,-0.0023499999999999936,0.009649178539849897,0.002959692064954464,37669.0,35520.0,6.050112612612613,1,train,2021-01,5210f76300b0,Q4 (wide)
265,2021-01-19 12:05:00,2021-01-19 12:10:00,LONG,37313.72,37257.74942,SL,1,5e-05,0.0008,0.0008500000000000001,-0.0015000000000000284,-0.0023500000000000283,0.0030401686028624945,0.0,37280.0,36002.01,3.5497740265057365,1,train,2021-01,5210f76300b0,Q4 (wide)
266,2021-01-19 12:20:00,2021-01-19 12:25:00,LONG,37361.0,37304.9585,SL,1,5e-05,0.0008,0.0008500000000000001,-0.001499999999999983,-0.002349999999999983,0.006985894381842028,0.0,37280.0,36002.01,3.5497740265057365,4,train,2021-01,5210f76300b0,Q4 (wide)
267,2021-01-20 12:30:00,2021-01-20 12:35:00,SHORT,34722.56,34774.64384,SL,1,5e-05,0.0008,0.0008500000000000001,-0.0014999999999999807,-0.0023499999999999806,0.0019143173775205851,0.004215990986839663,36415.31,34737.0,4.831476523591553,6,train,2021-01,5210f76300b0,Q4 (wide)
268,2021-01-20 12:40:00,2021-01-20 12:45:00,SHORT,34631.07,34509.861255,TP,1,5e-05,0.0008,0.0008500000000000001,0.0034999999999998925,0.0026499999999998925,0.0014426351827996977,0.004505780502883708,36415.31,34737.0,4.831476523591553,8,train,2021-01,5210f76300b0,Q4 (wide)
269,2021-01-20 12:55:00,2021-01-20 13:00:00,SHORT,34669.2,34721.203799999996,SL,1,5e-05,0.0008,0.0008500000000000001,-0.0014999999999999595,-0.0023499999999999598,0.002330598917771478,0.0023156000138451088,36415.31,34737.0,4.831476523591553,11,train,2021-01,5210f76300b0,Q4 (wide)
270,2021-01-31 12:05:00,2021-01-31 12:20:00,SHORT,33453.93,33504.110895000005,SL,3,5e-05,0.0008,0.0008500000000000001,-0.0015000000000001484,-0.0023500000000001484,0.003451014574371295,0.002619722107387665,34342.69,33450.0,2.668729446935732,1,train,2021-01,5210f76300b0,Q3
271,2021-02-13 12:45:00,2021-02-13 12:55:00,SHORT,46909.4,46979.76410000001,SL,2,5e-05,0.0008,0.0008500000000000001,-0.001500000000000131,-0.002350000000000131,0.0023524069802640523,0.0017139421949545603,48150.0,46990.0,2.4686103426260906,9,train,2021-02,5210f76300b0,Q3
272,2021-02-13 13:00:00,2021-02-13 13:05:00,SHORT,46879.81,46950.129715,SL,1,5e-05,0.0008,0.0008500000000000001,-0.0015000000000001087,-0.002350000000000109,0.00254245910979593,0.006873961306583794,48150.0,46990.0,2.4686103426260906,12,train,2021-02,5210f76300b0,Q3
273,2021-02-17 12:05:00,2021-02-17 12:10:00,LONG,51351.47,51274.442795,SL,1,5e-05,0.0008,0.0008500000000000001,-0.0014999999999999708,-0.002349999999999971,0.003390555323927447,0.0,51266.09,48947.0,4.737961468527176,1,train,2021-02,5210f76300b0,Q4 (wide)
274,2021-02-17 12:15:00,2021-02-17 12:30:00,LONG,51258.15,51437.553525,TP,3,5e-05,0.0008,0.0008500000000000001,0.00350000000000003,0.00265000000000003,0.001149865923760462,0.0038027123491580998,51266.09,48947.0,4.737961468527176,3,train,2021-02,5210f76300b0,Q4 (wide)
275,2021-02-17 12:35:00,2021-02-17 12:40:00,LONG,51408.19,51331.07771500001,SL,1,5e-05,0.0008,0.0008500000000000001,-0.0014999999999999146,-0.0023499999999999147,0.0030578785209128033,0.001117331693646383,51266.09,48947.0,4.737961468527176,7,train,2021-02,5210f76300b0,Q4 (wide)
276,2021-02-17 12:45:00,2021-02-17 12:50:00,LONG,51253.93,51177.049105000006,SL,1,5e-05,0.0008,0.0008500000000000001,-0.0014999999999998981,-0.002349999999999898,0.009301335526856247,0.0,51266.09,48947.0,4.737961468527176,9,train,2021-02,5210f76300b0,Q4 (wide)
277,2021-02-21 12:45:00,2021-02-21 12:50:00,LONG,57043.0,56957.4355,SL,1,5e-05,0.0008,0.0008500000000000001,-0.0015000000000000072,-0.0023500000000000075,0.0063306628333012396,0.0,56959.71,55477.59,2.6715652212001326,9,train,2021-02,5210f76300b0,Q3
278,2021-02-23 12:40:00,2021-02-23 12:45:00,SHORT,48342.75,48415.264125,SL,1,5e-05,0.0008,0.0008500000000000001,-0.0015000000000000313,-0.0023500000000000313,0.010079070801723112,0.013865367609414045,54183.59,48615.0,11.454468785354308,8,train,2021-02,5210f76300b0,Q4 (wide)
279,2021-02-23 12:50:00,2021-02-23 12:55:00,SHORT,48525.68,48598.46852,SL,1,5e-05,0.0008,0.0008500000000000001,-0.0015000000000000388,-0.0023500000000000387,0.019162018955736396,0.0,54183.59,48615.0,11.454468785354308,10,train,2021-02,5210f76300b0,Q4 (wide)
280,2021-03-06 12:05:00,2021-03-06 12:10:00,SHORT,47832.95,47665.534675,TP,1,5e-05,0.0008,0.0008500000000000001,0.0034999999999998847,0.0026499999999998847,0.0,0.00509585965323067,49156.0,48115.83,2.161804129742744,1,train,2021-03,5210f76300b0,Q3
281,2021-03-12 12:05:00,2021-03-12 12:10:00,SHORT,56339.8,56424.309700000005,SL,1,5e-05,0.0008,0.0008500000000000001,-0.0015000000000000414,-0.0023500000000000413,0.008960095704990036,0.0,58081.51,56350.0,3.072777284826978,1,train,2021-03,5210f76300b0,Q4 (wide)
282,2021-03-12 12:35:00,2021-03-12 12:40:00,SHORT,56277.32,56361.735980000005,SL,1,5e-05,0.0008,0.0008500000000000001,-0.0015000000000000928,-0.002350000000000093,0.004871411787199558,0.0005766088363837704,58081.51,56350.0,3.072777284826978,7,train,2021-03,5210f76300b0,Q4 (wide)
283,2021-03-14 12:10:00,2021-03-14 12:15:00,SHORT,60364.91,60153.632815000004,TP,1,5e-05,0.0008,0.0008500000000000001,0.003499999999999983,0.002649999999999983,0.0005350790715996369,0.003678461543303931,61724.79,60455.28,2.099915838616581,2,train,2021-03,5210f76300b0,Q3
284,2021-03-14 12:25:00,2021-03-14 12:45:00,SHORT,60429.1,60217.598150000005,TP,4,5e-05,0.0008,0.0008500000000000001,0.003499999999999889,0.002649999999999889,0.0009862797890420104,0.004768232523734417,61724.79,60455.28,2.099915838616581,5,train,2021-03,5210f76300b0,Q3
285,2021-03-14 12:55:00,2021-03-14 13:05:00,SHORT,60388.42,60479.00263,SL,2,5e-05,0.0008,0.0008500000000000001,-0.0015000000000000733,-0.0023500000000000734,0.0015446670073500654,0.0017296362448296725,61724.79,60455.28,2.099915838616581,11,train,2021-03,5210f76300b0,Q3
286,2021-03-17 12:35:00,2021-03-17 12:40:00,SHORT,55167.14,55249.89071,SL,1,5e-05,0.0008,0.0008500000000000001,-0.0015000000000000046,-0.002350000000000005,0.0016832483975062072,0.00015824637637542794,57189.43,55185.42,3.6314120649983317,7,train,2021-03,5210f76300b0,Q4 (wide)
287,2021-03-17 12:45:00,2021-03-17 12:50:00,SHORT,55165.01,55247.757515000005,SL,1,5e-05,0.0008,0.0008500000000000001,-0.0015000000000000497,-0.00235000000000005,0.004506842290067478,0.0002407323047707022,57189.43,55185.42,3.6314120649983317,9,train,2021-03,5210f76300b0,Q4 (wide)
288,2021-03-17 13:00:00,2021-03-17 13:05:00,SHORT,55151.01,55233.736515000004,SL,1,5e-05,0.0008,0.0008500000000000001,-0.0015000000000000382,-0.0023500000000000383,0.0031970402717919344,0.0,57189.43,55185.42,3.6314120649983317,12,train,2021-03,5210f76300b0,Q4 (wide)
289,2021-03-18 12:05:00,2021-03-18 12:10:00,SHORT,58029.8,57826.695700000004,TP,1,5e-05,0.0008,0.0008500000000000001,0.0034999999999999836,0.0026499999999999835,0.0,0.0048216605950736156,59561.54,58119.0,2.482045458455928,1,train,2021-03,5210f76300b0,Q3
290,2021-03-18 12:55:00,2021-03-18 13:00:00,SHORT,58014.02,58101.04103,SL,1,5e-05,0.0008,0.0008500000000000001,-0.0015000000000000607,-0.002350000000000061,0.0018959210204706595,0.00029372210372585105,59561.54,58119.0,2.482045458455928,11,train,2021-03,5210f76300b0,Q3
291,2021-03-20 12:35:00,2021-03-20 12:45:00,LONG,58932.87,59139.135045,TP,2,5e-05,0.0008,0.0008500000000000001,0.0035000000000000014,0.0026500000000000013,1.4423190318167446e-05,0.0036843615456026045,58913.98,57820.17,1.8917446973953984,7,train,2021-03,5210f76300b0,Q3
292,2021-03-27 12:10:00,2021-03-27 12:15:00,SHORT,54175.01,53985.397465,TP,1,5e-05,0.0008,0.0008500000000000001,0.0035000000000000035,0.0026500000000000035,0.0006608212901113564,0.003518227315509467,55555.0,54495.12,1.9449080945229542,2,train,2021-03,5210f76300b0,Q3
293,2021-04-01 12:45:00,2021-04-01 12:50:00,SHORT,58478.28,58565.99742,SL,1,5e-05,0.0008,0.0008500000000000001,-0.0015000000000000148,-0.002350000000000015,0.003943002427568009,0.0,59314.53,58500.2,1.392012335000567,9,train,2021-04,5210f76300b0,Q2
294,2021-04-09 12:05:00,2021-04-09 12:25:00,LONG,58577.03,58489.164455000006,SL,4,5e-05,0.0008,0.0008500000000000001,-0.0014999999999998855,-0.0023499999999998856,0.0015625578831838835,0.0020992870413539433,58419.45,57654.0,1.3276615672806693,1,train,2021-04,5210f76300b0,Q2
295,2021-04-09 12:35:00,2021-04-09 12:50:00,LONG,58486.59,58398.860115,SL,3,5e-05,0.0008,0.0008500000000000001,-0.0014999999999998868,-0.002349999999999887,0.002164598756740623,0.0003737608911718153,58419.45,57654.0,1.3276615672806693,7,train,2021-04,5210f76300b0,Q2
296,2021-04-09 12:55:00,2021-04-09 13:35:00,LONG,58500.0,58704.75,TP,8,5e-05,0.0008,0.0008500000000000001,0.0035,0.00265,0.0011965811965811966,0.0041716239316239466,58419.45,57654.0,1.3276615672806693,11,train,2021-04,5210f76300b0,Q2
297,2021-04-16 12:35:00,2021-04-16 12:40:00,SHORT,60968.01,60754.621965000006,TP,1,5e-05,0.0008,0.0008500000000000001,0.0034999999999999394,0.0026499999999999393,0.0,0.00428929860102047,63520.61,61025.0,4.0894879147890215,7,train,2021-04,5210f76300b0,Q4 (wide)
298,2021-04-17 13:00:00,2021-04-17 13:15:00,SHORT,61061.52,60847.80468,TP,3,5e-05,0.0008,0.0008500000000000001,0.00349999999999993,0.0026499999999999298,0.00036536922107417155,0.008340113380734622,62506.05,61114.14,2.2775580250331653,12,train,2021-04,5210f76300b0,Q3
299,2021-04-20 12:10:00,2021-04-20 12:15:00,LONG,55856.77,55772.984845,SL,1,5e-05,0.0008,0.0008500000000000001,-0.00149999999999996,-0.0023499999999999598,0.002422445837809771,0.0007739437851491092,55792.15,53329.96,4.616898268815508,2,train,2021-04,5210f76300b0,Q4 (wide)
300,2021-04-20 12:20:00,2021-04-20 12:25:00,LONG,55852.63,55768.851055,SL,1,5e-05,0.0008,0.0008500000000000001,-0.001499999999999968,-0.002349999999999968,0.002963155002727714,0.0,55792.15,53329.96,4.616898268815508,4,train,2021-04,5210f76300b0,Q4 (wide)
301,2021-04-20 12:30:00,2021-04-20 12:40:00,LONG,55790.01,55985.275035000006,TP,2,5e-05,0.0008,0.0008500000000000001,0.003500000000000071,0.002650000000000071,0.0,0.0051695635114601375,55792.15,53329.96,4.616898268815508,6,train,2021-04,5210f76300b0,Q4 (wide)
302,2021-04-20 12:45:00,2021-04-20 13:00:00,LONG,55791.54,55986.810390000006,TP,3,5e-05,0.0008,0.0008500000000000001,0.003500000000000092,0.002650000000000092,0.0,0.003736408781689825,55792.15,53329.96,4.616898268815508,9,train,2021-04,5210f76300b0,Q4 (wide)
303,2021-04-22 12:05:00,2021-04-22 12:10:00,LONG,55018.54,54936.01219,SL,1,5e-05,0.0008,0.0008500000000000001,-0.0014999999999999924,-0.0023499999999999927,0.004834552134607679,0.0,54850.0,52561.0,4.354939974505812,1,train,2021-04,5210f76300b0,Q4 (wide)
304,2021-04-22 12:20:00,2021-04-22 12:25:00,LONG,55016.88,54934.35468,SL,1,5e-05,0.0008,0.0008500000000000001,-0.0015000000000000117,-0.002350000000000012,0.003014711121386756,0.0,54850.0,52561.0,4.354939974505812,4,train,2021-04,5210f76300b0,Q4 (wide)
305,2021-04-22 12:30:00,2021-04-22 12:35:00,LONG,54926.98,55119.22443000001,TP,1,5e-05,0.0008,0.0008500000000000001,0.003500000000000111,0.002650000000000111,0.0,0.010823460528869419,54850.0,52561.0,4.354939974505812,6,train,2021-04,5210f76300b0,Q4 (wide)
306,2021-04-24 12:05:00,2021-04-24 12:10:00,SHORT,49050.99,49124.566485,SL,1,5e-05,0.0008,0.0008500000000000001,-0.001500000000000103,-0.002350000000000103,0.006870605465863218,0.0,51166.22,49304.06,3.7768897733776967,1,train,2021-04,5210f76300b0,Q4 (wide)
307,2021-04-24 12:15:00,2021-04-24 12:20:00,SHORT,49285.61,49113.110365,TP,1,5e-05,0.0008,0.0008500000000000001,0.0035000000000000027,0.0026500000000000026,0.00028000059246508077,0.005372967890627663,51166.22,49304.06,3.7768897733776967,3,train,2021-04,5210f76300b0,Q4 (wide)
308,2021-04-24 12:25:00,2021-04-24 12:30:00,SHORT,49221.1,49294.93165,SL,1,5e-05,0.0008,0.0008500000000000001,-0.0015000000000000018,-0.002350000000000002,0.006982980876087677,0.0,51166.22,49304.06,3.7768897733776967,5,train,2021-04,5210f76300b0,Q4 (wide)
309,2021-04-25 12:05:00,2021-04-25 12:10:00,SHORT,49522.63,49596.913945,SL,1,5e-05,0.0008,0.0008500000000000001,-0.0015000000000000577,-0.0023500000000000578,0.007125429323927316,0.0,50452.85,49600.0,1.7194556451612875,1,train,2021-04,5210f76300b0,Q2
310,2021-04-25 12:35:00,2021-04-25 12:40:00,SHORT,49611.34,49685.75701,SL,1,5e-05,0.0008,0.0008500000000000001,-0.0015000000000000941,-0.002350000000000094,0.0045485568420446515,0.0,50452.85,49600.0,1.7194556451612875,7,train,2021-04,5210f76300b0,Q2
311,2021-04-27 12:20:00,2021-04-27 12:40:00,LONG,54964.8,54882.35280000001,SL,4,5e-05,0.0008,0.0008500000000000001,-0.00149999999999991,-0.0023499999999999103,0.004148473204669244,0.0006404098623118266,54933.74,53222.0,3.2162263725526996,4,train,2021-04,5210f76300b0,Q4 (wide)
312,2021-04-27 12:50:00,2021-04-27 12:55:00,LONG,54950.0,54867.575000000004,SL,1,5e-05,0.0008,0.0008500000000000001,-0.0014999999999999205,-0.0023499999999999207,0.0026070973612375256,0.0,54933.74,53222.0,3.2162263725526996,10,train,2021-04,5210f76300b0,Q4 (wide)
313,2021-04-30 12:40:00,2021-04-30 13:15:00,LONG,54573.38,54491.51993,SL,7,5e-05,0.0008,0.0008500000000000001,-0.0014999999999999118,-0.002349999999999912,0.0029992644765634876,0.0031247835483161593,54558.8,53013.01,2.91586914231054,8,train,2021-04,5210f76300b0,Q4 (wide)
314,2021-05-05 12:20:00,2021-05-05 12:25:00,LONG,55639.14,55555.68129,SL,1,5e-05,0.0008,0.0008500000000000001,-0.0014999999999999816,-0.0023499999999999814,0.005228154137536982,0.0,55415.83,52900.0,4.755822306238189,4,train,2021-05,5210f76300b0,Q4 (wide)
315,2021-05-05 12:30:00,2021-05-05 12:35:00,LONG,55431.45,55348.302825,SL,1,5e-05,0.0008,0.0008500000000000001,-0.0014999999999999684,-0.0023499999999999684,0.0026557125963690134,0.0003387968382570925,55415.83,52900.0,4.755822306238189,6,train,2021-05,5210f76300b0,Q4 (wide)
316,2021-05-05 12:55:00,2021-05-05 13:05:00,LONG,55533.93,55728.298755,TP,2,5e-05,0.0008,0.0008500000000000001,0.0035000000000000565,0.0026500000000000564,0.0,0.0038452167890873357,55415.83,52900.0,4.755822306238189,11,train,2021-05,5210f76300b0,Q4 (wide)
317,2021-05-06 12:20:00,2021-05-06 12:25:00,LONG,57662.49,57864.308715,TP,1,5e-05,0.0008,0.0008500000000000001,0.0035000000000000218,0.0026500000000000217,0.0,0.0035633216671704807,57570.0,56331.66,2.1983019850648757,4,train,2021-05,5210f76300b0,Q3
318,2021-05-06 12:50:00,2021-05-06 12:55:00,LONG,57578.6,57492.2321,SL,1,5e-05,0.0008,0.0008500000000000001,-0.001499999999999956,-0.0023499999999999563,0.002251878302007972,0.0013442494260020468,57570.0,56331.66,2.1983019850648757,10,train,2021-05,5210f76300b0,Q3
319,2021-05-06 13:00:00,2021-05-06 13:05:00,LONG,57616.98,57530.55453000001,SL,1,5e-05,0.0008,0.0008500000000000001,-0.0014999999999999074,-0.0023499999999999077,0.0048360743655777635,0.00038981564115299214,57570.0,56331.66,2.1983019850648757,12,train,2021-05,5210f76300b0,Q3
320,2021-05-08 12:35:00,2021-05-08 12:40:00,LONG,58722.62,58634.53607000001,SL,1,5e-05,0.0008,0.0008500000000000001,-0.0014999999999998877,-0.0023499999999998878,0.004952265413225856,0.0,58599.99,56900.0,2.987680140597536,7,train,2021-05,5210f76300b0,Q4 (wide)
321,2021-05-08 12:45:00,2021-05-08 12:50:00,LONG,58628.25,58833.448875,TP,1,5e-05,0.0008,0.0008500000000000001,0.0035000000000000317,0.0026500000000000317,0.0,0.008358598457228434,58599.99,56900.0,2.987680140597536,9,train,2021-05,5210f76300b0,Q4 (wide)
322,2021-05-10 12:05:00,2021-05-10 12:10:00,SHORT,58000.58,58087.580870000005,SL,1,5e-05,0.0008,0.0008500000000000001,-0.00150000000000006,-0.0023500000000000604,0.003980649848673882,0.0,59500.0,58009.96,2.5685933932724674,1,train,2021-05,5210f76300b0,Q3
323,2021-05-10 12:15:00,2021-05-10 12:20:00,SHORT,58015.97,57812.914105,TP,1,5e-05,0.0008,0.0008500000000000001,0.00349999999999996,0.00264999999999996,0.0012875765069513979,0.0035771185071972224,59500.0,58009.96,2.5685933932724674,3,train,2021-05,5210f76300b0,Q3
324,2021-05-10 12:25:00,2021-05-10 12:30:00,SHORT,58005.41,58092.41811500001,SL,1,5e-05,0.0008,0.0008500000000000001,-0.001500000000000072,-0.002350000000000072,0.002352711583281523,0.005736361487661327,59500.0,58009.96,2.5685933932724674,5,train,2021-05,5210f76300b0,Q3
325,2021-05-10 12:40:00,2021-05-10 12:45:00,SHORT,58003.53,57800.517645,TP,1,5e-05,0.0008,0.0008500000000000001,0.003499999999999982,0.002649999999999982,0.0,0.005148652159618551,59500.0,58009.96,2.5685933932724674,8,train,2021-05,5210f76300b0,Q3
326,2021-05-12 12:10:00,2021-05-12 12:15:00,SHORT,56512.56,56597.32884,SL,1,5e-05,0.0008,0.0008500000000000001,-0.0015000000000000757,-0.002350000000000076,0.0016217633743720239,0.002823089238923186,58000.01,56555.12,2.5548349999080533,2,train,2021-05,5210f76300b0,Q3
327,2021-05-12 12:25:00,2021-05-12 12:30:00,SHORT,56536.05,56338.173825000005,TP,1,5e-05,0.0008,0.0008500000000000001,0.0034999999999999576,0.0026499999999999575,0.0012116163049947777,0.006156072099129686,58000.01,56555.12,2.5548349999080533,5,train,2021-05,5210f76300b0,Q3
328,2021-05-12 12:35:00,2021-05-12 12:40:00,SHORT,56204.51,56288.816765,SL,1,5e-05,0.0008,0.0008500000000000001,-0.0015000000000000208,-0.002350000000000021,0.003271445654450067,0.0,58000.01,56555.12,2.5548349999080533,7,train,2021-05,5210f76300b0,Q3
329,2021-05-12 12:50:00,2021-05-12 12:55:00,SHORT,56477.22,56279.549730000006,TP,1,5e-05,0.0008,0.0008500000000000001,0.0034999999999999125,0.0026499999999999124,0.0,0.004279070393337318,58000.01,56555.12,2.5548349999080533,10,train,2021-05,5210f76300b0,Q3
330,2021-05-14 12:05:00,2021-05-14 12:15:00,LONG,50392.45,50316.861325,SL,2,5e-05,0.0008,0.0008500000000000001,-0.0014999999999999814,-0.0023499999999999814,0.0021302794367013024,0.002857769368228813,50390.7,48799.75,3.260160144263028,1,train,2021-05,5210f76300b0,Q4 (wide)
331,2021-05-14 12:35:00,2021-05-14 12:45:00,LONG,50382.19,50306.616715000004,SL,2,5e-05,0.0008,0.0008500000000000001,-0.0014999999999999716,-0.002349999999999972,0.003096332255505368,0.0029673184115259774,50390.7,48799.75,3.260160144263028,7,train,2021-05,5210f76300b0,Q4 (wide)
332,2021-05-14 12:55:00,2021-05-14 13:00:00,LONG,50366.68,50291.129980000005,SL,1,5e-05,0.0008,0.0008500000000000001,-0.0014999999999999033,-0.0023499999999999034,0.0023664454357524125,0.0,50390.7,48799.75,3.260160144263028,11,train,2021-05,5210f76300b0,Q4 (wide)
333,2021-05-19 12:25:00,2021-05-19 12:30:00,SHORT,38450.57,38315.993005000004,TP,1,5e-05,0.0008,0.0008500000000000001,0.003499999999999891,0.0026499999999998907,0.0,0.02349926151940004,43584.9,38550.0,13.060700389105062,5,train,2021-05,5210f76300b0,Q4 (wide)
334,2021-05-22 12:25:00,2021-05-22 12:30:00,LONG,38482.59,38617.279064999995,TP,1,5e-05,0.0008,0.0008500000000000001,0.0034999999999999654,0.0026499999999999653,0.0012886346786948725,0.006408092594599424,38100.0,35200.62,8.236729921234334,5,train,2021-05,5210f76300b0,Q4 (wide)
335,2021-05-22 13:00:00,2021-05-22 13:05:00,LONG,38151.8,38094.57230000001,SL,1,5e-05,0.0008,0.0008500000000000001,-0.0014999999999998903,-0.0023499999999998904,0.004886794332115452,0.0029954025760252157,38100.0,35200.62,8.236729921234334,12,train,2021-05,5210f76300b0,Q4 (wide)
336,2021-05-23 12:05:00,2021-05-23 12:10:00,SHORT,35096.68,35149.325020000004,SL,1,5e-05,0.0008,0.0008500000000000001,-0.0015000000000001017,-0.002350000000000102,0.009297745541743542,0.0,38270.64,35530.0,7.713594145792286,1,train,2021-05,5210f76300b0,Q4 (wide)
337,2021-05-23 12:25:00,2021-05-23 12:30:00,SHORT,35151.83,35204.557745000006,SL,1,5e-05,0.0008,0.0008500000000000001,-0.0015000000000001074,-0.002350000000000107,0.0017686134690568956,0.0036905617716062916,38270.64,35530.0,7.713594145792286,5,train,2021-05,5210f76300b0,Q4 (wide)
338,2021-05-27 12:45:00,2021-05-27 12:50:00,LONG,39329.66,39467.31381000001,TP,1,5e-05,0.0008,0.0008500000000000001,0.003500000000000087,0.0026500000000000867,0.0,0.005462798305401026,39243.1,37134.27,5.6789321561996555,9,train,2021-05,5210f76300b0,Q4 (wide)
339,2021-05-28 12:20:00,2021-05-28 12:25:00,SHORT,36284.28,36338.70642,SL,1,5e-05,0.0008,0.0008500000000000001,-0.0015000000000000941,-0.002350000000000094,0.014052090877922963,0.0,38877.83,36442.0,6.684128203720986,4,train,2021-05,5210f76300b0,Q4 (wide)
340,2021-05-28 12:35:00,2021-05-28 12:40:00,SHORT,36403.0,36457.6045,SL,1,5e-05,0.0008,0.0008500000000000001,-0.0015000000000000352,-0.0023500000000000352,0.005562453643930389,0.0005587451583659728,38877.83,36442.0,6.684128203720986,7,train,2021-05,5210f76300b0,Q4 (wide)
341,2021-05-28 12:50:00,2021-05-28 12:55:00,SHORT,36419.29,36473.918935,SL,1,5e-05,0.0008,0.0008500000000000001,-0.0015000000000000174,-0.0023500000000000174,0.011496105497938051,0.0002682644279996692,38877.83,36442.0,6.684128203720986,10,train,2021-05,5210f76300b0,Q4 (wide)
342,2021-06-01 12:10:00,2021-06-01 12:15:00,SHORT,36338.27,36211.086055,TP,1,5e-05,0.0008,0.0008500000000000001,0.003499999999999919,0.002649999999999919,0.0,0.006226493446165565,37894.81,36478.0,3.884012281375069,2,train,2021-06,5210f76300b0,Q4 (wide)
343,2021-06-03 12:50:00,2021-06-03 12:55:00,LONG,39025.0,38966.4625,SL,1,5e-05,0.0008,0.0008500000000000001,-0.0014999999999999627,-0.002349999999999963,0.0019218449711723255,0.00022139654067903698,39039.19,37170.0,5.028759752488572,10,train,2021-06,5210f76300b0,Q4 (wide)
344,2021-06-13 12:05:00,2021-06-13 12:10:00,LONG,36074.03,36019.918955,SL,1,5e-05,0.0008,0.0008500000000000001,-0.00149999999999994,-0.00234999999999994,0.0023870357706084013,0.001137106112070209,35926.96,34757.0,3.366113300917798,1,train,2021-06,5210f76300b0,Q4 (wide)
345,2021-06-13 12:50:00,2021-06-13 12:55:00,LONG,35977.03,35923.064455,SL,1,5e-05,0.0008,0.0008500000000000001,-0.0014999999999999753,-0.0023499999999999754,0.003950576242674767,0.0,35926.96,34757.0,3.366113300917798,10,train,2021-06,5210f76300b0,Q4 (wide)
346,2021-06-21 12:55:00,2021-06-21 13:00:00,SHORT,32224.01,32272.346015,SL,1,5e-05,0.0008,0.0008500000000000001,-0.0015000000000000239,-0.002350000000000024,0.005461455604066707,0.005710338347089589,35750.0,32266.0,10.797743755036262,11,train,2021-06,5210f76300b0,Q4 (wide)
347,2021-06-28 12:15:00,2021-06-28 12:20:00,SHORT,34235.9,34287.25385,SL,1,5e-05,0.0008,0.0008500000000000001,-0.0014999999999999857,-0.0023499999999999858,0.005394629613943114,0.0,35297.71,34254.75,3.044716426189066,3,train,2021-06,5210f76300b0,Q4 (wide)
348,2021-06-28 12:30:00,2021-06-28 12:45:00,SHORT,34208.57,34259.882855,SL,3,5e-05,0.0008,0.0008500000000000001,-0.00150000000000011,-0.00235000000000011,0.006443414618032798,0.0029542304749949405,35297.71,34254.75,3.044716426189066,6,train,2021-06,5210f76300b0,Q4 (wide)
349,2021-06-29 12:05:00,2021-06-29 12:10:00,LONG,35422.13,35546.107455,TP,1,5e-05,0.0008,0.0008500000000000001,0.0035000000000000057,0.0026500000000000056,0.0,0.010091149233544238,35448.0,34225.43,3.5721099778731773,1,train,2021-06,5210f76300b0,Q4 (wide)
350,2021-06-30 12:40:00,2021-06-30 12:45:00,SHORT,34596.45,34648.344675,SL,1,5e-05,0.0008,0.0008500000000000001,-0.0015000000000000924,-0.0023500000000000925,0.003941733906224558,0.0,36100.0,34666.0,4.136618011884844,8,train,2021-06,5210f76300b0,Q4 (wide)
351,2021-06-30 12:50:00,2021-06-30 12:55:00,SHORT,34670.01,34722.015015000004,SL,1,5e-05,0.0008,0.0008500000000000001,-0.0015000000000000707,-0.0023500000000000708,0.0018912599102221114,0.001596769080828087,36100.0,34666.0,4.136618011884844,10,train,2021-06,5210f76300b0,Q4 (wide)
352,2021-06-30 13:00:00,2021-06-30 13:05:00,SHORT,34638.4,34517.1656,TP,1,5e-05,0.0008,0.0008500000000000001,0.0035000000000000343,0.0026500000000000343,0.0,0.005164210818051776,36100.0,34666.0,4.136618011884844,12,train,2021-06,5210f76300b0,Q4 (wide)
353,2021-07-07 12:10:00,2021-07-07 12:20:00,LONG,34934.38,34881.97843,SL,2,5e-05,0.0008,0.0008500000000000001,-0.0014999999999998437,-0.0023499999999998435,0.002270256406439664,0.0015348776763750387,34919.28,33941.0,2.8822957485047547,2,train,2021-07,5210f76300b0,Q4 (wide)
354,2021-07-07 12:25:00,2021-07-07 12:30:00,LONG,34905.51,34853.15173500001,SL,1,5e-05,0.0008,0.0008500000000000001,-0.0014999999999998652,-0.0023499999999998652,0.0025113513597137954,0.0012745838694234223,34919.28,33941.0,2.8822957485047547,5,train,2021-07,5210f76300b0,Q4 (wide)
355,2021-07-07 12:35:00,2021-07-07 12:40:00,LONG,34947.44,34895.018840000004,SL,1,5e-05,0.0008,0.0008500000000000001,-0.0014999999999999443,-0.002349999999999944,0.0055323079458754,0.0031947976733058036,34919.28,33941.0,2.8822957485047547,7,train,2021-07,5210f76300b0,Q4 (wide)
356,2021-07-16 12:25:00,2021-07-16 12:40:00,SHORT,31409.32,31299.38738,TP,3,5e-05,0.0008,0.0008500000000000001,0.003499999999999987,0.002649999999999987,0.0009433505723779127,0.005868321886624725,32049.45,31548.15,1.5889996719300474,5,train,2021-07,5210f76300b0,Q2
357,2021-08-12 12:05:00,2021-08-12 12:10:00,SHORT,44750.83,44817.956245,SL,1,5e-05,0.0008,0.0008500000000000001,-0.001499999999999988,-0.0023499999999999884,0.004859351212033366,0.0,46218.12,44833.4,3.0885902028398493,1,train,2021-08,5210f76300b0,Q4 (wide)
358,2021-08-12 12:15:00,2021-08-12 12:20:00,SHORT,44812.77,44655.925305,TP,1,5e-05,0.0008,0.0008500000000000001,0.0034999999999999953,0.0026499999999999952,0.0009724906538917757,0.00363222358269745,46218.12,44833.4,3.0885902028398493,3,train,2021-08,5210f76300b0,Q4 (wide)
359,2021-08-12 12:25:00,2021-08-12 12:30:00,SHORT,44700.0,44543.55,TP,1,5e-05,0.0008,0.0008500000000000001,0.003499999999999935,0.002649999999999935,0.0,0.009933109619686846,46218.12,44833.4,3.0885902028398493,5,train,2021-08,5210f76300b0,Q4 (wide)
360,2021-08-13 12:25:00,2021-08-13 12:35:00,LONG,46344.25,46506.454875,TP,2,5e-05,0.0008,0.0008500000000000001,0.0035000000000000664,0.0026500000000000664,0.00058928561795687,0.004489445832007157,46336.0,44217.39,4.791350190501974,5,train,2021-08,5210f76300b0,Q4 (wide)
361,2021-08-13 12:40:00,2021-08-13 13:05:00,LONG,46528.0,46458.208000000006,SL,5,5e-05,0.0008,0.0008500000000000001,-0.0014999999999998712,-0.0023499999999998713,0.0022760488308115855,0.002471629986244842,46336.0,44217.39,4.791350190501974,8,train,2021-08,5210f76300b0,Q4 (wide)
362,2021-08-21 12:10:00,2021-08-21 12:15:00,SHORT,48550.01,48622.835015000004,SL,1,5e-05,0.0008,0.0008500000000000001,-0.0015000000000000445,-0.0023500000000000448,0.002620184836213198,0.0,49357.62,48555.0,1.6530120481927764,2,train,2021-08,5210f76300b0,Q2
363,2021-08-25 12:15:00,2021-08-25 12:20:00,SHORT,47615.63,47687.053445,SL,1,5e-05,0.0008,0.0008500000000000001,-0.0015000000000000076,-0.0023500000000000075,0.0024834282356444724,0.0,48603.84,47652.36,1.9967111807264026,3,train,2021-08,5210f76300b0,Q3
364,2021-08-25 12:25:00,2021-08-25 12:45:00,SHORT,47657.77,47729.256655,SL,4,5e-05,0.0008,0.0008500000000000001,-0.0015000000000000128,-0.0023500000000000127,0.001682411913104627,0.0022489512203361654,48603.84,47652.36,1.9967111807264026,5,train,2021-08,5210f76300b0,Q3
365,2021-08-31 12:10:00,2021-08-31 12:40:00,LONG,47882.73,47810.90590500001,SL,6,5e-05,0.0008,0.0008500000000000001,-0.0014999999999999228,-0.002349999999999923,0.00307584801451392,0.0032834385173943484,47900.0,46700.0,2.569593147751606,2,train,2021-08,5210f76300b0,Q3
366,2021-09-09 12:05:00,2021-09-09 12:10:00,LONG,46388.51,46318.927235,SL,1,5e-05,0.0008,0.0008500000000000001,-0.0014999999999999827,-0.0023499999999999827,0.0017060259102954463,0.001774146227158312,46374.23,45513.08,1.8920934377546001,1,train,2021-09,5210f76300b0,Q3
367,2021-09-09 13:00:00,2021-09-09 13:05:00,LONG,46670.71,46834.057485000005,TP,1,5e-05,0.0008,0.0008500000000000001,0.003500000000000122,0.002650000000000122,0.0,0.009948209487278014,46374.23,45513.08,1.8920934377546001,12,train,2021-09,5210f76300b0,Q3
368,2021-09-10 12:55:00,2021-09-10 13:00:00,SHORT,45922.82,45991.70423,SL,1,5e-05,0.0008,0.0008500000000000001,-0.0015000000000000718,-0.0023500000000000716,0.0018676988913136606,0.0020209995814716446,47033.0,45900.0,2.468409586056645,11,train,2021-09,5210f76300b0,Q3
369,2021-09-11 12:10:00,2021-09-11 12:20:00,LONG,45543.64,45703.042740000004,TP,2,5e-05,0.0008,0.0008500000000000001,0.00350000000000011,0.0026500000000001097,0.0014070021631999933,0.005561479056131677,45498.27,44722.22,1.7352671669697874,2,train,2021-09,5210f76300b0,Q2
370,2021-09-14 12:20:00,2021-09-14 12:25:00,LONG,45863.22,45794.42517,SL,1,5e-05,0.0008,0.0008500000000000001,-0.0014999999999999762,-0.0023499999999999762,0.0022357784734696098,0.0,45881.6,44594.44,2.8863687939572653,4,train,2021-09,5210f76300b0,Q4 (wide)
371,2021-09-14 12:35:00,2021-09-14 12:40:00,LONG,46249.48,46411.353180000006,TP,1,5e-05,0.0008,0.0008500000000000001,0.00350000000000005,0.00265000000000005,0.0,0.006617587916664093,45881.6,44594.44,2.8863687939572653,7,train,2021-09,5210f76300b0,Q4 (wide)
372,2021-09-15 12:05:00,2021-09-15 12:35:00,LONG,47543.65,47472.334525000006,SL,6,5e-05,0.0008,0.0008500000000000001,-0.0014999999999999113,-0.002349999999999911,0.0015932727083427544,0.0025519706627489002,47470.0,46682.32,1.687319739036107,1,train,2021-09,5210f76300b0,Q2
373,2021-09-15 12:40:00,2021-09-15 12:50:00,LONG,47482.92,47411.69562,SL,2,5e-05,0.0008,0.0008500000000000001,-0.0014999999999999929,-0.0023499999999999927,0.0019925059368716283,0.0013623846216703254,47470.0,46682.32,1.687319739036107,8,train,2021-09,5210f76300b0,Q2
374,2021-09-17 12:20:00,2021-09-17 12:25:00,SHORT,47419.54,47490.669310000005,SL,1,5e-05,0.0008,0.0008500000000000001,-0.0015000000000000822,-0.002350000000000082,0.002315712046131145,0.0,48150.0,47450.44,1.4742961287608662,4,train,2021-09,5210f76300b0,Q2
375,2021-09-17 12:35:00,2021-09-17 13:15:00,SHORT,47467.95,47301.812175,TP,8,5e-05,0.0008,0.0008500000000000001,0.0034999999999999576,0.0026499999999999575,0.0012357811955225262,0.0038230005719647447,48150.0,47450.44,1.4742961287608662,7,train,2021-09,5210f76300b0,Q2
376,2021-09-21 12:05:00,2021-09-21 12:10:00,LONG,43345.84,43497.55044,TP,1,5e-05,0.0008,0.0008500000000000001,0.0035000000000000595,0.0026500000000000594,0.0,0.0047100252296414956,43340.0,40200.0,7.81094527363184,1,train,2021-09,5210f76300b0,Q4 (wide)
377,2021-09-21 12:15:00,2021-09-21 12:20:00,LONG,43362.35,43297.306475,SL,1,5e-05,0.0008,0.0008500000000000001,-0.0015000000000000221,-0.002350000000000022,0.003067176940364164,0.0011687558446440355,43340.0,40200.0,7.81094527363184,3,train,2021-09,5210f76300b0,Q4 (wide)
378,2021-09-21 12:50:00,2021-09-21 12:55:00,LONG,43350.29,43285.264565000005,SL,1,5e-05,0.0008,0.0008500000000000001,-0.001499999999999906,-0.002349999999999906,0.005404577454960529,0.0,43340.0,40200.0,7.81094527363184,10,train,2021-09,5210f76300b0,Q4 (wide)
379,2021-10-05 12:05:00,2021-10-05 12:15:00,LONG,49819.0,49993.366500000004,TP,2,5e-05,0.0008,0.0008500000000000001,0.0035000000000000747,0.0026500000000000746,0.00034344326461792856,0.0042240912101809015,49799.0,49022.4,1.5841737654623163,1,train,2021-10,5210f76300b0,Q2
380,2021-10-07 12:25:00,2021-10-07 12:30:00,SHORT,54069.99,53880.745035,TP,1,5e-05,0.0008,0.0008500000000000001,0.003499999999999964,0.002649999999999964,0.0,0.008137231022236104,55332.31,54112.0,2.255155972797157,5,train,2021-10,5210f76300b0,Q3
381,2021-10-07 12:50:00,2021-10-07 12:55:00,SHORT,54066.72,53877.48648000001,TP,1,5e-05,0.0008,0.0008500000000000001,0.0034999999999998947,0.0026499999999998946,0.0,0.004281931657773988,55332.31,54112.0,2.255155972797157,10,train,2021-10,5210f76300b0,Q3
382,2021-10-08 12:15:00,2021-10-08 12:20:00,LONG,55036.7,54954.14495,SL,1,5e-05,0.0008,0.0008500000000000001,-0.0014999999999999163,-0.0023499999999999164,0.0058606348127703085,0.0,54967.97,53617.61,2.518500917888732,3,train,2021-10,5210f76300b0,Q3
383,2021-10-08 12:40:00,2021-10-08 12:45:00,LONG,55049.99,54967.415015,SL,1,5e-05,0.0008,0.0008500000000000001,-0.001499999999999987,-0.002349999999999987,0.006072117360965857,0.0,54967.97,53617.61,2.518500917888732,8,train,2021-10,5210f76300b0,Q3
384,2021-10-09 12:15:00,2021-10-09 12:20:00,LONG,55093.91,55011.26913500001,SL,1,5e-05,0.0008,0.0008500000000000001,-0.0014999999999998899,-0.00234999999999989,0.002568704962127467,5.5904545529523504e-05,55100.0,53661.67,2.680367569626517,3,train,2021-10,5210f76300b0,Q3
385,2021-10-09 12:25:00,2021-10-09 12:35:00,LONG,55076.53,54993.915205000005,SL,2,5e-05,0.0008,0.0008500000000000001,-0.001499999999999892,-0.002349999999999892,0.0020627661183447938,0.0016324557847054544,55100.0,53661.67,2.680367569626517,5,train,2021-10,5210f76300b0,Q3
386,2021-10-22 12:35:00,2021-10-22 12:40:00,LONG,63491.7,63396.46245,SL,1,5e-05,0.0008,0.0008500000000000001,-0.0014999999999999688,-0.002349999999999969,0.002270848000604808,9.371303650720277e-05,63408.85,62000.0,2.272338709677417,7,train,2021-10,5210f76300b0,Q3
387,2021-10-22 12:45:00,2021-10-22 12:55:00,LONG,63394.95,63616.832325,TP,2,5e-05,0.0008,0.0008500000000000001,0.003500000000000094,0.002650000000000094,0.0,0.004063888369657279,63408.85,62000.0,2.272338709677417,9,train,2021-10,5210f76300b0,Q3
388,2021-10-24 12:25:00,2021-10-24 12:30:00,SHORT,60295.33,60385.77299500001,SL,1,5e-05,0.0008,0.0008500000000000001,-0.001500000000000081,-0.002350000000000081,0.0031952723370117756,0.0019480779025506474,61500.0,60572.2,1.531725775190604,5,train,2021-10,5210f76300b0,Q2
389,2021-10-24 12:45:00,2021-10-24 12:50:00,SHORT,60420.0,60510.630000000005,SL,1,5e-05,0.0008,0.0008500000000000001,-0.001500000000000077,-0.002350000000000077,0.0017173121482953002,0.0027138364779874407,61500.0,60572.2,1.531725775190604,9,train,2021-10,5210f76300b0,Q2
390,2021-10-25 12:10:00,2021-10-25 12:15:00,LONG,62916.66,62822.28501000001,SL,1,5e-05,0.0008,0.0008500000000000001,-0.001499999999999946,-0.002349999999999946,0.002058914125447868,3.353642739448194e-05,62900.0,60650.0,3.709810387469085,2,train,2021-10,5210f76300b0,Q4 (wide)
391,2021-10-25 12:30:00,2021-10-25 12:40:00,LONG,62920.66,62826.279010000006,SL,2,5e-05,0.0008,0.0008500000000000001,-0.0014999999999999656,-0.002349999999999966,0.0019176531206125855,0.001235365299728196,62900.0,60650.0,3.709810387469085,6,train,2021-10,5210f76300b0,Q4 (wide)
392,2021-10-25 12:45:00,2021-10-25 12:50:00,LONG,62877.54,62783.223690000006,SL,1,5e-05,0.0008,0.0008500000000000001,-0.0014999999999999157,-0.0023499999999999155,0.003098244619620896,0.0,62900.0,60650.0,3.709810387469085,9,train,2021-10,5210f76300b0,Q4 (wide)
393,2021-11-06 12:25:00,2021-11-06 12:30:00,SHORT,60466.56,60557.25984,SL,1,5e-05,0.0008,0.0008500000000000001,-0.0015000000000000187,-0.0023500000000000187,0.002480379237714254,0.0004781155071496744,61560.49,60511.01,1.7343620607224965,5,train,2021-11,5210f76300b0,Q2
394,2021-11-06 12:35:00,2021-11-06 12:45:00,SHORT,60465.55,60253.920575000004,TP,2,5e-05,0.0008,0.0008500000000000001,0.003499999999999986,0.002649999999999986,0.0010989728862136718,0.0035648398137452303,61560.49,60511.01,1.7343620607224965,7,train,2021-11,5210f76300b0,Q2
395,2021-11-12 12:10:00,2021-11-12 12:15:00,SHORT,63972.95,64068.909425,SL,1,5e-05,0.0008,0.0008500000000000001,-0.0015000000000000143,-0.0023500000000000144,0.003533524716305922,0.0,65450.7,64052.0,2.1836944982201913,2,train,2021-11,5210f76300b0,Q3
396,2021-11-12 12:20:00,2021-11-12 12:30:00,SHORT,64080.18,63855.89937000001,TP,2,5e-05,0.0008,0.0008500000000000001,0.003499999999999904,0.0026499999999999037,0.0,0.00576137582634759,65450.7,64052.0,2.1836944982201913,4,train,2021-11,5210f76300b0,Q3
397,2021-11-12 12:35:00,2021-11-12 12:40:00,SHORT,63783.98,63879.65597000001,SL,1,5e-05,0.0008,0.0008500000000000001,-0.0015000000000000605,-0.0023500000000000604,0.0015334571470767059,0.0017297446788363119,65450.7,64052.0,2.1836944982201913,7,train,2021-11,5210f76300b0,Q3
398,2021-11-13 12:25:00,2021-11-13 12:50:00,SHORT,63503.72,63598.975580000006,SL,5,5e-05,0.0008,0.0008500000000000001,-0.0015000000000000718,-0.0023500000000000716,0.0033391744609606432,0.0011945756878494768,64455.0,63510.0,1.487954652810581,5,train,2021-11,5210f76300b0,Q2
399,2021-11-13 12:55:00,2021-11-13 13:00:00,SHORT,63482.55,63577.773825000004,SL,1,5e-05,0.0008,0.0008500000000000001,-0.0015000000000000148,-0.002350000000000015,0.0018501147165637972,0.0,64455.0,63510.0,1.487954652810581,11,train,2021-11,5210f76300b0,Q2
400,2021-11-14 12:05:00,2021-11-14 12:10:00,SHORT,64359.21,64455.748815000006,SL,1,5e-05,0.0008,0.0008500000000000001,-0.0015000000000001113,-0.0023500000000001115,0.003120765466201318,0.0010895099551408822,65320.0,64380.0,1.460080770425598,1,train,2021-11,5210f76300b0,Q2
401,2021-11-14 12:15:00,2021-11-14 12:20:00,SHORT,64346.57,64443.089855000006,SL,1,5e-05,0.0008,0.0008500000000000001,-0.001500000000000092,-0.002350000000000092,0.0017850213305853067,0.0009179976492919469,65320.0,64380.0,1.460080770425598,3,train,2021-11,5210f76300b0,Q2
402,2021-11-14 12:25:00,2021-11-14 12:30:00,SHORT,64350.0,64446.525,SL,1,5e-05,0.0008,0.0008500000000000001,-0.0015000000000000226,-0.0023500000000000226,0.001554001554001554,0.0,65320.0,64380.0,1.460080770425598,5,train,2021-11,5210f76300b0,Q2
403,2021-11-14 12:35:00,2021-11-14 12:40:00,SHORT,64401.04,64497.641560000004,SL,1,5e-05,0.0008,0.0008500000000000001,-0.0015000000000000434,-0.0023500000000000435,0.0044488411988378145,0.0,65320.0,64380.0,1.460080770425598,7,train,2021-11,5210f76300b0,Q2
404,2021-11-16 12:55:00,2021-11-16 13:00:00,SHORT,60247.37,60337.741055000006,SL,1,5e-05,0.0008,0.0008500000000000001,-0.001500000000000054,-0.0023500000000000543,0.0022120467665227013,0.0035755917644206795,63617.31,60293.06,5.5134869585322095,11,train,2021-11,5210f76300b0,Q4 (wide)
405,2021-11-17 12:45:00,2021-11-17 12:50:00,LONG,60549.86,60459.03521,SL,1,5e-05,0.0008,0.0008500000000000001,-0.0014999999999999794,-0.0023499999999999797,0.001682745426661588,0.0006848901054436982,60437.68,58553.12,3.218547534273148,9,train,2021-11,5210f76300b0,Q4 (wide)
406,2021-11-17 12:55:00,2021-11-17 13:00:00,LONG,60494.68,60403.93798,SL,1,5e-05,0.0008,0.0008500000000000001,-0.0014999999999999647,-0.002349999999999965,0.0019882740102104652,0.0017409795373741906,60437.68,58553.12,3.218547534273148,11,train,2021-11,5210f76300b0,Q4 (wide)
407,2021-11-18 12:15:00,2021-11-18 12:20:00,SHORT,59497.93,59587.176895000004,SL,1,5e-05,0.0008,0.0008500000000000001,-0.0015000000000000649,-0.0023500000000000647,0.007345969851388102,0.0,60976.0,59500.0,2.480672268907563,3,train,2021-11,5210f76300b0,Q3
408,2021-11-18 12:35:00,2021-11-18 12:40:00,SHORT,59493.23,59285.00369500001,TP,1,5e-05,0.0008,0.0008500000000000001,0.003499999999999941,0.002649999999999941,0.0,0.004928796099993279,60976.0,59500.0,2.480672268907563,7,train,2021-11,5210f76300b0,Q3
409,2021-11-25 12:15:00,2021-11-25 12:20:00,LONG,58313.69,58226.219465,SL,1,5e-05,0.0008,0.0008500000000000001,-0.0015000000000000065,-0.0023500000000000066,0.0018971531384826556,3.532618155355409e-05,58270.0,57000.0,2.2280701754385963,3,train,2021-11,5210f76300b0,Q3
410,2021-11-25 12:30:00,2021-11-25 12:45:00,LONG,58260.87,58464.783045000004,TP,3,5e-05,0.0008,0.0008500000000000001,0.0035000000000000196,0.0026500000000000195,0.0,0.006316932788679586,58270.0,57000.0,2.2280701754385963,6,train,2021-11,5210f76300b0,Q3
411,2021-11-27 12:15:00,2021-11-27 12:20:00,LONG,54715.34,54633.26699,SL,1,5e-05,0.0008,0.0008500000000000001,-0.0015000000000000013,-0.0023500000000000014,0.003935642180054013,0.0,54641.99,53610.0,1.924995336690912,3,train,2021-11,5210f76300b0,Q3
412,2021-11-27 12:30:00,2021-11-27 12:40:00,LONG,54620.0,54811.170000000006,TP,2,5e-05,0.0008,0.0008500000000000001,0.003500000000000101,0.002650000000000101,0.0,0.003883925302087137,54641.99,53610.0,1.924995336690912,6,train,2021-11,5210f76300b0,Q3
413,2021-12-03 12:05:00,2021-12-03 12:20:00,LONG,57025.84,56940.30124,SL,3,5e-05,0.0008,0.0008500000000000001,-0.0014999999999999267,-0.002349999999999927,0.001643640847727906,0.002837134884817144,57045.44,56050.81,1.7745149445654838,1,train,2021-12,5210f76300b0,Q2
414,2021-12-09 12:05:00,2021-12-09 12:10:00,SHORT,48990.67,49064.156005000004,SL,1,5e-05,0.0008,0.0008500000000000001,-0.001500000000000125,-0.002350000000000125,0.007257708457549263,0.0,50797.76,49184.49,3.2800380770442152,1,train,2021-12,5210f76300b0,Q4 (wide)
415,2021-12-09 12:20:00,2021-12-09 12:25:00,SHORT,49134.0,49207.701,SL,1,5e-05,0.0008,0.0008500000000000001,-0.001500000000000019,-0.0023500000000000187,0.0041757235315667005,0.0,50797.76,49184.49,3.2800380770442152,4,train,2021-12,5210f76300b0,Q4 (wide)
416,2021-12-20 12:05:00,2021-12-20 12:25:00,SHORT,45990.01,45829.044965,TP,4,5e-05,0.0008,0.0008500000000000001,0.0035000000000000235,0.0026500000000000234,0.0,0.006305934701905958,47200.0,46103.0,2.379454699260352,1,train,2021-12,5210f76300b0,Q3
417,2021-12-21 12:05:00,2021-12-21 12:20:00,LONG,48850.11,49021.085385000006,TP,3,5e-05,0.0008,0.0008500000000000001,0.0035000000000001063,0.0026500000000001063,0.0005948809531851141,0.007162522254299927,48824.16,46630.0,4.705468582457653,1,train,2021-12,5210f76300b0,Q4 (wide)
418,2021-12-21 12:55:00,2021-12-21 13:00:00,LONG,48830.0,48756.755000000005,SL,1,5e-05,0.0008,0.0008500000000000001,-0.0014999999999999046,-0.0023499999999999047,0.0029918083145606495,8.806061847231026e-06,48824.16,46630.0,4.705468582457653,11,train,2021-12,5210f76300b0,Q4 (wide)
419,2022-01-03 12:05:00,2022-01-03 12:10:00,LONG,47285.57,47451.069495,TP,1,5e-05,0.0008,0.0008500000000000001,0.0035000000000000773,0.002650000000000077,0.0,0.005589654518281109,47289.11,46722.39,1.2129516490915835,1,train,2022-01,5210f76300b0,Q1 (tight)
420,2022-01-03 12:35:00,2022-01-03 12:50:00,LONG,47270.97,47200.063545000005,SL,3,5e-05,0.0008,0.0008500000000000001,-0.001499999999999929,-0.002349999999999929,0.0015013442711245646,0.0007264500813077562,47289.11,46722.39,1.2129516490915835,7,train,2022-01,5210f76300b0,Q1 (tight)
421,2022-01-04 12:15:00,2022-01-04 12:20:00,LONG,46619.56,46549.63066,SL,1,5e-05,0.0008,0.0008500000000000001,-0.0014999999999998957,-0.0023499999999998956,0.002077239682227728,5.598508437232317e-05,46600.21,45934.5,1.4492592713537735,3,train,2022-01,5210f76300b0,Q2
422,2022-01-04 13:00:00,2022-01-04 13:05:00,LONG,46641.52,46571.55772,SL,1,5e-05,0.0008,0.0008500000000000001,-0.0014999999999999944,-0.0023499999999999945,0.0024403149811584126,0.0,46600.21,45934.5,1.4492592713537735,12,train,2022-01,5210f76300b0,Q2
423,2022-01-10 12:05:00,2022-01-10 12:15:00,SHORT,41455.83,41310.734595,TP,2,5e-05,0.0008,0.0008500000000000001,0.0035000000000000005,0.0026500000000000004,0.0013583131733220072,0.0037589405398469103,42248.5,41601.0,1.5564529698805318,1,train,2022-01,5210f76300b0,Q2
424,2022-01-12 12:05:00,2022-01-12 12:10:00,LONG,43009.39,42944.875915000004,SL,1,5e-05,0.0008,0.0008500000000000001,-0.0014999999999998894,-0.0023499999999998895,0.0023771553142231954,0.000486172903173086,42965.0,42450.0,1.2131919905771495,1,train,2022-01,5210f76300b0,Q1 (tight)
425,2022-01-12 12:20:00,2022-01-12 12:25:00,LONG,42970.4,43120.79640000001,TP,1,5e-05,0.0008,0.0008500000000000001,0.0035000000000001185,0.0026500000000001184,0.0,0.005582680170535983,42965.0,42450.0,1.2131919905771495,4,train,2022-01,5210f76300b0,Q1 (tight)
426,2022-01-18 12:05:00,2022-01-18 12:10:00,SHORT,41902.97,41756.309605,TP,1,5e-05,0.0008,0.0008500000000000001,0.0034999999999999754,0.0026499999999999753,0.0,0.003839345993852098,42436.66,41886.25,1.3140589095466972,1,train,2022-01,5210f76300b0,Q2
427,2022-01-23 12:55:00,2022-01-23 13:05:00,LONG,35760.02,35706.37997,SL,2,5e-05,0.0008,0.0008500000000000001,-0.001499999999999861,-0.002349999999999861,0.0016658268088216874,0.0012183997659956486,35758.64,34811.0,2.722242969176408,11,train,2022-01,5210f76300b0,Q3
428,2022-01-26 12:10:00,2022-01-26 12:15:00,LONG,37960.06,37903.11991,SL,1,5e-05,0.0008,0.0008500000000000001,-0.0014999999999999057,-0.002349999999999906,0.0047918786218987585,0.0,37974.43,36550.2,3.8966407844553608,2,train,2022-01,5210f76300b0,Q4 (wide)
429,2022-01-28 12:10:00,2022-01-28 12:15:00,SHORT,36510.7,36565.46605,SL,1,5e-05,0.0008,0.0008500000000000001,-0.0015000000000001544,-0.0023500000000001545,0.0017427767750277223,0.0005647659453254894,37500.0,36500.0,2.73972602739726,2,train,2022-01,5210f76300b0,Q3
430,2022-01-28 12:20:00,2022-01-28 12:25:00,SHORT,36499.25,36371.502625,TP,1,5e-05,0.0008,0.0008500000000000001,0.0034999999999999728,0.0026499999999999727,0.0,0.005459016281156462,37500.0,36500.0,2.73972602739726,4,train,2022-01,5210f76300b0,Q3
431,2022-02-03 12:05:00,2022-02-03 12:20:00,SHORT,36666.77,36721.770155,SL,3,5e-05,0.0008,0.0008500000000000001,-0.001500000000000042,-0.002350000000000042,0.0015231775255907685,0.0017751768154106978,37093.03,36720.01,1.0158493965551665,1,train,2022-02,5210f76300b0,Q1 (tight)
432,2022-02-03 12:25:00,2022-02-03 12:30:00,SHORT,36675.85,36547.484525,TP,1,5e-05,0.0008,0.0008500000000000001,0.0034999999999999645,0.0026499999999999644,0.0,0.011611182835571597,37093.03,36720.01,1.0158493965551665,5,train,2022-02,5210f76300b0,Q1 (tight)
433,2022-02-03 13:00:00,2022-02-03 13:10:00,SHORT,36690.76,36745.796140000006,SL,2,5e-05,0.0008,0.0008500000000000001,-0.0015000000000001035,-0.0023500000000001037,0.0022844988765563785,0.001976519428869941,37093.03,36720.01,1.0158493965551665,12,train,2022-02,5210f76300b0,Q1 (tight)
434,2022-02-13 12:05:00,2022-02-13 13:00:00,LONG,42519.39,42455.610915000005,SL,11,5e-05,0.0008,0.0008500000000000001,-0.0014999999999998745,-0.0023499999999998748,0.002793784200572983,0.0026458516926042446,42508.47,42057.26,1.072846875902042,1,train,2022-02,5210f76300b0,Q1 (tight)
435,2022-02-17 12:05:00,2022-02-17 12:55:00,SHORT,43313.16,43161.56394000001,TP,10,5e-05,0.0008,0.0008500000000000001,0.0034999999999999125,0.0026499999999999124,0.0006346800833741514,0.0037452820343747985,44164.71,43350.0,1.8793771626297557,1,train,2022-02,5210f76300b0,Q3
436,2022-02-18 12:05:00,2022-02-18 12:10:00,SHORT,40307.05,40367.51057500001,SL,1,5e-05,0.0008,0.0008500000000000001,-0.0015000000000001143,-0.002350000000000114,0.0062259579899793475,0.0,40950.0,40300.0,1.6129032258064515,1,train,2022-02,5210f76300b0,Q2
437,2022-02-19 12:15:00,2022-02-19 12:35:00,SHORT,39894.42,39754.78953,TP,4,5e-05,0.0008,0.0008500000000000001,0.0034999999999999103,0.0026499999999999102,0.00018548959979870506,0.00419607554139154,40444.32,39915.89,1.3238587439738918,3,train,2022-02,5210f76300b0,Q2
438,2022-02-20 12:20:00,2022-02-20 12:25:00,SHORT,38567.76,38432.772840000005,TP,1,5e-05,0.0008,0.0008500000000000001,0.0034999999999999207,0.0026499999999999206,0.0,0.006709230714980648,40125.44,38581.1,4.002840769184922,4,train,2022-02,5210f76300b0,Q4 (wide)
439,2022-02-22 12:15:00,2022-02-22 12:20:00,LONG,37661.53,37605.037705,SL,1,5e-05,0.0008,0.0008500000000000001,-0.0014999999999999038,-0.002349999999999904,0.0016042895761271053,0.002510253831960647,37468.35,36350.0,3.0766162310866534,3,train,2022-02,5210f76300b0,Q4 (wide)
440,2022-02-22 12:40:00,2022-02-22 13:05:00,LONG,37572.76,37516.40086,SL,5,5e-05,0.0008,0.0008500000000000001,-0.0015000000000000126,-0.0023500000000000127,0.0018697056058697842,0.0022154347990405274,37468.35,36350.0,3.0766162310866534,8,train,2022-02,5210f76300b0,Q4 (wide)
441,2022-02-26 12:05:00,2022-02-26 12:10:00,SHORT,38829.06,38887.30359,SL,1,5e-05,0.0008,0.0008500000000000001,-0.0015000000000001416,-0.002350000000000142,0.004145091331080494,0.0,40348.45,38910.11,3.6965714052208964,1,train,2022-02,5210f76300b0,Q4 (wide)
442,2022-02-26 12:20:00,2022-02-26 12:30:00,SHORT,38918.18,38781.96637,TP,2,5e-05,0.0008,0.0008500000000000001,0.003499999999999958,0.002649999999999958,0.0001325858506229278,0.003752230962496161,40348.45,38910.11,3.6965714052208964,4,train,2022-02,5210f76300b0,Q4 (wide)
443,2022-02-26 12:35:00,2022-02-26 12:40:00,SHORT,38850.68,38908.956020000005,SL,1,5e-05,0.0008,0.0008500000000000001,-0.0015000000000001234,-0.0023500000000001237,0.0023008606284368616,0.0,40348.45,38910.11,3.6965714052208964,7,train,2022-02,5210f76300b0,Q4 (wide)
444,2022-02-26 12:45:00,2022-02-26 12:55:00,SHORT,38896.1,38954.44415,SL,2,5e-05,0.0008,0.0008500000000000001,-0.0015000000000001143,-0.002350000000000114,0.0028007949383100704,0.0007437763683248524,40348.45,38910.11,3.6965714052208964,9,train,2022-02,5210f76300b0,Q4 (wide)
445,2022-02-28 12:25:00,2022-02-28 12:30:00,LONG,38566.52,38508.67022,SL,1,5e-05,0.0008,0.0008500000000000001,-0.0014999999999999178,-0.002349999999999918,0.0030905044064124805,0.0,38483.53,37450.17,2.7592932154914136,5,train,2022-02,5210f76300b0,Q3
446,2022-02-28 12:35:00,2022-02-28 12:40:00,LONG,38522.72,38464.93592,SL,1,5e-05,0.0008,0.0008500000000000001,-0.0014999999999999384,-0.0023499999999999385,0.004283446236402882,0.0032056407231887563,38483.53,37450.17,2.7592932154914136,7,train,2022-02,5210f76300b0,Q3
447,2022-03-05 12:20:00,2022-03-05 12:40:00,LONG,39235.57,39176.716645,SL,4,5e-05,0.0008,0.0008500000000000001,-0.0014999999999999818,-0.002349999999999982,0.001978816670689362,0.0034555379213301028,39197.94,38407.59,2.057796388682565,4,train,2022-03,5210f76300b0,Q3
448,2022-03-05 12:50:00,2022-03-05 12:55:00,LONG,39200.67,39141.868995,SL,1,5e-05,0.0008,0.0008500000000000001,-0.00150000000000003,-0.00235000000000003,0.0041922752850907016,0.0,39197.94,38407.59,2.057796388682565,10,train,2022-03,5210f76300b0,Q3
449,2022-03-08 12:05:00,2022-03-08 12:10:00,LONG,39125.75,39067.061375000005,SL,1,5e-05,0.0008,0.0008500000000000001,-0.001499999999999878,-0.0023499999999998782,0.00283675073321273,0.00258755423218719,38972.08,37867.65,2.916552783180367,1,train,2022-03,5210f76300b0,Q4 (wide)
450,2022-03-08 12:20:00,2022-03-08 12:25:00,LONG,38954.33,38895.898505000005,SL,1,5e-05,0.0008,0.0008500000000000001,-0.001499999999999925,-0.002349999999999925,0.00440464513187627,0.0,38972.08,37867.65,2.916552783180367,4,train,2022-03,5210f76300b0,Q4 (wide)
451,2022-03-09 12:50:00,2022-03-09 12:55:00,LONG,41977.88,41914.91318,SL,1,5e-05,0.0008,0.0008500000000000001,-0.0014999999999998617,-0.0023499999999998617,0.0020315461381089,5.1932112817519395e-05,41884.0,38656.45,8.349318160358758,10,train,2022-03,5210f76300b0,Q4 (wide)
452,2022-03-09 13:00:00,2022-03-09 13:05:00,LONG,41914.33,41851.458505,SL,1,5e-05,0.0008,0.0008500000000000001,-0.001499999999999986,-0.0023499999999999858,0.002406814089596676,0.0,41884.0,38656.45,8.349318160358758,12,train,2022-03,5210f76300b0,Q4 (wide)
453,2022-04-07 12:55:00,2022-04-07 13:05:00,LONG,43585.93,43520.551105000006,SL,2,5e-05,0.0008,0.0008500000000000001,-0.0014999999999998708,-0.002349999999999871,0.005245270664179991,0.0005522424323629141,43559.09,42727.35,1.9466220114282724,11,train,2022-04,5210f76300b0,Q3
454,2022-04-10 12:55:00,2022-04-10 13:10:00,SHORT,42564.64,42628.48696,SL,3,5e-05,0.0008,0.0008500000000000001,-0.0015000000000000607,-0.002350000000000061,0.0022269658571058247,0.0006477207372128534,42896.64,42575.4,0.7545202158993174,11,train,2022-04,5210f76300b0,Q1 (tight)
455,2022-04-12 12:30:00,2022-04-12 12:35:00,LONG,40315.72,40456.825020000004,TP,1,5e-05,0.0008,0.0008500000000000001,0.003500000000000067,0.002650000000000067,0.0,0.008282377196785675,40196.39,39290.0,2.306922881140238,6,train,2022-04,5210f76300b0,Q3
456,2022-04-14 12:20:00,2022-04-14 12:30:00,SHORT,41021.4,41082.932100000005,SL,2,5e-05,0.0008,0.0008500000000000001,-0.0015000000000000974,-0.0023500000000000977,0.0015072620632158274,0.0006935404447435818,41500.0,41064.35,1.0608958865780207,4,train,2022-04,5210f76300b0,Q1 (tight)
457,2022-04-14 12:35:00,2022-04-14 12:45:00,SHORT,41018.53,41080.057795,SL,2,5e-05,0.0008,0.0008500000000000001,-0.0015000000000000436,-0.002350000000000044,0.0034542924868346653,0.0005690111274098928,41500.0,41064.35,1.0608958865780207,7,train,2022-04,5210f76300b0,Q1 (tight)
458,2022-04-17 12:05:00,2022-04-17 12:15:00,LONG,40460.01,40399.319985,SL,2,5e-05,0.0008,0.0008500000000000001,-0.001500000000000003,-0.002350000000000003,0.0022993073901859842,0.0,40430.0,40122.05,0.7675330647362163,1,train,2022-04,5210f76300b0,Q1 (tight)
459,2022-04-17 12:35:00,2022-04-17 13:30:00,LONG,40413.0,40352.3805,SL,11,5e-05,0.0008,0.0008500000000000001,-0.0015000000000000174,-0.0023500000000000174,0.0017902655086234267,0.0033462004800436295,40430.0,40122.05,0.7675330647362163,7,train,2022-04,5210f76300b0,Q1 (tight)
460,2022-04-26 12:50:00,2022-04-26 13:00:00,SHORT,40359.0,40217.743500000004,TP,2,5e-05,0.0008,0.0008500000000000001,0.0034999999999998977,0.0026499999999998977,0.0,0.003838549022522814,40773.65,40374.23,0.9892944088345419,10,train,2022-04,5210f76300b0,Q1 (tight)
461,2022-04-27 12:05:00,2022-04-27 12:15:00,LONG,39099.68,39041.03048,SL,2,5e-05,0.0008,0.0008500000000000001,-0.001499999999999975,-0.0023499999999999754,0.0040133320784210575,0.0003373429143154708,39113.72,37881.31,3.2533457792246456,1,train,2022-04,5210f76300b0,Q4 (wide)
462,2022-04-28 12:05:00,2022-04-28 12:10:00,LONG,39696.34,39636.79549,SL,1,5e-05,0.0008,0.0008500000000000001,-0.001499999999999993,-0.002349999999999993,0.00282872426022131,0.0016381862912300256,39689.49,39152.96,1.370343391661828,1,train,2022-04,5210f76300b0,Q2
463,2022-04-28 12:25:00,2022-04-28 12:30:00,LONG,39744.43,39684.813355000006,SL,1,5e-05,0.0008,0.0008500000000000001,-0.0014999999999998643,-0.0023499999999998644,0.002474308978641882,0.0030361487131655494,39689.49,39152.96,1.370343391661828,5,train,2022-04,5210f76300b0,Q2
464,2022-04-28 12:35:00,2022-04-28 12:40:00,LONG,39801.67,39741.967495,SL,1,5e-05,0.0008,0.0008500000000000001,-0.001500000000000028,-0.0023500000000000283,0.002215233682405745,0.0,39689.49,39152.96,1.370343391661828,7,train,2022-04,5210f76300b0,Q2
465,2022-04-28 12:50:00,2022-04-28 12:55:00,LONG,39672.66,39613.15101000001,SL,1,5e-05,0.0008,0.0008500000000000001,-0.001499999999999869,-0.002349999999999869,0.003923608853049014,0.0,39689.49,39152.96,1.370343391661828,10,train,2022-04,5210f76300b0,Q2
466,2022-05-05 12:10:00,2022-05-05 13:20:00,SHORT,39516.77,39378.461305,TP,14,5e-05,0.0008,0.0008500000000000001,0.003499999999999993,0.002649999999999993,0.0007310820191024392,0.004220233586904922,39845.51,39516.92,0.8315172336305657,2,train,2022-05,5210f76300b0,Q1 (tight)
467,2022-05-06 12:10:00,2022-05-06 12:20:00,SHORT,35809.63,35863.344445,SL,2,5e-05,0.0008,0.0008500000000000001,-0.0015000000000001416,-0.002350000000000142,0.002027946113936464,0.0033798171050636056,36675.63,35833.01,2.3515188927751125,2,train,2022-05,5210f76300b0,Q3
468,2022-05-06 13:00:00,2022-05-06 13:10:00,SHORT,35826.22,35879.959330000005,SL,2,5e-05,0.0008,0.0008500000000000001,-0.0015000000000001108,-0.0023500000000001107,0.00520205592440384,0.002964867630467327,36675.63,35833.01,2.3515188927751125,12,train,2022-05,5210f76300b0,Q3
469,2022-05-14 12:30:00,2022-05-14 12:55:00,SHORT,29175.6,29073.4854,TP,5,5e-05,0.0008,0.0008500000000000001,0.0034999999999999025,0.0026499999999999024,0.0008346015163356429,0.004200085002536272,29824.69,29200.0,2.139349315068489,6,train,2022-05,5210f76300b0,Q3
470,2022-05-17 12:40:00,2022-05-17 12:50:00,LONG,30589.62,30543.73557,SL,2,5e-05,0.0008,0.0008500000000000001,-0.0014999999999999428,-0.002349999999999943,0.0025747295978177697,0.0013932830809929191,30578.14,29780.97,2.6767764784021413,8,train,2022-05,5210f76300b0,Q3
471,2022-05-17 13:00:00,2022-05-17 13:05:00,LONG,30585.45,30539.571825000003,SL,1,5e-05,0.0008,0.0008500000000000001,-0.001499999999999935,-0.002349999999999935,0.0027938120903894083,0.0,30578.14,29780.97,2.6767764784021413,12,train,2022-05,5210f76300b0,Q3
472,2022-05-19 12:05:00,2022-05-19 12:15:00,LONG,29453.98,29409.799030000002,SL,2,5e-05,0.0008,0.0008500000000000001,-0.001499999999999919,-0.002349999999999919,0.0024814982559233133,0.002491344123952044,29432.8,28691.38,2.5841210844511426,1,train,2022-05,5210f76300b0,Q3
473,2022-05-19 12:20:00,2022-05-19 12:25:00,LONG,29436.83,29539.858905000005,TP,1,5e-05,0.0008,0.0008500000000000001,0.003500000000000097,0.0026500000000000967,0.0,0.007558558445321727,29432.8,28691.38,2.5841210844511426,4,train,2022-05,5210f76300b0,Q3
474,2022-05-19 12:35:00,2022-05-19 12:40:00,LONG,29448.6,29404.4271,SL,1,5e-05,0.0008,0.0008500000000000001,-0.0014999999999999237,-0.0023499999999999238,0.0016228275707502984,0.0011406314731430406,29432.8,28691.38,2.5841210844511426,7,train,2022-05,5210f76300b0,Q3
475,2022-05-19 12:45:00,2022-05-19 12:55:00,LONG,29459.98,29563.089930000002,TP,2,5e-05,0.0008,0.0008500000000000001,0.00350000000000008,0.00265000000000008,0.0005936867574247492,0.003563138875179181,29432.8,28691.38,2.5841210844511426,9,train,2022-05,5210f76300b0,Q3
476,2022-05-25 13:00:00,2022-05-25 13:30:00,SHORT,29567.65,29612.001475000005,SL,6,5e-05,0.0008,0.0008500000000000001,-0.0015000000000001054,-0.0023500000000001055,0.004442016866406364,0.0026258427707309528,30223.74,29557.36,2.2545315278495814,12,train,2022-05,5210f76300b0,Q3
477,2022-06-02 12:10:00,2022-06-02 12:30:00,LONG,30114.73,30069.557905,SL,4,5e-05,0.0008,0.0008500000000000001,-0.0014999999999999363,-0.0023499999999999363,0.0019223150929793965,0.0017446611674752147,30123.35,29594.55,1.7868154778498044,2,train,2022-06,5210f76300b0,Q2
478,2022-06-02 12:55:00,2022-06-02 13:00:00,LONG,30109.33,30064.166005000003,SL,1,5e-05,0.0008,0.0008500000000000001,-0.001499999999999966,-0.002349999999999966,0.003413559850053205,0.0,30123.35,29594.55,1.7868154778498044,11,train,2022-06,5210f76300b0,Q2
479,2022-06-06 12:05:00,2022-06-06 12:15:00,LONG,31436.0,31388.846,SL,2,5e-05,0.0008,0.0008500000000000001,-0.0014999999999999564,-0.0023499999999999563,0.002805064257539136,0.0004453492810790177,31434.75,29890.23,5.1673071769605,1,train,2022-06,5210f76300b0,Q4 (wide)
480,2022-06-06 12:35:00,2022-06-06 12:50:00,LONG,31439.29,31392.131065,SL,3,5e-05,0.0008,0.0008500000000000001,-0.0014999999999999831,-0.002349999999999983,0.0024227646362243514,0.0012811994163989973,31434.75,29890.23,5.1673071769605,7,train,2022-06,5210f76300b0,Q4 (wide)
481,2022-06-20 12:25:00,2022-06-20 12:30:00,LONG,20680.14,20649.11979,SL,1,5e-05,0.0008,0.0008500000000000001,-0.0014999999999999406,-0.0023499999999999407,0.014706863686609443,0.0,20687.99,19637.03,5.351929492392704,5,train,2022-06,5210f76300b0,Q4 (wide)
482,2022-06-23 12:05:00,2022-06-23 12:10:00,LONG,20668.45,20637.447325,SL,1,5e-05,0.0008,0.0008500000000000001,-0.0014999999999999868,-0.0023499999999999866,0.004460905389615608,0.0017408175262295703,20657.14,19890.07,3.8565475134074427,1,train,2022-06,5210f76300b0,Q4 (wide)
483,2022-06-23 12:15:00,2022-06-23 12:20:00,LONG,20664.03,20736.354105,TP,1,5e-05,0.0008,0.0008500000000000001,0.0034999999999999853,0.0026499999999999853,0.001271291224412684,0.004015189679844695,20657.14,19890.07,3.8565475134074427,3,train,2022-06,5210f76300b0,Q4 (wide)
484,2022-06-23 12:25:00,2022-06-23 12:30:00,LONG,20730.1,20802.65535,TP,1,5e-05,0.0008,0.0008500000000000001,0.003500000000000114,0.002650000000000114,0.0013834954968861845,0.004780970665843416,20657.14,19890.07,3.8565475134074427,5,train,2022-06,5210f76300b0,Q4 (wide)
485,2022-06-30 12:50:00,2022-06-30 12:55:00,SHORT,19267.13,19199.695045,TP,1,5e-05,0.0008,0.0008500000000000001,0.0035000000000000326,0.0026500000000000325,0.0,0.004852824473598299,20179.08,19310.0,4.5006732263076215,10,train,2022-06,5210f76300b0,Q4 (wide)
486,2022-07-01 12:35:00,2022-07-01 12:40:00,SHORT,19273.55,19302.460325,SL,1,5e-05,0.0008,0.0008500000000000001,-0.0015000000000000384,-0.0023500000000000387,0.0026746499736685393,0.0006003045624703135,20918.35,19315.91,8.29595913420594,7,train,2022-07,5210f76300b0,Q4 (wide)
487,2022-07-01 12:45:00,2022-07-01 13:05:00,SHORT,19318.95,19251.333675,TP,4,5e-05,0.0008,0.0008500000000000001,0.0034999999999999506,0.0026499999999999506,0.0014478012521383162,0.003717593347464521,20918.35,19315.91,8.29595913420594,9,train,2022-07,5210f76300b0,Q4 (wide)
488,2022-07-08 12:05:00,2022-07-08 12:10:00,SHORT,21574.28,21606.64142,SL,1,5e-05,0.0008,0.0008500000000000001,-0.0015000000000000506,-0.002350000000000051,0.005622435603876603,0.0,22527.37,21578.14,4.39903532000441,1,train,2022-07,5210f76300b0,Q4 (wide)
489,2022-07-08 12:35:00,2022-07-08 12:40:00,SHORT,21451.4,21376.3201,TP,1,5e-05,0.0008,0.0008500000000000001,0.003500000000000029,0.002650000000000029,0.0006903978295121843,0.009640396431002307,22527.37,21578.14,4.39903532000441,7,train,2022-07,5210f76300b0,Q4 (wide)
490,2022-07-13 12:05:00,2022-07-13 12:10:00,LONG,19870.05,19840.244925,SL,1,5e-05,0.0008,0.0008500000000000001,-0.0015000000000000109,-0.002350000000000011,0.0071715974544603565,0.0,19875.0,19265.4,3.1642218692578328,1,train,2022-07,5210f76300b0,Q4 (wide)
491,2022-07-13 12:25:00,2022-07-13 12:30:00,LONG,19869.86,19840.055210000002,SL,1,5e-05,0.0008,0.0008500000000000001,-0.0014999999999999155,-0.0023499999999999155,0.026817501482144342,0.00978215246609684,19875.0,19265.4,3.1642218692578328,5,train,2022-07,5210f76300b0,Q4 (wide)
492,2022-07-15 12:40:00,2022-07-15 12:45:00,LONG,20942.76,21016.05966,TP,1,5e-05,0.0008,0.0008500000000000001,0.0035000000000000283,0.002650000000000028,0.0011942074492568506,0.00409640372138156,20936.0,20382.29,2.716623107609592,8,train,2022-07,5210f76300b0,Q3
493,2022-07-15 12:50:00,2022-07-15 12:55:00,LONG,21013.9,20982.379150000004,SL,1,5e-05,0.0008,0.0008500000000000001,-0.0014999999999998645,-0.0023499999999998644,0.0046583451905644856,0.0,20936.0,20382.29,2.716623107609592,10,train,2022-07,5210f76300b0,Q3
494,2022-07-15 13:00:00,2022-07-15 13:05:00,LONG,20986.53,21059.982855,TP,1,5e-05,0.0008,0.0008500000000000001,0.0034999999999999784,0.0026499999999999783,0.0005074683618491394,0.004930305295825521,20936.0,20382.29,2.716623107609592,12,train,2022-07,5210f76300b0,Q3
495,2022-07-21 12:05:00,2022-07-21 12:10:00,SHORT,22591.57,22625.457355000002,SL,1,5e-05,0.0008,0.0008500000000000001,-0.0015000000000001139,-0.002350000000000114,0.0049615852284723965,0.0,23442.77,22638.53,3.552527483012376,1,train,2022-07,5210f76300b0,Q4 (wide)
496,2022-07-29 12:05:00,2022-07-29 12:10:00,SHORT,23668.93,23704.433395,SL,1,5e-05,0.0008,0.0008500000000000001,-0.0014999999999999885,-0.0023499999999999884,0.002980700859734651,0.0002741991294072694,24442.66,23701.0,3.129235053373275,1,train,2022-07,5210f76300b0,Q4 (wide)
497,2022-07-29 12:15:00,2022-07-29 12:20:00,SHORT,23670.52,23706.025780000004,SL,1,5e-05,0.0008,0.0008500000000000001,-0.0015000000000001327,-0.002350000000000133,0.0020688180910263553,0.0006256727777844048,24442.66,23701.0,3.129235053373275,3,train,2022-07,5210f76300b0,Q4 (wide)
498,2022-07-29 12:25:00,2022-07-29 12:30:00,SHORT,23663.82,23580.99663,TP,1,5e-05,0.0008,0.0008500000000000001,0.003499999999999926,0.002649999999999926,0.001486657690939176,0.007725295408771759,24442.66,23701.0,3.129235053373275,5,train,2022-07,5210f76300b0,Q4 (wide)
499,2022-07-29 12:35:00,2022-07-29 12:40:00,SHORT,23550.75,23586.076125,SL,1,5e-05,0.0008,0.0008500000000000001,-0.0014999999999999827,-0.0023499999999999827,0.0019294502298227737,0.004897508571913851,24442.66,23701.0,3.129235053373275,7,train,2022-07,5210f76300b0,Q4 (wide)
500,2022-07-30 12:05:00,2022-07-30 12:15:00,LONG,23977.4,23941.433900000004,SL,2,5e-05,0.0008,0.0008500000000000001,-0.0014999999999999092,-0.0023499999999999095,0.002520289939693223,0.0011273115517111462,23968.9,23650.0,1.3484143763213592,1,train,2022-07,5210f76300b0,Q2
501,2022-07-30 12:20:00,2022-07-30 12:25:00,LONG,23972.71,24056.614485000002,TP,1,5e-05,0.0008,0.0008500000000000001,0.003500000000000115,0.002650000000000115,0.0,0.008638155636137998,23968.9,23650.0,1.3484143763213592,4,train,2022-07,5210f76300b0,Q2
502,2022-08-02 12:50:00,2022-08-02 13:00:00,SHORT,22726.42,22760.50963,SL,2,5e-05,0.0008,0.0008500000000000001,-0.0015000000000000976,-0.0023500000000000977,0.0016883433466424813,0.002656379667365075,23447.62,22715.61,3.2224976568976063,10,train,2022-08,5210f76300b0,Q4 (wide)
503,2022-08-10 12:10:00,2022-08-10 12:15:00,LONG,23165.72,23130.97142,SL,1,5e-05,0.0008,0.0008500000000000001,-0.001499999999999978,-0.002349999999999978,0.0017525896022226885,0.001479341026309583,23151.32,22664.69,2.147084297204158,2,train,2022-08,5210f76300b0,Q3
504,2022-08-10 12:35:00,2022-08-10 12:40:00,LONG,23550.26,23632.68591,TP,1,5e-05,0.0008,0.0008500000000000001,0.0035000000000000747,0.0026500000000000746,0.0,0.008481435024496614,23151.32,22664.69,2.147084297204158,7,train,2022-08,5210f76300b0,Q3
505,2022-08-12 12:20:00,2022-08-12 12:35:00,SHORT,23752.22,23787.84833,SL,3,5e-05,0.0008,0.0008500000000000001,-0.001499999999999981,-0.002349999999999981,0.00232988747999135,0.0006252047177064789,24097.97,23761.84,1.4145790056662322,4,train,2022-08,5210f76300b0,Q2
506,2022-08-12 12:45:00,2022-08-12 13:00:00,SHORT,23769.64,23805.29446,SL,3,5e-05,0.0008,0.0008500000000000001,-0.0015000000000000657,-0.0023500000000000656,0.0029289463365873014,0.0008851627538322361,24097.97,23761.84,1.4145790056662322,9,train,2022-08,5210f76300b0,Q2
507,2022-08-17 12:05:00,2022-08-17 12:15:00,SHORT,23730.42,23647.36353,TP,2,5e-05,0.0008,0.0008500000000000001,0.0034999999999999806,0.0026499999999999805,0.0012465013261460079,0.007613013170436928,24446.71,23759.3,2.8932249687490788,1,train,2022-08,5210f76300b0,Q4 (wide)
508,2022-08-18 12:05:00,2022-08-18 12:10:00,LONG,23548.34,23513.017490000002,SL,1,5e-05,0.0008,0.0008500000000000001,-0.0014999999999999213,-0.0023499999999999216,0.001985277943158626,0.0,23516.44,23285.23,0.9929470312296641,1,train,2022-08,5210f76300b0,Q1 (tight)
509,2022-08-18 12:15:00,2022-08-18 12:20:00,LONG,23507.1,23589.37485,TP,1,5e-05,0.0008,0.0008500000000000001,0.0035000000000000686,0.0026500000000000685,0.0003309638364578717,0.003951997481612001,23516.44,23285.23,0.9929470312296641,3,train,2022-08,5210f76300b0,Q1 (tight)
510,2022-08-18 12:25:00,2022-08-18 12:30:00,LONG,23556.22,23520.885670000003,SL,1,5e-05,0.0008,0.0008500000000000001,-0.0014999999999999092,-0.0023499999999999095,0.003103638869054567,0.0,23516.44,23285.23,0.9929470312296641,5,train,2022-08,5210f76300b0,Q1 (tight)
511,2022-08-18 12:35:00,2022-08-18 12:40:00,LONG,23523.34,23488.05499,SL,1,5e-05,0.0008,0.0008500000000000001,-0.0014999999999999831,-0.002349999999999983,0.002037975899680857,0.0,23516.44,23285.23,0.9929470312296641,7,train,2022-08,5210f76300b0,Q1 (tight)
512,2022-08-18 12:45:00,2022-08-18 13:30:00,LONG,23510.89,23475.623665,SL,9,5e-05,0.0008,0.0008500000000000001,-0.0015000000000000109,-0.002350000000000011,0.0018429757444315426,0.002694070705107299,23516.44,23285.23,0.9929470312296641,9,train,2022-08,5210f76300b0,Q1 (tight)
513,2022-08-19 12:10:00,2022-08-19 12:15:00,SHORT,21439.06,21364.02329,TP,1,5e-05,0.0008,0.0008500000000000001,0.0035000000000000144,0.0026500000000000143,0.0006898623353821126,0.004297763054910199,23208.67,21447.76,8.210228014487294,2,train,2022-08,5210f76300b0,Q4 (wide)
514,2022-08-19 12:20:00,2022-08-19 12:25:00,SHORT,21434.82,21359.79813,TP,1,5e-05,0.0008,0.0008500000000000001,0.003500000000000023,0.002650000000000023,0.0,0.00482859198257788,23208.67,21447.76,8.210228014487294,4,train,2022-08,5210f76300b0,Q4 (wide)
515,2022-08-19 12:40:00,2022-08-19 12:45:00,SHORT,21440.96,21473.12144,SL,1,5e-05,0.0008,0.0008500000000000001,-0.0014999999999999933,-0.0023499999999999936,0.004903698341865262,0.0,23208.67,21447.76,8.210228014487294,8,train,2022-08,5210f76300b0,Q4 (wide)
516,2022-08-23 12:05:00,2022-08-23 12:10:00,LONG,21479.57,21447.350645000002,SL,1,5e-05,0.0008,0.0008500000000000001,-0.0014999999999998812,-0.0023499999999998813,0.0029018271781045017,0.0,21468.51,20890.14,2.7686267301224357,1,train,2022-08,5210f76300b0,Q3
517,2022-09-13 12:20:00,2022-09-13 12:25:00,LONG,22633.16,22599.21026,SL,1,5e-05,0.0008,0.0008500000000000001,-0.001500000000000001,-0.002350000000000001,0.006104317735570281,0.006961908986637293,22627.0,22054.07,2.597842484403107,4,train,2022-09,5210f76300b0,Q3
518,2022-09-13 12:30:00,2022-09-13 12:35:00,LONG,22713.69,22679.619465,SL,1,5e-05,0.0008,0.0008500000000000001,-0.0014999999999999528,-0.002349999999999953,0.0441887689758907,0.0,22627.0,22054.07,2.597842484403107,6,train,2022-09,5210f76300b0,Q3
519,2022-09-18 12:35:00,2022-09-18 12:40:00,SHORT,19937.61,19967.516415000002,SL,1,5e-05,0.0008,0.0008500000000000001,-0.0015000000000000646,-0.0023500000000000647,0.0020759760071542887,0.0,20117.26,19949.95,0.8386487184178288,7,train,2022-09,5210f76300b0,Q1 (tight)
520,2022-09-21 12:05:00,2022-09-21 12:20:00,LONG,19151.14,19122.41329,SL,3,5e-05,0.0008,0.0008500000000000001,-0.001499999999999948,-0.002349999999999948,0.0019152906824345857,0.001398872338670224,19135.57,18791.2,1.8326131380646205,1,train,2022-09,5210f76300b0,Q3
521,2022-09-21 12:25:00,2022-09-21 12:30:00,LONG,19138.52,19205.504820000002,TP,1,5e-05,0.0008,0.0008500000000000001,0.0035000000000000777,0.0026500000000000776,0.0,0.006856329538543271,19135.57,18791.2,1.8326131380646205,5,train,2022-09,5210f76300b0,Q3
522,2022-09-25 12:15:00,2022-09-25 12:25:00,LONG,19127.18,19098.489230000003,SL,2,5e-05,0.0008,0.0008500000000000001,-0.0014999999999998656,-0.0023499999999998657,0.0021785752003171347,0.000891401659836906,19132.21,18913.43,1.156744175963846,3,train,2022-09,5210f76300b0,Q1 (tight)
523,2022-09-26 12:25:00,2022-09-26 12:30:00,LONG,18942.26,18913.84661,SL,1,5e-05,0.0008,0.0008500000000000001,-0.0014999999999998888,-0.0023499999999998886,0.004692153945727563,0.0,18948.11,18680.72,1.4313688123369945,5,train,2022-09,5210f76300b0,Q2
524,2022-09-26 12:50:00,2022-09-26 13:05:00,LONG,19073.99,19045.379015000002,SL,3,5e-05,0.0008,0.0008500000000000001,-0.0014999999999999656,-0.002349999999999966,0.002493447883741226,0.0031461692073865193,18948.11,18680.72,1.4313688123369945,10,train,2022-09,5210f76300b0,Q2
525,2022-10-01 12:25:00,2022-10-01 12:55:00,SHORT,19260.67,19289.561005,SL,6,5e-05,0.0008,0.0008500000000000001,-0.0015000000000000683,-0.002350000000000068,0.0020129102466321493,0.0010690178482885854,19484.0,19258.53,1.1707539464330932,5,train,2022-10,5210f76300b0,Q1 (tight)
526,2022-10-02 12:05:00,2022-10-02 12:25:00,SHORT,19223.76,19156.47684,TP,4,5e-05,0.0008,0.0008500000000000001,0.0034999999999999506,0.0026499999999999506,0.0012089206273903546,0.0046255259116842005,19395.91,19227.73,0.8746742335158663,1,train,2022-10,5210f76300b0,Q1 (tight)
527,2022-10-04 12:10:00,2022-10-04 12:20:00,LONG,19966.8,19936.8498,SL,2,5e-05,0.0008,0.0008500000000000001,-0.0014999999999999656,-0.002349999999999966,0.003080112987559349,0.00016026604162914075,19975.43,19490.6,2.48750679814886,2,train,2022-10,5210f76300b0,Q3
528,2022-10-04 13:00:00,2022-10-04 13:30:00,LONG,19979.65,20049.578775,TP,6,5e-05,0.0008,0.0008500000000000001,0.0035000000000000157,0.0026500000000000156,0.0007072195959389187,0.006515129143903835,19975.43,19490.6,2.48750679814886,12,train,2022-10,5210f76300b0,Q3
529,2022-10-05 12:55:00,2022-10-05 13:05:00,SHORT,20057.62,19987.41833,TP,2,5e-05,0.0008,0.0008500000000000001,0.003499999999999928,0.002649999999999928,0.0,0.003720281867938419,20365.6,20074.91,1.4480264170549142,11,train,2022-10,5210f76300b0,Q2
530,2022-10-10 12:10:00,2022-10-10 12:30:00,SHORT,19350.04,19379.06506,SL,4,5e-05,0.0008,0.0008500000000000001,-0.0014999999999999968,-0.002349999999999997,0.002725058966286352,0.001982424842532655,19525.0,19368.08,0.8101990491571608,2,train,2022-10,5210f76300b0,Q1 (tight)
531,2022-10-10 12:45:00,2022-10-10 12:55:00,SHORT,19373.78,19402.84067,SL,2,5e-05,0.0008,0.0008500000000000001,-0.001500000000000133,-0.0023500000000001332,0.0031072924333816494,0.0,19525.0,19368.08,0.8101990491571608,9,train,2022-10,5210f76300b0,Q1 (tight)
532,2022-10-11 12:05:00,2022-10-11 12:10:00,LONG,19151.65,19218.680775000004,TP,1,5e-05,0.0008,0.0008500000000000001,0.0035000000000001514,0.0026500000000001514,0.0,0.003829957209953113,19133.52,18950.01,0.9683899902955305,1,train,2022-10,5210f76300b0,Q1 (tight)
533,2022-10-11 13:00:00,2022-10-11 13:20:00,LONG,19144.92,19116.20262,SL,4,5e-05,0.0008,0.0008500000000000001,-0.0014999999999999077,-0.0023499999999999077,0.0020094103292151405,0.0013026954408794777,19133.52,18950.01,0.9683899902955305,12,train,2022-10,5210f76300b0,Q1 (tight)
534,2022-10-13 12:30:00,2022-10-13 12:35:00,SHORT,18788.72,18722.95948,TP,1,5e-05,0.0008,0.0008500000000000001,0.00349999999999999,0.00264999999999999,0.0,0.02893863977961251,19175.13,18950.0,1.1880211081794247,6,train,2022-10,5210f76300b0,Q1 (tight)
535,2022-10-20 12:05:00,2022-10-20 12:30:00,LONG,19233.49,19204.639765000004,SL,5,5e-05,0.0008,0.0008500000000000001,-0.0014999999999998992,-0.002349999999999899,0.0022611600910703985,0.0025575181623303253,19210.0,18900.0,1.64021164021164,1,train,2022-10,5210f76300b0,Q2
536,2022-10-20 12:35:00,2022-10-20 12:40:00,LONG,19201.06,19172.258410000002,SL,1,5e-05,0.0008,0.0008500000000000001,-0.0014999999999999543,-0.0023499999999999546,0.002555067272327742,0.0,19210.0,18900.0,1.64021164021164,7,train,2022-10,5210f76300b0,Q2
537,2022-10-27 12:10:00,2022-10-27 12:20:00,SHORT,20585.45,20616.328175000002,SL,2,5e-05,0.0008,0.0008500000000000001,-0.00150000000000008,-0.0023500000000000803,0.002164149921425049,0.0010167375500657158,20872.21,20581.49,1.4125313570591707,2,train,2022-10,5210f76300b0,Q2
538,2022-10-27 12:40:00,2022-10-27 12:45:00,SHORT,20574.72,20605.582080000004,SL,1,5e-05,0.0008,0.0008500000000000001,-0.0015000000000001267,-0.0023500000000001267,0.007278835386338107,0.0,20872.21,20581.49,1.4125313570591707,8,train,2022-10,5210f76300b0,Q2
539,2022-10-30 12:20:00,2022-10-30 12:35:00,SHORT,20704.2,20735.2563,SL,3,5e-05,0.0008,0.0008500000000000001,-0.0015000000000000091,-0.002350000000000009,0.0021710570802059835,0.0015035596642227673,20931.21,20701.15,1.1113392251155016,4,train,2022-10,5210f76300b0,Q1 (tight)
540,2022-10-31 12:10:00,2022-10-31 12:15:00,LONG,20692.67,20661.630995,SL,1,5e-05,0.0008,0.0008500000000000001,-0.0014999999999999384,-0.0023499999999999385,0.0022655365402336858,0.0016769223111372641,20675.0,20427.23,1.2129397867454395,2,train,2022-10,5210f76300b0,Q1 (tight)
541,2022-10-31 12:20:00,2022-10-31 13:00:00,LONG,20712.71,20681.640935,SL,8,5e-05,0.0008,0.0008500000000000001,-0.0014999999999999846,-0.002349999999999985,0.0017723417167526184,0.0017868255771457254,20675.0,20427.23,1.2129397867454395,4,train,2022-10,5210f76300b0,Q1 (tight)
542,2022-11-03 12:20:00,2022-11-03 12:50:00,SHORT,20120.44,20050.01846,TP,6,5e-05,0.0008,0.0008500000000000001,0.003499999999999969,0.002649999999999969,0.0008394448630349564,0.004433302651432926,20393.32,20120.0,1.3584493041749488,4,train,2022-11,5210f76300b0,Q2
543,2022-11-03 12:55:00,2022-11-03 13:00:00,SHORT,20101.78,20131.93267,SL,1,5e-05,0.0008,0.0008500000000000001,-0.0014999999999999747,-0.0023499999999999745,0.0018515773230032946,0.0,20393.32,20120.0,1.3584493041749488,11,train,2022-11,5210f76300b0,Q2
544,2022-11-09 12:50:00,2022-11-09 12:55:00,SHORT,17715.69,17653.685085,TP,1,5e-05,0.0008,0.0008500000000000001,0.003499999999999871,0.0026499999999998708,0.0,0.01681560244054834,18587.76,18000.0,3.265333333333324,10,train,2022-11,5210f76300b0,Q4 (wide)
545,2022-11-24 12:15:00,2022-11-24 12:30:00,SHORT,16532.07,16556.868105,SL,3,5e-05,0.0008,0.0008500000000000001,-0.001500000000000101,-0.002350000000000101,0.0026512106469426845,0.0,16812.63,16533.65,1.6873467141254324,3,train,2022-11,5210f76300b0,Q2
546,2022-11-24 12:45:00,2022-11-24 12:55:00,SHORT,16516.13,16540.904195000003,SL,2,5e-05,0.0008,0.0008500000000000001,-0.0015000000000001078,-0.002350000000000108,0.001868476453018993,0.0004583398168941337,16812.63,16533.65,1.6873467141254324,9,train,2022-11,5210f76300b0,Q2
547,2022-11-24 13:00:00,2022-11-24 13:05:00,SHORT,16538.45,16563.257675,SL,1,5e-05,0.0008,0.0008500000000000001,-0.001500000000000001,-0.002350000000000001,0.001542466192418177,0.0,16812.63,16533.65,1.6873467141254324,12,train,2022-11,5210f76300b0,Q2
548,2022-12-18 12:15:00,2022-12-18 12:50:00,SHORT,16706.6,16731.6599,SL,7,5e-05,0.0008,0.0008500000000000001,-0.001500000000000012,-0.002350000000000012,0.001879496725844963,0.0003184370248883501,16804.7,16702.23,0.6135108904619393,3,train,2022-12,5210f76300b0,Q1 (tight)
549,2022-12-27 12:05:00,2022-12-27 14:30:00,SHORT,16829.83,16770.925595000004,TP,29,5e-05,0.0008,0.0008500000000000001,0.003499999999999851,0.002649999999999851,0.000544865872085354,0.004078472569241819,16972.83,16839.0,0.7947621592731263,1,train,2022-12,5210f76300b0,Q1 (tight)
550,2022-12-29 12:05:00,2022-12-29 14:35:00,LONG,16608.14,16645.61,MAX_HOLD,30,5e-05,0.0008,0.0008500000000000001,0.0022561226001226605,0.0014061226001226604,0.0010537001735293657,0.0026095637440435924,16594.0,16488.91,0.6373374589345211,1,train,2022-12,5210f76300b0,Q1 (tight)
551,2023-01-10 12:20:00,2023-01-10 14:05:00,LONG,17237.78,17298.11223,TP,21,5e-05,0.0008,0.0008500000000000001,0.003499999999999999,0.002649999999999999,0.0014874305159944853,0.0038299595423540874,17235.0,17146.34,0.5170782802627257,4,train,2023-01,5210f76300b0,Q1 (tight)
552,2023-01-13 12:05:00,2023-01-13 12:40:00,LONG,18900.87,18872.518695,SL,7,5e-05,0.0008,0.0008500000000000001,-0.0015000000000000074,-0.0023500000000000075,0.0016872239214385063,0.0019104940672043447,18887.0,18714.12,0.9237944397064944,1,train,2023-01,5210f76300b0,Q1 (tight)
553,2023-01-13 12:50:00,2023-01-13 12:55:00,LONG,18879.29,18850.971065,SL,1,5e-05,0.0008,0.0008500000000000001,-0.0014999999999999643,-0.002349999999999964,0.003589647703912617,0.0,18887.0,18714.12,0.9237944397064944,10,train,2023-01,5210f76300b0,Q1 (tight)
554,2023-01-23 12:10:00,2023-01-23 12:40:00,LONG,22831.38,22911.28983,TP,6,5e-05,0.0008,0.0008500000000000001,0.003500000000000022,0.002650000000000022,0.0,0.0035753423577548696,22826.46,22600.14,1.0014097257804584,2,train,2023-01,5210f76300b0,Q1 (tight)
555,2023-02-07 12:05:00,2023-02-07 13:30:00,LONG,22993.61,22959.119585,SL,17,5e-05,0.0008,0.0008500000000000001,-0.0015000000000000091,-0.002350000000000009,0.002412844264123796,0.0021044977278469722,22986.71,22745.78,1.0592294482756814,1,train,2023-02,5210f76300b0,Q1 (tight)
556,2023-02-08 12:10:00,2023-02-08 12:50:00,SHORT,23174.33,23093.219845000003,TP,8,5e-05,0.0008,0.0008500000000000001,0.0034999999999999346,0.0026499999999999345,0.0010895676379856505,0.00381629156053281,23452.0,23183.17,1.1595912034463007,2,train,2023-02,5210f76300b0,Q1 (tight)
557,2023-02-12 12:05:00,2023-02-12 12:40:00,LONG,21890.58,21857.744130000003,SL,7,5e-05,0.0008,0.0008500000000000001,-0.0014999999999999532,-0.0023499999999999533,0.0025540666350550552,0.0002987586441289922,21890.16,21761.04,0.5933539941105709,1,train,2023-02,5210f76300b0,Q1 (tight)
558,2023-02-13 12:10:00,2023-02-13 12:15:00,SHORT,21611.78,21644.19767,SL,1,5e-05,0.0008,0.0008500000000000001,-0.0015000000000001178,-0.0023500000000001176,0.0036739222775727617,0.0,21894.99,21622.47,1.2603555467992344,2,train,2023-02,5210f76300b0,Q2
559,2023-02-25 13:00:00,2023-02-25 13:30:00,SHORT,23017.47,23051.996205000003,SL,6,5e-05,0.0008,0.0008500000000000001,-0.0015000000000000842,-0.0023500000000000842,0.0020115156009760963,0.0011791043933151392,23219.13,23023.23,0.8508797418954744,12,train,2023-02,5210f76300b0,Q1 (tight)
560,2023-03-07 12:10:00,2023-03-07 14:15:00,SHORT,22380.86,22302.526990000002,TP,25,5e-05,0.0008,0.0008500000000000001,0.0034999999999999316,0.0026499999999999315,0.0013109415813333423,0.004015037849305191,22557.91,22377.69,0.8053556913157756,2,train,2023-03,5210f76300b0,Q1 (tight)
561,2023-03-09 12:20:00,2023-03-09 13:30:00,SHORT,21624.64,21657.076960000002,SL,14,5e-05,0.0008,0.0008500000000000001,-0.0015000000000001262,-0.0023500000000001263,0.00316074625982223,0.003320286488006241,21806.68,21629.43,0.8194853031263423,4,train,2023-03,5210f76300b0,Q1 (tight)
562,2023-03-10 12:05:00,2023-03-10 12:15:00,SHORT,19757.89,19787.526835,SL,2,5e-05,0.0008,0.0008500000000000001,-0.0015000000000000586,-0.0023500000000000586,0.005092142936315598,0.0010011190466187856,20367.78,19776.22,2.9912693123357124,1,train,2023-03,5210f76300b0,Q4 (wide)
563,2023-03-16 12:20:00,2023-03-16 12:25:00,LONG,24771.58,24858.280530000004,TP,1,5e-05,0.0008,0.0008500000000000001,0.003500000000000076,0.002650000000000076,0.000491692495997441,0.005723090735431361,24685.0,24123.0,2.3297268167309206,4,train,2023-03,5210f76300b0,Q3
564,2023-03-16 12:50:00,2023-03-16 12:55:00,LONG,24697.31,24660.264035000004,SL,1,5e-05,0.0008,0.0008500000000000001,-0.0014999999999998996,-0.0023499999999999,0.0020775541951735354,0.001719215574489656,24685.0,24123.0,2.3297268167309206,10,train,2023-03,5210f76300b0,Q3
565,2023-03-16 13:00:00,2023-03-16 13:10:00,LONG,24720.18,24806.700630000003,TP,2,5e-05,0.0008,0.0008500000000000001,0.00350000000000011,0.0026500000000001097,0.0013802488493206352,0.0044922812050721015,24685.0,24123.0,2.3297268167309206,12,train,2023-03,5210f76300b0,Q3
566,2023-03-21 12:10:00,2023-03-21 12:15:00,LONG,27984.97,28082.917395000004,TP,1,5e-05,0.0008,0.0008500000000000001,0.0035000000000001024,0.0026500000000001024,0.0008883339878513566,0.004573169097554851,27968.0,27303.1,2.4352546047884727,2,train,2023-03,5210f76300b0,Q3
567,2023-03-21 12:20:00,2023-03-21 12:30:00,LONG,27988.99,27947.006515000005,SL,2,5e-05,0.0008,0.0008500000000000001,-0.0014999999999998933,-0.0023499999999998934,0.001962914703245895,0.0017510456790330196,27968.0,27303.1,2.4352546047884727,4,train,2023-03,5210f76300b0,Q3
568,2023-03-21 12:35:00,2023-03-21 12:40:00,LONG,27992.97,28090.945395000002,TP,1,5e-05,0.0008,0.0008500000000000001,0.0035000000000000465,0.0026500000000000464,0.0,0.005216666898867781,27968.0,27303.1,2.4352546047884727,7,train,2023-03,5210f76300b0,Q3
569,2023-03-24 14:20:00,2023-03-24 14:25:00,SHORT,28090.24,28132.375360000002,SL,1,5e-05,0.0008,0.0008500000000000001,-0.0015000000000000076,-0.0023500000000000075,0.0018586526850606873,0.0036535821694653023,28374.3,28102.15,0.9684312410260347,12,train,2023-03,5210f76300b0,Q1 (tight)
570,2023-04-03 12:25:00,2023-04-03 12:30:00,LONG,28172.68,28130.420980000003,SL,1,5e-05,0.0008,0.0008500000000000001,-0.001499999999999918,-0.002349999999999918,0.0019596999646465697,0.00032939713225716674,28182.17,27560.0,2.2575108853410675,5,train,2023-04,5210f76300b0,Q3
571,2023-04-06 12:20:00,2023-04-06 12:25:00,SHORT,27886.35,27928.179525,SL,1,5e-05,0.0008,0.0008500000000000001,-0.0015000000000000365,-0.0023500000000000365,0.005036514280284108,0.0,28182.05,27878.6,1.088469291858274,4,train,2023-04,5210f76300b0,Q1 (tight)
572,2023-04-06 12:50:00,2023-04-06 13:10:00,SHORT,27880.84,27922.66126,SL,4,5e-05,0.0008,0.0008500000000000001,-0.0015000000000000221,-0.002350000000000022,0.0022230320176866826,0.0005032129591503999,28182.05,27878.6,1.088469291858274,10,train,2023-04,5210f76300b0,Q1 (tight)
573,2023-04-13 12:20:00,2023-04-13 12:30:00,LONG,30203.28,30157.97508,SL,2,5e-05,0.0008,0.0008500000000000001,-0.0014999999999999562,-0.0023499999999999563,0.0022884931702781613,0.002177578064369182,30200.0,29854.59,1.1569745221756516,4,train,2023-04,5210f76300b0,Q1 (tight)
574,2023-04-13 12:35:00,2023-04-13 12:55:00,LONG,30187.79,30293.447265000003,TP,4,5e-05,0.0008,0.0008500000000000001,0.0035000000000000543,0.0026500000000000542,0.0,0.003837644292609646,30200.0,29854.59,1.1569745221756516,7,train,2023-04,5210f76300b0,Q1 (tight)
575,2023-04-28 12:25:00,2023-04-28 12:30:00,SHORT,29337.34,29381.34601,SL,1,5e-05,0.0008,0.0008500000000000001,-0.001500000000000033,-0.002350000000000033,0.004431894643481667,0.00318263346302013,29599.54,29330.0,0.9189907944084585,5,train,2023-04,5210f76300b0,Q1 (tight)
576,2023-04-28 12:35:00,2023-04-28 12:40:00,SHORT,29282.4,29326.323600000003,SL,1,5e-05,0.0008,0.0008500000000000001,-0.0015000000000000646,-0.0023500000000000647,0.0016583340163373792,0.0,29599.54,29330.0,0.9189907944084585,7,train,2023-04,5210f76300b0,Q1 (tight)
577,2023-04-28 12:45:00,2023-04-28 12:50:00,SHORT,29329.6,29226.9464,TP,1,5e-05,0.0008,0.0008500000000000001,0.003499999999999926,0.002649999999999926,0.0,0.004229515574709484,29599.54,29330.0,0.9189907944084585,9,train,2023-04,5210f76300b0,Q1 (tight)
578,2023-05-06 12:05:00,2023-05-06 12:35:00,SHORT,29252.83,29150.445095000003,TP,6,5e-05,0.0008,0.0008500000000000001,0.003499999999999965,0.002649999999999965,0.0,0.006684139619995825,29820.0,29250.65,1.9464524719963436,1,train,2023-05,5210f76300b0,Q3
579,2023-05-08 12:20:00,2023-05-08 13:00:00,SHORT,27838.56,27741.125040000003,TP,8,5e-05,0.0008,0.0008500000000000001,0.0034999999999999524,0.0026499999999999523,0.0012845492008206746,0.0037225344989108996,28631.01,27830.85,2.8750828666749304,4,train,2023-05,5210f76300b0,Q4 (wide)
580,2023-05-17 12:20:00,2023-05-17 12:40:00,SHORT,26760.55,26666.888075,TP,4,5e-05,0.0008,0.0008500000000000001,0.0035000000000000126,0.0026500000000000126,0.0,0.003603438643824596,27238.55,26760.0,1.7883034379671123,4,train,2023-05,5210f76300b0,Q2
581,2023-05-30 12:05:00,2023-05-30 12:20:00,LONG,27999.85,27957.850225,SL,3,5e-05,0.0008,0.0008500000000000001,-0.0015000000000000083,-0.0023500000000000083,0.0028243008444687424,0.00035250188840306717,27940.55,27584.45,1.2909447170416612,1,train,2023-05,5210f76300b0,Q2
582,2023-05-30 12:25:00,2023-05-30 12:30:00,LONG,27927.37,27885.478945,SL,1,5e-05,0.0008,0.0008500000000000001,-0.001500000000000002,-0.0023500000000000023,0.004749462623942012,0.0,27940.55,27584.45,1.2909447170416612,5,train,2023-05,5210f76300b0,Q2
583,2023-06-04 12:05:00,2023-06-04 13:50:00,LONG,27177.11,27272.229885,TP,21,5e-05,0.0008,0.0008500000000000001,0.0035000000000000022,0.002650000000000002,0.0006255264080691434,0.0043378416616041745,27163.94,26951.0,0.7901005528551768,1,train,2023-06,5210f76300b0,Q1 (tight)
584,2023-06-13 12:35:00,2023-06-13 12:40:00,LONG,26303.98,26264.52403,SL,1,5e-05,0.0008,0.0008500000000000001,-0.0014999999999999647,-0.002349999999999965,0.008461076992911388,0.00012545629976905672,26157.99,25818.07,1.3165972514599344,7,train,2023-06,5210f76300b0,Q2
585,2023-06-13 12:50:00,2023-06-13 12:55:00,LONG,26154.29,26115.058565000003,SL,1,5e-05,0.0008,0.0008500000000000001,-0.0014999999999999187,-0.002349999999999919,0.010057241087408637,0.0,26157.99,25818.07,1.3165972514599344,10,train,2023-06,5210f76300b0,Q2
586,2023-06-23 12:25:00,2023-06-23 12:30:00,LONG,30097.75,30052.603375000002,SL,1,5e-05,0.0008,0.0008500000000000001,-0.0014999999999999198,-0.00234999999999992,0.0015087506541186584,0.0005737970446295965,30082.25,29800.0,0.9471476510067115,5,train,2023-06,5210f76300b0,Q1 (tight)
587,2023-06-23 12:50:00,2023-06-23 13:10:00,LONG,30073.29,30178.546515,TP,4,5e-05,0.0008,0.0008500000000000001,0.0035000000000000313,0.0026500000000000312,0.0,0.0036081852035476794,30082.25,29800.0,0.9471476510067115,10,train,2023-06,5210f76300b0,Q1 (tight)
588,2023-07-01 12:10:00,2023-07-01 14:40:00,LONG,30552.68,30565.99,MAX_HOLD,30,5e-05,0.0008,0.0008500000000000001,0.0004356409977783065,-0.0004143590022216936,0.0007023933743291629,0.0028256113702627103,30534.74,30320.57,0.7063521563084134,2,train,2023-07,5210f76300b0,Q1 (tight)
589,2023-07-17 12:05:00,2023-07-17 12:25:00,SHORT,30145.99,30040.479035000004,TP,4,5e-05,0.0008,0.0008500000000000001,0.0034999999999999224,0.0026499999999999224,0.0,0.003781265767022466,30336.96,30176.03,0.5333040827438211,1,train,2023-07,5210f76300b0,Q1 (tight)
590,2023-07-17 12:50:00,2023-07-17 13:20:00,SHORT,30174.19,30219.451285,SL,6,5e-05,0.0008,0.0008500000000000001,-0.0015000000000000165,-0.0023500000000000166,0.002514731961321945,0.00046993804970407797,30336.96,30176.03,0.5333040827438211,10,train,2023-07,5210f76300b0,Q1 (tight)
591,2023-07-18 12:05:00,2023-07-18 12:30:00,SHORT,29876.0,29771.434,TP,5,5e-05,0.0008,0.0008500000000000001,0.0034999999999999628,0.0026499999999999627,0.0013950997456152192,0.0038157718570089702,30239.78,29921.54,1.0635816204647153,1,train,2023-07,5210f76300b0,Q1 (tight)
592,2023-07-20 12:35:00,2023-07-20 12:40:00,LONG,30260.32,30214.92952,SL,1,5e-05,0.0008,0.0008500000000000001,-0.0014999999999999408,-0.0023499999999999407,0.0017276750543285344,0.0,30246.98,29881.29,1.223809279987573,7,train,2023-07,5210f76300b0,Q1 (tight)
593,2023-07-20 12:45:00,2023-07-20 13:10:00,LONG,30233.99,30188.639015000004,SL,5,5e-05,0.0008,0.0008500000000000001,-0.001499999999999911,-0.002349999999999911,0.0018852953248975738,0.0003310843193372227,30246.98,29881.29,1.223809279987573,9,train,2023-07,5210f76300b0,Q1 (tight)
594,2023-07-27 12:05:00,2023-07-27 13:45:00,LONG,29487.57,29443.338645,SL,20,5e-05,0.0008,0.0008500000000000001,-0.0014999999999999963,-0.002349999999999996,0.0017281858084609591,0.000506315033758302,29499.41,29302.01,0.6736739220278796,1,train,2023-07,5210f76300b0,Q1 (tight)
595,2023-07-29 12:20:00,2023-07-29 14:50:00,SHORT,29298.6,29279.15,MAX_HOLD,30,5e-05,0.0008,0.0008500000000000001,0.0006638542455952534,-0.00018614575440474665,0.0012509130129085163,0.0012468172540667075,29406.92,29295.0,0.3820447175285825,4,train,2023-07,5210f76300b0,Q1 (tight)
596,2023-08-02 12:15:00,2023-08-02 13:00:00,SHORT,29568.64,29465.14976,TP,9,5e-05,0.0008,0.0008500000000000001,0.0034999999999999723,0.0026499999999999723,0.0,0.0039426906344017885,30047.5,29564.0,1.6354349884995265,3,train,2023-08,5210f76300b0,Q2
597,2023-08-21 13:00:00,2023-08-21 13:30:00,SHORT,26004.0,26043.006,SL,6,5e-05,0.0008,0.0008500000000000001,-0.001500000000000047,-0.0023500000000000474,0.0024103984002461273,0.0008137209660052244,26195.12,26000.0,0.7504615384615345,12,train,2023-08,5210f76300b0,Q1 (tight)
598,2023-08-27 12:05:00,2023-08-27 14:15:00,LONG,26053.87,26145.058545,TP,26,5e-05,0.0008,0.0008500000000000001,0.0035000000000000343,0.0026500000000000343,4.106875485291471e-05,0.004541743702567095,26055.54,25966.11,0.3444104642551398,1,train,2023-08,5210f76300b0,Q1 (tight)
599,2023-08-29 12:05:00,2023-08-29 12:40:00,SHORT,25981.49,26020.462235000003,SL,7,5e-05,0.0008,0.0008500000000000001,-0.0015000000000000419,-0.002350000000000042,0.0018559366687590866,0.0006427652917519636,26206.24,25990.58,0.8297621676776733,1,train,2023-08,5210f76300b0,Q1 (tight)
600,2023-09-07 12:05:00,2023-09-07 13:40:00,SHORT,25715.02,25753.59253,SL,19,5e-05,0.0008,0.0008500000000000001,-0.0015000000000000497,-0.00235000000000005,0.002282712593651521,0.003046857439737639,25850.0,25724.78,0.4867680112327537,1,train,2023-09,5210f76300b0,Q1 (tight)
601,2023-09-11 12:10:00,2023-09-11 12:35:00,SHORT,25647.53,25686.001295000002,SL,5,5e-05,0.0008,0.0008500000000000001,-0.0015000000000001173,-0.0023500000000001176,0.001961592402855219,0.0017436376914267194,25900.69,25652.78,0.9664059801705698,2,train,2023-09,5210f76300b0,Q1 (tight)
602,2023-09-13 12:40:00,2023-09-13 12:45:00,LONG,26135.76,26096.55636,SL,1,5e-05,0.0008,0.0008500000000000001,-0.0014999999999999894,-0.0023499999999999893,0.0021395972414805712,0.0026228431849696704,26109.94,25764.17,1.3420575939376291,8,train,2023-09,5210f76300b0,Q2
603,2023-09-13 12:50:00,2023-09-13 13:10:00,LONG,26166.83,26127.579755000002,SL,4,5e-05,0.0008,0.0008500000000000001,-0.0014999999999999718,-0.002349999999999972,0.001598588747662661,0.0025081372103536183,26109.94,25764.17,1.3420575939376291,10,train,2023-09,5210f76300b0,Q2
604,2023-09-17 12:05:00,2023-09-17 13:50:00,LONG,26583.45,26543.574825000003,SL,21,5e-05,0.0008,0.0008500000000000001,-0.001499999999999902,-0.002349999999999902,0.002076856089032805,0.0,26570.0,26416.16,0.5823707912126522,1,train,2023-09,5210f76300b0,Q1 (tight)
605,2023-09-26 12:35:00,2023-09-26 14:15:00,SHORT,26228.15,26136.351475000003,TP,20,5e-05,0.0008,0.0008500000000000001,0.0034999999999999363,0.0026499999999999363,0.0011186454248584114,0.004119238299308219,26397.46,26234.37,0.6216653954335483,7,train,2023-09,5210f76300b0,Q1 (tight)
606,2023-09-30 12:10:00,2023-09-30 13:10:00,LONG,26948.77,26908.346845000004,SL,12,5e-05,0.0008,0.0008500000000000001,-0.0014999999999998801,-0.00234999999999988,0.0016980366821937342,0.00020891491522622438,26958.04,26886.31,0.26679005040111325,2,train,2023-09,5210f76300b0,Q1 (tight)
607,2023-10-01 12:05:00,2023-10-01 12:15:00,LONG,27171.17,27130.413245,SL,2,5e-05,0.0008,0.0008500000000000001,-0.0014999999999999456,-0.002349999999999946,0.0016521187714772466,0.0,27158.59,26954.09,0.7586974741124631,1,train,2023-10,5210f76300b0,Q1 (tight)
608,2023-10-01 12:20:00,2023-10-01 14:40:00,LONG,27146.91,27106.189635000002,SL,28,5e-05,0.0008,0.0008500000000000001,-0.0014999999999999042,-0.0023499999999999042,0.002345386638847598,0.003034599517956225,27158.59,26954.09,0.7586974741124631,4,train,2023-10,5210f76300b0,Q1 (tight)
609,2023-10-07 12:05:00,2023-10-07 13:40:00,LONG,27948.56,27906.637160000002,SL,19,5e-05,0.0008,0.0008500000000000001,-0.0014999999999999738,-0.0023499999999999736,0.001604376039409549,0.0013492645059351581,27955.9,27842.08,0.4088056639446468,1,train,2023-10,5210f76300b0,Q1 (tight)
610,2023-10-08 12:25:00,2023-10-08 13:10:00,SHORT,27870.85,27773.302025,TP,9,5e-05,0.0008,0.0008500000000000001,0.003499999999999917,0.0026499999999999167,0.0,0.0059147819316597286,28095.14,27878.06,0.7786768519760633,5,train,2023-10,5210f76300b0,Q1 (tight)
611,2023-10-18 12:50:00,2023-10-18 12:55:00,SHORT,28293.1,28335.53965,SL,1,5e-05,0.0008,0.0008500000000000001,-0.0015000000000000091,-0.002350000000000009,0.001870420703281079,0.0003120902269457256,28982.36,28320.29,2.3377938573369117,10,train,2023-10,5210f76300b0,Q3
612,2023-10-18 13:00:00,2023-10-18 13:15:00,SHORT,28330.01,28372.505015,SL,3,5e-05,0.0008,0.0008500000000000001,-0.001500000000000015,-0.0023500000000000153,0.0016339563593518278,0.0011394277658214325,28982.36,28320.29,2.3377938573369117,12,train,2023-10,5210f76300b0,Q3
613,2023-10-19 12:30:00,2023-10-19 13:15:00,LONG,28440.01,28539.550035,TP,9,5e-05,0.0008,0.0008500000000000001,0.003500000000000064,0.0026500000000000638,0.00016139234831493189,0.0035509832802450353,28418.0,28100.66,1.129297318995355,6,train,2023-10,5210f76300b0,Q1 (tight)
614,2023-10-20 12:55:00,2023-10-20 13:35:00,LONG,29479.42,29582.59797,TP,8,5e-05,0.0008,0.0008500000000000001,0.0035000000000000218,0.0026500000000000217,0.000720502642182172,0.005107970238220486,29400.0,28578.29,2.875294498026296,11,train,2023-10,5210f76300b0,Q4 (wide)
615,2023-10-21 12:20:00,2023-10-21 13:05:00,LONG,29762.03,29717.386955,SL,9,5e-05,0.0008,0.0008500000000000001,-0.0014999999999999018,-0.0023499999999999016,0.0018227923296898767,0.0023855899614374423,29730.88,29464.77,0.9031463676790981,4,train,2023-10,5210f76300b0,Q1 (tight)
616,2023-10-28 12:05:00,2023-10-28 12:10:00,LONG,34200.0,34148.700000000004,SL,1,5e-05,0.0008,0.0008500000000000001,-0.0014999999999998723,-0.002349999999999872,0.0020467836257309943,4.8830409356674085e-05,34185.0,33860.0,0.9598346131128175,1,train,2023-10,5210f76300b0,Q1 (tight)
617,2023-10-30 12:10:00,2023-10-30 12:15:00,LONG,34588.72,34709.78052,TP,1,5e-05,0.0008,0.0008500000000000001,0.0034999999999999736,0.0026499999999999736,0.0,0.0037992154667763423,34570.51,34114.74,1.3359914218897877,2,train,2023-10,5210f76300b0,Q2
618,2023-10-30 13:00:00,2023-10-30 13:05:00,LONG,34587.49,34535.608765,SL,1,5e-05,0.0008,0.0008500000000000001,-0.0015000000000000215,-0.0023500000000000213,0.0020244313767780434,0.0,34570.51,34114.74,1.3359914218897877,12,train,2023-10,5210f76300b0,Q2
619,2023-11-03 12:30:00,2023-11-03 12:35:00,SHORT,34300.0,34351.450000000004,SL,1,5e-05,0.0008,0.0008500000000000001,-0.0015000000000001273,-0.002350000000000127,0.0028189504373178523,0.0,34946.5,34310.0,1.8551442728067618,6,train,2023-11,5210f76300b0,Q3
620,2023-11-06 12:20:00,2023-11-06 13:10:00,LONG,35151.79,35099.062315,SL,10,5e-05,0.0008,0.0008500000000000001,-0.0014999999999999437,-0.0023499999999999437,0.00234724888832125,0.002793883327136374,35118.71,34725.9,1.1311729861572994,4,train,2023-11,5210f76300b0,Q1 (tight)
621,2023-11-16 12:15:00,2023-11-16 12:20:00,SHORT,37254.0,37123.611000000004,TP,1,5e-05,0.0008,0.0008500000000000001,0.0034999999999998812,0.002649999999999881,0.0,0.004470660868631634,37929.54,37307.55,1.6671960501292578,3,train,2023-11,5210f76300b0,Q2
622,2023-11-21 12:30:00,2023-11-21 13:10:00,SHORT,37229.96,37099.65514,TP,8,5e-05,0.0008,0.0008500000000000001,0.0034999999999999073,0.002649999999999907,0.0,0.0035774951141500644,37649.44,37241.25,1.0960695465377837,6,train,2023-11,5210f76300b0,Q1 (tight)
623,2023-11-22 12:25:00,2023-11-22 12:30:00,LONG,36543.94,36489.124090000005,SL,1,5e-05,0.0008,0.0008500000000000001,-0.0014999999999999324,-0.0023499999999999324,0.002353878645816627,0.0,36558.87,35632.01,2.601200437471814,5,train,2023-11,5210f76300b0,Q3
624,2023-11-22 12:45:00,2023-11-22 13:20:00,LONG,36547.24,36492.41914,SL,7,5e-05,0.0008,0.0008500000000000001,-0.0014999999999999948,-0.002349999999999995,0.0023279459680127547,0.002264466482284354,36558.87,35632.01,2.601200437471814,9,train,2023-11,5210f76300b0,Q3
625,2023-11-25 12:05:00,2023-11-25 12:55:00,SHORT,37662.81,37719.304215,SL,10,5e-05,0.0008,0.0008500000000000001,-0.0014999999999999684,-0.0023499999999999684,0.0015638769385502957,0.000204711225742294,37839.44,37676.03,0.43372404151924576,1,train,2023-11,5210f76300b0,Q1 (tight)
626,2023-11-27 12:05:00,2023-11-27 12:30:00,SHORT,37057.42,36927.71903,TP,5,5e-05,0.0008,0.0008500000000000001,0.0034999999999999476,0.0026499999999999475,0.0011490276441263787,0.0036338201634111664,37569.23,37051.0,1.3986936924779445,1,train,2023-11,5210f76300b0,Q2
627,2023-11-27 12:50:00,2023-11-27 13:15:00,SHORT,37051.33,36921.650345,TP,5,5e-05,0.0008,0.0008500000000000001,0.0034999999999999975,0.0026499999999999974,0.0001295500053573147,0.006513396415189461,37569.23,37051.0,1.3986936924779445,10,train,2023-11,5210f76300b0,Q2
628,2023-11-29 12:35:00,2023-11-29 12:40:00,LONG,38256.0,38198.616,SL,1,5e-05,0.0008,0.0008500000000000001,-0.0014999999999999528,-0.002349999999999953,0.001567858636553827,0.000327007528230919,38235.36,37677.96,1.4793794568495786,7,train,2023-11,5210f76300b0,Q2
629,2023-11-29 12:50:00,2023-11-29 12:55:00,LONG,38228.24,38170.89764,SL,1,5e-05,0.0008,0.0008500000000000001,-0.0014999999999998719,-0.002349999999999872,0.002186341824786976,0.0,38235.36,37677.96,1.4793794568495786,10,train,2023-11,5210f76300b0,Q2
630,2023-12-01 12:45:00,2023-12-01 12:50:00,LONG,38375.17,38317.607245,SL,1,5e-05,0.0008,0.0008500000000000001,-0.0014999999999999744,-0.0023499999999999745,0.0019585580988956196,0.0,38348.0,37615.86,1.9463598599101535,9,train,2023-12,5210f76300b0,Q3
631,2023-12-01 12:55:00,2023-12-01 14:05:00,LONG,38349.42,38291.89587,SL,14,5e-05,0.0008,0.0008500000000000001,-0.0014999999999999471,-0.002349999999999947,0.0022764359930344613,0.002330934861596327,38348.0,37615.86,1.9463598599101535,11,train,2023-12,5210f76300b0,Q3
632,2023-12-04 12:25:00,2023-12-04 12:30:00,LONG,41821.36,41758.627960000005,SL,1,5e-05,0.0008,0.0008500000000000001,-0.0014999999999998881,-0.002349999999999888,0.005675329544519799,0.0,41750.0,39972.26,4.447434295684052,5,train,2023-12,5210f76300b0,Q4 (wide)
633,2023-12-04 12:55:00,2023-12-04 13:55:00,LONG,41779.91,41717.24013500001,SL,12,5e-05,0.0008,0.0008500000000000001,-0.0014999999999999092,-0.0023499999999999095,0.0016062744031760858,0.003213266854811319,41750.0,39972.26,4.447434295684052,11,train,2023-12,5210f76300b0,Q4 (wide)
634,2023-12-06 12:45:00,2023-12-06 12:55:00,LONG,44150.0,44083.775,SL,2,5e-05,0.0008,0.0008500000000000001,-0.001499999999999967,-0.002349999999999967,0.003146092865232196,0.0011325028312570782,44146.08,43444.0,1.616057453273183,9,train,2023-12,5210f76300b0,Q2
635,2023-12-08 12:05:00,2023-12-08 12:10:00,LONG,43605.76,43540.35136000001,SL,1,5e-05,0.0008,0.0008500000000000001,-0.0014999999999998667,-0.002349999999999867,0.0018614513312004085,0.0,43550.0,43117.38,1.0033540999012525,1,train,2023-12,5210f76300b0,Q1 (tight)
636,2023-12-08 12:15:00,2023-12-08 12:20:00,LONG,43539.43,43691.818005,TP,1,5e-05,0.0008,0.0008500000000000001,0.003500000000000016,0.002650000000000016,0.0,0.0036879215001206886,43550.0,43117.38,1.0033540999012525,3,train,2023-12,5210f76300b0,Q1 (tight)
637,2023-12-14 12:15:00,2023-12-14 12:20:00,LONG,43120.01,43055.329985000004,SL,1,5e-05,0.0008,0.0008500000000000001,-0.0014999999999999558,-0.002349999999999956,0.001835806624349194,0.0,43110.0,42648.95,1.0810348203179747,3,train,2023-12,5210f76300b0,Q1 (tight)
638,2023-12-14 12:25:00,2023-12-14 13:00:00,LONG,43099.55,43034.900675000004,SL,7,5e-05,0.0008,0.0008500000000000001,-0.0014999999999999651,-0.002349999999999965,0.0018125479268345636,0.0028912134813472664,43110.0,42648.95,1.0810348203179747,5,train,2023-12,5210f76300b0,Q1 (tight)
639,2023-12-29 12:15:00,2023-12-29 12:35:00,LONG,42815.76,42751.536360000006,SL,4,5e-05,0.0008,0.0008500000000000001,-0.0014999999999999187,-0.002349999999999919,0.001535649489814031,0.001159152611094545,42800.0,42088.92,1.6894707680786338,3,train,2023-12,5210f76300b0,Q2
640,2023-12-29 12:50:00,2023-12-29 13:25:00,LONG,42790.35,42726.164475,SL,7,5e-05,0.0008,0.0008500000000000001,-0.0015000000000000182,-0.0023500000000000183,0.001967032286485113,0.0022818228876370357,42800.0,42088.92,1.6894707680786338,10,train,2023-12,5210f76300b0,Q2
641,2024-01-08 12:30:00,2024-01-08 12:35:00,LONG,44518.15,44673.96352500001,TP,1,5e-05,0.0008,0.0008500000000000001,0.003500000000000113,0.0026500000000001128,0.0,0.006880789071423671,44341.8,43175.0,2.7024898668210837,6,train,2024-01,5210f76300b0,Q3
642,2024-01-10 12:05:00,2024-01-10 12:10:00,SHORT,45596.61,45437.021865,TP,1,5e-05,0.0008,0.0008500000000000001,0.0034999999999999593,0.0026499999999999592,0.0,0.004677979349780673,46249.14,45622.0,1.374643812195869,1,train,2024-01,5210f76300b0,Q2
643,2024-01-12 12:50:00,2024-01-12 12:55:00,SHORT,45694.72,45763.26208,SL,1,5e-05,0.0008,0.0008500000000000001,-0.0014999999999999838,-0.002349999999999984,0.0041781632538726195,0.0,46515.53,45742.49,1.6899823337120496,10,train,2024-01,5210f76300b0,Q2
644,2024-01-16 12:10:00,2024-01-16 12:35:00,LONG,42952.04,43102.37214000001,TP,5,5e-05,0.0008,0.0008500000000000001,0.003500000000000137,0.002650000000000137,0.0013638467462779823,0.003668975908943941,42946.05,42466.88,1.1283381307974722,2,train,2024-01,5210f76300b0,Q1 (tight)
645,2024-01-18 12:05:00,2024-01-18 13:40:00,SHORT,42491.11,42554.846665000005,SL,19,5e-05,0.0008,0.0008500000000000001,-0.001500000000000094,-0.002350000000000094,0.0019206370461962651,0.003231499483068286,42922.0,42502.19,0.9877373377701189,1,train,2024-01,5210f76300b0,Q1 (tight)
646,2024-01-21 12:05:00,2024-01-21 14:15:00,LONG,41727.91,41873.95768500001,TP,26,5e-05,0.0008,0.0008500000000000001,0.0035000000000001198,0.0026500000000001197,0.0,0.003678113761269038,41730.0,41564.29,0.39868358150710415,1,train,2024-01,5210f76300b0,Q1 (tight)
647,2024-01-24 12:05:00,2024-01-24 12:10:00,LONG,40248.18,40187.80773,SL,1,5e-05,0.0008,0.0008500000000000001,-0.0014999999999999961,-0.002349999999999996,0.0015434238268662737,0.00011528471597968947,40250.0,39557.01,1.75187659532406,1,train,2024-01,5210f76300b0,Q2
648,2024-01-24 12:15:00,2024-01-24 12:30:00,LONG,40240.25,40179.889625,SL,3,5e-05,0.0008,0.0008500000000000001,-0.0014999999999999146,-0.0023499999999999147,0.002660768757649361,0.0007390610147799271,40250.0,39557.01,1.75187659532406,3,train,2024-01,5210f76300b0,Q2
649,2024-01-25 12:05:00,2024-01-25 12:10:00,LONG,40230.95,40170.603575,SL,1,5e-05,0.0008,0.0008500000000000001,-0.0014999999999999029,-0.002349999999999903,0.0030839440778803314,0.0,40178.84,39792.01,0.9721298320944192,1,train,2024-01,5210f76300b0,Q1 (tight)
650,2024-01-31 12:05:00,2024-01-31 12:20:00,SHORT,42600.71,42664.611065000005,SL,3,5e-05,0.0008,0.0008500000000000001,-0.0015000000000001286,-0.002350000000000129,0.0027154477002848143,0.0008476384548520572,43107.77,42655.07,1.0613040841334855,1,train,2024-01,5210f76300b0,Q1 (tight)
651,2024-01-31 12:25:00,2024-01-31 13:35:00,SHORT,42665.39,42729.388085,SL,14,5e-05,0.0008,0.0008500000000000001,-0.0014999999999999827,-0.0023499999999999827,0.006096979308052672,0.003376976045455151,43107.77,42655.07,1.0613040841334855,5,train,2024-01,5210f76300b0,Q1 (tight)
652,2024-02-03 12:25:00,2024-02-03 14:55:00,SHORT,43054.97,43042.27,MAX_HOLD,30,5e-05,0.0008,0.0008500000000000001,0.00029497175355143354,-0.0005550282464485666,0.0008953670157009895,0.0007448617430229241,43380.01,43040.0,0.7899860594795586,5,train,2024-02,5210f76300b0,Q1 (tight)
653,2024-02-08 12:10:00,2024-02-08 12:30:00,LONG,44792.41,44725.221385000004,SL,4,5e-05,0.0008,0.0008500000000000001,-0.00149999999999998,-0.00234999999999998,0.002972378579317493,0.0010870145187542946,44780.0,44331.1,1.0126074020270226,2,train,2024-02,5210f76300b0,Q1 (tight)
654,2024-02-18 12:05:00,2024-02-18 12:30:00,LONG,51793.02,51715.33047,SL,5,5e-05,0.0008,0.0008500000000000001,-0.001499999999999923,-0.0023499999999999233,0.0024485924937375676,0.0013936240829362778,51798.99,51163.28,1.2425122079741548,1,train,2024-02,5210f76300b0,Q2
655,2024-03-06 12:25:00,2024-03-06 12:35:00,LONG,66792.36,66692.17146,SL,2,5e-05,0.0008,0.0008500000000000001,-0.0015000000000000423,-0.002350000000000042,0.002332302676533646,0.002768580119043529,66761.1,62779.14,6.342807499433739,5,train,2024-03,5210f76300b0,Q4 (wide)
656,2024-03-08 12:05:00,2024-03-08 12:10:00,LONG,67607.99,67506.578015,SL,1,5e-05,0.0008,0.0008500000000000001,-0.0014999999999999825,-0.0023499999999999823,0.0016387116374855714,0.0001865164161809955,67640.45,66757.0,1.3233818176370973,1,holdout,2024-03,5210f76300b0,Q2
657,2024-03-10 12:05:00,2024-03-10 12:35:00,LONG,69661.1,69556.60835000001,SL,6,5e-05,0.0008,0.0008500000000000001,-0.0014999999999999467,-0.0023499999999999467,0.003434197852173027,0.0024723985122255595,69659.47,68200.0,2.1399853372434037,1,holdout,2024-03,5210f76300b0,Q3
658,2024-03-10 12:45:00,2024-03-10 13:30:00,LONG,69654.11,69549.62883500001,SL,9,5e-05,0.0008,0.0008500000000000001,-0.0014999999999998584,-0.0023499999999998583,0.0019997384217527664,0.0024211062347936027,69659.47,68200.0,2.1399853372434037,9,holdout,2024-03,5210f76300b0,Q3
659,2024-03-11 12:05:00,2024-03-11 12:10:00,LONG,71643.28,71535.81508,SL,1,5e-05,0.0008,0.0008500000000000001,-0.0014999999999999794,-0.0023499999999999797,0.0020904961358553667,0.0,71298.0,67024.96,6.375296605921127,1,holdout,2024-03,5210f76300b0,Q4 (wide)
660,2024-03-13 12:15:00,2024-03-13 12:20:00,LONG,73175.04,73065.27743999999,SL,1,5e-05,0.0008,0.0008500000000000001,-0.001500000000000039,-0.002350000000000039,0.0020817207616147144,0.0,73182.22,71333.31,2.5919307543698777,3,holdout,2024-03,5210f76300b0,Q3
661,2024-03-17 12:50:00,2024-03-17 12:55:00,LONG,66673.74,66573.72939000001,SL,1,5e-05,0.0008,0.0008500000000000001,-0.001499999999999963,-0.0023499999999999632,0.003551923140954849,0.0,66576.39,64533.0,3.166426479475616,10,holdout,2024-03,5210f76300b0,Q4 (wide)
662,2024-03-17 13:00:00,2024-03-17 13:05:00,LONG,66584.19,66817.23466500001,TP,1,5e-05,0.0008,0.0008500000000000001,0.003500000000000128,0.002650000000000128,0.0,0.009320981452203662,66576.39,64533.0,3.166426479475616,12,holdout,2024-03,5210f76300b0,Q4 (wide)
663,2024-03-19 12:10:00,2024-03-19 12:15:00,SHORT,63490.03,63267.814895,TP,1,5e-05,0.0008,0.0008500000000000001,0.003499999999999932,0.002649999999999932,0.0,0.007245704561802835,68124.11,63577.0,7.152130487440428,2,holdout,2024-03,5210f76300b0,Q4 (wide)
664,2024-03-19 12:40:00,2024-03-19 12:45:00,SHORT,63606.22,63701.62933,SL,1,5e-05,0.0008,0.0008500000000000001,-0.001500000000000035,-0.0023500000000000352,0.0028578966019360817,0.002238774761336257,68124.11,63577.0,7.152130487440428,8,holdout,2024-03,5210f76300b0,Q4 (wide)
665,2024-03-19 12:50:00,2024-03-19 12:55:00,SHORT,63549.06,63644.383590000005,SL,1,5e-05,0.0008,0.0008500000000000001,-0.001500000000000114,-0.002350000000000114,0.0023449599411856617,0.0,68124.11,63577.0,7.152130487440428,10,holdout,2024-03,5210f76300b0,Q4 (wide)
666,2024-03-20 12:10:00,2024-03-20 12:15:00,LONG,63661.1,63883.913850000004,TP,1,5e-05,0.0008,0.0008500000000000001,0.003500000000000093,0.002650000000000093,0.0,0.0061871378282813945,63466.21,60775.0,4.428153023447139,2,holdout,2024-03,5210f76300b0,Q4 (wide)
667,2024-03-28 12:10:00,2024-03-28 12:55:00,LONG,70452.08,70698.66228,TP,9,5e-05,0.0008,0.0008500000000000001,0.0035000000000000335,0.0026500000000000334,0.0014666706788501026,0.005658030252619871,70469.82,68903.62,2.2730300672156436,2,holdout,2024-03,5210f76300b0,Q3
668,2024-03-28 13:00:00,2024-03-28 13:05:00,LONG,70839.15,70732.891275,SL,1,5e-05,0.0008,0.0008500000000000001,-0.001499999999999893,-0.002349999999999893,0.0025491553752407703,2.752715129997525e-05,70469.82,68903.62,2.2730300672156436,12,holdout,2024-03,5210f76300b0,Q3
669,2024-04-04 12:05:00,2024-04-04 12:15:00,LONG,66372.04,66604.34214,TP,2,5e-05,0.0008,0.0008500000000000001,0.003499999999999997,0.002649999999999997,0.0,0.003886576335457015,66354.83,65064.52,1.983123828470578,1,holdout,2024-04,5210f76300b0,Q3
670,2024-04-11 12:20:00,2024-04-11 12:25:00,SHORT,70240.85,69995.00702500001,TP,1,5e-05,0.0008,0.0008500000000000001,0.00349999999999989,0.00264999999999989,0.0,0.005311581508481333,71305.89,70285.13,1.452312886096952,4,holdout,2024-04,5210f76300b0,Q2
671,2024-04-18 12:45:00,2024-04-18 12:50:00,LONG,62257.32,62163.93402,SL,1,5e-05,0.0008,0.0008500000000000001,-0.0014999999999999857,-0.0023499999999999858,0.0037229357126197984,0.0,62229.9,60803.35,2.3461700712214095,9,holdout,2024-04,5210f76300b0,Q3
672,2024-04-18 13:00:00,2024-04-18 13:15:00,LONG,62232.96,62139.61056,SL,3,5e-05,0.0008,0.0008500000000000001,-0.00149999999999997,-0.00234999999999997,0.002371090817470319,0.0022692155410894994,62229.9,60803.35,2.3461700712214095,12,holdout,2024-04,5210f76300b0,Q3
673,2024-04-19 12:20:00,2024-04-19 12:25:00,LONG,65308.15,65210.187775000006,SL,1,5e-05,0.0008,0.0008500000000000001,-0.0014999999999999337,-0.0023499999999999337,0.001810953150563966,0.000744317516267121,65179.0,59600.01,9.360719905919474,4,holdout,2024-04,5210f76300b0,Q4 (wide)
674,2024-04-19 12:30:00,2024-04-19 12:35:00,LONG,65311.19,65213.223215000005,SL,1,5e-05,0.0008,0.0008500000000000001,-0.0014999999999999523,-0.0023499999999999524,0.0035500807748258846,0.0,65179.0,59600.01,9.360719905919474,6,holdout,2024-04,5210f76300b0,Q4 (wide)
675,2024-04-19 12:40:00,2024-04-19 12:50:00,LONG,65157.75,65060.013375,SL,2,5e-05,0.0008,0.0008500000000000001,-0.0014999999999999651,-0.002349999999999965,0.004160518127160568,0.0034818574920098167,65179.0,59600.01,9.360719905919474,8,holdout,2024-04,5210f76300b0,Q4 (wide)
676,2024-04-23 12:15:00,2024-04-23 12:20:00,SHORT,66025.62,66124.65843,SL,1,5e-05,0.0008,0.0008500000000000001,-0.0015000000000000078,-0.002350000000000008,0.0017929403767810838,0.0010792780135952494,67183.01,66020.0,1.7616025446834211,3,holdout,2024-04,5210f76300b0,Q2
677,2024-04-23 12:25:00,2024-04-23 12:45:00,SHORT,66032.51,65801.396215,TP,4,5e-05,0.0008,0.0008500000000000001,0.0034999999999999107,0.0026499999999999107,0.0011367128100993318,0.004038919617018907,67183.01,66020.0,1.7616025446834211,5,holdout,2024-04,5210f76300b0,Q2
678,2024-04-23 12:55:00,2024-04-23 13:00:00,SHORT,65990.0,66088.985,SL,1,5e-05,0.0008,0.0008500000000000001,-0.001500000000000009,-0.002350000000000009,0.0030221245643278225,0.0,67183.01,66020.0,1.7616025446834211,11,holdout,2024-04,5210f76300b0,Q2
679,2024-04-24 12:50:00,2024-04-24 13:00:00,SHORT,66412.17,66179.727405,TP,2,5e-05,0.0008,0.0008500000000000001,0.0035000000000000066,0.0026500000000000065,0.0005500497875615092,0.0056034910468969685,67070.43,66390.0,1.0248983280614445,10,holdout,2024-04,5210f76300b0,Q1 (tight)
680,2024-04-25 12:05:00,2024-04-25 12:10:00,SHORT,63736.0,63831.60400000001,SL,1,5e-05,0.0008,0.0008500000000000001,-0.0015000000000001041,-0.002350000000000104,0.006789098782477707,0.0,64741.47,63824.07,1.437388746910063,1,holdout,2024-04,5210f76300b0,Q2
681,2024-04-25 12:35:00,2024-04-25 12:45:00,SHORT,63819.94,63596.570210000005,TP,2,5e-05,0.0008,0.0008500000000000001,0.0034999999999999532,0.002649999999999953,0.0011844260586894395,0.004218117409699921,64741.47,63824.07,1.437388746910063,7,holdout,2024-04,5210f76300b0,Q2
682,2024-04-25 12:50:00,2024-04-25 13:00:00,SHORT,63563.45,63340.977925,TP,2,5e-05,0.0008,0.0008500000000000001,0.0034999999999999662,0.002649999999999966,0.00013278070966887934,0.006189877988057557,64741.47,63824.07,1.437388746910063,10,holdout,2024-04,5210f76300b0,Q2
683,2024-05-09 12:05:00,2024-05-09 12:10:00,SHORT,61104.59,61196.246885,SL,1,5e-05,0.0008,0.0008500000000000001,-0.001500000000000065,-0.002350000000000065,0.0020196518788523662,0.0,61806.98,61129.0,1.1090971551963933,1,holdout,2024-05,5210f76300b0,Q1 (tight)
684,2024-05-11 12:50:00,2024-05-11 13:05:00,SHORT,60670.0,60761.005000000005,SL,3,5e-05,0.0008,0.0008500000000000001,-0.0015000000000000768,-0.002350000000000077,0.0029034119004450543,5.1425745838183934e-05,61096.27,60650.0,0.7358120362736963,10,holdout,2024-05,5210f76300b0,Q1 (tight)
685,2024-05-12 12:05:00,2024-05-12 14:35:00,LONG,61141.55,61188.0,MAX_HOLD,30,5e-05,0.0008,0.0008500000000000001,0.000759712503199495,-9.028749680050502e-05,0.000843125501398033,0.0028175602352246026,61120.0,60610.0,0.8414453060551065,1,holdout,2024-05,5210f76300b0,Q1 (tight)
686,2024-05-13 12:25:00,2024-05-13 12:30:00,LONG,62535.09,62753.962815,TP,1,5e-05,0.0008,0.0008500000000000001,0.0035000000000000395,0.0026500000000000395,0.0,0.004042370451533705,62450.0,60749.21,2.799690728488487,5,holdout,2024-05,5210f76300b0,Q3
687,2024-05-18 12:35:00,2024-05-18 12:40:00,LONG,67213.2,67112.3802,SL,1,5e-05,0.0008,0.0008500000000000001,-0.0014999999999999627,-0.002349999999999963,0.002309516583052078,0.0,67240.69,66725.53,0.772058311114207,7,holdout,2024-05,5210f76300b0,Q1 (tight)
688,2024-05-23 12:20:00,2024-05-23 12:50:00,LONG,69835.86,69731.10621,SL,6,5e-05,0.0008,0.0008500000000000001,-0.0015000000000000356,-0.0023500000000000357,0.0026613834210676376,0.0031432275624585244,69862.44,69166.61,1.006020101317676,4,holdout,2024-05,5210f76300b0,Q1 (tight)
689,2024-05-29 12:15:00,2024-05-29 12:30:00,SHORT,67944.34,67706.53481,TP,3,5e-05,0.0008,0.0008500000000000001,0.0034999999999999875,0.0026499999999999874,0.0010252509627734039,0.004038747009684743,68935.68,67936.35,1.4709798215535381,3,holdout,2024-05,5210f76300b0,Q2
690,2024-05-29 12:50:00,2024-05-29 13:10:00,SHORT,67952.0,68053.928,SL,4,5e-05,0.0008,0.0008500000000000001,-0.0014999999999999983,-0.0023499999999999984,0.004580880621615241,0.001981104308923878,68935.68,67936.35,1.4709798215535381,10,holdout,2024-05,5210f76300b0,Q2
691,2024-06-03 12:15:00,2024-06-03 12:35:00,LONG,69243.85,69486.20347500002,TP,4,5e-05,0.0008,0.0008500000000000001,0.0035000000000001558,0.0026500000000001557,0.0,0.00658758864505648,69221.0,67612.48,2.3790282504058484,3,holdout,2024-06,5210f76300b0,Q3
692,2024-06-20 12:20:00,2024-06-20 12:25:00,LONG,66008.43,65909.417355,SL,1,5e-05,0.0008,0.0008500000000000001,-0.001499999999999928,-0.002349999999999928,0.0018346141545858806,0.0012601420757925553,65967.39,64818.72,1.7721269411059,4,holdout,2024-06,5210f76300b0,Q2
693,2024-06-20 12:30:00,2024-06-20 12:35:00,LONG,66046.0,65946.931,SL,1,5e-05,0.0008,0.0008500000000000001,-0.0015000000000000475,-0.0023500000000000474,0.0018320564455076764,0.0,65967.39,64818.72,1.7721269411059,6,holdout,2024-06,5210f76300b0,Q2
694,2024-06-20 12:40:00,2024-06-20 13:00:00,LONG,66001.77,65902.76734500001,SL,4,5e-05,0.0008,0.0008500000000000001,-0.001499999999999838,-0.0023499999999998383,0.002882498454208122,0.001856768386666038,65967.39,64818.72,1.7721269411059,8,holdout,2024-06,5210f76300b0,Q2
695,2024-06-26 12:05:00,2024-06-26 13:30:00,SHORT,61534.01,61626.31101500001,SL,17,5e-05,0.0008,0.0008500000000000001,-0.001500000000000074,-0.0023500000000000743,0.003314752280893138,0.0031853929233606267,62487.81,61520.0,1.5731631989596842,1,holdout,2024-06,5210f76300b0,Q2
696,2024-06-27 12:10:00,2024-06-27 12:15:00,LONG,61412.39,61320.271415,SL,1,5e-05,0.0008,0.0008500000000000001,-0.0014999999999999434,-0.0023499999999999433,0.0016184030616623033,0.0,61300.0,60606.63,1.1440497516525876,2,holdout,2024-06,5210f76300b0,Q1 (tight)
697,2024-06-27 12:20:00,2024-06-27 12:30:00,LONG,61399.99,61307.890015000004,SL,2,5e-05,0.0008,0.0008500000000000001,-0.0014999999999998936,-0.002349999999999894,0.0030791535959533165,0.004234691243435089,61300.0,60606.63,1.1440497516525876,4,holdout,2024-06,5210f76300b0,Q1 (tight)
698,2024-06-27 12:55:00,2024-06-27 13:00:00,LONG,61282.49,61496.978715000005,TP,1,5e-05,0.0008,0.0008500000000000001,0.0035000000000001107,0.0026500000000001106,0.0,0.004495737689509712,61300.0,60606.63,1.1440497516525876,11,holdout,2024-06,5210f76300b0,Q1 (tight)
699,2024-06-29 12:10:00,2024-06-29 12:45:00,LONG,61140.5,61048.78925,SL,7,5e-05,0.0008,0.0008500000000000001,-0.0014999999999999734,-0.0023499999999999736,0.002003254798374289,7.327385284718315e-05,61146.64,60383.77,1.2633692795266056,2,holdout,2024-06,5210f76300b0,Q2
700,2024-07-17 12:20:00,2024-07-17 12:30:00,SHORT,64833.99,64931.240985000004,SL,2,5e-05,0.0008,0.0008500000000000001,-0.0015000000000000933,-0.0023500000000000933,0.0019347876013801146,0.000647654108593316,66128.63,64932.31,1.8424109661276598,4,holdout,2024-07,5210f76300b0,Q3
701,2024-07-17 12:35:00,2024-07-17 12:40:00,SHORT,64959.32,64731.962380000004,TP,1,5e-05,0.0008,0.0008500000000000001,0.0034999999999999263,0.0026499999999999263,0.0,0.004103029403632902,66128.63,64932.31,1.8424109661276598,7,holdout,2024-07,5210f76300b0,Q3
702,2024-07-24 13:00:00,2024-07-24 13:10:00,LONG,66215.09,66446.842815,TP,2,5e-05,0.0008,0.0008500000000000001,0.0034999999999999975,0.0026499999999999974,0.0,0.004061309891748214,66146.01,65476.84,1.0219949527191572,12,holdout,2024-07,5210f76300b0,Q1 (tight)
703,2024-08-07 12:20:00,2024-08-07 12:25:00,LONG,57266.12,57180.22082,SL,1,5e-05,0.0008,0.0008500000000000001,-0.0015000000000000059,-0.0023500000000000057,0.004783631229075801,0.0,57287.99,55557.88,3.1140677074071235,4,holdout,2024-08,5210f76300b0,Q4 (wide)
704,2024-08-07 13:00:00,2024-08-07 13:05:00,LONG,57292.0,57206.062000000005,SL,1,5e-05,0.0008,0.0008500000000000001,-0.0014999999999999066,-0.002349999999999907,0.0026340501291629457,0.0,57287.99,55557.88,3.1140677074071235,12,holdout,2024-08,5210f76300b0,Q4 (wide)
705,2024-08-09 12:05:00,2024-08-09 12:10:00,SHORT,60589.77,60680.654655,SL,1,5e-05,0.0008,0.0008500000000000001,-0.0015000000000000274,-0.0023500000000000274,0.0017724114153264932,0.000722399177286806,61744.37,60588.63,1.9075196121780693,1,holdout,2024-08,5210f76300b0,Q3
706,2024-08-09 12:25:00,2024-08-09 12:30:00,SHORT,60528.62,60316.769830000005,TP,1,5e-05,0.0008,0.0008500000000000001,0.003499999999999965,0.002649999999999965,0.0,0.0037881253529322306,61744.37,60588.63,1.9075196121780693,5,holdout,2024-08,5210f76300b0,Q3
707,2024-08-09 13:00:00,2024-08-09 13:05:00,SHORT,60551.99,60642.817985,SL,1,5e-05,0.0008,0.0008500000000000001,-0.0015000000000000584,-0.0023500000000000586,0.0033993928192946887,0.0,61744.37,60588.63,1.9075196121780693,12,holdout,2024-08,5210f76300b0,Q3
708,2024-08-13 12:20:00,2024-08-13 12:30:00,SHORT,58854.93,58943.212395,SL,2,5e-05,0.0008,0.0008500000000000001,-0.0015000000000000339,-0.002350000000000034,0.005579651526218779,0.0024698015952104705,59923.28,58830.23,1.8579733582547535,4,holdout,2024-08,5210f76300b0,Q3
709,2024-08-22 12:15:00,2024-08-22 12:30:00,LONG,61200.0,61108.200000000004,SL,3,5e-05,0.0008,0.0008500000000000001,-0.0014999999999999287,-0.0023499999999999285,0.006097875816993502,0.0019988562091503553,61229.0,59724.87,2.51843160144174,3,holdout,2024-08,5210f76300b0,Q3
710,2024-09-08 12:15:00,2024-09-08 12:20:00,LONG,54561.98,54480.137030000005,SL,1,5e-05,0.0008,0.0008500000000000001,-0.001499999999999961,-0.002349999999999961,0.0018489065096245526,0.0,54575.0,53964.0,1.1322363056852718,3,holdout,2024-09,5210f76300b0,Q1 (tight)
711,2024-09-10 12:15:00,2024-09-10 12:20:00,LONG,57329.99,57243.995015,SL,1,5e-05,0.0008,0.0008500000000000001,-0.001499999999999957,-0.002349999999999957,0.0015696845577680715,0.0005203210396513544,57290.0,56386.4,1.6025140814096992,3,holdout,2024-09,5210f76300b0,Q2
712,2024-09-10 12:25:00,2024-09-10 12:45:00,LONG,57264.54,57464.96589000001,TP,4,5e-05,0.0008,0.0008500000000000001,0.003500000000000103,0.002650000000000103,5.238844143135673e-07,0.0035700976555474353,57290.0,56386.4,1.6025140814096992,5,holdout,2024-09,5210f76300b0,Q2
713,2024-09-10 12:50:00,2024-09-10 13:00:00,LONG,57264.51,57178.613235000004,SL,2,5e-05,0.0008,0.0008500000000000001,-0.0014999999999999595,-0.0023499999999999598,0.003125496053314753,0.0,57290.0,56386.4,1.6025140814096992,10,holdout,2024-09,5210f76300b0,Q2
714,2024-09-18 12:10:00,2024-09-18 12:25:00,SHORT,59823.84,59913.57576,SL,3,5e-05,0.0008,0.0008500000000000001,-0.0015000000000000538,-0.002350000000000054,0.0018414063690997352,0.002244422959141319,60769.0,59854.6,1.5277021314986676,2,holdout,2024-09,5210f76300b0,Q2
715,2024-09-18 12:30:00,2024-09-18 12:35:00,SHORT,59851.13,59940.906695,SL,1,5e-05,0.0008,0.0008500000000000001,-0.001500000000000008,-0.0023500000000000083,0.0022200082103713435,0.0,60769.0,59854.6,1.5277021314986676,6,holdout,2024-09,5210f76300b0,Q2
716,2024-09-22 12:05:00,2024-09-22 13:35:00,SHORT,62837.39,62617.459135000005,TP,18,5e-05,0.0008,0.0008500000000000001,0.0034999999999999172,0.002649999999999917,0.0014738040520142638,0.003745540672519985,63450.0,62830.01,0.9867736771011144,1,holdout,2024-09,5210f76300b0,Q1 (tight)
717,2024-09-24 12:10:00,2024-09-24 12:45:00,LONG,63565.0,63469.652500000004,SL,7,5e-05,0.0008,0.0008500000000000001,-0.0014999999999999404,-0.0023499999999999407,0.0021404861165735495,0.0015506961378116842,63569.99,62700.0,1.3875438596491196,2,holdout,2024-09,5210f76300b0,Q2
718,2024-09-25 12:50:00,2024-09-25 13:40:00,SHORT,63629.92,63407.215280000004,TP,10,5e-05,0.0008,0.0008500000000000001,0.00349999999999991,0.00264999999999991,0.0011956639266559152,0.00544633719482903,64817.99,63645.49,1.8422357970690462,10,holdout,2024-09,5210f76300b0,Q3
719,2024-09-27 12:35:00,2024-09-27 12:45:00,LONG,65631.31,65861.019585,TP,2,5e-05,0.0008,0.0008500000000000001,0.0035000000000000634,0.0026500000000000633,0.0,0.0037891975643942247,65550.0,64819.9,1.1263516296692815,7,holdout,2024-09,5210f76300b0,Q1 (tight)
720,2024-09-28 12:05:00,2024-09-28 12:40:00,SHORT,65722.0,65491.973000000005,TP,7,5e-05,0.0008,0.0008500000000000001,0.0034999999999999177,0.0026499999999999176,0.0,0.0044359575180305056,66260.0,65720.0,0.8216676810712111,1,holdout,2024-09,5210f76300b0,Q1 (tight)
721,2024-10-03 12:05:00,2024-10-03 12:15:00,SHORT,60545.79,60636.60868500001,SL,2,5e-05,0.0008,0.0008500000000000001,-0.0015000000000000933,-0.0023500000000000933,0.0015888800856343123,0.0013191668652767206,61477.19,60536.0,1.554760803488837,1,holdout,2024-10,5210f76300b0,Q2
722,2024-10-03 12:20:00,2024-10-03 12:30:00,SHORT,60542.0,60632.813,SL,2,5e-05,0.0008,0.0008500000000000001,-0.0015000000000000317,-0.0023500000000000318,0.0024445839252089457,0.0015526411416867628,61477.19,60536.0,1.554760803488837,4,holdout,2024-10,5210f76300b0,Q2
723,2024-10-03 12:35:00,2024-10-03 12:40:00,SHORT,60450.0,60540.675,SL,1,5e-05,0.0008,0.0008500000000000001,-0.0015000000000000482,-0.0023500000000000482,0.0019189412737799835,0.00033085194375516956,61477.19,60536.0,1.554760803488837,7,holdout,2024-10,5210f76300b0,Q2
724,2024-10-03 12:45:00,2024-10-03 12:55:00,SHORT,60484.23,60574.956345000006,SL,2,5e-05,0.0008,0.0008500000000000001,-0.0015000000000000456,-0.0023500000000000456,0.0017816214242951387,0.001520065643557045,61477.19,60536.0,1.554760803488837,9,holdout,2024-10,5210f76300b0,Q2
725,2024-10-03 13:00:00,2024-10-03 13:10:00,SHORT,60469.95,60258.305175,TP,2,5e-05,0.0008,0.0008500000000000001,0.0034999999999999303,0.00264999999999993,0.000827683833044395,0.0046606620313063675,61477.19,60536.0,1.554760803488837,12,holdout,2024-10,5210f76300b0,Q2
726,2024-10-12 13:00:00,2024-10-12 14:40:00,LONG,63056.26,63276.95691000001,TP,20,5e-05,0.0008,0.0008500000000000001,0.0035000000000000955,0.0026500000000000954,0.0012886904488151063,0.0040716020899431386,63073.78,62487.23,0.9386717894200073,12,holdout,2024-10,5210f76300b0,Q1 (tight)
727,2024-10-13 12:10:00,2024-10-13 13:05:00,SHORT,62640.27,62734.230405,SL,11,5e-05,0.0008,0.0008500000000000001,-0.0015000000000000842,-0.0023500000000000842,0.0019752469138463674,0.0006428771778920621,63285.72,62654.91,1.0068005843436654,2,holdout,2024-10,5210f76300b0,Q1 (tight)
728,2024-10-17 12:25:00,2024-10-17 12:30:00,SHORT,67015.64,67116.16346,SL,1,5e-05,0.0008,0.0008500000000000001,-0.0014999999999999508,-0.002349999999999951,0.0023246812236664993,0.00038334335089543767,67939.4,67087.35,1.2700606000982126,5,holdout,2024-10,5210f76300b0,Q2
729,2024-10-17 12:45:00,2024-10-17 13:00:00,SHORT,67113.98,67214.65097,SL,3,5e-05,0.0008,0.0008500000000000001,-0.0015000000000000967,-0.002350000000000097,0.0015499006317313336,0.0015493046307192024,67939.4,67087.35,1.2700606000982126,9,holdout,2024-10,5210f76300b0,Q2
730,2024-10-19 12:40:00,2024-10-19 14:30:00,SHORT,68220.49,68322.82073500002,SL,22,5e-05,0.0008,0.0008500000000000001,-0.0015000000000001533,-0.002350000000000153,0.0018984032509880059,0.001550853709787234,68693.26,68302.31,0.5723818125624113,8,holdout,2024-10,5210f76300b0,Q1 (tight)
731,2024-10-28 12:10:00,2024-10-28 12:25:00,LONG,68678.07,68918.44324500002,TP,3,5e-05,0.0008,0.0008500000000000001,0.003500000000000142,0.002650000000000142,0.0,0.0039302211026023045,68680.0,67618.0,1.5705877133307697,2,holdout,2024-10,5210f76300b0,Q2
732,2024-11-10 12:05:00,2024-11-10 12:10:00,LONG,79952.59,79832.661115,SL,1,5e-05,0.0008,0.0008500000000000001,-0.0015000000000000148,-0.002350000000000015,0.00816221213096407,0.0,79788.96,76492.0,4.31020237410449,1,holdout,2024-11,5210f76300b0,Q4 (wide)
733,2024-11-11 12:30:00,2024-11-11 13:00:00,LONG,82117.99,81994.813015,SL,6,5e-05,0.0008,0.0008500000000000001,-0.0014999999999999786,-0.002349999999999979,0.0020944253506449103,0.0028253248770457574,81846.71,80216.01,2.032885953813973,6,holdout,2024-11,5210f76300b0,Q3
734,2024-11-12 12:55:00,2024-11-12 13:00:00,SHORT,86474.71,86172.04851500002,TP,1,5e-05,0.0008,0.0008500000000000001,0.00349999999999988,0.00264999999999988,0.000546286885495085,0.007802396793235923,89940.0,86561.35,3.903185428600633,11,holdout,2024-11,5210f76300b0,Q4 (wide)
735,2024-11-17 12:20:00,2024-11-17 12:35:00,LONG,90957.18,90820.74423,SL,3,5e-05,0.0008,0.0008500000000000001,-0.0014999999999999606,-0.0023499999999999606,0.001859996099263335,0.0,90888.0,89364.0,1.7053847186786624,4,holdout,2024-11,5210f76300b0,Q2
736,2024-11-17 12:45:00,2024-11-17 13:05:00,LONG,90989.79,90853.305315,SL,4,5e-05,0.0008,0.0008500000000000001,-0.001499999999999874,-0.002349999999999874,0.0017614064171374562,0.002199037936014701,90888.0,89364.0,1.7053847186786624,9,holdout,2024-11,5210f76300b0,Q2
737,2024-11-21 12:15:00,2024-11-21 12:20:00,LONG,97886.25,97739.420625,SL,1,5e-05,0.0008,0.0008500000000000001,-0.001500000000000012,-0.002350000000000012,0.0015607912245080267,0.002946992044337189,97852.0,94040.0,4.053594215227562,3,holdout,2024-11,5210f76300b0,Q4 (wide)
738,2024-11-21 12:25:00,2024-11-21 12:30:00,LONG,98063.99,97916.89401500001,SL,1,5e-05,0.0008,0.0008500000000000001,-0.001499999999999925,-0.002349999999999925,0.003711760045660035,0.0,97852.0,94040.0,4.053594215227562,5,holdout,2024-11,5210f76300b0,Q4 (wide)
739,2024-11-21 12:35:00,2024-11-21 12:45:00,LONG,97824.0,97677.26400000001,SL,2,5e-05,0.0008,0.0008500000000000001,-0.0014999999999998964,-0.0023499999999998964,0.001595518482172082,0.001717267746156416,97852.0,94040.0,4.053594215227562,7,holdout,2024-11,5210f76300b0,Q4 (wide)
740,2024-11-29 12:55:00,2024-11-29 13:00:00,LONG,96980.01,96834.539985,SL,1,5e-05,0.0008,0.0008500000000000001,-0.0014999999999999894,-0.0023499999999999893,0.0017518043151366909,0.0,96859.0,95364.99,1.5666231391624899,11,holdout,2024-11,5210f76300b0,Q2
741,2024-11-30 12:05:00,2024-11-30 12:25:00,SHORT,96357.04,96501.57556,SL,4,5e-05,0.0008,0.0008500000000000001,-0.0015000000000000406,-0.0023500000000000404,0.001574664394008061,0.00014612321009432414,97463.95,96309.85,1.19831979802688,1,holdout,2024-11,5210f76300b0,Q1 (tight)
742,2024-12-09 12:15:00,2024-12-09 12:20:00,SHORT,98291.19,98438.62678500001,SL,1,5e-05,0.0008,0.0008500000000000001,-0.0015000000000001282,-0.002350000000000128,0.001605535552067257,0.0,101215.93,98328.0,2.9370372630379884,3,holdout,2024-12,5210f76300b0,Q4 (wide)
743,2024-12-09 12:25:00,2024-12-09 12:30:00,SHORT,98358.8,98506.33820000001,SL,1,5e-05,0.0008,0.0008500000000000001,-0.0015000000000001013,-0.002350000000000101,0.002377621524459434,0.0,101215.93,98328.0,2.9370372630379884,5,holdout,2024-12,5210f76300b0,Q4 (wide)
744,2024-12-09 12:40:00,2024-12-09 12:55:00,SHORT,98363.61,98511.155415,SL,3,5e-05,0.0008,0.0008500000000000001,-0.001500000000000005,-0.002350000000000005,0.002684834360999932,0.0019139191821039789,101215.93,98328.0,2.9370372630379884,8,holdout,2024-12,5210f76300b0,Q4 (wide)
745,2024-12-13 12:05:00,2024-12-13 12:30:00,LONG,100407.06,100256.44941,SL,5,5e-05,0.0008,0.0008500000000000001,-0.001499999999999966,-0.002349999999999966,0.0016119384433723213,0.0006327244319273848,100356.85,99205.0,1.1610805906960393,1,holdout,2024-12,5210f76300b0,Q1 (tight)
746,2024-12-17 12:55:00,2024-12-17 13:30:00,LONG,107128.86,107503.81101,TP,7,5e-05,0.0008,0.0008500000000000001,0.0035000000000000404,0.0026500000000000403,0.0013796469037381982,0.004585412371605522,107143.29,105657.34,1.4063859642879493,11,holdout,2024-12,5210f76300b0,Q2
747,2024-12-27 12:45:00,2024-12-27 13:05:00,LONG,96669.7,96524.69545,SL,4,5e-05,0.0008,0.0008500000000000001,-0.0014999999999999777,-0.002349999999999978,0.0030198707557796602,0.0004879502057004238,96604.24,94646.03,2.0689827138021597,9,holdout,2024-12,5210f76300b0,Q3
748,2025-01-01 12:05:00,2025-01-01 12:20:00,SHORT,93500.47,93640.720705,SL,3,5e-05,0.0008,0.0008500000000000001,-0.0014999999999999846,-0.002349999999999985,0.0036537784248571654,0.0009989254599468236,94509.42,93489.03,1.0914542593927858,1,holdout,2025-01,5210f76300b0,Q1 (tight)
749,2025-01-04 12:10:00,2025-01-04 12:25:00,SHORT,97847.43,97994.201145,SL,3,5e-05,0.0008,0.0008500000000000001,-0.0015000000000000623,-0.002350000000000062,0.00173269752716048,0.00048473424391415305,98350.04,97800.0,0.5624130879345538,2,holdout,2025-01,5210f76300b0,Q1 (tight)
750,2025-01-08 12:10:00,2025-01-08 12:20:00,SHORT,95279.85,94946.370525,TP,2,5e-05,0.0008,0.0008500000000000001,0.003500000000000001,0.002650000000000001,0.0,0.003524879604659388,97268.65,95250.76,2.1185027815001156,2,holdout,2025-01,5210f76300b0,Q3
751,2025-01-08 12:30:00,2025-01-08 12:35:00,SHORT,95117.56,95260.23634,SL,1,5e-05,0.0008,0.0008500000000000001,-0.0015000000000000573,-0.0023500000000000573,0.002416167950481562,0.0020486227779602482,97268.65,95250.76,2.1185027815001156,6,holdout,2025-01,5210f76300b0,Q3
752,2025-01-08 12:40:00,2025-01-08 12:55:00,SHORT,95223.6,94890.31740000001,TP,3,5e-05,0.0008,0.0008500000000000001,0.003499999999999909,0.002649999999999909,0.0,0.003645419832898616,97268.65,95250.76,2.1185027815001156,8,holdout,2025-01,5210f76300b0,Q3
753,2025-01-10 12:05:00,2025-01-10 12:10:00,LONG,95091.18,94948.54323,SL,1,5e-05,0.0008,0.0008500000000000001,-0.001499999999999972,-0.002349999999999972,0.0025339889567044162,0.0,95000.0,92431.73,2.778558834720506,1,holdout,2025-01,5210f76300b0,Q3
754,2025-01-10 12:50:00,2025-01-10 13:10:00,LONG,94971.34,94828.88299,SL,4,5e-05,0.0008,0.0008500000000000001,-0.0014999999999999818,-0.002349999999999982,0.0019073122480950508,0.0009721880306206245,95000.0,92431.73,2.778558834720506,10,holdout,2025-01,5210f76300b0,Q3
755,2025-01-12 12:05:00,2025-01-12 12:10:00,SHORT,94203.18,94344.48477,SL,1,5e-05,0.0008,0.0008500000000000001,-0.0015000000000000263,-0.0023500000000000265,0.0024481126857926654,0.0,94699.0,94274.01,0.45080293073351313,1,holdout,2025-01,5210f76300b0,Q1 (tight)
756,2025-01-16 12:05:00,2025-01-16 12:10:00,SHORT,98956.37,99104.804555,SL,1,5e-05,0.0008,0.0008500000000000001,-0.0014999999999999983,-0.0023499999999999984,0.0035090211979279884,0.0,100866.66,99170.0,1.7108601391549898,1,holdout,2025-01,5210f76300b0,Q2
757,2025-01-16 12:30:00,2025-01-16 12:35:00,SHORT,99210.12,99358.93518,SL,1,5e-05,0.0008,0.0008500000000000001,-0.001500000000000051,-0.002350000000000051,0.002292709655023161,0.0,100866.66,99170.0,1.7108601391549898,6,holdout,2025-01,5210f76300b0,Q2
758,2025-01-17 12:05:00,2025-01-17 12:40:00,LONG,102325.3,102683.43855,TP,7,5e-05,0.0008,0.0008500000000000001,0.003500000000000032,0.002650000000000032,0.0,0.0045316260983353784,102148.13,99950.77,2.1984422931409138,1,holdout,2025-01,5210f76300b0,Q3
759,2025-01-23 12:20:00,2025-01-23 12:30:00,SHORT,101561.62,101713.96243,SL,2,5e-05,0.0008,0.0008500000000000001,-0.0015000000000000419,-0.002350000000000042,0.0030519402900426994,0.0014338093464833993,103819.99,101575.5,2.2096765460174996,4,holdout,2025-01,5210f76300b0,Q3
760,2025-01-23 12:45:00,2025-01-23 12:55:00,SHORT,101578.95,101731.318425,SL,2,5e-05,0.0008,0.0008500000000000001,-0.0015000000000000772,-0.0023500000000000773,0.001508186489425192,0.00033264765977590436,103819.99,101575.5,2.2096765460174996,9,holdout,2025-01,5210f76300b0,Q3
761,2025-01-24 12:20:00,2025-01-24 13:00:00,LONG,105404.29,105773.205015,TP,8,5e-05,0.0008,0.0008500000000000001,0.003500000000000057,0.002650000000000057,0.0009894284189001568,0.0036935878036843377,105355.0,102750.0,2.535279805352798,4,holdout,2025-01,5210f76300b0,Q3
762,2025-02-01 12:05:00,2025-02-01 12:35:00,SHORT,102081.55,102234.672325,SL,6,5e-05,0.0008,0.0008500000000000001,-0.0015000000000000382,-0.0023500000000000383,0.0020419948560733755,0.00038753330058171795,102783.71,102118.56,0.6513507436846042,1,holdout,2025-02,5210f76300b0,Q1 (tight)
763,2025-02-02 12:05:00,2025-02-02 12:10:00,SHORT,99009.99,99158.504985,SL,1,5e-05,0.0008,0.0008500000000000001,-0.0015000000000000163,-0.002350000000000016,0.0015776185817208655,0.0,101456.6,99031.19,2.4491374889062762,1,holdout,2025-02,5210f76300b0,Q3
764,2025-02-02 12:20:00,2025-02-02 12:35:00,SHORT,98901.97,98555.81310500001,TP,3,5e-05,0.0008,0.0008500000000000001,0.003499999999999927,0.002649999999999927,0.0009688381333556089,0.004064327535639595,101456.6,99031.19,2.4491374889062762,4,holdout,2025-02,5210f76300b0,Q3
765,2025-02-06 12:40:00,2025-02-06 12:55:00,LONG,98478.21,98330.492685,SL,3,5e-05,0.0008,0.0008500000000000001,-0.0015000000000000172,-0.002350000000000017,0.0019776963858300156,0.0013952325087955414,98436.61,96430.78,2.080072358639017,8,holdout,2025-02,5210f76300b0,Q3
766,2025-02-10 12:05:00,2025-02-10 12:10:00,LONG,97745.73,97599.111405,SL,1,5e-05,0.0008,0.0008500000000000001,-0.0014999999999999248,-0.002349999999999925,0.001572754124400073,0.0,97640.02,95256.0,2.5027504829092173,1,holdout,2025-02,5210f76300b0,Q3
767,2025-02-10 12:15:00,2025-02-10 12:30:00,LONG,97603.77,97457.36434500001,SL,3,5e-05,0.0008,0.0008500000000000001,-0.0014999999999999489,-0.002349999999999949,0.0022359792044918474,0.00038666539212563905,97640.02,95256.0,2.5027504829092173,3,holdout,2025-02,5210f76300b0,Q3
768,2025-02-16 12:10:00,2025-02-16 13:40:00,SHORT,97255.67,96915.27515500001,TP,18,5e-05,0.0008,0.0008500000000000001,0.0034999999999998765,0.0026499999999998764,0.0001752082937684574,0.003657164667108797,97704.47,97212.0,0.5065938361519166,2,holdout,2025-02,5210f76300b0,Q1 (tight)
769,2025-02-21 12:05:00,2025-02-21 13:00:00,LONG,98642.58,98987.82903000001,TP,11,5e-05,0.0008,0.0008500000000000001,0.003500000000000064,0.0026500000000000638,0.0011237540623938041,0.006157787032739799,98610.17,98084.06,0.5363868502180686,1,holdout,2025-02,5210f76300b0,Q1 (tight)
770,2025-03-10 12:30:00,2025-03-10 12:35:00,LONG,82825.27,82701.032095,SL,1,5e-05,0.0008,0.0008500000000000001,-0.0015000000000000213,-0.0023500000000000213,0.002307387588353175,0.0016048242281612635,82797.95,80037.62,3.448790706170426,6,holdout,2025-03,5210f76300b0,Q4 (wide)
771,2025-03-10 12:40:00,2025-03-10 12:45:00,LONG,82906.5,83196.67275,TP,1,5e-05,0.0008,0.0008500000000000001,0.003499999999999975,0.002649999999999975,0.0,0.005168593536091799,82797.95,80037.62,3.448790706170426,8,holdout,2025-03,5210f76300b0,Q4 (wide)
772,2025-03-13 12:05:00,2025-03-13 12:15:00,SHORT,82867.9,82992.20185,SL,2,5e-05,0.0008,0.0008500000000000001,-0.0015000000000000419,-0.002350000000000042,0.0018218152022677198,0.0013428601424676967,84336.33,82851.0,1.7927725676213948,1,holdout,2025-03,5210f76300b0,Q2
773,2025-03-13 12:40:00,2025-03-13 12:45:00,SHORT,82747.84,82871.96176,SL,1,5e-05,0.0008,0.0008500000000000001,-0.00150000000000011,-0.00235000000000011,0.003134583331722069,0.0007150639823347444,84336.33,82851.0,1.7927725676213948,8,holdout,2025-03,5210f76300b0,Q2
774,2025-03-13 12:50:00,2025-03-13 12:55:00,SHORT,82697.5,82408.05875000001,TP,1,5e-05,0.0008,0.0008500000000000001,0.003499999999999866,0.002649999999999866,0.0,0.004975966625351431,84336.33,82851.0,1.7927725676213948,10,holdout,2025-03,5210f76300b0,Q2
775,2025-03-20 12:05:00,2025-03-20 12:15:00,SHORT,85359.36,85487.39904,SL,2,5e-05,0.0008,0.0008500000000000001,-0.0015000000000000386,-0.0023500000000000387,0.0018252245565102984,0.0,87453.67,85430.38,2.3683495262458076,1,holdout,2025-03,5210f76300b0,Q3
776,2025-03-20 12:30:00,2025-03-20 13:35:00,SHORT,85371.82,85499.87773000001,SL,13,5e-05,0.0008,0.0008500000000000001,-0.001500000000000005,-0.002350000000000005,0.0019731335234506784,0.0034115472763729293,87453.67,85430.38,2.3683495262458076,6,holdout,2025-03,5210f76300b0,Q3
777,2025-03-24 12:30:00,2025-03-24 13:00:00,LONG,87337.84,87206.83324,SL,6,5e-05,0.0008,0.0008500000000000001,-0.0014999999999998775,-0.0023499999999998774,0.0016120160516906944,0.0013993934358807268,87300.0,85519.09,2.082470709171489,6,holdout,2025-03,5210f76300b0,Q3
778,2025-03-28 12:05:00,2025-03-28 12:25:00,SHORT,85164.01,85291.756015,SL,4,5e-05,0.0008,0.0008500000000000001,-0.0015000000000001356,-0.002350000000000136,0.0031697661958380264,0.0007068713650284562,87515.67,85162.48,2.7631769295586537,1,holdout,2025-03,5210f76300b0,Q3
779,2025-03-28 12:35:00,2025-03-28 12:45:00,SHORT,85083.39,85211.015085,SL,2,5e-05,0.0008,0.0008500000000000001,-0.0015000000000000816,-0.0023500000000000816,0.0015702242235529852,0.002296452926946134,87515.67,85162.48,2.7631769295586537,7,holdout,2025-03,5210f76300b0,Q3
780,2025-03-28 12:50:00,2025-03-28 13:10:00,SHORT,85193.39,85321.180085,SL,4,5e-05,0.0008,0.0008500000000000001,-0.0015000000000000063,-0.0023500000000000066,0.0018382881582714409,0.002579425469511191,87515.67,85162.48,2.7631769295586537,10,holdout,2025-03,5210f76300b0,Q3
781,2025-04-01 12:50:00,2025-04-01 13:30:00,LONG,83634.7,83509.24795,SL,8,5e-05,0.0008,0.0008500000000000001,-0.0014999999999999116,-0.0023499999999999116,0.001610575514708573,0.0022814692944435463,83597.07,82432.74,1.4124606315403343,10,holdout,2025-04,5210f76300b0,Q2
782,2025-04-12 12:40:00,2025-04-12 12:45:00,LONG,83923.04,83797.15544,SL,1,5e-05,0.0008,0.0008500000000000001,-0.0014999999999998968,-0.002349999999999897,0.0022942448223991123,0.0,83830.62,82792.95,1.2533313524883438,8,holdout,2025-04,5210f76300b0,Q2
783,2025-04-12 13:00:00,2025-04-12 13:20:00,LONG,83829.86,83704.11521,SL,4,5e-05,0.0008,0.0008500000000000001,-0.0014999999999999643,-0.002349999999999964,0.003277352485140799,0.003154961728434187,83830.62,82792.95,1.2533313524883438,12,holdout,2025-04,5210f76300b0,Q2
784,2025-04-16 12:10:00,2025-04-16 12:35:00,LONG,84109.61,83983.44558500001,SL,5,5e-05,0.0008,0.0008500000000000001,-0.0014999999999999048,-0.002349999999999905,0.00194508094853853,0.0018118024801208733,83960.0,83111.64,1.0207475150291832,2,holdout,2025-04,5210f76300b0,Q1 (tight)
785,2025-04-16 12:40:00,2025-04-16 12:45:00,LONG,83946.02,83820.10097000001,SL,1,5e-05,0.0008,0.0008500000000000001,-0.001499999999999881,-0.002349999999999881,0.0015805394943084563,0.0,83960.0,83111.64,1.0207475150291832,8,holdout,2025-04,5210f76300b0,Q1 (tight)
786,2025-04-19 12:10:00,2025-04-19 14:40:00,LONG,85293.24,85367.92,MAX_HOLD,30,5e-05,0.0008,0.0008500000000000001,0.0008755676299785658,2.5567629978565727e-05,0.001169260307147559,0.002424107701852981,85300.0,84364.45,1.108938658404106,2,holdout,2025-04,5210f76300b0,Q1 (tight)
787,2025-04-25 12:30:00,2025-04-25 12:40:00,LONG,94467.22,94797.85527,TP,2,5e-05,0.0008,0.0008500000000000001,0.003499999999999988,0.002649999999999988,0.0,0.003827888658097492,94444.0,92855.96,1.7102187086321583,6,holdout,2025-04,5210f76300b0,Q2
788,2025-04-25 12:55:00,2025-04-25 13:10:00,LONG,94406.2,94264.5907,SL,3,5e-05,0.0008,0.0008500000000000001,-0.0014999999999999623,-0.0023499999999999624,0.0017807093178202342,0.0019888524270652705,94444.0,92855.96,1.7102187086321583,11,holdout,2025-04,5210f76300b0,Q2
789,2025-05-03 12:40:00,2025-05-03 13:30:00,SHORT,96125.79,96269.978685,SL,10,5e-05,0.0008,0.0008500000000000001,-0.0015000000000000104,-0.0023500000000000105,0.0020165243895525964,0.0004763549927651424,96935.67,96132.67,0.8353039606618645,8,holdout,2025-05,5210f76300b0,Q1 (tight)
790,2025-05-04 12:20:00,2025-05-04 13:45:00,SHORT,95553.21,95218.773765,TP,17,5e-05,0.0008,0.0008500000000000001,0.0035000000000000105,0.0026500000000000104,0.00043985963422891637,0.0036015535218544663,96304.48,95588.0,0.7495501527388333,4,holdout,2025-05,5210f76300b0,Q1 (tight)
791,2025-05-06 12:35:00,2025-05-06 13:50:00,SHORT,93920.83,93592.107095,TP,15,5e-05,0.0008,0.0008500000000000001,0.0035000000000000252,0.002650000000000025,0.0012688346131523567,0.005790302321646878,94926.99,94012.78,0.9724316204669262,7,holdout,2025-05,5210f76300b0,Q1 (tight)
792,2025-05-08 12:05:00,2025-05-08 12:35:00,LONG,99462.0,99312.807,SL,6,5e-05,0.0008,0.0008500000000000001,-0.0014999999999999929,-0.0023499999999999927,0.001801592568015949,0.0008342884719792074,99419.0,96876.29,2.6246979524092082,1,holdout,2025-05,5210f76300b0,Q3
793,2025-05-08 12:50:00,2025-05-08 13:40:00,LONG,99396.83,99247.73475500001,SL,10,5e-05,0.0008,0.0008500000000000001,-0.0014999999999998944,-0.0023499999999998947,0.0017789299719116493,0.002384683696653091,99419.0,96876.29,2.6246979524092082,10,holdout,2025-05,5210f76300b0,Q3
794,2025-05-16 13:00:00,2025-05-16 13:35:00,SHORT,103506.07,103661.32910500001,SL,7,5e-05,0.0008,0.0008500000000000001,-0.0015000000000000447,-0.0023500000000000448,0.0037672186761606636,0.0006383200521477338,104466.01,103467.91,0.96464691323135,12,holdout,2025-05,5210f76300b0,Q1 (tight)
795,2025-05-24 12:20:00,2025-05-24 13:55:00,LONG,108727.39,108564.298915,SL,19,5e-05,0.0008,0.0008500000000000001,-0.0014999999999999332,-0.0023499999999999333,0.0017234847631309776,0.0019245380579815262,108582.33,106875.41,1.5971120017223777,4,holdout,2025-05,5210f76300b0,Q2
796,2025-05-25 12:05:00,2025-05-25 12:10:00,SHORT,107215.38,107376.20307000002,SL,1,5e-05,0.0008,0.0008500000000000001,-0.0015000000000001221,-0.002350000000000122,0.002094662165073721,0.0,108288.69,107206.0,1.0099154898046774,1,holdout,2025-05,5210f76300b0,Q1 (tight)
797,2025-05-27 12:10:00,2025-05-27 12:40:00,LONG,109776.21,109611.54568500002,SL,6,5e-05,0.0008,0.0008500000000000001,-0.0014999999999998838,-0.002349999999999884,0.002912379649470558,0.0004618487010983262,109666.0,107516.57,1.9991616175999598,2,holdout,2025-05,5210f76300b0,Q3
798,2025-05-29 12:10:00,2025-05-29 12:40:00,LONG,108638.81,108475.851785,SL,6,5e-05,0.0008,0.0008500000000000001,-0.0014999999999999215,-0.0023499999999999216,0.0024217864683899913,0.0014584106729446165,108484.61,106948.01,1.4367728768398833,2,holdout,2025-05,5210f76300b0,Q2
799,2025-05-29 12:50:00,2025-05-29 13:15:00,LONG,108497.49,108334.743765,SL,5,5e-05,0.0008,0.0008500000000000001,-0.0014999999999999879,-0.002349999999999988,0.0023732346250591166,0.0008607572396375199,108484.61,106948.01,1.4367728768398833,10,holdout,2025-05,5210f76300b0,Q2
800,2025-06-01 12:35:00,2025-06-01 13:05:00,SHORT,103891.68,104047.51752,SL,6,5e-05,0.0008,0.0008500000000000001,-0.0015000000000000091,-0.002350000000000009,0.0019588671585637012,0.0003321728939217728,104729.99,103924.52,0.7750528941581843,7,holdout,2025-06,5210f76300b0,Q1 (tight)
801,2025-06-06 12:45:00,2025-06-06 13:35:00,LONG,103689.51,104052.423285,TP,10,5e-05,0.0008,0.0008500000000000001,0.003500000000000023,0.002650000000000023,0.0,0.005810134506373997,103468.66,101095.8,2.347140039447732,9,holdout,2025-06,5210f76300b0,Q3
802,2025-06-11 12:05:00,2025-06-11 12:30:00,SHORT,109352.07,109516.09810500001,SL,5,5e-05,0.0008,0.0008500000000000001,-0.0015000000000000445,-0.0023500000000000448,0.0052579708824898016,0.003138943780396658,110274.4,109373.67,0.8235345856091288,1,holdout,2025-06,5210f76300b0,Q1 (tight)
803,2025-06-12 12:40:00,2025-06-12 13:25:00,SHORT,107269.21,106893.76776500001,TP,9,5e-05,0.0008,0.0008500000000000001,0.003499999999999953,0.0026499999999999527,0.001287787986878988,0.004881829557615021,108813.55,107320.0,1.3916790905702598,8,holdout,2025-06,5210f76300b0,Q2
804,2025-06-15 12:15:00,2025-06-15 12:50:00,SHORT,105132.35,105290.048525,SL,7,5e-05,0.0008,0.0008500000000000001,-0.0014999999999999979,-0.002349999999999998,0.0015566093595358057,0.0011304798190091424,106128.57,105200.0,0.8826711026616036,3,holdout,2025-06,5210f76300b0,Q1 (tight)
805,2025-06-20 12:10:00,2025-06-20 13:35:00,LONG,105943.15,105784.235275,SL,17,5e-05,0.0008,0.0008500000000000001,-0.0014999999999999536,-0.0023499999999999537,0.0022948156629286117,0.0019446278499365376,105825.66,104238.02,1.5230910947848004,2,holdout,2025-06,5210f76300b0,Q2
806,2025-07-01 12:10:00,2025-07-01 13:30:00,SHORT,106613.01,106772.929515,SL,16,5e-05,0.0008,0.0008500000000000001,-0.0015000000000000133,-0.0023500000000000135,0.0017975292133671063,0.0023262639334542265,107540.0,106615.97,0.8666900465286755,2,holdout,2025-07,5210f76300b0,Q1 (tight)
807,2025-07-02 12:25:00,2025-07-02 13:10:00,LONG,107269.1,107644.54185000001,TP,9,5e-05,0.0008,0.0008500000000000001,0.0035000000000000265,0.0026500000000000265,0.0007737549769691364,0.0036250886788460105,107186.78,105100.19,1.985334184457703,5,holdout,2025-07,5210f76300b0,Q3
808,2025-07-03 12:05:00,2025-07-03 12:30:00,LONG,109548.44,109384.11734000001,SL,5,5e-05,0.0008,0.0008500000000000001,-0.0014999999999999152,-0.0023499999999999155,0.002450422844907717,0.003355228061668406,109548.0,108530.4,0.9376174786050783,1,holdout,2025-07,5210f76300b0,Q1 (tight)
809,2025-07-23 12:45:00,2025-07-23 12:55:00,SHORT,118249.32,117835.44738000001,TP,2,5e-05,0.0008,0.0008500000000000001,0.0034999999999999545,0.0026499999999999545,0.0005976355720269533,0.0038008675229592153,120090.0,118288.2,1.523228859683386,9,holdout,2025-07,5210f76300b0,Q2
810,2025-07-26 12:05:00,2025-07-26 13:15:00,LONG,117781.84,118194.07644,TP,14,5e-05,0.0008,0.0008500000000000001,0.003500000000000067,0.002650000000000067,8.24405528050152e-05,0.0035624337334176177,117750.0,117138.38,0.5221345898756626,1,holdout,2025-07,5210f76300b0,Q1 (tight)
811,2025-08-03 12:10:00,2025-08-03 14:25:00,LONG,113792.64,113621.95104,SL,27,5e-05,0.0008,0.0008500000000000001,-0.0014999999999999957,-0.0023499999999999958,0.0018713864095252302,0.002687432157299432,113740.69,111920.0,1.626778055754112,2,holdout,2025-08,5210f76300b0,Q2
812,2025-08-09 12:45:00,2025-08-09 14:00:00,LONG,117033.69,116858.13946500001,SL,15,5e-05,0.0008,0.0008500000000000001,-0.0014999999999998938,-0.002349999999999894,0.002439383052862857,0.0010292762707899909,116980.0,116299.13,0.5854471998199775,9,holdout,2025-08,5210f76300b0,Q1 (tight)
813,2025-08-12 12:10:00,2025-08-12 12:25:00,SHORT,118400.0,118577.6,SL,3,5e-05,0.0008,0.0008500000000000001,-0.0015000000000000493,-0.002350000000000049,0.0016891891891891893,0.0009712837837837838,119275.46,118424.86,0.718261351543929,2,holdout,2025-08,5210f76300b0,Q1 (tight)
814,2025-08-13 12:55:00,2025-08-13 13:25:00,LONG,120254.17,120675.059595,TP,6,5e-05,0.0008,0.0008500000000000001,0.003500000000000005,0.0026500000000000048,0.000348927608913619,0.004276608453577941,120192.1,118920.92,1.0689288310248588,11,holdout,2025-08,5210f76300b0,Q1 (tight)
815,2025-08-17 12:10:00,2025-08-17 13:10:00,LONG,118252.18,118074.80173,SL,12,5e-05,0.0008,0.0008500000000000001,-0.001499999999999886,-0.002349999999999886,0.0015099087391030623,0.0007688653181701413,118230.82,117172.21,0.9034650793050677,2,holdout,2025-08,5210f76300b0,Q1 (tight)
816,2025-08-20 12:05:00,2025-08-20 12:20:00,LONG,113858.59,113687.802115,SL,3,5e-05,0.0008,0.0008500000000000001,-0.0014999999999999818,-0.002349999999999982,0.003036310216031938,0.00039434881461301017,113837.93,112566.01,1.12993256134778,1,holdout,2025-08,5210f76300b0,Q1 (tight)
817,2025-08-20 12:35:00,2025-08-20 13:00:00,LONG,113783.24,113612.56514,SL,5,5e-05,0.0008,0.0008500000000000001,-0.0014999999999999927,-0.0023499999999999927,0.0031220766784282573,0.0007625024564249951,113837.93,112566.01,1.12993256134778,7,holdout,2025-08,5210f76300b0,Q1 (tight)
818,2025-08-23 12:15:00,2025-08-23 13:25:00,SHORT,115415.64,115011.68526,TP,14,5e-05,0.0008,0.0008500000000000001,0.003500000000000009,0.002650000000000009,0.0005605826038827761,0.0036702131530874484,117030.0,115458.2,1.3613584829834546,3,holdout,2025-08,5210f76300b0,Q2
819,2025-08-24 12:15:00,2025-08-24 14:00:00,SHORT,114800.0,114398.20000000001,TP,21,5e-05,0.0008,0.0008500000000000001,0.0034999999999998986,0.0026499999999998985,0.0006046167247387064,0.0036355400696864164,115666.68,114846.14,0.7144689407933028,3,holdout,2025-08,5210f76300b0,Q1 (tight)
820,2025-08-25 12:10:00,2025-08-25 12:15:00,SHORT,111128.79,111295.483185,SL,1,5e-05,0.0008,0.0008500000000000001,-0.0015000000000000991,-0.0023500000000000994,0.0020011915904060455,0.0,113667.28,111284.05,2.1415737475406367,2,holdout,2025-08,5210f76300b0,Q3
821,2025-08-25 12:20:00,2025-08-25 12:25:00,SHORT,111288.44,111455.37266000001,SL,1,5e-05,0.0008,0.0008500000000000001,-0.0015000000000000525,-0.0023500000000000526,0.003540799026385875,0.0,113667.28,111284.05,2.1415737475406367,4,holdout,2025-08,5210f76300b0,Q3
822,2025-08-31 12:45:00,2025-08-31 15:00:00,SHORT,108381.01,108543.581515,SL,27,5e-05,0.0008,0.0008500000000000001,-0.0015000000000000302,-0.00235000000000003,0.002666518793283067,0.0017504911607670124,109480.02,108523.49,0.8814036481871333,9,holdout,2025-08,5210f76300b0,Q1 (tight)
823,2025-09-10 12:20:00,2025-09-10 12:30:00,LONG,112656.28,113050.57698000001,TP,2,5e-05,0.0008,0.0008500000000000001,0.003500000000000122,0.002650000000000122,0.0008857029541539881,0.007915404272180843,112602.35,110917.45,1.5190576415162886,4,holdout,2025-09,5210f76300b0,Q2
824,2025-09-10 12:35:00,2025-09-10 12:40:00,LONG,113333.0,113163.00050000001,SL,1,5e-05,0.0008,0.0008500000000000001,-0.001499999999999919,-0.002349999999999919,0.0027422727713904476,0.0,112602.35,110917.45,1.5190576415162886,7,holdout,2025-09,5210f76300b0,Q2
825,2025-09-12 12:35:00,2025-09-12 12:50:00,SHORT,114983.17,115155.644755,SL,3,5e-05,0.0008,0.0008500000000000001,-0.0015000000000000254,-0.0023500000000000257,0.0016471975855249837,0.0005780846014247229,116331.81,115045.45,1.1181320078282109,7,holdout,2025-09,5210f76300b0,Q1 (tight)
826,2025-09-12 13:00:00,2025-09-12 14:00:00,SHORT,115083.98,115256.60597,SL,12,5e-05,0.0008,0.0008500000000000001,-0.0015000000000000716,-0.0023500000000000716,0.0026717011351189033,0.0022697338065644918,116331.81,115045.45,1.1181320078282109,12,holdout,2025-09,5210f76300b0,Q1 (tight)
827,2025-09-27 12:05:00,2025-09-27 12:45:00,SHORT,109292.98,109456.91947000001,SL,8,5e-05,0.0008,0.0008500000000000001,-0.0015000000000001106,-0.0023500000000001107,0.001689129530551739,0.0006024174654218094,109743.91,109324.42,0.38371115986712323,1,holdout,2025-09,5210f76300b0,Q1 (tight)
828,2025-09-27 12:55:00,2025-09-27 15:25:00,SHORT,109355.34,109263.11,MAX_HOLD,30,5e-05,0.0008,0.0008500000000000001,0.00084339731374797,-6.602686252030112e-06,0.0005194076484971188,0.001484518268609439,109743.91,109324.42,0.38371115986712323,11,holdout,2025-09,5210f76300b0,Q1 (tight)
829,2025-10-13 12:15:00,2025-10-13 12:30:00,SHORT,114377.04,114548.60556,SL,3,5e-05,0.0008,0.0008500000000000001,-0.0015000000000000239,-0.002350000000000024,0.0025261188784043336,0.0015478631025946606,115963.81,114398.24,1.3685262990059919,3,holdout,2025-10,5210f76300b0,Q2
830,2025-10-13 12:40:00,2025-10-13 12:45:00,SHORT,114415.22,114586.84283000001,SL,1,5e-05,0.0008,0.0008500000000000001,-0.0015000000000000657,-0.0023500000000000656,0.0029170070205694664,0.00016195397780119494,115963.81,114398.24,1.3685262990059919,8,holdout,2025-10,5210f76300b0,Q2
831,2025-10-13 13:00:00,2025-10-13 13:05:00,SHORT,114412.25,114583.868375,SL,1,5e-05,0.0008,0.0008500000000000001,-0.0015000000000000477,-0.002350000000000048,0.002550863216132939,0.0006839302609641888,115963.81,114398.24,1.3685262990059919,12,holdout,2025-10,5210f76300b0,Q2
832,2025-10-14 12:05:00,2025-10-14 12:40:00,SHORT,111200.0,110810.8,TP,7,5e-05,0.0008,0.0008500000000000001,0.0034999999999999736,0.0026499999999999736,0.0011962230215827705,0.0038998201438849235,115409.96,111355.01,3.641461663916165,1,holdout,2025-10,5210f76300b0,Q4 (wide)
833,2025-10-17 12:35:00,2025-10-17 12:40:00,SHORT,105473.35,105631.56002500001,SL,1,5e-05,0.0008,0.0008500000000000001,-0.0015000000000000718,-0.0023500000000000716,0.002272137938161575,0.0,109240.0,105542.09,3.5037301232143534,7,holdout,2025-10,5210f76300b0,Q4 (wide)
834,2025-10-17 12:50:00,2025-10-17 13:05:00,SHORT,105510.01,105140.724965,TP,3,5e-05,0.0008,0.0008500000000000001,0.0034999999999999385,0.0026499999999999384,0.0002695478846035777,0.0038699645654473205,109240.0,105542.09,3.5037301232143534,10,holdout,2025-10,5210f76300b0,Q4 (wide)
835,2025-10-22 12:05:00,2025-10-22 12:10:00,SHORT,107472.99,107634.199485,SL,1,5e-05,0.0008,0.0008500000000000001,-0.0014999999999999944,-0.0023499999999999945,0.002697794115526029,0.0,108678.21,107610.0,0.992667967661004,1,holdout,2025-10,5210f76300b0,Q1 (tight)
836,2025-10-31 12:05:00,2025-10-31 12:10:00,LONG,110571.38,110405.52293,SL,1,5e-05,0.0008,0.0008500000000000001,-0.0014999999999999838,-0.002349999999999984,0.003929407410850895,0.0,110215.0,108275.28,1.7914707770785736,1,holdout,2025-10,5210f76300b0,Q2
837,2025-10-31 12:15:00,2025-10-31 12:35:00,LONG,110174.62,110009.35807,SL,4,5e-05,0.0008,0.0008500000000000001,-0.0014999999999999393,-0.0023499999999999394,0.003126219087481246,0.0029273529602371587,110215.0,108275.28,1.7914707770785736,3,holdout,2025-10,5210f76300b0,Q2
838,2025-11-02 12:05:00,2025-11-02 12:20:00,LONG,111192.01,111025.221985,SL,3,5e-05,0.0008,0.0008500000000000001,-0.0014999999999999844,-0.0023499999999999845,0.0027173715089779758,0.0,111045.09,109879.39,1.060890490928278,1,holdout,2025-11,5210f76300b0,Q1 (tight)
839,2025-11-02 12:25:00,2025-11-02 12:30:00,LONG,111032.0,110865.452,SL,1,5e-05,0.0008,0.0008500000000000001,-0.001499999999999957,-0.002349999999999957,0.0015113660926579515,0.0,111045.09,109879.39,1.060890490928278,5,holdout,2025-11,5210f76300b0,Q1 (tight)
840,2025-11-04 12:20:00,2025-11-04 12:35:00,SHORT,104215.19,103850.43683500001,TP,3,5e-05,0.0008,0.0008500000000000001,0.0034999999999998786,0.0026499999999998786,0.0,0.0035580225876861416,107299.0,104200.0,2.974088291746641,4,holdout,2025-11,5210f76300b0,Q4 (wide)
841,2025-11-22 12:10:00,2025-11-22 12:15:00,SHORT,83754.4,83880.0316,SL,1,5e-05,0.0008,0.0008500000000000001,-0.0015000000000000944,-0.002350000000000094,0.0015467844077445832,0.0007184100178617273,85620.0,83832.91,2.1317284584299845,2,holdout,2025-11,5210f76300b0,Q3
842,2025-11-22 12:20:00,2025-11-22 13:10:00,SHORT,83844.04,83969.80606,SL,10,5e-05,0.0008,0.0008500000000000001,-0.0015000000000001078,-0.002350000000000108,0.0034355453291611774,0.0026701957586966244,85620.0,83832.91,2.1317284584299845,4,holdout,2025-11,5210f76300b0,Q3
843,2025-11-26 12:05:00,2025-11-26 12:15:00,SHORT,86732.86,86429.29499000001,TP,2,5e-05,0.0008,0.0008500000000000001,0.003499999999999898,0.002649999999999898,0.000468219311573498,0.0036992899807524603,88224.0,86909.99,1.511920551365838,1,holdout,2025-11,5210f76300b0,Q2
844,2025-11-30 12:05:00,2025-11-30 12:15:00,LONG,91044.66,91363.31631000001,TP,2,5e-05,0.0008,0.0008500000000000001,0.003500000000000063,0.002650000000000063,0.0,0.003557924209942604,91055.5,90471.0,0.6460633794254512,1,holdout,2025-11,5210f76300b0,Q1 (tight)
845,2025-12-02 12:05:00,2025-12-02 12:35:00,LONG,87378.73,87247.661905,SL,6,5e-05,0.0008,0.0008500000000000001,-0.0014999999999999439,-0.002349999999999944,0.0019081302738091516,0.002083344539340503,87350.0,86184.39,1.352460695028416,1,holdout,2025-12,5210f76300b0,Q2
846,2025-12-02 12:40:00,2025-12-02 12:45:00,LONG,87435.75,87304.59637500001,SL,1,5e-05,0.0008,0.0008500000000000001,-0.0014999999999999055,-0.0023499999999999055,0.0017809648799261306,0.0,87350.0,86184.39,1.352460695028416,8,holdout,2025-12,5210f76300b0,Q2
847,2025-12-07 12:05:00,2025-12-07 12:10:00,SHORT,89165.02,89298.76753000001,SL,1,5e-05,0.0008,0.0008500000000000001,-0.0015000000000000876,-0.0023500000000000877,0.0017975659064507453,0.0,89799.96,89176.52,0.6991077920510941,1,holdout,2025-12,5210f76300b0,Q1 (tight)
848,2025-12-08 12:05:00,2025-12-08 12:40:00,LONG,91838.3,91700.54255000001,SL,7,5e-05,0.0008,0.0008500000000000001,-0.0014999999999998916,-0.0023499999999998917,0.0020074413398331694,0.0009835765688171682,91868.76,89860.0,2.235432895615396,1,holdout,2025-12,5210f76300b0,Q3
849,2025-12-08 12:50:00,2025-12-08 13:15:00,LONG,91828.78,91691.03683,SL,5,5e-05,0.0008,0.0008500000000000001,-0.001500000000000017,-0.002350000000000017,0.002298625768522698,0.00319398776723379,91868.76,89860.0,2.235432895615396,10,holdout,2025-12,5210f76300b0,Q3
850,2025-12-13 12:10:00,2025-12-13 12:40:00,LONG,90453.41,90317.72988500001,SL,6,5e-05,0.0008,0.0008500000000000001,-0.001499999999999951,-0.002349999999999951,0.0017512883151669294,0.0,90469.71,90120.0,0.3880492676431496,2,holdout,2025-12,5210f76300b0,Q1 (tight)
851,2025-12-21 13:00:00,2025-12-21 13:05:00,LONG,88638.01,88505.052985,SL,1,5e-05,0.0008,0.0008500000000000001,-0.0014999999999999174,-0.0023499999999999173,0.003954849618126449,0.0,88433.64,87869.35,0.6421920726624171,12,holdout,2025-12,5210f76300b0,Q1 (tight)
852,2025-12-25 12:10:00,2025-12-25 13:40:00,SHORT,87524.45,87655.73667500001,SL,18,5e-05,0.0008,0.0008500000000000001,-0.0015000000000001176,-0.0023500000000001176,0.001778245964413366,0.0014358273602404616,87967.5,87508.52,0.5244975003576748,2,holdout,2025-12,5210f76300b0,Q1 (tight)
853,2025-12-31 12:40:00,2025-12-31 14:05:00,LONG,88844.83,89155.786905,TP,17,5e-05,0.0008,0.0008500000000000001,0.0034999999999999897,0.0026499999999999896,0.0012823481118710853,0.003997643982210313,88819.8,88172.15,0.7345289867605687,8,holdout,2025-12,5210f76300b0,Q1 (tight)
854,2026-01-12 12:05:00,2026-01-12 12:20:00,SHORT,90699.99,90836.03998500001,SL,3,5e-05,0.0008,0.0008500000000000001,-0.0015000000000000562,-0.002350000000000056,0.0016951490292336305,0.0,92519.95,90700.29,2.006233938171536,1,holdout,2026-01,5210f76300b0,Q3
855,2026-01-12 12:40:00,2026-01-12 14:20:00,SHORT,90702.01,90384.552965,TP,20,5e-05,0.0008,0.0008500000000000001,0.003499999999999994,0.002649999999999994,0.0014081275596869482,0.006323674635214727,92519.95,90700.29,2.006233938171536,8,holdout,2026-01,5210f76300b0,Q3
856,2026-01-15 13:00:00,2026-01-15 13:30:00,LONG,96981.66,96836.18751,SL,6,5e-05,0.0008,0.0008500000000000001,-0.0015000000000000011,-0.0023500000000000014,0.003727921341004146,0.00010084380902532329,97000.0,95777.0,1.2769245225889305,12,holdout,2026-01,5210f76300b0,Q2
857,2026-01-23 12:55:00,2026-01-23 13:45:00,SHORT,89306.16,89440.11924000001,SL,10,5e-05,0.0008,0.0008500000000000001,-0.0015000000000001236,-0.0023500000000001237,0.0016126547149713918,0.0007671363319171859,90088.94,89400.0,0.7706263982102934,11,holdout,2026-01,5210f76300b0,Q1 (tight)
858,2026-01-25 12:15:00,2026-01-25 12:45:00,SHORT,88638.88,88771.83832000001,SL,6,5e-05,0.0008,0.0008500000000000001,-0.0015000000000000584,-0.0023500000000000586,0.001817712498172307,0.0010778565794153552,89319.13,88635.84,0.7708958362666932,3,holdout,2026-01,5210f76300b0,Q1 (tight)
859,2026-01-27 12:25:00,2026-01-27 13:15:00,SHORT,88159.98,87851.42007000001,TP,10,5e-05,0.0008,0.0008500000000000001,0.00349999999999987,0.00264999999999987,0.0,0.0036703728834784418,89010.0,88194.82,0.9242946467831024,5,holdout,2026-01,5210f76300b0,Q1 (tight)
860,2026-02-05 12:15:00,2026-02-05 12:20:00,SHORT,69918.01,69673.296965,TP,1,5e-05,0.0008,0.0008500000000000001,0.003499999999999906,0.002649999999999906,0.0,0.01054005970707673,73341.18,70140.0,4.563986313088099,3,holdout,2026-02,5210f76300b0,Q4 (wide)
861,2026-02-10 12:05:00,2026-02-10 12:30:00,SHORT,68704.83,68807.887245,SL,5,5e-05,0.0008,0.0008500000000000001,-0.0015000000000000525,-0.0023500000000000526,0.0021908212275614986,0.00238149195624231,70527.59,68682.0,2.687152383448351,1,holdout,2026-02,5210f76300b0,Q3
862,2026-02-10 12:35:00,2026-02-10 12:45:00,SHORT,68700.0,68459.55,TP,2,5e-05,0.0008,0.0008500000000000001,0.0034999999999999576,0.0026499999999999575,0.0,0.003871906841339156,70527.59,68682.0,2.687152383448351,7,holdout,2026-02,5210f76300b0,Q3
863,2026-02-10 12:55:00,2026-02-10 13:05:00,SHORT,68636.97,68396.740605,TP,2,5e-05,0.0008,0.0008500000000000001,0.003500000000000031,0.002650000000000031,0.0,0.003886243812918974,70527.59,68682.0,2.687152383448351,11,holdout,2026-02,5210f76300b0,Q3
864,2026-02-12 12:15:00,2026-02-12 12:20:00,LONG,68022.24,67920.20664,SL,1,5e-05,0.0008,0.0008500000000000001,-0.0015000000000000185,-0.0023500000000000187,0.0024830114386119703,0.0,68047.48,66670.45,2.0654277869730877,3,holdout,2026-02,5210f76300b0,Q3
865,2026-02-17 12:05:00,2026-02-17 12:10:00,SHORT,67913.04,68014.90956,SL,1,5e-05,0.0008,0.0008500000000000001,-0.0015000000000000952,-0.002350000000000095,0.002982490549679457,0.0,69241.5,67892.0,1.9877157838920638,1,holdout,2026-02,5210f76300b0,Q3
866,2026-02-17 13:00:00,2026-02-17 13:10:00,SHORT,67919.49,68021.369235,SL,2,5e-05,0.0008,0.0008500000000000001,-0.0015000000000000048,-0.002350000000000005,0.002882972177794587,0.002725727180813705,69241.5,67892.0,1.9877157838920638,12,holdout,2026-02,5210f76300b0,Q3
867,2026-02-21 12:05:00,2026-02-21 12:10:00,LONG,68117.56,68015.38366,SL,1,5e-05,0.0008,0.0008500000000000001,-0.0014999999999998662,-0.002349999999999866,0.0024036386505916526,0.0,68099.54,67534.69,0.8363849748921499,1,holdout,2026-02,5210f76300b0,Q1 (tight)
868,2026-02-21 12:50:00,2026-02-21 14:20:00,LONG,68126.0,68364.441,TP,18,5e-05,0.0008,0.0008500000000000001,0.0035000000000000907,0.0026500000000000907,0.00028050964389514404,0.007603558112908434,68099.54,67534.69,0.8363849748921499,10,holdout,2026-02,5210f76300b0,Q1 (tight)
869,2026-03-03 12:15:00,2026-03-03 12:20:00,SHORT,67741.09,67503.996185,TP,1,5e-05,0.0008,0.0008500000000000001,0.0035000000000000027,0.0026500000000000026,0.0,0.0050524725834791675,69258.08,67800.0,2.1505604719764038,3,holdout,2026-03,5210f76300b0,Q3
870,2026-03-08 12:05:00,2026-03-08 12:10:00,LONG,67633.25,67531.80012500001,SL,1,5e-05,0.0008,0.0008500000000000001,-0.0014999999999998693,-0.0023499999999998696,0.009362998229421179,0.0,67481.96,66547.15,1.4047333356875724,1,holdout,2026-03,5210f76300b0,Q2
871,2026-03-09 12:25:00,2026-03-09 12:35:00,LONG,68080.21,68318.49073500001,TP,2,5e-05,0.0008,0.0008500000000000001,0.0035000000000001107,0.0026500000000001106,0.0014836910755711432,0.003937267526054757,68069.29,65821.97,3.4142399566588364,5,holdout,2026-03,5210f76300b0,Q4 (wide)
872,2026-03-09 12:40:00,2026-03-09 12:45:00,LONG,68278.94,68176.52159,SL,1,5e-05,0.0008,0.0008500000000000001,-0.0014999999999999766,-0.0023499999999999767,0.0028073077877308517,0.0,68069.29,65821.97,3.4142399566588364,8,holdout,2026-03,5210f76300b0,Q4 (wide)
873,2026-03-09 12:50:00,2026-03-09 13:10:00,LONG,68105.12,68343.48792,TP,4,5e-05,0.0008,0.0008500000000000001,0.0035000000000000625,0.0026500000000000625,0.0003654644467258764,0.007227503600316841,68069.29,65821.97,3.4142399566588364,10,holdout,2026-03,5210f76300b0,Q4 (wide)
874,2026-03-10 12:55:00,2026-03-10 13:15:00,LONG,70568.51,70815.49978499999,TP,4,5e-05,0.0008,0.0008500000000000001,0.003499999999999971,0.002649999999999971,0.0006894009806922972,0.004081707265747968,70578.29,68391.41,3.1975945517134243,11,holdout,2026-03,5210f76300b0,Q4 (wide)
875,2026-03-11 12:25:00,2026-03-11 12:30:00,SHORT,69403.07,69507.17460500001,SL,1,5e-05,0.0008,0.0008500000000000001,-0.0015000000000000063,-0.0023500000000000066,0.005397311675117491,0.002476979764728037,70281.87,69420.0,1.2415298184961039,5,holdout,2026-03,5210f76300b0,Q2
876,2026-03-11 12:35:00,2026-03-11 12:40:00,SHORT,69277.69,69381.60653500001,SL,1,5e-05,0.0008,0.0008500000000000001,-0.0015000000000001618,-0.002350000000000162,0.001586657984698945,0.0014150298602623563,70281.87,69420.0,1.2415298184961039,7,holdout,2026-03,5210f76300b0,Q2
877,2026-03-11 12:45:00,2026-03-11 12:55:00,SHORT,69251.27,69355.146905,SL,2,5e-05,0.0008,0.0008500000000000001,-0.0014999999999999617,-0.0023499999999999615,0.002147397441230924,0.0001857005654914427,70281.87,69420.0,1.2415298184961039,9,holdout,2026-03,5210f76300b0,Q2
878,2026-03-11 13:00:00,2026-03-11 13:05:00,SHORT,69361.13,69465.17169500001,SL,1,5e-05,0.0008,0.0008500000000000001,-0.0015000000000001032,-0.0023500000000001033,0.001690716399804754,0.00012197033122162806,70281.87,69420.0,1.2415298184961039,12,holdout,2026-03,5210f76300b0,Q2
879,2026-03-12 12:05:00,2026-03-12 12:45:00,LONG,70340.54,70586.73189,TP,8,5e-05,0.0008,0.0008500000000000001,0.003500000000000027,0.002650000000000027,0.0007750864579656274,0.003939691108427799,70353.87,69205.91,1.6587600683236325,1,holdout,2026-03,5210f76300b0,Q2
880,2026-03-12 12:55:00,2026-03-12 13:15:00,LONG,70362.9,70257.35565,SL,4,5e-05,0.0008,0.0008500000000000001,-0.0014999999999999502,-0.0023499999999999502,0.0022747783277835007,0.0024409170173486316,70353.87,69205.91,1.6587600683236325,11,holdout,2026-03,5210f76300b0,Q2
881,2026-03-15 12:05:00,2026-03-15 12:40:00,LONG,71767.7,71660.04845,SL,7,5e-05,0.0008,0.0008500000000000001,-0.0014999999999999309,-0.002349999999999931,0.002891133476480237,0.0,71800.68,70858.82,1.3292064417668625,1,holdout,2026-03,5210f76300b0,Q2
882,2026-03-17 12:30:00,2026-03-17 12:35:00,SHORT,73793.89,73904.580835,SL,1,5e-05,0.0008,0.0008500000000000001,-0.001500000000000017,-0.002350000000000017,0.0015833289178819074,0.0012994300747663447,76000.0,73784.0,3.003361162311612,6,holdout,2026-03,5210f76300b0,Q4 (wide)
883,2026-03-17 12:50:00,2026-03-17 13:20:00,SHORT,73735.51,73846.11326499999,SL,6,5e-05,0.0008,0.0008500000000000001,-0.0014999999999999718,-0.002349999999999972,0.0018482275365017322,0.0007270581026699427,76000.0,73784.0,3.003361162311612,10,holdout,2026-03,5210f76300b0,Q4 (wide)
884,2026-03-25 12:20:00,2026-03-25 12:25:00,LONG,71423.65,71316.51452499999,SL,1,5e-05,0.0008,0.0008500000000000001,-0.0015000000000000388,-0.0023500000000000387,0.004083381344974588,0.0,71345.0,70408.0,1.330814680149983,4,holdout,2026-03,5210f76300b0,Q2
885,2026-03-25 12:30:00,2026-03-25 12:55:00,LONG,71341.67,71591.36584500001,TP,5,5e-05,0.0008,0.0008500000000000001,0.00350000000000013,0.00265000000000013,0.000765331117143617,0.008599462277796413,71345.0,70408.0,1.330814680149983,6,holdout,2026-03,5210f76300b0,Q2
886,2026-03-30 12:05:00,2026-03-30 13:20:00,LONG,67788.75,68026.01062500001,TP,15,5e-05,0.0008,0.0008500000000000001,0.003500000000000146,0.0026500000000001457,0.0,0.005618926444284548,67800.0,65800.59,3.038589775562808,1,holdout,2026-03,5210f76300b0,Q4 (wide)
887,2026-03-31 12:15:00,2026-03-31 12:20:00,SHORT,66576.17,66676.034255,SL,1,5e-05,0.0008,0.0008500000000000001,-0.0015000000000001156,-0.002350000000000116,0.002609492255261844,0.0,68408.37,66544.51,2.8009222699212915,3,holdout,2026-03,5210f76300b0,Q3
888,2026-04-04 12:10:00,2026-04-04 14:40:00,LONG,67095.44,67105.15,MAX_HOLD,30,5e-05,0.0008,0.0008500000000000001,0.0001447192238398295,-0.0007052807761601706,0.000989187938852407,0.0025569546902143823,67052.99,66775.91,0.4149400584731855,2,holdout,2026-04,5210f76300b0,Q1 (tight)
889,2026-04-06 12:05:00,2026-04-06 12:10:00,LONG,69581.05,69476.678425,SL,1,5e-05,0.0008,0.0008500000000000001,-0.0014999999999999625,-0.0023499999999999624,0.0017401289575250983,0.0,69588.0,68776.61,1.179747009920959,1,holdout,2026-04,5210f76300b0,Q1 (tight)
890,2026-04-09 12:05:00,2026-04-09 12:20:00,LONG,71201.86,71095.05721,SL,3,5e-05,0.0008,0.0008500000000000001,-0.0015000000000000217,-0.0023500000000000218,0.002273255221141703,0.0006624826935700592,71198.8,70466.0,1.0399341526409942,1,holdout,2026-04,5210f76300b0,Q1 (tight)
891,2026-04-09 12:30:00,2026-04-09 12:35:00,LONG,71275.99,71169.07601500001,SL,1,5e-05,0.0008,0.0008500000000000001,-0.001499999999999887,-0.002349999999999887,0.0021725408514144218,0.0,71198.8,70466.0,1.0399341526409942,6,holdout,2026-04,5210f76300b0,Q1 (tight)
892,2026-04-09 12:45:00,2026-04-09 13:20:00,LONG,71212.97,71106.15054500001,SL,7,5e-05,0.0008,0.0008500000000000001,-0.0014999999999998571,-0.0023499999999998574,0.0020567882507919718,0.0019978102303555667,71198.8,70466.0,1.0399341526409942,9,holdout,2026-04,5210f76300b0,Q1 (tight)
893,2026-04-21 12:20:00,2026-04-21 12:35:00,LONG,76330.39,76215.894415,SL,3,5e-05,0.0008,0.0008500000000000001,-0.00149999999999996,-0.0023499999999999598,0.0030183259904737734,0.00259031822056721,76300.0,75474.77,1.0933852464869993,4,holdout,2026-04,5210f76300b0,Q1 (tight)
894,2026-04-25 12:10:00,2026-04-25 12:30:00,LONG,77680.12,77563.59982,SL,4,5e-05,0.0008,0.0008500000000000001,-0.0014999999999999003,-0.0023499999999999003,0.0015283189572827794,0.0004051229581004917,77711.87,77309.92,0.5199203413999097,2,holdout,2026-04,5210f76300b0,Q1 (tight)
895,2026-04-28 12:50:00,2026-04-28 13:05:00,SHORT,76393.86,76126.48149,TP,3,5e-05,0.0008,0.0008500000000000001,0.0034999999999999346,0.0026499999999999345,0.0,0.004183582293132011,77478.0,76424.9,1.3779540437736992,10,holdout,2026-04,5210f76300b0,Q2
896,2026-04-29 12:05:00,2026-04-29 12:10:00,LONG,77478.55,77362.332175,SL,1,5e-05,0.0008,0.0008500000000000001,-0.0014999999999999963,-0.002349999999999996,0.008112567930091656,0.0002618789329432933,77455.71,76187.75,1.6642570491975501,1,holdout,2026-04,5210f76300b0,Q2
897,2026-05-08 12:15:00,2026-05-08 12:45:00,LONG,80268.0,80147.598,SL,6,5e-05,0.0008,0.0008500000000000001,-0.0015000000000000232,-0.002350000000000023,0.002298923605920153,0.002890317436587432,80142.84,79181.48,1.2141222922329826,3,holdout,2026-05,5210f76300b0,Q1 (tight)
898,2026-05-08 12:55:00,2026-05-08 13:05:00,LONG,80116.81,79996.634785,SL,2,5e-05,0.0008,0.0008500000000000001,-0.0014999999999999458,-0.002349999999999946,0.002909376945986698,0.0,80142.84,79181.48,1.2141222922329826,11,holdout,2026-05,5210f76300b0,Q1 (tight)
899,2026-05-12 12:05:00,2026-05-12 12:30:00,SHORT,80753.03,80874.159545,SL,5,5e-05,0.0008,0.0008500000000000001,-0.0015000000000000423,-0.002350000000000042,0.0018038951603425687,0.0016573991093584539,81788.0,80714.28,1.3302726605502782,1,holdout,2026-05,5210f76300b0,Q2
900,2026-05-16 12:10:00,2026-05-16 14:40:00,SHORT,78074.66,78191.77199000001,SL,30,5e-05,0.0008,0.0008500000000000001,-0.0015000000000000625,-0.0023500000000000625,0.001959790795118349,0.003090119124438189,79227.77,78066.0,1.4881894806958267,2,holdout,2026-05,5210f76300b0,Q2
901,2026-05-17 12:25:00,2026-05-17 13:00:00,LONG,78428.09,78310.447865,SL,7,5e-05,0.0008,0.0008500000000000001,-0.0015000000000000239,-0.002350000000000024,0.0017097190560167474,0.001554417556260818,78323.96,77721.19,0.7755542600415718,5,holdout,2026-05,5210f76300b0,Q1 (tight)
902,2026-05-20 12:05:00,2026-05-20 12:55:00,LONG,77464.92,77736.04722000001,TP,10,5e-05,0.0008,0.0008500000000000001,0.0035000000000001215,0.0026500000000001214,0.0011442598791814335,0.003654944715621015,77472.21,76516.74,1.2487071456520509,1,holdout,2026-05,5210f76300b0,Q2
903,2026-05-24 12:20:00,2026-05-24 13:25:00,LONG,77099.47,76983.820795,SL,13,5e-05,0.0008,0.0008500000000000001,-0.0014999999999999254,-0.0023499999999999255,0.0018529310253364982,0.0003642048382433984,77065.94,76629.02,0.5701756332000569,4,holdout,2026-05,5210f76300b0,Q1 (tight)
