trade_id,entry_time,exit_time,direction,entry_price,exit_price,exit_reason,holding_candles,spread_pct,fees_pct,cost_total_pct,pnl_gross_pct,pnl_net_pct,mae_pct,mfe_pct,asia_high,asia_low,asia_range_pct,session_candle_num,split,month,spec_hash,asia_range_bucket
0,2019-01-03 12:05:00,2019-01-03 12:25:00,LONG,3803.64,3797.93454,SL,4,5e-05,0.0008,0.0008500000000000001,-0.0014999999999999146,-0.0023499999999999147,0.0017930193183370953,0.0014275798971512266,3862.74,3805.0,1.5174770039421757,1,train,2019-01,5210f76300b0,Q2
1,2019-01-03 12:30:00,2019-01-03 12:50:00,LONG,3800.98,3814.2834300000004,TP,4,5e-05,0.0008,0.0008500000000000001,0.0035000000000001024,0.0026500000000001024,0.0008655662487042719,0.004214702524085889,3862.74,3805.0,1.5174770039421757,6,train,2019-01,5210f76300b0,Q2
2,2019-01-06 12:45:00,2019-01-06 12:50:00,SHORT,3792.64,3798.3289600000003,SL,1,5e-05,0.0008,0.0008500000000000001,-0.0015000000000001072,-0.002350000000000107,0.00242047755653062,2.1093486331401673e-05,3792.12,3740.0,1.3935828877005318,9,train,2019-01,5210f76300b0,Q2
3,2019-01-06 12:55:00,2019-01-06 13:30:00,SHORT,3794.4,3800.0916,SL,7,5e-05,0.0008,0.0008500000000000001,-0.0015000000000000284,-0.0023500000000000283,0.0033997469955724465,0.002477335020029541,3792.12,3740.0,1.3935828877005318,11,train,2019-01,5210f76300b0,Q2
4,2019-01-07 12:10:00,2019-01-07 12:55:00,LONG,3967.72,3961.76842,SL,9,5e-05,0.0008,0.0008500000000000001,-0.0014999999999999803,-0.0023499999999999806,0.003200830703779455,0.0021372475880354507,4017.9,3970.03,1.2057843391611622,2,train,2019-01,5210f76300b0,Q1 (tight)
5,2019-01-07 13:00:00,2019-01-07 13:20:00,LONG,3956.87,3970.7190450000003,TP,4,5e-05,0.0008,0.0008500000000000001,0.003500000000000098,0.002650000000000098,0.0,0.003950091865540214,4017.9,3970.03,1.2057843391611622,12,train,2019-01,5210f76300b0,Q1 (tight)
6,2019-01-08 12:15:00,2019-01-08 13:00:00,SHORT,3996.98,4002.9754700000003,SL,9,5e-05,0.0008,0.0008500000000000001,-0.001500000000000074,-0.0023500000000000743,0.0027570815966054324,0.0020865753644001583,3989.0,3922.0,1.7083120856705762,3,train,2019-01,5210f76300b0,Q2
7,2019-01-10 12:30:00,2019-01-10 13:00:00,LONG,3732.08,3726.4818800000003,SL,6,5e-05,0.0008,0.0008500000000000001,-0.0014999999999999072,-0.0023499999999999073,0.004303230370195694,0.001318299714904309,3996.01,3731.01,7.10263440730526,6,train,2019-01,5210f76300b0,Q4 (wide)
8,2019-01-15 12:30:00,2019-01-15 12:35:00,LONG,3605.14,3599.73229,SL,1,5e-05,0.0008,0.0008500000000000001,-0.0014999999999999866,-0.0023499999999999866,0.0020359819590916556,0.00018584576465825815,3648.42,3610.12,1.060906562662742,6,train,2019-01,5210f76300b0,Q1 (tight)
9,2019-01-15 12:45:00,2019-01-15 12:50:00,LONG,3607.96,3602.54806,SL,1,5e-05,0.0008,0.0008500000000000001,-0.0014999999999999885,-0.0023499999999999884,0.002239492677302389,0.0,3648.42,3610.12,1.060906562662742,9,train,2019-01,5210f76300b0,Q1 (tight)
10,2019-01-24 12:10:00,2019-01-24 12:15:00,SHORT,3556.51,3561.8447650000003,SL,1,5e-05,0.0008,0.0008500000000000001,-0.0015000000000000172,-0.002350000000000017,0.0023871716935984382,0.0,3555.0,3529.22,0.7304730223675543,2,train,2019-01,5210f76300b0,Q1 (tight)
11,2019-01-25 12:50:00,2019-01-25 14:50:00,LONG,3548.9,3561.32115,TP,24,5e-05,0.0008,0.0008500000000000001,0.003500000000000035,0.002650000000000035,0.0013807095156245853,0.0036349291329708052,3587.15,3551.0,1.0180230920867388,10,train,2019-01,5210f76300b0,Q1 (tight)
12,2019-02-02 12:10:00,2019-02-02 12:25:00,SHORT,3470.28,3475.4854200000004,SL,3,5e-05,0.0008,0.0008500000000000001,-0.0015000000000000666,-0.0023500000000000664,0.0027260048180549066,0.00033138536371707497,3471.0,3440.29,0.8926573050527729,2,train,2019-02,5210f76300b0,Q1 (tight)
13,2019-02-02 12:30:00,2019-02-02 14:15:00,SHORT,3472.01,3459.8579650000006,TP,21,5e-05,0.0008,0.0008500000000000001,0.0034999999999998886,0.0026499999999998886,0.0008611726348713804,0.0038536755366488313,3471.0,3440.29,0.8926573050527729,6,train,2019-02,5210f76300b0,Q1 (tight)
14,2019-02-03 12:05:00,2019-02-03 13:10:00,LONG,3458.56,3470.66496,TP,13,5e-05,0.0008,0.0008500000000000001,0.0035000000000000343,0.0026500000000000343,0.0007401924500369939,0.004169365284974114,3511.09,3457.38,1.5534884797158552,1,train,2019-02,5210f76300b0,Q2
15,2019-02-05 12:05:00,2019-02-05 13:05:00,SHORT,3470.53,3458.3831450000002,TP,12,5e-05,0.0008,0.0008500000000000001,0.003499999999999988,0.002649999999999988,0.0,0.0036219251814564816,3471.89,3448.43,0.6803095901613209,1,train,2019-02,5210f76300b0,Q1 (tight)
16,2019-02-13 12:50:00,2019-02-13 12:55:00,LONG,3623.77,3618.334345,SL,1,5e-05,0.0008,0.0008500000000000001,-0.0014999999999999365,-0.0023499999999999363,0.0015922644097169471,0.0,3670.0,3624.0,1.2693156732891833,10,train,2019-02,5210f76300b0,Q2
17,2019-02-13 13:00:00,2019-02-13 13:45:00,LONG,3621.44,3616.00784,SL,9,5e-05,0.0008,0.0008500000000000001,-0.0014999999999999558,-0.002349999999999956,0.0023498939648317293,0.0013005876115578434,3670.0,3624.0,1.2693156732891833,12,train,2019-02,5210f76300b0,Q2
18,2019-02-28 12:05:00,2019-02-28 13:35:00,SHORT,3838.0,3824.567,TP,18,5e-05,0.0008,0.0008500000000000001,0.003499999999999998,0.002649999999999998,0.0001615424700364489,0.0036190724335591123,3833.95,3809.88,0.6317784287169073,1,train,2019-02,5210f76300b0,Q1 (tight)
19,2019-03-04 12:45:00,2019-03-04 13:10:00,LONG,3698.29,3692.742565,SL,5,5e-05,0.0008,0.0008500000000000001,-0.0014999999999999866,-0.0023499999999999866,0.001971181275670638,0.0014439105640715426,3830.0,3699.5,3.5275037167184755,9,train,2019-03,5210f76300b0,Q4 (wide)
20,2019-03-13 12:45:00,2019-03-13 13:00:00,LONG,3865.0,3878.5275,TP,3,5e-05,0.0008,0.0008500000000000001,0.003500000000000038,0.0026500000000000377,0.0014540750323414984,0.005692108667529107,3893.56,3870.0,0.6087855297157609,9,train,2019-03,5210f76300b0,Q1 (tight)
21,2019-04-13 12:10:00,2019-04-13 14:15:00,LONG,5028.7,5046.30045,TP,25,5e-05,0.0008,0.0008500000000000001,0.0034999999999999823,0.0026499999999999822,0.0007357766420744563,0.003698769065563737,5099.0,5030.01,1.3715678497657018,2,train,2019-04,5210f76300b0,Q2
22,2019-04-15 12:25:00,2019-04-15 14:25:00,LONG,5110.52,5128.406820000001,TP,24,5e-05,0.0008,0.0008500000000000001,0.003500000000000122,0.002650000000000122,0.0013149346837504313,0.0049955777494266225,5167.38,5113.0,1.0635634656757307,5,train,2019-04,5210f76300b0,Q1 (tight)
23,2019-04-28 12:10:00,2019-04-28 13:30:00,SHORT,5326.25,5307.608125000001,TP,16,5e-05,0.0008,0.0008500000000000001,0.003499999999999877,0.002649999999999877,0.0011095986857544904,0.004552921849331143,5321.54,5280.0,0.7867424242424235,2,train,2019-04,5210f76300b0,Q1 (tight)
24,2019-04-30 12:05:00,2019-04-30 12:25:00,SHORT,5268.86,5276.76329,SL,4,5e-05,0.0008,0.0008500000000000001,-0.0015000000000000375,-0.002350000000000038,0.002427470078916495,0.0026912842626297495,5264.01,5192.15,1.3840124033396684,1,train,2019-04,5210f76300b0,Q2
25,2019-05-08 12:50:00,2019-05-08 13:10:00,SHORT,5923.41,5932.295115,SL,4,5e-05,0.0008,0.0008500000000000001,-0.001500000000000007,-0.002350000000000007,0.0024276556915695706,0.0026015420171826456,5928.65,5772.2,2.710405044870237,10,train,2019-05,5210f76300b0,Q3
26,2019-05-16 12:40:00,2019-05-16 12:45:00,LONG,7868.18,7856.377730000001,SL,1,5e-05,0.0008,0.0008500000000000001,-0.0014999999999999016,-0.0023499999999999016,0.004214443492650124,0.0,8320.0,7870.01,5.717781807138743,8,train,2019-05,5210f76300b0,Q4 (wide)
27,2019-05-22 12:10:00,2019-05-22 12:15:00,LONG,7830.02,7818.274970000001,SL,1,5e-05,0.0008,0.0008500000000000001,-0.0014999999999998892,-0.0023499999999998895,0.0015389488149455787,0.0017688332852278095,7988.0,7830.23,2.014883343145737,2,train,2019-05,5210f76300b0,Q3
28,2019-05-22 12:25:00,2019-05-22 12:30:00,LONG,7830.21,7818.464685000001,SL,1,5e-05,0.0008,0.0008500000000000001,-0.001499999999999899,-0.002349999999999899,0.003795555930173042,0.0,7988.0,7830.23,2.014883343145737,5,train,2019-05,5210f76300b0,Q3
29,2019-05-22 12:35:00,2019-05-22 12:40:00,LONG,7820.91,7809.178635,SL,1,5e-05,0.0008,0.0008500000000000001,-0.0014999999999999543,-0.0023499999999999546,0.0016609320398776847,0.0015637566472444348,7988.0,7830.23,2.014883343145737,7,train,2019-05,5210f76300b0,Q3
30,2019-05-22 12:45:00,2019-05-22 12:50:00,LONG,7811.51,7799.792735000001,SL,1,5e-05,0.0008,0.0008500000000000001,-0.0014999999999999124,-0.0023499999999999125,0.004415279504218747,7.296924666289986e-05,7988.0,7830.23,2.014883343145737,9,train,2019-05,5210f76300b0,Q3
31,2019-05-25 12:10:00,2019-05-25 12:15:00,SHORT,8033.64,8005.522260000001,TP,1,5e-05,0.0008,0.0008500000000000001,0.0034999999999999606,0.0026499999999999605,0.0,0.004457506186485877,8033.48,7908.34,1.5823801202274994,2,train,2019-05,5210f76300b0,Q2
32,2019-05-25 12:25:00,2019-05-25 12:55:00,SHORT,8029.6,8041.644400000001,SL,6,5e-05,0.0008,0.0008500000000000001,-0.0015000000000000844,-0.0023500000000000847,0.003163295805519532,0.002419796752017571,8033.48,7908.34,1.5823801202274994,5,train,2019-05,5210f76300b0,Q2
33,2019-05-25 13:00:00,2019-05-25 13:05:00,SHORT,8048.51,8020.340215000001,TP,1,5e-05,0.0008,0.0008500000000000001,0.003499999999999893,0.002649999999999893,0.0,0.0071006931717796885,8033.48,7908.34,1.5823801202274994,12,train,2019-05,5210f76300b0,Q2
34,2019-05-26 12:20:00,2019-05-26 12:25:00,LONG,7908.7,7936.380450000001,TP,1,5e-05,0.0008,0.0008500000000000001,0.0035000000000000946,0.0026500000000000946,0.0,0.0037288049869131186,8047.5,7919.64,1.614467324272311,4,train,2019-05,5210f76300b0,Q2
35,2019-05-26 12:35:00,2019-05-26 12:40:00,LONG,7916.17,7943.876595000001,TP,1,5e-05,0.0008,0.0008500000000000001,0.0035000000000000708,0.0026500000000000707,0.0,0.0038806645132684436,8047.5,7919.64,1.614467324272311,7,train,2019-05,5210f76300b0,Q2
36,2019-06-17 12:35:00,2019-06-17 12:50:00,SHORT,9221.34,9235.17201,SL,3,5e-05,0.0008,0.0008500000000000001,-0.001500000000000009,-0.002350000000000009,0.0023521527240076287,0.002817377951577489,9212.66,8950.0,2.9347486033519536,7,train,2019-06,5210f76300b0,Q4 (wide)
37,2019-06-17 12:55:00,2019-06-17 13:00:00,SHORT,9236.8,9250.6552,SL,1,5e-05,0.0008,0.0008500000000000001,-0.0014999999999999966,-0.0023499999999999966,0.0015362463190715951,0.00212844275073617,9212.66,8950.0,2.9347486033519536,11,train,2019-06,5210f76300b0,Q4 (wide)
38,2019-06-21 12:15:00,2019-06-21 12:30:00,SHORT,9794.19,9808.881285000001,SL,3,5e-05,0.0008,0.0008500000000000001,-0.0015000000000000805,-0.0023500000000000803,0.003145742526947046,0.0014529021797618162,9798.0,9518.06,2.941145569580361,3,train,2019-06,5210f76300b0,Q4 (wide)
39,2019-06-21 12:35:00,2019-06-21 12:50:00,SHORT,9822.89,9837.624335,SL,3,5e-05,0.0008,0.0008500000000000001,-0.001500000000000103,-0.002350000000000103,0.0024402187136373476,0.0021052867333341096,9798.0,9518.06,2.941145569580361,7,train,2019-06,5210f76300b0,Q4 (wide)
40,2019-06-24 12:50:00,2019-06-24 12:55:00,SHORT,10902.26,10918.61339,SL,1,5e-05,0.0008,0.0008500000000000001,-0.00150000000000002,-0.00235000000000002,0.0022609990956003285,0.00020729646880557042,10905.96,10620.8,2.6849201566736958,10,train,2019-06,5210f76300b0,Q3
41,2019-06-24 13:00:00,2019-06-24 13:05:00,SHORT,10900.01,10916.360015,SL,1,5e-05,0.0008,0.0008500000000000001,-0.0014999999999999985,-0.002349999999999999,0.0021220164018197415,0.0007623846216654379,10905.96,10620.8,2.6849201566736958,12,train,2019-06,5210f76300b0,Q3
42,2019-06-27 12:35:00,2019-06-27 12:40:00,LONG,12101.42,12083.267870000001,SL,1,5e-05,0.0008,0.0008500000000000001,-0.0014999999999998825,-0.0023499999999998826,0.016231153038238494,0.0,13478.04,12100.0,11.388760330578519,7,train,2019-06,5210f76300b0,Q4 (wide)
43,2019-06-28 12:50:00,2019-06-28 12:55:00,SHORT,11807.85,11766.522525,TP,1,5e-05,0.0008,0.0008500000000000001,0.003500000000000004,0.002650000000000004,0.0,0.011497436027727336,11771.98,10982.88,7.184818553967634,10,train,2019-06,5210f76300b0,Q4 (wide)
44,2019-06-30 12:30:00,2019-06-30 12:40:00,LONG,11655.02,11637.537470000001,SL,2,5e-05,0.0008,0.0008500000000000001,-0.0014999999999999413,-0.0023499999999999415,0.0032132076993433498,0.0029927018572254013,12180.0,11651.98,4.531590339152663,6,train,2019-06,5210f76300b0,Q4 (wide)
45,2019-06-30 12:45:00,2019-06-30 12:50:00,LONG,11620.0,11660.67,TP,1,5e-05,0.0008,0.0008500000000000001,0.003500000000000006,0.002650000000000006,0.0,0.006213425129087843,12180.0,11651.98,4.531590339152663,9,train,2019-06,5210f76300b0,Q4 (wide)
46,2019-06-30 13:00:00,2019-06-30 13:05:00,LONG,11648.0,11688.768,TP,1,5e-05,0.0008,0.0008500000000000001,0.0035000000000000027,0.0026500000000000026,0.0,0.0036006181318681755,12180.0,11651.98,4.531590339152663,12,train,2019-06,5210f76300b0,Q4 (wide)
47,2019-07-07 12:05:00,2019-07-07 12:10:00,SHORT,11326.68,11343.670020000001,SL,1,5e-05,0.0008,0.0008500000000000001,-0.0015000000000000967,-0.002350000000000097,0.006296637673175167,0.0,11324.99,11094.37,2.078711995363405,1,train,2019-07,5210f76300b0,Q3
48,2019-07-07 12:50:00,2019-07-07 12:55:00,SHORT,11327.29,11287.644485,TP,1,5e-05,0.0008,0.0008500000000000001,0.003500000000000014,0.002650000000000014,0.0,0.0035207008913871736,11324.99,11094.37,2.078711995363405,10,train,2019-07,5210f76300b0,Q3
49,2019-07-17 12:10:00,2019-07-17 12:15:00,LONG,9213.41,9199.589885000001,SL,1,5e-05,0.0008,0.0008500000000000001,-0.0014999999999998506,-0.0023499999999998505,0.008205430996775393,0.0,9630.0,9214.0,4.514868678098546,2,train,2019-07,5210f76300b0,Q4 (wide)
50,2019-07-21 12:35:00,2019-07-21 12:40:00,LONG,10530.51,10567.366785,TP,1,5e-05,0.0008,0.0008500000000000001,0.003499999999999995,0.002649999999999995,0.0013674551375004284,0.004938032440973894,10817.9,10530.0,2.7340930674263975,7,train,2019-07,5210f76300b0,Q3
51,2019-07-22 12:25:00,2019-07-22 12:30:00,LONG,10500.07,10484.319895,SL,1,5e-05,0.0008,0.0008500000000000001,-0.0014999999999999207,-0.0023499999999999207,0.0019114158286563528,0.0019323680699272362,10683.16,10511.0,1.6379031490819127,5,train,2019-07,5210f76300b0,Q2
52,2019-07-22 12:35:00,2019-07-22 12:45:00,LONG,10485.89,10522.590615,TP,2,5e-05,0.0008,0.0008500000000000001,0.003499999999999976,0.0026499999999999757,9.918089928456757e-05,0.0046538729664340455,10683.16,10511.0,1.6379031490819127,7,train,2019-07,5210f76300b0,Q2
53,2019-07-29 12:05:00,2019-07-29 12:30:00,LONG,9495.31,9481.067035,SL,5,5e-05,0.0008,0.0008500000000000001,-0.001499999999999943,-0.0023499999999999433,0.001991509492581059,0.002161066884598864,9729.0,9493.25,2.483343428225318,1,train,2019-07,5210f76300b0,Q3
54,2019-07-29 12:35:00,2019-07-29 12:50:00,LONG,9493.89,9527.118615,TP,3,5e-05,0.0008,0.0008500000000000001,0.003499999999999999,0.002649999999999999,0.0,0.0035148922096212196,9729.0,9493.25,2.483343428225318,7,train,2019-07,5210f76300b0,Q3
55,2019-08-09 12:20:00,2019-08-09 12:25:00,LONG,11770.8,11753.1438,SL,1,5e-05,0.0008,0.0008500000000000001,-0.0014999999999999528,-0.002349999999999953,0.003716824684813267,0.0,12045.68,11778.0,2.2727118356257456,4,train,2019-08,5210f76300b0,Q3
56,2019-08-09 12:40:00,2019-08-09 12:45:00,LONG,11772.13,11754.471805,SL,1,5e-05,0.0008,0.0008500000000000001,-0.0014999999999999983,-0.0023499999999999984,0.002312240860404986,0.0,12045.68,11778.0,2.2727118356257456,8,train,2019-08,5210f76300b0,Q3
57,2019-08-09 12:55:00,2019-08-09 13:00:00,LONG,11774.15,11815.359525,TP,1,5e-05,0.0008,0.0008500000000000001,0.0035000000000000183,0.0026500000000000182,0.0007856193440715466,0.009753570321424489,12045.68,11778.0,2.2727118356257456,11,train,2019-08,5210f76300b0,Q3
58,2019-08-20 12:05:00,2019-08-20 12:10:00,LONG,10680.25,10664.229625,SL,1,5e-05,0.0008,0.0008500000000000001,-0.0015000000000000055,-0.0023500000000000057,0.0028323307038692915,0.0004447461435827813,10949.96,10714.0,2.2023520627216646,1,train,2019-08,5210f76300b0,Q3
59,2019-08-30 12:40:00,2019-08-30 12:50:00,SHORT,9555.35,9569.683025,SL,2,5e-05,0.0008,0.0008500000000000001,-0.0014999999999999903,-0.00234999999999999,0.0044969572019862535,0.0004552423511436382,9554.0,9350.41,2.177337678240849,8,train,2019-08,5210f76300b0,Q3
60,2019-08-31 12:05:00,2019-08-31 12:15:00,LONG,9560.61,9546.269085000002,SL,2,5e-05,0.0008,0.0008500000000000001,-0.0014999999999998806,-0.002349999999999881,0.0015689375468720091,0.0004591757220511471,9655.77,9566.42,0.9339962075677252,1,train,2019-08,5210f76300b0,Q1 (tight)
61,2019-08-31 12:30:00,2019-08-31 12:45:00,LONG,9564.98,9598.45743,TP,3,5e-05,0.0008,0.0008500000000000001,0.003500000000000086,0.002650000000000086,0.0005196038047125394,0.003661272684313029,9655.77,9566.42,0.9339962075677252,6,train,2019-08,5210f76300b0,Q1 (tight)
62,2019-09-01 12:25:00,2019-09-01 13:35:00,LONG,9574.49,9560.128265000001,SL,14,5e-05,0.0008,0.0008500000000000001,-0.0014999999999998526,-0.0023499999999998526,0.0023343279903159713,0.001096664156524264,9642.58,9579.34,0.6601707424519829,5,train,2019-09,5210f76300b0,Q1 (tight)
63,2019-09-02 12:10:00,2019-09-02 12:25:00,SHORT,9797.99,9812.686985,SL,3,5e-05,0.0008,0.0008500000000000001,-0.0015000000000000506,-0.002350000000000051,0.0017513796196974947,0.0005766488841078258,9793.0,9712.5,0.8288288288288289,2,train,2019-09,5210f76300b0,Q1 (tight)
64,2019-09-07 12:05:00,2019-09-07 14:35:00,SHORT,10400.0,10415.6,SL,30,5e-05,0.0008,0.0008500000000000001,-0.001500000000000035,-0.0023500000000000352,0.0019971153846154266,0.0031009615384615385,10394.29,10288.57,1.0275480460355635,1,train,2019-09,5210f76300b0,Q1 (tight)
65,2019-09-09 12:40:00,2019-09-09 12:45:00,SHORT,10405.13,10368.712045,TP,1,5e-05,0.0008,0.0008500000000000001,0.0034999999999999025,0.0026499999999999024,0.0,0.0047005659708239935,10404.74,10090.0,3.1193260654112964,8,train,2019-09,5210f76300b0,Q4 (wide)
66,2019-09-18 12:20:00,2019-09-18 12:25:00,LONG,10175.62,10211.234670000002,TP,1,5e-05,0.0008,0.0008500000000000001,0.0035000000000000825,0.0026500000000000824,0.0,0.003967325823880902,10258.02,10182.28,0.7438412614856376,4,train,2019-09,5210f76300b0,Q1 (tight)
67,2019-09-18 12:40:00,2019-09-18 14:15:00,LONG,10183.06,10167.78541,SL,19,5e-05,0.0008,0.0008500000000000001,-0.0014999999999999096,-0.0023499999999999095,0.0020632305024226726,0.002032787786775363,10258.02,10182.28,0.7438412614856376,8,train,2019-09,5210f76300b0,Q1 (tight)
68,2019-09-25 12:05:00,2019-09-25 12:10:00,LONG,8307.03,8294.569455,SL,1,5e-05,0.0008,0.0008500000000000001,-0.0014999999999999892,-0.0023499999999999893,0.003550005236528552,0.0004309602830373704,8730.0,8310.0,5.054151624548736,1,train,2019-09,5210f76300b0,Q4 (wide)
69,2019-09-25 12:15:00,2019-09-25 12:20:00,LONG,8283.94,8312.933790000001,TP,1,5e-05,0.0008,0.0008500000000000001,0.0035000000000000534,0.0026500000000000534,0.00017503748216437197,0.004232285603227388,8730.0,8310.0,5.054151624548736,3,train,2019-09,5210f76300b0,Q4 (wide)
70,2019-09-25 12:25:00,2019-09-25 12:30:00,LONG,8290.67,8319.687345,TP,1,5e-05,0.0008,0.0008500000000000001,0.003500000000000025,0.0026500000000000247,0.0,0.008220083539689753,8730.0,8310.0,5.054151624548736,5,train,2019-09,5210f76300b0,Q4 (wide)
71,2019-09-25 12:50:00,2019-09-25 13:00:00,LONG,8304.4,8291.9434,SL,2,5e-05,0.0008,0.0008500000000000001,-0.001499999999999943,-0.0023499999999999433,0.002473387601753174,0.0034897162949761047,8730.0,8310.0,5.054151624548736,10,train,2019-09,5210f76300b0,Q4 (wide)
72,2019-10-03 12:10:00,2019-10-03 12:20:00,LONG,8239.91,8227.550135,SL,2,5e-05,0.0008,0.0008500000000000001,-0.001500000000000043,-0.002350000000000043,0.0019053606168029417,0.0003361687202894736,8393.0,8241.0,1.8444363548113092,2,train,2019-10,5210f76300b0,Q3
73,2019-10-03 12:25:00,2019-10-03 12:50:00,LONG,8240.08,8227.71988,SL,5,5e-05,0.0008,0.0008500000000000001,-0.0014999999999999235,-0.0023499999999999233,0.0017863904233938683,0.0008883408898942376,8393.0,8241.0,1.8444363548113092,5,train,2019-10,5210f76300b0,Q3
74,2019-10-03 12:55:00,2019-10-03 13:05:00,LONG,8228.19,8215.847715000002,SL,2,5e-05,0.0008,0.0008500000000000001,-0.0014999999999998554,-0.0023499999999998557,0.001516736973745305,0.00045453495847808345,8393.0,8241.0,1.8444363548113092,11,train,2019-10,5210f76300b0,Q3
75,2019-10-05 12:35:00,2019-10-05 12:45:00,LONG,8081.1,8068.978350000001,SL,2,5e-05,0.0008,0.0008500000000000001,-0.001499999999999893,-0.002349999999999893,0.0028857457524347698,0.0,8149.99,8091.72,0.7201188375277385,7,train,2019-10,5210f76300b0,Q1 (tight)
76,2019-10-08 12:10:00,2019-10-08 12:15:00,LONG,8168.67,8156.4169950000005,SL,1,5e-05,0.0008,0.0008500000000000001,-0.001499999999999948,-0.002349999999999948,0.002893983965566038,0.0,8325.0,8186.45,1.6924307850167069,2,train,2019-10,5210f76300b0,Q2
77,2019-10-08 12:30:00,2019-10-08 12:55:00,LONG,8188.34,8216.99919,TP,5,5e-05,0.0008,0.0008500000000000001,0.0035000000000000374,0.0026500000000000373,0.0,0.004880110010087408,8325.0,8186.45,1.6924307850167069,6,train,2019-10,5210f76300b0,Q2
78,2019-10-11 12:50:00,2019-10-11 12:55:00,LONG,8350.29,8337.764565000001,SL,1,5e-05,0.0008,0.0008500000000000001,-0.0014999999999999473,-0.0023499999999999476,0.0017292812584952747,0.0003808250970922533,8779.51,8359.0,5.030625672927386,10,train,2019-10,5210f76300b0,Q4 (wide)
79,2019-10-19 13:00:00,2019-10-19 13:05:00,SHORT,8039.23,8051.288845,SL,1,5e-05,0.0008,0.0008500000000000001,-0.001500000000000059,-0.002350000000000059,0.0019292892478508785,0.004492967610082047,7957.99,7892.0,0.8361632032437885,12,train,2019-10,5210f76300b0,Q1 (tight)
80,2019-10-20 12:10:00,2019-10-20 12:35:00,SHORT,7956.42,7968.354630000001,SL,5,5e-05,0.0008,0.0008500000000000001,-0.001500000000000082,-0.002350000000000082,0.003592067789282105,0.0016439554472991531,7953.21,7870.0,1.0573062261753499,2,train,2019-10,5210f76300b0,Q1 (tight)
81,2019-10-20 12:45:00,2019-10-20 13:05:00,SHORT,7953.18,7965.109770000001,SL,4,5e-05,0.0008,0.0008500000000000001,-0.001500000000000081,-0.002350000000000081,0.001996685602488578,0.0005255759331487896,7953.21,7870.0,1.0573062261753499,9,train,2019-10,5210f76300b0,Q1 (tight)
82,2019-10-21 12:20:00,2019-10-21 13:00:00,SHORT,8256.85,8227.951025,TP,8,5e-05,0.0008,0.0008500000000000001,0.0035000000000000074,0.0026500000000000074,0.0,0.004467805519054026,8251.41,8183.0,0.8360014664548436,4,train,2019-10,5210f76300b0,Q1 (tight)
83,2019-10-22 12:40:00,2019-10-22 12:50:00,SHORT,8238.31,8250.667465,SL,2,5e-05,0.0008,0.0008500000000000001,-0.0015000000000001163,-0.0023500000000001163,0.0015901319566756246,0.0,8226.57,8159.96,0.8163030210932367,8,train,2019-10,5210f76300b0,Q1 (tight)
84,2019-10-28 12:45:00,2019-10-28 12:50:00,LONG,9321.03,9307.048455000002,SL,1,5e-05,0.0008,0.0008500000000000001,-0.0014999999999998639,-0.002349999999999864,0.00719126534299328,0.0,9902.1,9322.52,6.216988539579426,9,train,2019-10,5210f76300b0,Q4 (wide)
85,2019-10-28 13:00:00,2019-10-28 13:05:00,LONG,9323.6,9309.6146,SL,1,5e-05,0.0008,0.0008500000000000001,-0.001499999999999954,-0.002349999999999954,0.0016088206272255351,0.00126667810716885,9902.1,9322.52,6.216988539579426,12,train,2019-10,5210f76300b0,Q4 (wide)
86,2019-10-30 12:10:00,2019-10-30 12:15:00,LONG,9133.16,9165.12606,TP,1,5e-05,0.0008,0.0008500000000000001,0.0035000000000000716,0.0026500000000000716,0.0,0.004297526814377499,9409.84,9151.0,2.828543328597969,2,train,2019-10,5210f76300b0,Q4 (wide)
87,2019-10-30 12:20:00,2019-10-30 12:25:00,LONG,9151.64,9137.91254,SL,1,5e-05,0.0008,0.0008500000000000001,-0.0015000000000000072,-0.0023500000000000075,0.003874715351565307,0.0,9409.84,9151.0,2.828543328597969,4,train,2019-10,5210f76300b0,Q4 (wide)
88,2019-10-30 12:30:00,2019-10-30 12:35:00,LONG,9126.8,9113.1098,SL,1,5e-05,0.0008,0.0008500000000000001,-0.001499999999999901,-0.0023499999999999008,0.0023896656002103138,0.0,9409.84,9151.0,2.828543328597969,6,train,2019-10,5210f76300b0,Q4 (wide)
89,2019-11-01 12:05:00,2019-11-01 12:30:00,SHORT,9164.2,9132.125300000002,TP,5,5e-05,0.0008,0.0008500000000000001,0.0034999999999999138,0.0026499999999999137,0.0011784989415332785,0.003731913314855713,9144.7,9030.0,1.2702104097453015,1,train,2019-11,5210f76300b0,Q2
90,2019-11-01 12:35:00,2019-11-01 12:50:00,SHORT,9160.85,9174.591275,SL,3,5e-05,0.0008,0.0008500000000000001,-0.0015000000000000343,-0.0023500000000000344,0.0048194217785467106,0.0008809226218090798,9144.7,9030.0,1.2702104097453015,7,train,2019-11,5210f76300b0,Q2
91,2019-11-07 12:10:00,2019-11-07 12:20:00,LONG,9206.53,9192.720205000001,SL,2,5e-05,0.0008,0.0008500000000000001,-0.0014999999999999144,-0.0023499999999999147,0.0029174944305835728,0.00037690639144165555,9375.0,9215.0,1.7362995116657625,2,train,2019-11,5210f76300b0,Q2
92,2019-11-15 12:40:00,2019-11-15 12:50:00,SHORT,8657.36,8670.34604,SL,2,5e-05,0.0008,0.0008500000000000001,-0.001499999999999974,-0.002349999999999974,0.001629827106646687,0.0016125008085606865,8659.41,8517.0,1.6720676294469865,8,train,2019-11,5210f76300b0,Q2
93,2019-11-15 12:55:00,2019-11-15 13:00:00,SHORT,8665.24,8678.237860000001,SL,1,5e-05,0.0008,0.0008500000000000001,-0.0015000000000001512,-0.0023500000000001514,0.0026969824263379663,0.00020772650267035563,8659.41,8517.0,1.6720676294469865,11,train,2019-11,5210f76300b0,Q2
94,2019-11-17 12:05:00,2019-11-17 12:20:00,SHORT,8531.1,8543.89665,SL,3,5e-05,0.0008,0.0008500000000000001,-0.0015000000000000265,-0.0023500000000000265,0.0027511106422383213,0.000576713436719775,8519.53,8407.0,1.338527417628175,1,train,2019-11,5210f76300b0,Q2
95,2019-11-19 12:25:00,2019-11-19 12:30:00,LONG,8092.3,8080.161550000001,SL,1,5e-05,0.0008,0.0008500000000000001,-0.001499999999999934,-0.0023499999999999337,0.00395561212510661,0.0,8218.63,8092.5,1.5586036453506233,5,train,2019-11,5210f76300b0,Q2
96,2019-11-19 12:40:00,2019-11-19 12:45:00,LONG,8076.59,8064.475115,SL,1,5e-05,0.0008,0.0008500000000000001,-0.0014999999999999948,-0.002349999999999995,0.0025493432252968328,0.0008939416263547183,8218.63,8092.5,1.5586036453506233,8,train,2019-11,5210f76300b0,Q2
97,2019-11-20 12:25:00,2019-11-20 12:30:00,LONG,8080.87,8068.748695,SL,1,5e-05,0.0008,0.0008500000000000001,-0.0014999999999999586,-0.002349999999999959,0.0022089205741460333,0.0,8158.36,8078.9,0.9835497406825192,5,train,2019-11,5210f76300b0,Q1 (tight)
98,2019-11-20 12:35:00,2019-11-20 12:40:00,LONG,8066.34,8094.572190000001,TP,1,5e-05,0.0008,0.0008500000000000001,0.0035000000000000777,0.0026500000000000776,0.0,0.003515844856527207,8158.36,8078.9,0.9835497406825192,7,train,2019-11,5210f76300b0,Q1 (tight)
99,2019-11-20 12:45:00,2019-11-20 14:15:00,LONG,8077.09,8105.359815000001,TP,18,5e-05,0.0008,0.0008500000000000001,0.0035000000000000695,0.0026500000000000694,0.0008777913827876309,0.004328291501023269,8158.36,8078.9,0.9835497406825192,9,train,2019-11,5210f76300b0,Q1 (tight)
100,2019-11-24 12:50:00,2019-11-24 13:10:00,LONG,7140.41,7129.699385,SL,4,5e-05,0.0008,0.0008500000000000001,-0.0014999999999999946,-0.0023499999999999945,0.0021581393785510715,0.002223961929357013,7330.39,7150.0,2.5229370629370673,10,train,2019-11,5210f76300b0,Q3
101,2019-11-29 12:25:00,2019-11-29 12:30:00,SHORT,7610.0,7583.365000000001,TP,1,5e-05,0.0008,0.0008500000000000001,0.003499999999999909,0.002649999999999909,0.0,0.007490144546649146,7533.48,7362.3,2.325088627195297,5,train,2019-11,5210f76300b0,Q3
102,2019-11-30 12:45:00,2019-11-30 12:50:00,LONG,7709.38,7697.815930000001,SL,1,5e-05,0.0008,0.0008500000000000001,-0.0014999999999999283,-0.0023499999999999285,0.0031584900471893153,0.0,7770.0,7714.74,0.7162911517432891,9,train,2019-11,5210f76300b0,Q1 (tight)
103,2019-12-05 12:05:00,2019-12-05 12:10:00,SHORT,7400.81,7411.911215000001,SL,1,5e-05,0.0008,0.0008500000000000001,-0.00150000000000008,-0.0023500000000000803,0.004526531555329754,0.0007391082867956688,7376.72,7150.0,3.1709090909090945,1,train,2019-12,5210f76300b0,Q4 (wide)
104,2019-12-08 12:25:00,2019-12-08 12:30:00,SHORT,7503.05,7514.304575000001,SL,1,5e-05,0.0008,0.0008500000000000001,-0.0015000000000001121,-0.0023500000000001124,0.0017232991916619749,6.663956657650142e-06,7499.75,7374.86,1.6934558757725617,5,train,2019-12,5210f76300b0,Q2
105,2019-12-08 12:35:00,2019-12-08 13:10:00,SHORT,7505.13,7516.387695,SL,7,5e-05,0.0008,0.0008500000000000001,-0.001500000000000032,-0.0023500000000000318,0.0022797739679392194,0.001761461826777185,7499.75,7374.86,1.6934558757725617,7,train,2019-12,5210f76300b0,Q2
106,2019-12-17 12:10:00,2019-12-17 12:55:00,SHORT,6915.89,6891.6843850000005,TP,9,5e-05,0.0008,0.0008500000000000001,0.0034999999999999784,0.0026499999999999783,0.0014213644230894255,0.006843660035078627,6910.78,6856.0,0.7990081680280009,2,train,2019-12,5210f76300b0,Q1 (tight)
107,2019-12-24 12:45:00,2019-12-24 12:50:00,SHORT,7352.56,7363.588840000001,SL,1,5e-05,0.0008,0.0008500000000000001,-0.0015000000000001163,-0.0023500000000001163,0.0021584318931093236,0.0,7342.27,7227.35,1.5900710495548172,9,train,2019-12,5210f76300b0,Q2
108,2019-12-29 12:10:00,2019-12-29 12:15:00,SHORT,7331.76,7342.757640000001,SL,1,5e-05,0.0008,0.0008500000000000001,-0.0015000000000000683,-0.002350000000000068,0.0017812912588518297,0.0,7323.99,7288.0,0.49382546652030435,2,train,2019-12,5210f76300b0,Q1 (tight)
109,2019-12-30 12:05:00,2019-12-30 12:25:00,LONG,7311.0,7336.588500000001,TP,4,5e-05,0.0008,0.0008500000000000001,0.0035000000000001024,0.0026500000000001024,0.0,0.003814799617015501,7408.24,7312.0,1.3161925601750517,1,train,2019-12,5210f76300b0,Q2
110,2019-12-30 13:00:00,2019-12-30 13:10:00,LONG,7303.56,7329.1224600000005,TP,2,5e-05,0.0008,0.0008500000000000001,0.0035000000000000135,0.0026500000000000135,0.00148968448263588,0.0036694433947279505,7408.24,7312.0,1.3161925601750517,12,train,2019-12,5210f76300b0,Q2
111,2020-01-09 12:10:00,2020-01-09 12:15:00,LONG,7889.46,7877.6258100000005,SL,1,5e-05,0.0008,0.0008500000000000001,-0.001499999999999947,-0.0023499999999999467,0.001817614893795031,0.00022434995551020312,8055.96,7896.0,2.0258358662613984,2,train,2020-01,5210f76300b0,Q3
112,2020-01-09 12:55:00,2020-01-09 13:00:00,LONG,7895.08,7922.712780000001,TP,1,5e-05,0.0008,0.0008500000000000001,0.003500000000000104,0.002650000000000104,0.0,0.0037884353293443328,8055.96,7896.0,2.0258358662613984,11,train,2020-01,5210f76300b0,Q3
113,2020-01-11 12:05:00,2020-01-11 12:20:00,LONG,8031.06,8059.168710000001,TP,3,5e-05,0.0008,0.0008500000000000001,0.003500000000000053,0.002650000000000053,0.0003959626749146801,0.0042236018657560975,8253.26,8044.65,2.5931519705642954,1,train,2020-01,5210f76300b0,Q3
114,2020-01-11 12:30:00,2020-01-11 12:35:00,LONG,8043.76,8031.69436,SL,1,5e-05,0.0008,0.0008500000000000001,-0.0014999999999999755,-0.0023499999999999754,0.0023322426327986186,0.0,8253.26,8044.65,2.5931519705642954,6,train,2020-01,5210f76300b0,Q3
115,2020-01-11 12:40:00,2020-01-11 12:55:00,LONG,8038.66,8066.79531,TP,3,5e-05,0.0008,0.0008500000000000001,0.003500000000000071,0.002650000000000071,0.00047147161342810416,0.003649862041683582,8253.26,8044.65,2.5931519705642954,8,train,2020-01,5210f76300b0,Q3
116,2020-01-20 12:05:00,2020-01-20 12:15:00,LONG,8625.53,8612.591705,SL,2,5e-05,0.0008,0.0008500000000000001,-0.0014999999999999911,-0.002349999999999991,0.0023801435969732472,0.0016775780734632358,8735.84,8627.94,1.2505882052958137,1,train,2020-01,5210f76300b0,Q2
117,2020-01-20 12:20:00,2020-01-20 12:25:00,LONG,8610.83,8597.913755,SL,1,5e-05,0.0008,0.0008500000000000001,-0.00150000000000004,-0.00235000000000004,0.004740541852527539,0.0,8735.84,8627.94,1.2505882052958137,4,train,2020-01,5210f76300b0,Q2
118,2020-02-01 12:10:00,2020-02-01 12:30:00,LONG,9342.14,9328.12679,SL,4,5e-05,0.0008,0.0008500000000000001,-0.0014999999999999105,-0.0023499999999999103,0.003226241524961028,0.0010361651613014034,9464.53,9341.17,1.3206054487821182,2,train,2020-02,5210f76300b0,Q2
119,2020-02-01 12:35:00,2020-02-01 12:45:00,LONG,9323.33,9309.345005000001,SL,2,5e-05,0.0008,0.0008500000000000001,-0.001499999999999881,-0.002349999999999881,0.004540223289318294,0.001613157530624881,9464.53,9341.17,1.3206054487821182,7,train,2020-02,5210f76300b0,Q2
120,2020-02-29 12:30:00,2020-02-29 13:00:00,LONG,8652.96,8639.98056,SL,6,5e-05,0.0008,0.0008500000000000001,-0.0014999999999999029,-0.002349999999999903,0.003182725911133191,0.0028256226770955522,8790.0,8656.0,1.5480591497227356,6,train,2020-02,5210f76300b0,Q2
121,2020-03-04 12:10:00,2020-03-04 12:25:00,LONG,8716.83,8747.338905,TP,3,5e-05,0.0008,0.0008500000000000001,0.003500000000000068,0.002650000000000068,0.0,0.004378885443446766,8848.29,8728.0,1.3782080659945104,2,train,2020-03,5210f76300b0,Q2
122,2020-03-04 12:45:00,2020-03-04 12:50:00,LONG,8733.08,8719.98038,SL,1,5e-05,0.0008,0.0008500000000000001,-0.0014999999999998912,-0.0023499999999998912,0.0017954719297201321,0.0,8848.29,8728.0,1.3782080659945104,9,train,2020-03,5210f76300b0,Q2
123,2020-03-04 12:55:00,2020-03-04 13:45:00,LONG,8722.35,8752.878225,TP,10,5e-05,0.0008,0.0008500000000000001,0.0035000000000000022,0.002650000000000002,0.0003095496053243366,0.0038991785470658957,8848.29,8728.0,1.3782080659945104,11,train,2020-03,5210f76300b0,Q2
124,2020-03-08 12:50:00,2020-03-08 12:55:00,LONG,8695.19,8682.147215,SL,1,5e-05,0.0008,0.0008500000000000001,-0.0014999999999999584,-0.0023499999999999585,0.007844566938732901,0.0,8886.76,8695.73,2.196825338413229,10,train,2020-03,5210f76300b0,Q3
125,2020-03-11 12:05:00,2020-03-11 12:10:00,LONG,7810.02,7837.3550700000005,TP,1,5e-05,0.0008,0.0008500000000000001,0.003500000000000011,0.002650000000000011,0.0,0.004265033892358725,7965.49,7813.0,1.9517470881863532,1,train,2020-03,5210f76300b0,Q3
126,2020-03-11 12:50:00,2020-03-11 12:55:00,LONG,7813.2,7840.546200000001,TP,1,5e-05,0.0008,0.0008500000000000001,0.0035000000000001107,0.0026500000000001106,0.0,0.005385757436133713,7965.49,7813.0,1.9517470881863532,10,train,2020-03,5210f76300b0,Q3
127,2020-03-13 12:25:00,2020-03-13 12:30:00,SHORT,5529.87,5538.164805,SL,1,5e-05,0.0008,0.0008500000000000001,-0.0015000000000000816,-0.0023500000000000816,0.009417942917283756,0.009922475573566809,5523.23,3782.13,46.03490625652739,5,train,2020-03,5210f76300b0,Q4 (wide)
128,2020-03-13 12:35:00,2020-03-13 12:40:00,SHORT,5540.73,5549.041095,SL,1,5e-05,0.0008,0.0008500000000000001,-0.0015000000000000044,-0.0023500000000000044,0.024854125719896123,0.0,5523.23,3782.13,46.03490625652739,7,train,2020-03,5210f76300b0,Q4 (wide)
129,2020-03-13 13:00:00,2020-03-13 13:05:00,SHORT,5529.32,5509.96738,TP,1,5e-05,0.0008,0.0008500000000000001,0.003499999999999939,0.002649999999999939,0.0,0.01217509567180046,5523.23,3782.13,46.03490625652739,12,train,2020-03,5210f76300b0,Q4 (wide)
130,2020-03-15 12:40:00,2020-03-15 12:45:00,SHORT,5330.88,5338.87632,SL,1,5e-05,0.0008,0.0008500000000000001,-0.0015000000000000367,-0.002350000000000037,0.0022060147667927656,0.006603037397202679,5332.04,5093.1,4.691445288723951,8,train,2020-03,5210f76300b0,Q4 (wide)
131,2020-03-16 12:25:00,2020-03-16 12:30:00,LONG,4658.38,4651.392430000001,SL,1,5e-05,0.0008,0.0008500000000000001,-0.0014999999999998547,-0.002349999999999855,0.0030783233656335777,0.01371721499748832,5365.42,4778.0,12.294265383005442,5,train,2020-03,5210f76300b0,Q4 (wide)
132,2020-03-16 12:45:00,2020-03-16 12:50:00,LONG,4756.96,4749.82456,SL,1,5e-05,0.0008,0.0008500000000000001,-0.0015000000000000035,-0.0023500000000000036,0.0027559617907234185,0.019171908109380742,5365.42,4778.0,12.294265383005442,9,train,2020-03,5210f76300b0,Q4 (wide)
133,2020-03-16 13:00:00,2020-03-16 13:05:00,LONG,4762.25,4755.106625,SL,1,5e-05,0.0008,0.0008500000000000001,-0.0014999999999999267,-0.002349999999999927,0.017012966559924497,0.0,5365.42,4778.0,12.294265383005442,12,train,2020-03,5210f76300b0,Q4 (wide)
134,2020-03-18 12:05:00,2020-03-18 12:15:00,LONG,5099.15,5091.501275,SL,2,5e-05,0.0008,0.0008500000000000001,-0.0015000000000000026,-0.0023500000000000027,0.0035907945441886377,0.004428189011894125,5436.17,5104.92,6.488838218816357,1,train,2020-03,5210f76300b0,Q4 (wide)
135,2020-03-18 12:20:00,2020-03-18 12:25:00,LONG,5084.92,5077.29262,SL,1,5e-05,0.0008,0.0008500000000000001,-0.001499999999999981,-0.002349999999999981,0.0021514596099841314,0.004033495118900635,5436.17,5104.92,6.488838218816357,4,train,2020-03,5210f76300b0,Q4 (wide)
136,2020-03-18 12:30:00,2020-03-18 12:35:00,LONG,5100.7,5118.55245,TP,1,5e-05,0.0008,0.0008500000000000001,0.0035000000000000625,0.0026500000000000625,0.00031564295096745006,0.005742349089340672,5436.17,5104.92,6.488838218816357,6,train,2020-03,5210f76300b0,Q4 (wide)
137,2020-03-18 12:55:00,2020-03-18 13:00:00,LONG,5105.6,5097.941600000001,SL,1,5e-05,0.0008,0.0008500000000000001,-0.0014999999999998719,-0.002349999999999872,0.0056957066750234885,0.001447430272641691,5436.17,5104.92,6.488838218816357,11,train,2020-03,5210f76300b0,Q4 (wide)
138,2020-03-24 12:05:00,2020-03-24 12:10:00,SHORT,6663.6,6673.595400000001,SL,1,5e-05,0.0008,0.0008500000000000001,-0.001500000000000105,-0.002350000000000105,0.003271504892250326,0.0,6666.0,6371.33,4.624937022568288,1,train,2020-03,5210f76300b0,Q4 (wide)
139,2020-03-24 12:15:00,2020-03-24 12:20:00,SHORT,6666.66,6643.32669,TP,1,5e-05,0.0008,0.0008500000000000001,0.0034999999999999975,0.0026499999999999974,0.0,0.01719451719451721,6666.0,6371.33,4.624937022568288,3,train,2020-03,5210f76300b0,Q4 (wide)
140,2020-03-29 12:05:00,2020-03-29 12:10:00,LONG,6084.89,6106.187115000001,TP,1,5e-05,0.0008,0.0008500000000000001,0.0035000000000000495,0.0026500000000000495,0.0003188225259619334,0.006588451064850676,6266.0,6116.0,2.4525833878351864,1,train,2020-03,5210f76300b0,Q3
141,2020-03-29 12:15:00,2020-03-29 12:25:00,LONG,6105.53,6096.3717050000005,SL,2,5e-05,0.0008,0.0008500000000000001,-0.0014999999999998806,-0.002349999999999881,0.0015608800546389496,0.0012791682294576228,6266.0,6116.0,2.4525833878351864,3,train,2020-03,5210f76300b0,Q3
142,2020-03-29 12:50:00,2020-03-29 13:10:00,LONG,6117.65,6108.473525,SL,4,5e-05,0.0008,0.0008500000000000001,-0.0014999999999998858,-0.002349999999999886,0.0018830760177518373,0.0026121141287913617,6266.0,6116.0,2.4525833878351864,10,train,2020-03,5210f76300b0,Q3
143,2020-03-30 12:20:00,2020-03-30 12:25:00,SHORT,6338.36,6347.86754,SL,1,5e-05,0.0008,0.0008500000000000001,-0.0015000000000000818,-0.002350000000000082,0.0015114319792501416,0.0008456446146952323,6330.01,5857.76,8.061955423233453,4,train,2020-03,5210f76300b0,Q4 (wide)
144,2020-03-30 12:30:00,2020-03-30 12:35:00,SHORT,6341.16,6318.96594,TP,1,5e-05,0.0008,0.0008500000000000001,0.0034999999999999697,0.0026499999999999697,0.0,0.008318667247002125,6330.01,5857.76,8.061955423233453,6,train,2020-03,5210f76300b0,Q4 (wide)
145,2020-03-31 12:05:00,2020-03-31 12:10:00,LONG,6375.69,6366.126465,SL,1,5e-05,0.0008,0.0008500000000000001,-0.0014999999999998933,-0.0023499999999998934,0.008515156790872825,0.0003889775067483634,6523.23,6378.0,2.277046095954838,1,train,2020-03,5210f76300b0,Q3
146,2020-03-31 12:15:00,2020-03-31 12:20:00,LONG,6336.81,6358.988835000001,TP,1,5e-05,0.0008,0.0008500000000000001,0.0035000000000000972,0.002650000000000097,0.0,0.0035917125493741026,6523.23,6378.0,2.277046095954838,3,train,2020-03,5210f76300b0,Q3
147,2020-03-31 12:35:00,2020-03-31 12:40:00,LONG,6369.0,6359.4465,SL,1,5e-05,0.0008,0.0008500000000000001,-0.0014999999999999976,-0.002349999999999998,0.001840163290940533,0.0004694614539173782,6523.23,6378.0,2.277046095954838,7,train,2020-03,5210f76300b0,Q3
148,2020-04-03 12:05:00,2020-04-03 12:10:00,SHORT,6987.62,6998.101430000001,SL,1,5e-05,0.0008,0.0008500000000000001,-0.0015000000000001041,-0.002350000000000104,0.003756643893056577,0.001260801245631487,6955.0,6723.12,3.4489939194897623,1,train,2020-04,5210f76300b0,Q4 (wide)
149,2020-04-03 12:40:00,2020-04-03 12:45:00,SHORT,6952.01,6927.677965000001,TP,1,5e-05,0.0008,0.0008500000000000001,0.0034999999999999207,0.0026499999999999206,0.0,0.0168843255403833,6955.0,6723.12,3.4489939194897623,8,train,2020-04,5210f76300b0,Q4 (wide)
150,2020-04-06 12:05:00,2020-04-06 12:10:00,SHORT,7128.28,7103.3310200000005,TP,1,5e-05,0.0008,0.0008500000000000001,0.0034999999999998895,0.0026499999999998894,0.0004713619554788227,0.0042029774363521125,7100.39,6765.0,4.957723577235777,1,train,2020-04,5210f76300b0,Q4 (wide)
151,2020-04-06 12:15:00,2020-04-06 12:35:00,SHORT,7111.5,7122.16725,SL,4,5e-05,0.0008,0.0008500000000000001,-0.0015000000000000594,-0.0023500000000000595,0.002320185614849188,0.0020389509948674682,7100.39,6765.0,4.957723577235777,3,train,2020-04,5210f76300b0,Q4 (wide)
152,2020-04-09 12:20:00,2020-04-09 12:25:00,LONG,7224.11,7249.3943850000005,TP,1,5e-05,0.0008,0.0008500000000000001,0.0035000000000001163,0.0026500000000001162,0.0005689282139944813,0.0035838324720969543,7371.92,7234.96,1.893030507425059,4,train,2020-04,5210f76300b0,Q3
153,2020-04-09 12:35:00,2020-04-09 12:50:00,LONG,7230.58,7255.887030000001,TP,3,5e-05,0.0008,0.0008500000000000001,0.0035000000000001176,0.0026500000000001175,0.0012709907089057308,0.009600889555194753,7371.92,7234.96,1.893030507425059,7,train,2020-04,5210f76300b0,Q3
154,2020-04-16 12:15:00,2020-04-16 12:20:00,SHORT,6991.44,7001.92716,SL,1,5e-05,0.0008,0.0008500000000000001,-0.001500000000000084,-0.002350000000000084,0.0021755174899591554,0.0021283169132538075,6980.0,6468.27,7.911388980361048,3,train,2020-04,5210f76300b0,Q4 (wide)
155,2020-04-16 12:25:00,2020-04-16 12:30:00,SHORT,6991.12,7001.60668,SL,1,5e-05,0.0008,0.0008500000000000001,-0.001499999999999997,-0.002349999999999997,0.005132224879561517,0.0,6980.0,6468.27,7.911388980361048,5,train,2020-04,5210f76300b0,Q4 (wide)
156,2020-04-21 12:05:00,2020-04-21 12:25:00,LONG,6813.18,6837.026130000001,TP,4,5e-05,0.0008,0.0008500000000000001,0.003500000000000119,0.002650000000000119,0.0006223232029684656,0.003936487807455507,6917.0,6811.05,1.5555604495635742,1,train,2020-04,5210f76300b0,Q2
157,2020-04-21 13:00:00,2020-04-21 13:35:00,LONG,6809.19,6798.976215,SL,7,5e-05,0.0008,0.0008500000000000001,-0.0014999999999999877,-0.0023499999999999875,0.003670040048816347,0.003054695198694732,6917.0,6811.05,1.5555604495635742,12,train,2020-04,5210f76300b0,Q2
158,2020-05-01 12:35:00,2020-05-01 12:40:00,SHORT,8855.41,8868.693115,SL,1,5e-05,0.0008,0.0008500000000000001,-0.0015000000000000204,-0.0023500000000000205,0.0018158391311074165,0.002303676509613856,8835.7,8613.56,2.578956900515016,7,train,2020-05,5210f76300b0,Q3
159,2020-05-01 12:45:00,2020-05-01 12:50:00,SHORT,8846.21,8859.479315,SL,1,5e-05,0.0008,0.0008500000000000001,-0.001500000000000155,-0.002350000000000155,0.003379978544484187,0.000821820870180407,8835.7,8613.56,2.578956900515016,9,train,2020-05,5210f76300b0,Q3
160,2020-05-01 12:55:00,2020-05-01 13:00:00,SHORT,8871.86,8885.167790000001,SL,1,5e-05,0.0008,0.0008500000000000001,-0.0015000000000000844,-0.0023500000000000847,0.005989724815314874,0.0,8835.7,8613.56,2.578956900515016,11,train,2020-05,5210f76300b0,Q3
161,2020-05-02 12:05:00,2020-05-02 12:10:00,SHORT,8861.51,8874.802265,SL,1,5e-05,0.0008,0.0008500000000000001,-0.0015000000000000048,-0.002350000000000005,0.0020865518404876576,0.0,8856.76,8753.0,1.1854221409802377,1,train,2020-05,5210f76300b0,Q1 (tight)
162,2020-05-02 12:55:00,2020-05-02 13:00:00,SHORT,8865.81,8879.108715,SL,1,5e-05,0.0008,0.0008500000000000001,-0.0015000000000000915,-0.0023500000000000916,0.0016005305775784176,0.0007286418274245814,8856.76,8753.0,1.1854221409802377,11,train,2020-05,5210f76300b0,Q1 (tight)
163,2020-05-12 12:05:00,2020-05-12 12:10:00,SHORT,8790.03,8759.264895,TP,1,5e-05,0.0008,0.0008500000000000001,0.0035000000000000456,0.0026500000000000455,0.0,0.006212720548166568,8785.0,8528.78,3.004181137278712,1,train,2020-05,5210f76300b0,Q4 (wide)
164,2020-05-14 12:40:00,2020-05-14 12:45:00,SHORT,9557.52,9571.856280000002,SL,1,5e-05,0.0008,0.0008500000000000001,-0.0015000000000001414,-0.0023500000000001415,0.00549096418317718,0.0,9547.0,9256.76,3.13543831751066,8,train,2020-05,5210f76300b0,Q4 (wide)
165,2020-05-21 12:05:00,2020-05-21 12:10:00,LONG,9372.52,9358.461220000001,SL,1,5e-05,0.0008,0.0008500000000000001,-0.0014999999999999345,-0.0023499999999999346,0.002714318027595621,0.0,9578.47,9400.0,1.898617021276589,1,train,2020-05,5210f76300b0,Q3
166,2020-05-23 12:05:00,2020-05-23 12:10:00,LONG,9162.05,9148.306924999999,SL,1,5e-05,0.0008,0.0008500000000000001,-0.0015000000000000347,-0.002350000000000035,0.0017528828155270373,0.0,9307.85,9169.99,1.5033822283339522,1,train,2020-05,5210f76300b0,Q2
167,2020-05-23 12:20:00,2020-05-23 12:25:00,LONG,9155.94,9142.206090000001,SL,1,5e-05,0.0008,0.0008500000000000001,-0.0014999999999998923,-0.002349999999999892,0.0044714141857636145,0.0,9307.85,9169.99,1.5033822283339522,4,train,2020-05,5210f76300b0,Q2
168,2020-06-05 12:35:00,2020-06-05 12:40:00,LONG,9712.04,9697.471940000001,SL,1,5e-05,0.0008,0.0008500000000000001,-0.0014999999999999593,-0.0023499999999999593,0.0019151486196515215,0.0,9846.16,9725.0,1.2458611825192787,7,train,2020-06,5210f76300b0,Q2
169,2020-06-06 12:40:00,2020-06-06 14:05:00,SHORT,9660.96,9675.451439999999,SL,17,5e-05,0.0008,0.0008500000000000001,-0.0014999999999999777,-0.002349999999999978,0.002002906543449136,0.0024190142594523716,9644.34,9531.05,1.1886413354247525,8,train,2020-06,5210f76300b0,Q1 (tight)
170,2020-06-07 12:05:00,2020-06-07 12:15:00,LONG,9588.73,9574.346905,SL,2,5e-05,0.0008,0.0008500000000000001,-0.0014999999999999198,-0.00234999999999992,0.0036209174729082316,0.00035562582323205,9717.0,9597.0,1.2503907471084714,1,train,2020-06,5210f76300b0,Q2
171,2020-06-12 12:10:00,2020-06-12 12:15:00,SHORT,9470.25,9437.104125,TP,1,5e-05,0.0008,0.0008500000000000001,0.003500000000000017,0.002650000000000017,0.0,0.0061487289142313625,9463.0,9232.51,2.496504200916108,2,train,2020-06,5210f76300b0,Q3
172,2020-06-12 12:25:00,2020-06-12 13:35:00,SHORT,9466.69,9480.890035,SL,14,5e-05,0.0008,0.0008500000000000001,-0.0014999999999999833,-0.002349999999999983,0.002927105461359686,0.0025499937148043546,9463.0,9232.51,2.496504200916108,5,train,2020-06,5210f76300b0,Q3
173,2020-06-19 12:05:00,2020-06-19 12:10:00,SHORT,9390.4,9404.4856,SL,1,5e-05,0.0008,0.0008500000000000001,-0.0015000000000000362,-0.002350000000000036,0.0020787186914295918,0.0,9388.71,9215.79,1.8763448385867976,1,train,2020-06,5210f76300b0,Q3
174,2020-06-22 12:10:00,2020-06-22 12:20:00,SHORT,9455.56,9469.74334,SL,2,5e-05,0.0008,0.0008500000000000001,-0.001500000000000149,-0.002350000000000149,0.0015271438180288117,0.00013748524677536524,9450.0,9277.09,1.863838768406902,2,train,2020-06,5210f76300b0,Q3
175,2020-06-28 12:35:00,2020-06-28 12:50:00,SHORT,9036.13,9049.684195,SL,3,5e-05,0.0008,0.0008500000000000001,-0.0015000000000000686,-0.0023500000000000686,0.0017297227906195485,0.0002999071505167729,9034.65,8948.06,0.9676957910429763,7,train,2020-06,5210f76300b0,Q1 (tight)
176,2020-07-01 13:00:00,2020-07-01 13:30:00,SHORT,9165.01,9178.757515000001,SL,6,5e-05,0.0008,0.0008500000000000001,-0.0015000000000001015,-0.0023500000000001016,0.002181121460860357,0.0016377505316415605,9162.85,9080.1,0.9113335756214138,12,train,2020-07,5210f76300b0,Q1 (tight)
177,2020-07-05 12:05:00,2020-07-05 14:00:00,LONG,9023.39,9009.854915,SL,23,5e-05,0.0008,0.0008500000000000001,-0.0014999999999999476,-0.0023499999999999476,0.0028215559784071317,0.0023317179020302652,9145.24,9040.0,1.1641592920353958,1,train,2020-07,5210f76300b0,Q1 (tight)
178,2020-07-16 12:05:00,2020-07-16 13:35:00,LONG,9086.01,9072.380985000002,SL,18,5e-05,0.0008,0.0008500000000000001,-0.0014999999999998478,-0.002349999999999848,0.001837990493076799,0.0021483577499915186,9226.15,9084.0,1.5648392778511626,1,train,2020-07,5210f76300b0,Q2
179,2020-07-18 12:20:00,2020-07-18 14:50:00,SHORT,9166.03,9164.22,MAX_HOLD,30,5e-05,0.0008,0.0008500000000000001,0.00019746826052296463,-0.0006525317394770354,0.0009786134236959016,0.0013757319144712139,9168.88,9121.1,0.5238403262764232,4,train,2020-07,5210f76300b0,Q1 (tight)
180,2020-07-19 12:40:00,2020-07-19 13:15:00,LONG,9132.91,9119.210635,SL,7,5e-05,0.0008,0.0008500000000000001,-0.0015000000000000436,-0.002350000000000044,0.0015416772967214094,0.00022884272373210134,9180.79,9139.27,0.4543032430380155,8,train,2020-07,5210f76300b0,Q1 (tight)
181,2020-07-29 12:05:00,2020-07-29 12:10:00,SHORT,11092.31,11108.948465,SL,1,5e-05,0.0008,0.0008500000000000001,-0.0014999999999999998,-0.0023499999999999997,0.0018652562000160931,0.0006418861355298384,11079.97,10812.0,2.4784498705142375,1,train,2020-07,5210f76300b0,Q3
182,2020-07-29 12:15:00,2020-07-29 12:25:00,SHORT,11107.89,11069.012385,TP,2,5e-05,0.0008,0.0008500000000000001,0.0034999999999999485,0.0026499999999999484,0.00012423601602113622,0.0037846971837134737,11079.97,10812.0,2.4784498705142375,3,train,2020-07,5210f76300b0,Q3
183,2020-07-29 12:35:00,2020-07-29 12:40:00,SHORT,11087.58,11104.21137,SL,1,5e-05,0.0008,0.0008500000000000001,-0.0015000000000000874,-0.0023500000000000873,0.003205388371493227,0.0,11079.97,10812.0,2.4784498705142375,7,train,2020-07,5210f76300b0,Q3
184,2020-08-11 12:15:00,2020-08-11 12:25:00,LONG,11699.05,11681.501425,SL,2,5e-05,0.0008,0.0008500000000000001,-0.0014999999999999053,-0.002349999999999905,0.002475414670421883,0.0007992101922806009,11935.0,11705.0,1.9649722340879965,3,train,2020-08,5210f76300b0,Q3
185,2020-08-12 12:30:00,2020-08-12 12:40:00,SHORT,11481.55,11498.772325,SL,2,5e-05,0.0008,0.0008500000000000001,-0.0015000000000000555,-0.0023500000000000556,0.0016051839690634359,0.0010573485287264715,11476.41,11150.0,2.9274439461883395,6,train,2020-08,5210f76300b0,Q4 (wide)
186,2020-08-12 12:50:00,2020-08-12 12:55:00,SHORT,11479.68,11496.89952,SL,1,5e-05,0.0008,0.0008500000000000001,-0.0015000000000000484,-0.0023500000000000482,0.002690841556559017,0.0,11476.41,11150.0,2.9274439461883395,10,train,2020-08,5210f76300b0,Q4 (wide)
187,2020-08-13 12:20:00,2020-08-13 12:30:00,LONG,11484.3,11467.07355,SL,2,5e-05,0.0008,0.0008500000000000001,-0.00150000000000001,-0.00235000000000001,0.005248034272876764,0.002169048178818026,11656.99,11490.52,1.4487594991349333,4,train,2020-08,5210f76300b0,Q2
188,2020-08-13 12:35:00,2020-08-13 12:40:00,LONG,11427.49,11410.348765,SL,1,5e-05,0.0008,0.0008500000000000001,-0.001499999999999925,-0.002349999999999925,0.003931747041563833,0.002407352795758318,11656.99,11490.52,1.4487594991349333,7,train,2020-08,5210f76300b0,Q2
189,2020-08-16 12:05:00,2020-08-16 12:10:00,LONG,11754.42,11736.78837,SL,1,5e-05,0.0008,0.0008500000000000001,-0.001499999999999988,-0.0023499999999999884,0.004514046630969413,0.0,11931.72,11768.78,1.384510543998602,1,train,2020-08,5210f76300b0,Q2
190,2020-08-16 12:35:00,2020-08-16 13:10:00,LONG,11766.75,11807.933625000001,TP,7,5e-05,0.0008,0.0008500000000000001,0.0035000000000001263,0.002650000000000126,0.0012331357426647305,0.00478041940212888,11931.72,11768.78,1.384510543998602,7,train,2020-08,5210f76300b0,Q2
191,2020-08-18 12:15:00,2020-08-18 12:25:00,LONG,12181.48,12224.11518,TP,2,5e-05,0.0008,0.0008500000000000001,0.003500000000000093,0.002650000000000093,0.0,0.003914138511904981,12387.77,12192.0,1.6057250656168014,3,train,2020-08,5210f76300b0,Q2
192,2020-08-18 12:35:00,2020-08-18 12:50:00,LONG,12194.76,12237.44166,TP,3,5e-05,0.0008,0.0008500000000000001,0.0035000000000000157,0.0026500000000000156,0.0007224414420619586,0.003709790106570345,12387.77,12192.0,1.6057250656168014,7,train,2020-08,5210f76300b0,Q2
193,2020-08-21 13:00:00,2020-08-21 13:05:00,LONG,11760.24,11742.59964,SL,1,5e-05,0.0008,0.0008500000000000001,-0.0014999999999999506,-0.0023499999999999507,0.0025713760943654024,0.0,11878.0,11778.44,0.8452732280335893,12,train,2020-08,5210f76300b0,Q1 (tight)
194,2020-08-22 12:15:00,2020-08-22 12:40:00,SHORT,11587.8,11605.1817,SL,5,5e-05,0.0008,0.0008500000000000001,-0.0014999999999999922,-0.0023499999999999923,0.0020202281710074263,0.0015524948652893373,11589.56,11376.81,1.870032109176474,3,train,2020-08,5210f76300b0,Q3
195,2020-08-22 12:45:00,2020-08-22 13:15:00,SHORT,11602.47,11561.861355,TP,6,5e-05,0.0008,0.0008500000000000001,0.0035000000000000218,0.0026500000000000217,0.0,0.0036095762367839954,11589.56,11376.81,1.870032109176474,9,train,2020-08,5210f76300b0,Q3
196,2020-08-23 12:10:00,2020-08-23 13:25:00,LONG,11545.83,11586.240405,TP,15,5e-05,0.0008,0.0008500000000000001,0.0035000000000000465,0.0026500000000000464,0.0011579938384681568,0.007430388287373093,11688.81,11555.26,1.1557507143932657,2,train,2020-08,5210f76300b0,Q1 (tight)
197,2020-08-24 12:55:00,2020-08-24 14:05:00,SHORT,11786.62,11745.36683,TP,14,5e-05,0.0008,0.0008500000000000001,0.0034999999999999957,0.0026499999999999957,0.0006023779505913098,0.0035158510242970847,11775.0,11585.09,1.6392621895902393,11,train,2020-08,5210f76300b0,Q2
198,2020-08-25 12:10:00,2020-08-25 12:15:00,LONG,11555.12,11537.787320000001,SL,1,5e-05,0.0008,0.0008500000000000001,-0.001499999999999959,-0.002349999999999959,0.00753951495094822,0.0,11767.85,11550.0,1.8861471861471892,2,train,2020-08,5210f76300b0,Q3
199,2020-08-26 12:10:00,2020-08-26 12:15:00,SHORT,11395.29,11412.382935000001,SL,1,5e-05,0.0008,0.0008500000000000001,-0.0015000000000000508,-0.002350000000000051,0.0017507233251631952,0.0,11400.0,11250.0,1.3333333333333335,2,train,2020-08,5210f76300b0,Q2
200,2020-08-26 12:20:00,2020-08-26 12:25:00,SHORT,11414.08,11374.130720000001,TP,1,5e-05,0.0008,0.0008500000000000001,0.0034999999999999042,0.002649999999999904,0.0,0.007804395974095146,11400.0,11250.0,1.3333333333333335,4,train,2020-08,5210f76300b0,Q2
201,2020-08-27 12:05:00,2020-08-27 12:25:00,LONG,11312.45,11295.481325,SL,4,5e-05,0.0008,0.0008500000000000001,-0.0015000000000000065,-0.0023500000000000066,0.0024256460802037144,0.002363767353667842,11480.59,11332.48,1.30695134692495,1,train,2020-08,5210f76300b0,Q2
202,2020-08-28 12:05:00,2020-08-28 12:20:00,SHORT,11461.65,11478.842475,SL,3,5e-05,0.0008,0.0008500000000000001,-0.0014999999999999853,-0.0023499999999999853,0.0018627335505795731,0.0018156199151081642,11444.96,11276.89,1.4903931846457643,1,train,2020-08,5210f76300b0,Q2
203,2020-08-28 12:40:00,2020-08-28 14:35:00,SHORT,11453.34,11413.25331,TP,23,5e-05,0.0008,0.0008500000000000001,0.003500000000000008,0.002650000000000008,0.0010110587828528557,0.003502035214182115,11444.96,11276.89,1.4903931846457643,8,train,2020-08,5210f76300b0,Q2
204,2020-08-29 12:25:00,2020-08-29 12:40:00,LONG,11466.53,11449.330205000002,SL,3,5e-05,0.0008,0.0008500000000000001,-0.0014999999999998806,-0.002349999999999881,0.002127060235311052,0.000761346283487643,11580.02,11462.51,1.0251681350768742,5,train,2020-08,5210f76300b0,Q1 (tight)
205,2020-08-29 12:55:00,2020-08-29 14:55:00,LONG,11445.36,11485.41876,TP,24,5e-05,0.0008,0.0008500000000000001,0.0034999999999999905,0.0026499999999999905,0.0010196271676906688,0.004367708835720308,11580.02,11462.51,1.0251681350768742,11,train,2020-08,5210f76300b0,Q1 (tight)
206,2020-09-03 12:10:00,2020-09-03 12:15:00,LONG,11180.54,11163.76919,SL,1,5e-05,0.0008,0.0008500000000000001,-0.0014999999999999983,-0.0023499999999999984,0.01772275757700446,0.0,11446.13,11237.0,1.8610839191955078,2,train,2020-09,5210f76300b0,Q3
207,2020-09-06 12:05:00,2020-09-06 12:10:00,SHORT,10250.19,10265.565285,SL,1,5e-05,0.0008,0.0008500000000000001,-0.0015000000000000074,-0.0023500000000000075,0.004504306749435871,0.0,10250.0,9994.86,2.5527120940163184,1,train,2020-09,5210f76300b0,Q3
208,2020-09-06 12:40:00,2020-09-06 13:00:00,SHORT,10259.76,10223.850840000001,TP,4,5e-05,0.0008,0.0008500000000000001,0.0034999999999999263,0.0026499999999999263,0.0008928084087736803,0.00466677583101369,10250.0,9994.86,2.5527120940163184,8,train,2020-09,5210f76300b0,Q3
209,2020-09-07 12:05:00,2020-09-07 12:10:00,LONG,10046.17,10031.100745,SL,1,5e-05,0.0008,0.0008500000000000001,-0.0015000000000000339,-0.002350000000000034,0.0065865897152845385,0.0,10312.0,10052.38,2.58267196425126,1,train,2020-09,5210f76300b0,Q3
210,2020-09-15 12:05:00,2020-09-15 12:10:00,SHORT,10843.83,10860.095745,SL,1,5e-05,0.0008,0.0008500000000000001,-0.001500000000000056,-0.002350000000000056,0.0026088568337940443,0.0,10839.0,10650.0,1.7746478873239435,1,train,2020-09,5210f76300b0,Q2
211,2020-09-17 12:20:00,2020-09-17 12:25:00,LONG,10845.12,10828.852320000002,SL,1,5e-05,0.0008,0.0008500000000000001,-0.0014999999999999094,-0.0023499999999999095,0.0016809403676493557,0.0,11045.46,10842.77,1.8693562622835187,4,train,2020-09,5210f76300b0,Q3
212,2020-09-17 12:30:00,2020-09-17 12:50:00,LONG,10832.86,10816.61071,SL,4,5e-05,0.0008,0.0008500000000000001,-0.0014999999999999764,-0.0023499999999999762,0.0018480807469126745,0.0013108265038040655,11045.46,10842.77,1.8693562622835187,6,train,2020-09,5210f76300b0,Q3
213,2020-09-18 12:05:00,2020-09-18 13:05:00,SHORT,10984.47,11000.946705,SL,12,5e-05,0.0008,0.0008500000000000001,-0.0015000000000000863,-0.0023500000000000864,0.0016951204746338058,0.0029450669900321588,10985.0,10870.01,1.0578647121759757,1,train,2020-09,5210f76300b0,Q1 (tight)
214,2020-09-25 12:30:00,2020-09-25 12:35:00,LONG,10607.16,10591.24926,SL,1,5e-05,0.0008,0.0008500000000000001,-0.0014999999999999389,-0.002349999999999939,0.002035417585857114,0.00011124561145493148,10760.53,10614.58,1.3749955250231354,6,train,2020-09,5210f76300b0,Q2
215,2020-09-25 12:45:00,2020-09-25 13:55:00,LONG,10609.83,10593.915255,SL,14,5e-05,0.0008,0.0008500000000000001,-0.0015000000000000037,-0.002350000000000004,0.002340282549296259,0.002984025191732559,10760.53,10614.58,1.3749955250231354,9,train,2020-09,5210f76300b0,Q2
216,2020-09-29 12:05:00,2020-09-29 13:15:00,SHORT,10750.12,10712.49458,TP,14,5e-05,0.0008,0.0008500000000000001,0.003500000000000028,0.0026500000000000278,0.0014148679270556167,0.0035943784813566018,10747.88,10656.82,0.8544762884237463,1,train,2020-09,5210f76300b0,Q1 (tight)
217,2020-10-01 12:20:00,2020-10-01 12:35:00,SHORT,10868.59,10884.892885000001,SL,3,5e-05,0.0008,0.0008500000000000001,-0.0015000000000000892,-0.002350000000000089,0.0024198171059906827,0.0,10857.47,10776.59,0.7505157011633475,4,train,2020-10,5210f76300b0,Q1 (tight)
218,2020-10-06 12:20:00,2020-10-06 13:00:00,LONG,10705.37,10689.311945000001,SL,8,5e-05,0.0008,0.0008500000000000001,-0.0014999999999999543,-0.0023499999999999546,0.0015300732249330026,0.0016262866206399082,10800.0,10705.27,0.8848912731766649,4,train,2020-10,5210f76300b0,Q1 (tight)
219,2020-10-20 12:30:00,2020-10-20 12:40:00,SHORT,11861.0,11878.791500000001,SL,2,5e-05,0.0008,0.0008500000000000001,-0.0015000000000000993,-0.0023500000000000994,0.0024449877750611247,0.0020698086164740977,11849.0,11677.59,1.467854240472562,6,train,2020-10,5210f76300b0,Q2
220,2020-10-21 12:10:00,2020-10-21 12:20:00,SHORT,12296.86,12315.305290000002,SL,2,5e-05,0.0008,0.0008500000000000001,-0.0015000000000001202,-0.0023500000000001202,0.004728036262915851,0.001730523076622866,12295.0,11886.95,3.432756089661345,2,train,2020-10,5210f76300b0,Q4 (wide)
221,2020-10-21 12:25:00,2020-10-21 12:30:00,SHORT,12349.34,12367.864010000001,SL,1,5e-05,0.0008,0.0008500000000000001,-0.001500000000000081,-0.002350000000000081,0.0024794847335970166,0.0027807154066533226,12295.0,11886.95,3.432756089661345,5,train,2020-10,5210f76300b0,Q4 (wide)
222,2020-10-22 12:05:00,2020-10-22 12:15:00,SHORT,12937.0,12891.720500000001,TP,2,5e-05,0.0008,0.0008500000000000001,0.003499999999999902,0.002649999999999902,0.0,0.004412924170982465,12940.0,12678.08,2.0659279638557266,1,train,2020-10,5210f76300b0,Q3
223,2020-10-26 12:05:00,2020-10-26 12:10:00,SHORT,13160.0,13113.94,TP,1,5e-05,0.0008,0.0008500000000000001,0.0034999999999999615,0.0026499999999999614,0.0,0.003819908814589699,13151.51,12971.0,1.391642895690388,1,train,2020-10,5210f76300b0,Q2
224,2020-10-26 12:50:00,2020-10-26 13:15:00,SHORT,13149.6,13169.324400000001,SL,5,5e-05,0.0008,0.0008500000000000001,-0.0015000000000000738,-0.002350000000000074,0.001958994950416759,0.002365090953337011,13151.51,12971.0,1.391642895690388,10,train,2020-10,5210f76300b0,Q2
225,2020-10-29 12:40:00,2020-10-29 12:45:00,LONG,13105.0,13085.3425,SL,1,5e-05,0.0008,0.0008500000000000001,-0.00149999999999995,-0.0023499999999999502,0.0022342617321633464,7.783288821063995e-05,13326.39,13120.88,1.5662821396125886,8,train,2020-10,5210f76300b0,Q2
226,2020-11-16 12:25:00,2020-11-16 12:55:00,SHORT,16286.23,16310.659345,SL,6,5e-05,0.0008,0.0008500000000000001,-0.0015000000000000287,-0.0023500000000000287,0.002008445171166129,0.00194704360677696,16291.99,15864.0,2.697869389813413,5,train,2020-11,5210f76300b0,Q3
227,2020-11-16 13:00:00,2020-11-16 13:05:00,SHORT,16305.88,16330.33882,SL,1,5e-05,0.0008,0.0008500000000000001,-0.0015000000000001013,-0.002350000000000101,0.0019391777690011703,0.0,16291.99,15864.0,2.697869389813413,12,train,2020-11,5210f76300b0,Q3
228,2020-11-23 12:20:00,2020-11-23 12:30:00,SHORT,18558.88,18586.718320000004,SL,2,5e-05,0.0008,0.0008500000000000001,-0.0015000000000001384,-0.0023500000000001384,0.002424715284543033,0.003433935668531698,18556.83,18000.0,3.09350000000001,4,train,2020-11,5210f76300b0,Q4 (wide)
229,2020-11-23 12:35:00,2020-11-23 12:45:00,SHORT,18598.72,18626.618080000004,SL,2,5e-05,0.0008,0.0008500000000000001,-0.0015000000000001431,-0.002350000000000143,0.0016818361693707326,0.00036400354432995584,18556.83,18000.0,3.09350000000001,7,train,2020-11,5210f76300b0,Q4 (wide)
230,2020-11-25 12:10:00,2020-11-25 12:30:00,SHORT,19215.28,19244.10292,SL,4,5e-05,0.0008,0.0008500000000000001,-0.001500000000000122,-0.002350000000000122,0.002119146845635409,0.0028191106244612753,19218.12,18625.0,3.1845369127516725,2,train,2020-11,5210f76300b0,Q4 (wide)
231,2020-11-25 12:35:00,2020-11-25 12:50:00,SHORT,19241.69,19270.552535,SL,3,5e-05,0.0008,0.0008500000000000001,-0.0015000000000000109,-0.002350000000000011,0.003433690076079581,0.0015679495927851585,19218.12,18625.0,3.1845369127516725,7,train,2020-11,5210f76300b0,Q4 (wide)
232,2020-11-26 12:15:00,2020-11-26 12:20:00,LONG,17206.8,17267.0238,TP,1,5e-05,0.0008,0.0008500000000000001,0.0034999999999999858,0.0026499999999999857,0.0,0.008680289187995478,18915.03,17200.0,9.971104651162783,3,train,2020-11,5210f76300b0,Q4 (wide)
233,2020-11-26 12:40:00,2020-11-26 12:45:00,LONG,17178.97,17239.096395,TP,1,5e-05,0.0008,0.0008500000000000001,0.00349999999999996,0.00264999999999996,0.0,0.010332982710837635,18915.03,17200.0,9.971104651162783,8,train,2020-11,5210f76300b0,Q4 (wide)
234,2020-11-27 12:35:00,2020-11-27 12:40:00,LONG,16987.94,16962.45809,SL,1,5e-05,0.0008,0.0008500000000000001,-0.001499999999999918,-0.002349999999999918,0.0015981926001621043,0.0036531798440541533,17457.62,17012.56,2.6160671880069644,7,train,2020-11,5210f76300b0,Q3
235,2020-11-27 12:45:00,2020-11-27 12:55:00,LONG,17007.32,17066.84562,TP,2,5e-05,0.0008,0.0008500000000000001,0.0035000000000000205,0.0026500000000000204,0.0013558867593484046,0.0039253686059886,17457.62,17012.56,2.6160671880069644,9,train,2020-11,5210f76300b0,Q3
236,2020-11-28 12:15:00,2020-11-28 12:20:00,SHORT,17210.65,17150.412725000002,TP,1,5e-05,0.0008,0.0008500000000000001,0.0034999999999999706,0.0026499999999999705,0.0,0.0052670875301049904,17190.0,16872.0,1.8847795163584635,3,train,2020-11,5210f76300b0,Q3
237,2020-11-29 12:40:00,2020-11-29 12:45:00,SHORT,17983.02,18009.99453,SL,1,5e-05,0.0008,0.0008500000000000001,-0.0014999999999999725,-0.0023499999999999728,0.00168436669702869,0.0023549993271431706,17886.21,17517.0,2.107723925329675,8,train,2020-11,5210f76300b0,Q3
238,2020-12-03 12:05:00,2020-12-03 12:10:00,SHORT,19307.07,19336.030605,SL,1,5e-05,0.0008,0.0008500000000000001,-0.001500000000000011,-0.002350000000000011,0.0019127708140075264,0.0014020770629618946,19299.0,18867.2,2.288627883310715,1,train,2020-12,5210f76300b0,Q3
239,2020-12-03 12:15:00,2020-12-03 12:30:00,SHORT,19294.34,19323.28151,SL,3,5e-05,0.0008,0.0008500000000000001,-0.001500000000000029,-0.002350000000000029,0.0022965284119592227,0.0038643457096745114,19299.0,18867.2,2.288627883310715,3,train,2020-12,5210f76300b0,Q3
240,2020-12-03 12:35:00,2020-12-03 12:45:00,SHORT,19291.66,19320.59749,SL,2,5e-05,0.0008,0.0008500000000000001,-0.001500000000000013,-0.002350000000000013,0.0021600007464366413,0.0012653136122034005,19299.0,18867.2,2.288627883310715,7,train,2020-12,5210f76300b0,Q3
241,2020-12-03 12:50:00,2020-12-03 13:00:00,SHORT,19326.87,19355.860305,SL,2,5e-05,0.0008,0.0008500000000000001,-0.0014999999999999666,-0.0023499999999999667,0.0024985939264868485,0.002300424228030671,19299.0,18867.2,2.288627883310715,10,train,2020-12,5210f76300b0,Q3
242,2020-12-05 12:20:00,2020-12-05 12:25:00,SHORT,18995.18,19023.67277,SL,1,5e-05,0.0008,0.0008500000000000001,-0.0015000000000000393,-0.0023500000000000396,0.0019241723426679438,0.00011845110180582653,18990.08,18500.0,2.6490810810810905,4,train,2020-12,5210f76300b0,Q3
243,2020-12-05 12:30:00,2020-12-05 12:35:00,SHORT,19012.35,19040.868524999998,SL,1,5e-05,0.0008,0.0008500000000000001,-0.0014999999999999738,-0.0023499999999999736,0.0018829865850356696,0.0,18990.08,18500.0,2.6490810810810905,6,train,2020-12,5210f76300b0,Q3
244,2020-12-07 12:10:00,2020-12-07 12:35:00,LONG,19155.01,19222.052535,TP,5,5e-05,0.0008,0.0008500000000000001,0.003500000000000026,0.002650000000000026,0.0011098923989075653,0.003699815348569519,19420.91,19157.55,1.3747060558369968,2,train,2020-12,5210f76300b0,Q2
245,2020-12-10 12:10:00,2020-12-10 12:25:00,LONG,18256.16,18228.77576,SL,3,5e-05,0.0008,0.0008500000000000001,-0.0014999999999999677,-0.0023499999999999676,0.0018475955513097806,0.0018881298148132556,18557.32,18278.44,1.525731955243451,2,train,2020-12,5210f76300b0,Q2
246,2020-12-11 12:10:00,2020-12-11 12:15:00,LONG,17698.82,17672.27177,SL,1,5e-05,0.0008,0.0008500000000000001,-0.0015000000000000187,-0.0023500000000000187,0.001712543548101021,0.0047669844656309844,18292.73,17700.51,3.3457793024042877,2,train,2020-12,5210f76300b0,Q4 (wide)
247,2020-12-13 12:25:00,2020-12-13 12:30:00,SHORT,19303.84,19332.79576,SL,1,5e-05,0.0008,0.0008500000000000001,-0.0015000000000000382,-0.0023500000000000383,0.0037282737527870704,0.0,19306.27,18711.12,3.1807288927653796,5,train,2020-12,5210f76300b0,Q4 (wide)
248,2020-12-13 12:35:00,2020-12-13 13:20:00,SHORT,19375.8,19404.8637,SL,9,5e-05,0.0008,0.0008500000000000001,-0.0015000000000001254,-0.0023500000000001254,0.0018166991814531905,0.0029268468914831454,19306.27,18711.12,3.1807288927653796,7,train,2020-12,5210f76300b0,Q4 (wide)
249,2020-12-22 12:05:00,2020-12-22 12:10:00,SHORT,23191.78,23110.60877,TP,1,5e-05,0.0008,0.0008500000000000001,0.003499999999999997,0.002649999999999997,0.0,0.004388623900364649,23076.77,22428.86,2.888733533492116,1,train,2020-12,5210f76300b0,Q4 (wide)
250,2020-12-22 12:20:00,2020-12-22 12:25:00,SHORT,23143.65,23178.365475000002,SL,1,5e-05,0.0008,0.0008500000000000001,-0.001500000000000038,-0.002350000000000038,0.0022343061703749894,0.0012379205527218676,23076.77,22428.86,2.888733533492116,4,train,2020-12,5210f76300b0,Q4 (wide)
251,2020-12-22 12:45:00,2020-12-22 12:50:00,SHORT,23082.0,23116.623,SL,1,5e-05,0.0008,0.0008500000000000001,-0.0014999999999999823,-0.0023499999999999823,0.0094445888571181,0.0,23076.77,22428.86,2.888733533492116,9,train,2020-12,5210f76300b0,Q4 (wide)
252,2020-12-23 12:25:00,2020-12-23 12:30:00,LONG,23260.37,23341.781295,TP,1,5e-05,0.0008,0.0008500000000000001,0.0035000000000000734,0.0026500000000000733,0.00023516392903455646,0.007171854961894403,24050.0,23319.11,3.1342962917538424,5,train,2020-12,5210f76300b0,Q4 (wide)
253,2020-12-24 12:05:00,2020-12-24 12:10:00,SHORT,23253.28,23171.89352,TP,1,5e-05,0.0008,0.0008500000000000001,0.003499999999999888,0.002649999999999888,0.0,0.0048444778543069115,23242.04,22703.42,2.372417900034456,1,train,2020-12,5210f76300b0,Q3
254,2021-01-07 12:05:00,2021-01-07 12:10:00,SHORT,38046.14,38103.20921,SL,1,5e-05,0.0008,0.0008500000000000001,-0.0015000000000000388,-0.0023500000000000387,0.00404403705605879,0.005155319304402482,37700.8,36422.71,3.5090469654784164,1,train,2021-01,5210f76300b0,Q4 (wide)
255,2021-01-07 12:20:00,2021-01-07 12:25:00,SHORT,37757.92,37814.556880000004,SL,1,5e-05,0.0008,0.0008500000000000001,-0.001500000000000145,-0.0023500000000001454,0.00735686711556142,0.0,37700.8,36422.71,3.5090469654784164,4,train,2021-01,5210f76300b0,Q4 (wide)
256,2021-01-16 12:05:00,2021-01-16 12:10:00,SHORT,37774.2,37830.8613,SL,1,5e-05,0.0008,0.0008500000000000001,-0.0014999999999999937,-0.0023499999999999936,0.002959692064954464,0.0013556872150832877,37669.0,35520.0,6.050112612612613,1,train,2021-01,5210f76300b0,Q4 (wide)
257,2021-01-19 12:05:00,2021-01-19 12:15:00,SHORT,37313.72,37369.69058,SL,2,5e-05,0.0008,0.0008500000000000001,-0.0015000000000000284,-0.0023500000000000283,0.0023122862046453378,0.0030401686028624945,37280.0,36002.01,3.5497740265057365,1,train,2021-01,5210f76300b0,Q4 (wide)
258,2021-01-19 12:20:00,2021-01-19 12:25:00,SHORT,37361.0,37230.2365,TP,1,5e-05,0.0008,0.0008500000000000001,0.003500000000000025,0.0026500000000000247,0.0,0.006985894381842028,37280.0,36002.01,3.5497740265057365,4,train,2021-01,5210f76300b0,Q4 (wide)
259,2021-01-20 12:30:00,2021-01-20 12:35:00,LONG,34722.56,34670.47616,SL,1,5e-05,0.0008,0.0008500000000000001,-0.0014999999999999807,-0.0023499999999999806,0.004215990986839663,0.0019143173775205851,36415.31,34737.0,4.831476523591553,6,train,2021-01,5210f76300b0,Q4 (wide)
260,2021-01-20 12:40:00,2021-01-20 12:45:00,LONG,34631.07,34579.123395,SL,1,5e-05,0.0008,0.0008500000000000001,-0.001499999999999924,-0.002349999999999924,0.004505780502883708,0.0014426351827996977,36415.31,34737.0,4.831476523591553,8,train,2021-01,5210f76300b0,Q4 (wide)
261,2021-01-20 12:55:00,2021-01-20 13:00:00,LONG,34669.2,34617.1962,SL,1,5e-05,0.0008,0.0008500000000000001,-0.0014999999999999595,-0.0023499999999999598,0.0023156000138451088,0.002330598917771478,36415.31,34737.0,4.831476523591553,11,train,2021-01,5210f76300b0,Q4 (wide)
262,2021-01-31 12:05:00,2021-01-31 12:15:00,LONG,33453.93,33403.749105,SL,2,5e-05,0.0008,0.0008500000000000001,-0.0014999999999999309,-0.002349999999999931,0.002619722107387665,0.0006788440102552713,34342.69,33450.0,2.668729446935732,1,train,2021-01,5210f76300b0,Q3
263,2021-02-13 12:45:00,2021-02-13 12:50:00,LONG,46909.4,46839.0359,SL,1,5e-05,0.0008,0.0008500000000000001,-0.001499999999999976,-0.0023499999999999762,0.0017139421949545603,0.0007399369849113211,48150.0,46990.0,2.4686103426260906,9,train,2021-02,5210f76300b0,Q3
264,2021-02-13 13:00:00,2021-02-13 13:05:00,LONG,46879.81,46809.490285,SL,1,5e-05,0.0008,0.0008500000000000001,-0.0014999999999999534,-0.0023499999999999537,0.006873961306583794,0.00254245910979593,48150.0,46990.0,2.4686103426260906,12,train,2021-02,5210f76300b0,Q3
265,2021-02-17 12:05:00,2021-02-17 12:30:00,SHORT,51351.47,51428.49720500001,SL,5,5e-05,0.0008,0.0008500000000000001,-0.0015000000000001126,-0.0023500000000001124,0.0019785217443628886,0.00339756583404528,51266.09,48947.0,4.737961468527176,1,train,2021-02,5210f76300b0,Q4 (wide)
266,2021-02-17 12:35:00,2021-02-17 12:45:00,SHORT,51408.19,51228.261335,TP,2,5e-05,0.0008,0.0008500000000000001,0.0034999999999999892,0.002649999999999989,0.001117331693646383,0.011187711530011062,51266.09,48947.0,4.737961468527176,7,train,2021-02,5210f76300b0,Q4 (wide)
267,2021-02-21 12:45:00,2021-02-21 12:50:00,SHORT,57043.0,56843.349500000004,TP,1,5e-05,0.0008,0.0008500000000000001,0.0034999999999999316,0.0026499999999999315,0.0,0.0063306628333012396,56959.71,55477.59,2.6715652212001326,9,train,2021-02,5210f76300b0,Q3
268,2021-02-23 12:40:00,2021-02-23 12:45:00,LONG,48342.75,48270.235875000006,SL,1,5e-05,0.0008,0.0008500000000000001,-0.0014999999999998808,-0.002349999999999881,0.013865367609414045,0.010079070801723112,54183.59,48615.0,11.454468785354308,8,train,2021-02,5210f76300b0,Q4 (wide)
269,2021-02-23 12:50:00,2021-02-23 12:55:00,LONG,48525.68,48695.51988,TP,1,5e-05,0.0008,0.0008500000000000001,0.0034999999999999905,0.0026499999999999905,0.0,0.019162018955736396,54183.59,48615.0,11.454468785354308,10,train,2021-02,5210f76300b0,Q4 (wide)
270,2021-03-06 12:05:00,2021-03-06 12:10:00,LONG,47832.95,47761.200575,SL,1,5e-05,0.0008,0.0008500000000000001,-0.0014999999999998855,-0.0023499999999998856,0.00509585965323067,0.0,49156.0,48115.83,2.161804129742744,1,train,2021-03,5210f76300b0,Q3
271,2021-03-12 12:05:00,2021-03-12 12:10:00,LONG,56339.8,56536.98930000001,TP,1,5e-05,0.0008,0.0008500000000000001,0.003500000000000097,0.0026500000000000967,0.0,0.008960095704990036,58081.51,56350.0,3.072777284826978,1,train,2021-03,5210f76300b0,Q4 (wide)
272,2021-03-12 12:35:00,2021-03-12 12:40:00,LONG,56277.32,56474.29062,TP,1,5e-05,0.0008,0.0008500000000000001,0.003500000000000001,0.002650000000000001,0.0005766088363837704,0.004871411787199558,58081.51,56350.0,3.072777284826978,7,train,2021-03,5210f76300b0,Q4 (wide)
273,2021-03-14 12:10:00,2021-03-14 12:15:00,LONG,60364.91,60274.362635000005,SL,1,5e-05,0.0008,0.0008500000000000001,-0.0014999999999999757,-0.002349999999999976,0.003678461543303931,0.0005350790715996369,61724.79,60455.28,2.099915838616581,2,train,2021-03,5210f76300b0,Q3
274,2021-03-14 12:25:00,2021-03-14 12:35:00,LONG,60429.1,60338.45635,SL,2,5e-05,0.0008,0.0008500000000000001,-0.0014999999999999697,-0.0023499999999999697,0.0024122484035009094,0.0009862797890420104,61724.79,60455.28,2.099915838616581,5,train,2021-03,5210f76300b0,Q3
275,2021-03-14 12:40:00,2021-03-14 12:45:00,LONG,60349.99,60259.465015,SL,1,5e-05,0.0008,0.0008500000000000001,-0.00149999999999994,-0.00234999999999994,0.003463629405738076,0.00014664459762128452,61724.79,60455.28,2.099915838616581,8,train,2021-03,5210f76300b0,Q3
276,2021-03-14 12:55:00,2021-03-14 13:00:00,LONG,60388.42,60297.83737,SL,1,5e-05,0.0008,0.0008500000000000001,-0.001499999999999953,-0.002349999999999953,0.0017296362448296725,0.0009958862974060163,61724.79,60455.28,2.099915838616581,11,train,2021-03,5210f76300b0,Q3
277,2021-03-17 12:35:00,2021-03-17 12:50:00,LONG,55167.14,55360.22499,TP,3,5e-05,0.0008,0.0008500000000000001,0.0035000000000000547,0.0026500000000000547,0.0006922599213952786,0.004468058340526588,57189.43,55185.42,3.6314120649983317,7,train,2021-03,5210f76300b0,Q4 (wide)
278,2021-03-17 13:00:00,2021-03-17 13:10:00,LONG,55151.01,55068.28348500001,SL,2,5e-05,0.0008,0.0008500000000000001,-0.0014999999999999064,-0.0023499999999999064,0.0021941574596730327,0.0031970402717919344,57189.43,55185.42,3.6314120649983317,12,train,2021-03,5210f76300b0,Q4 (wide)
279,2021-03-18 12:05:00,2021-03-18 12:10:00,LONG,58029.8,57942.755300000004,SL,1,5e-05,0.0008,0.0008500000000000001,-0.001499999999999975,-0.0023499999999999754,0.0048216605950736156,0.0,59561.54,58119.0,2.482045458455928,1,train,2021-03,5210f76300b0,Q3
280,2021-03-18 12:55:00,2021-03-18 13:15:00,LONG,58014.02,57926.99897,SL,4,5e-05,0.0008,0.0008500000000000001,-0.0014999999999999354,-0.0023499999999999355,0.0032805863134462965,0.0018959210204706595,59561.54,58119.0,2.482045458455928,11,train,2021-03,5210f76300b0,Q3
281,2021-03-20 12:35:00,2021-03-20 12:40:00,SHORT,58932.87,59021.26930500001,SL,1,5e-05,0.0008,0.0008500000000000001,-0.0015000000000001065,-0.0023500000000001063,0.0017570839499246452,1.4423190318167446e-05,58913.98,57820.17,1.8917446973953984,7,train,2021-03,5210f76300b0,Q3
282,2021-03-20 12:45:00,2021-03-20 12:50:00,SHORT,58961.02,59049.46153,SL,1,5e-05,0.0008,0.0008500000000000001,-0.0015000000000000627,-0.002350000000000063,0.004392393483016461,0.0,58913.98,57820.17,1.8917446973953984,9,train,2021-03,5210f76300b0,Q3
283,2021-03-27 12:10:00,2021-03-27 12:15:00,LONG,54175.01,54093.74748500001,SL,1,5e-05,0.0008,0.0008500000000000001,-0.0014999999999999057,-0.002349999999999906,0.003518227315509467,0.0006608212901113564,55555.0,54495.12,1.9449080945229542,2,train,2021-03,5210f76300b0,Q3
284,2021-04-01 12:45:00,2021-04-01 12:50:00,LONG,58478.28,58682.953980000006,TP,1,5e-05,0.0008,0.0008500000000000001,0.003500000000000117,0.002650000000000117,0.0,0.003943002427568009,59314.53,58500.2,1.392012335000567,9,train,2021-04,5210f76300b0,Q2
285,2021-04-09 12:05:00,2021-04-09 12:10:00,SHORT,58577.03,58664.895545,SL,1,5e-05,0.0008,0.0008500000000000001,-0.0015000000000000098,-0.00235000000000001,0.0020992870413539433,0.0005049760972859454,58419.45,57654.0,1.3276615672806693,1,train,2021-04,5210f76300b0,Q2
286,2021-04-09 12:35:00,2021-04-09 13:00:00,SHORT,58486.59,58574.319885,SL,5,5e-05,0.0008,0.0008500000000000001,-0.001500000000000011,-0.002350000000000011,0.0016034444818890299,0.002164598756740623,58419.45,57654.0,1.3276615672806693,7,train,2021-04,5210f76300b0,Q2
287,2021-04-16 12:35:00,2021-04-16 12:40:00,LONG,60968.01,60876.55798500001,SL,1,5e-05,0.0008,0.0008500000000000001,-0.0014999999999999228,-0.002349999999999923,0.00428929860102047,0.0,63520.61,61025.0,4.0894879147890215,7,train,2021-04,5210f76300b0,Q4 (wide)
288,2021-04-17 13:00:00,2021-04-17 13:10:00,LONG,61061.52,60969.92772,SL,2,5e-05,0.0008,0.0008500000000000001,-0.001499999999999953,-0.002349999999999953,0.0026452011021015657,0.00036536922107417155,62506.05,61114.14,2.2775580250331653,12,train,2021-04,5210f76300b0,Q3
289,2021-04-20 12:10:00,2021-04-20 12:20:00,SHORT,55856.77,55661.271305,TP,2,5e-05,0.0008,0.0008500000000000001,0.0034999999999999064,0.0026499999999999063,0.0008358879326535052,0.004512255184107381,55792.15,53329.96,4.616898268815508,2,train,2021-04,5210f76300b0,Q4 (wide)
290,2021-04-20 12:30:00,2021-04-20 12:35:00,SHORT,55790.01,55873.695015000005,SL,1,5e-05,0.0008,0.0008500000000000001,-0.0015000000000000493,-0.002350000000000049,0.0030310085981342994,0.0,55792.15,53329.96,4.616898268815508,6,train,2021-04,5210f76300b0,Q4 (wide)
291,2021-04-20 12:45:00,2021-04-20 12:50:00,SHORT,55791.54,55875.22731,SL,1,5e-05,0.0008,0.0008500000000000001,-0.0015000000000000208,-0.002350000000000021,0.0033940629708375243,0.0,55792.15,53329.96,4.616898268815508,9,train,2021-04,5210f76300b0,Q4 (wide)
292,2021-04-20 13:00:00,2021-04-20 13:05:00,SHORT,55801.13,55884.831695,SL,1,5e-05,0.0008,0.0008500000000000001,-0.0015000000000000607,-0.002350000000000061,0.0035696409732204767,0.0,55792.15,53329.96,4.616898268815508,12,train,2021-04,5210f76300b0,Q4 (wide)
293,2021-04-22 12:05:00,2021-04-22 12:10:00,SHORT,55018.54,54825.97511000001,TP,1,5e-05,0.0008,0.0008500000000000001,0.0034999999999998943,0.002649999999999894,0.0,0.004834552134607679,54850.0,52561.0,4.354939974505812,1,train,2021-04,5210f76300b0,Q4 (wide)
294,2021-04-22 12:20:00,2021-04-22 12:30:00,SHORT,55016.88,55099.40532,SL,2,5e-05,0.0008,0.0008500000000000001,-0.0015000000000000117,-0.002350000000000012,0.007229599352053406,0.003014711121386756,54850.0,52561.0,4.354939974505812,4,train,2021-04,5210f76300b0,Q4 (wide)
295,2021-04-24 12:05:00,2021-04-24 12:10:00,LONG,49050.99,49222.668465,TP,1,5e-05,0.0008,0.0008500000000000001,0.003500000000000092,0.002650000000000092,0.0,0.006870605465863218,51166.22,49304.06,3.7768897733776967,1,train,2021-04,5210f76300b0,Q4 (wide)
296,2021-04-24 12:15:00,2021-04-24 12:20:00,LONG,49285.61,49211.681585000006,SL,1,5e-05,0.0008,0.0008500000000000001,-0.0014999999999998957,-0.0023499999999998956,0.005372967890627663,0.00028000059246508077,51166.22,49304.06,3.7768897733776967,3,train,2021-04,5210f76300b0,Q4 (wide)
297,2021-04-24 12:25:00,2021-04-24 12:30:00,LONG,49221.1,49393.37385,TP,1,5e-05,0.0008,0.0008500000000000001,0.0035000000000001024,0.0026500000000001024,0.0,0.006982980876087677,51166.22,49304.06,3.7768897733776967,5,train,2021-04,5210f76300b0,Q4 (wide)
298,2021-04-25 12:05:00,2021-04-25 12:10:00,LONG,49522.63,49695.959205,TP,1,5e-05,0.0008,0.0008500000000000001,0.003500000000000037,0.002650000000000037,0.0,0.007125429323927316,50452.85,49600.0,1.7194556451612875,1,train,2021-04,5210f76300b0,Q2
299,2021-04-25 12:35:00,2021-04-25 12:40:00,LONG,49611.34,49784.97969,TP,1,5e-05,0.0008,0.0008500000000000001,0.003500000000000073,0.002650000000000073,0.0,0.0045485568420446515,50452.85,49600.0,1.7194556451612875,7,train,2021-04,5210f76300b0,Q2
300,2021-04-27 12:20:00,2021-04-27 12:40:00,SHORT,54964.8,54772.423200000005,TP,4,5e-05,0.0008,0.0008500000000000001,0.0034999999999999667,0.0026499999999999666,0.0006404098623118266,0.004148473204669244,54933.74,53222.0,3.2162263725526996,4,train,2021-04,5210f76300b0,Q4 (wide)
301,2021-04-27 12:50:00,2021-04-27 13:35:00,SHORT,54950.0,55032.425,SL,9,5e-05,0.0008,0.0008500000000000001,-0.001500000000000053,-0.002350000000000053,0.0016529572338489854,0.009126842584167367,54933.74,53222.0,3.2162263725526996,10,train,2021-04,5210f76300b0,Q4 (wide)
302,2021-04-30 12:40:00,2021-04-30 12:45:00,SHORT,54573.38,54655.24007,SL,1,5e-05,0.0008,0.0008500000000000001,-0.001500000000000045,-0.0023500000000000448,0.001971657243879815,0.0008802826579552316,54558.8,53013.01,2.91586914231054,8,train,2021-04,5210f76300b0,Q4 (wide)
303,2021-04-30 12:50:00,2021-04-30 13:00:00,SHORT,54646.84,54728.81026,SL,2,5e-05,0.0008,0.0008500000000000001,-0.0015000000000000343,-0.0023500000000000344,0.0017047646304892195,0.00047852721218636214,54558.8,53013.01,2.91586914231054,10,train,2021-04,5210f76300b0,Q4 (wide)
304,2021-05-05 12:20:00,2021-05-05 12:25:00,SHORT,55639.14,55444.40301,TP,1,5e-05,0.0008,0.0008500000000000001,0.003499999999999957,0.002649999999999957,0.0,0.005228154137536982,55415.83,52900.0,4.755822306238189,4,train,2021-05,5210f76300b0,Q4 (wide)
305,2021-05-05 12:30:00,2021-05-05 12:50:00,SHORT,55431.45,55514.597175,SL,4,5e-05,0.0008,0.0008500000000000001,-0.0015000000000000996,-0.0023500000000000994,0.002499483596406064,0.0026557125963690134,55415.83,52900.0,4.755822306238189,6,train,2021-05,5210f76300b0,Q4 (wide)
306,2021-05-05 12:55:00,2021-05-05 13:00:00,SHORT,55533.93,55617.230895,SL,1,5e-05,0.0008,0.0008500000000000001,-0.0015000000000000057,-0.0023500000000000057,0.0034242129091169348,0.0,55415.83,52900.0,4.755822306238189,11,train,2021-05,5210f76300b0,Q4 (wide)
307,2021-05-06 12:20:00,2021-05-06 12:25:00,SHORT,57662.49,57748.983735,SL,1,5e-05,0.0008,0.0008500000000000001,-0.0015000000000000633,-0.0023500000000000634,0.0035633216671704807,0.0,57570.0,56331.66,2.1983019850648757,4,train,2021-05,5210f76300b0,Q3
308,2021-05-06 12:50:00,2021-05-06 13:00:00,SHORT,57578.6,57664.9679,SL,2,5e-05,0.0008,0.0008500000000000001,-0.0015000000000000824,-0.0023500000000000825,0.0021084222263132737,0.002251878302007972,57570.0,56331.66,2.1983019850648757,10,train,2021-05,5210f76300b0,Q3
309,2021-05-08 12:35:00,2021-05-08 12:40:00,SHORT,58722.62,58517.09083000001,TP,1,5e-05,0.0008,0.0008500000000000001,0.0034999999999999034,0.0026499999999999033,0.0,0.004952265413225856,58599.99,56900.0,2.987680140597536,7,train,2021-05,5210f76300b0,Q4 (wide)
310,2021-05-08 12:45:00,2021-05-08 12:50:00,SHORT,58628.25,58716.192375000006,SL,1,5e-05,0.0008,0.0008500000000000001,-0.0015000000000001022,-0.002350000000000102,0.008358598457228434,0.0,58599.99,56900.0,2.987680140597536,9,train,2021-05,5210f76300b0,Q4 (wide)
311,2021-05-10 12:05:00,2021-05-10 12:10:00,LONG,58000.58,58203.582030000005,TP,1,5e-05,0.0008,0.0008500000000000001,0.0035000000000000565,0.0026500000000000564,0.0,0.003980649848673882,59500.0,58009.96,2.5685933932724674,1,train,2021-05,5210f76300b0,Q3
312,2021-05-10 12:15:00,2021-05-10 12:20:00,LONG,58015.97,57928.946045000004,SL,1,5e-05,0.0008,0.0008500000000000001,-0.0014999999999999471,-0.002349999999999947,0.0035771185071972224,0.0012875765069513979,59500.0,58009.96,2.5685933932724674,3,train,2021-05,5210f76300b0,Q3
313,2021-05-10 12:25:00,2021-05-10 12:30:00,LONG,58005.41,57918.40188500001,SL,1,5e-05,0.0008,0.0008500000000000001,-0.0014999999999999465,-0.0023499999999999467,0.005736361487661327,0.002352711583281523,59500.0,58009.96,2.5685933932724674,5,train,2021-05,5210f76300b0,Q3
314,2021-05-10 12:40:00,2021-05-10 12:45:00,LONG,58003.53,57916.524705,SL,1,5e-05,0.0008,0.0008500000000000001,-0.0014999999999999205,-0.0023499999999999207,0.005148652159618551,0.0,59500.0,58009.96,2.5685933932724674,8,train,2021-05,5210f76300b0,Q3
315,2021-05-12 12:10:00,2021-05-12 12:15:00,LONG,56512.56,56427.79116,SL,1,5e-05,0.0008,0.0008500000000000001,-0.001499999999999947,-0.0023499999999999467,0.002823089238923186,0.0016217633743720239,58000.01,56555.12,2.5548349999080533,2,train,2021-05,5210f76300b0,Q3
316,2021-05-12 12:25:00,2021-05-12 12:30:00,LONG,56536.05,56451.245925,SL,1,5e-05,0.0008,0.0008500000000000001,-0.0015,-0.00235,0.006156072099129686,0.0012116163049947777,58000.01,56555.12,2.5548349999080533,5,train,2021-05,5210f76300b0,Q3
317,2021-05-12 12:35:00,2021-05-12 12:45:00,LONG,56204.51,56401.225785,TP,2,5e-05,0.0008,0.0008500000000000001,0.0035000000000000057,0.0026500000000000056,0.0,0.005781386582678063,58000.01,56555.12,2.5548349999080533,7,train,2021-05,5210f76300b0,Q3
318,2021-05-12 12:50:00,2021-05-12 12:55:00,LONG,56477.22,56392.50417000001,SL,1,5e-05,0.0008,0.0008500000000000001,-0.001499999999999889,-0.002349999999999889,0.004279070393337318,0.0,58000.01,56555.12,2.5548349999080533,10,train,2021-05,5210f76300b0,Q3
319,2021-05-14 12:05:00,2021-05-14 12:10:00,SHORT,50392.45,50468.038675,SL,1,5e-05,0.0008,0.0008500000000000001,-0.0015000000000001258,-0.002350000000000126,0.002857769368228813,0.0,50390.7,48799.75,3.260160144263028,1,train,2021-05,5210f76300b0,Q4 (wide)
320,2021-05-14 12:15:00,2021-05-14 12:45:00,SHORT,50397.41,50473.006115000004,SL,6,5e-05,0.0008,0.0008500000000000001,-0.0015000000000000055,-0.0023500000000000057,0.0026644226360044857,0.00339739681066946,50390.7,48799.75,3.260160144263028,3,train,2021-05,5210f76300b0,Q4 (wide)
321,2021-05-14 12:55:00,2021-05-14 13:05:00,SHORT,50366.68,50190.39662,TP,2,5e-05,0.0008,0.0008500000000000001,0.0035000000000000153,0.002650000000000015,0.0,0.004237920784137391,50390.7,48799.75,3.260160144263028,11,train,2021-05,5210f76300b0,Q4 (wide)
322,2021-05-19 12:25:00,2021-05-19 12:30:00,LONG,38450.57,38392.894145,SL,1,5e-05,0.0008,0.0008500000000000001,-0.0015000000000000343,-0.0023500000000000344,0.02349926151940004,0.0,43584.9,38550.0,13.060700389105062,5,train,2021-05,5210f76300b0,Q4 (wide)
323,2021-05-22 12:25:00,2021-05-22 12:30:00,SHORT,38482.59,38540.313884999996,SL,1,5e-05,0.0008,0.0008500000000000001,-0.0014999999999999853,-0.0023499999999999853,0.006408092594599424,0.0012886346786948725,38100.0,35200.62,8.236729921234334,5,train,2021-05,5210f76300b0,Q4 (wide)
324,2021-05-22 13:00:00,2021-05-22 13:05:00,SHORT,38151.8,38209.027700000006,SL,1,5e-05,0.0008,0.0008500000000000001,-0.0015000000000000811,-0.002350000000000081,0.0029954025760252157,0.004886794332115452,38100.0,35200.62,8.236729921234334,12,train,2021-05,5210f76300b0,Q4 (wide)
325,2021-05-23 12:05:00,2021-05-23 12:10:00,LONG,35096.68,35219.51838,TP,1,5e-05,0.0008,0.0008500000000000001,0.00350000000000003,0.00265000000000003,0.0,0.009297745541743542,38270.64,35530.0,7.713594145792286,1,train,2021-05,5210f76300b0,Q4 (wide)
326,2021-05-23 12:25:00,2021-05-23 12:30:00,LONG,35151.83,35099.102255000005,SL,1,5e-05,0.0008,0.0008500000000000001,-0.0014999999999999005,-0.0023499999999999008,0.0036905617716062916,0.0017686134690568956,38270.64,35530.0,7.713594145792286,5,train,2021-05,5210f76300b0,Q4 (wide)
327,2021-05-27 12:45:00,2021-05-27 12:50:00,SHORT,39329.66,39388.65449000001,SL,1,5e-05,0.0008,0.0008500000000000001,-0.0015000000000001165,-0.0023500000000001168,0.005462798305401026,0.0,39243.1,37134.27,5.6789321561996555,9,train,2021-05,5210f76300b0,Q4 (wide)
328,2021-05-28 12:20:00,2021-05-28 12:25:00,LONG,36284.28,36411.27498,TP,1,5e-05,0.0008,0.0008500000000000001,0.0035000000000000864,0.0026500000000000863,0.0,0.014052090877922963,38877.83,36442.0,6.684128203720986,4,train,2021-05,5210f76300b0,Q4 (wide)
329,2021-05-28 12:35:00,2021-05-28 12:40:00,LONG,36403.0,36530.410500000005,TP,1,5e-05,0.0008,0.0008500000000000001,0.003500000000000149,0.0026500000000001488,0.0005587451583659728,0.005562453643930389,38877.83,36442.0,6.684128203720986,7,train,2021-05,5210f76300b0,Q4 (wide)
330,2021-05-28 12:50:00,2021-05-28 12:55:00,LONG,36419.29,36546.757515000005,TP,1,5e-05,0.0008,0.0008500000000000001,0.003500000000000107,0.002650000000000107,0.0002682644279996692,0.011496105497938051,38877.83,36442.0,6.684128203720986,10,train,2021-05,5210f76300b0,Q4 (wide)
331,2021-06-01 12:10:00,2021-06-01 12:15:00,LONG,36338.27,36283.762595,SL,1,5e-05,0.0008,0.0008500000000000001,-0.001499999999999908,-0.002349999999999908,0.006226493446165565,0.0,37894.81,36478.0,3.884012281375069,2,train,2021-06,5210f76300b0,Q4 (wide)
332,2021-06-03 12:50:00,2021-06-03 13:00:00,SHORT,39025.0,39083.537500000006,SL,2,5e-05,0.0008,0.0008500000000000001,-0.0015000000000001492,-0.0023500000000001493,0.00542344650864834,0.0019218449711723255,39039.19,37170.0,5.028759752488572,10,train,2021-06,5210f76300b0,Q4 (wide)
333,2021-06-13 12:05:00,2021-06-13 12:25:00,SHORT,36074.03,35947.770895,TP,4,5e-05,0.0008,0.0008500000000000001,0.0034999999999999268,0.0026499999999999267,0.001137106112070209,0.006405161829715108,35926.96,34757.0,3.366113300917798,1,train,2021-06,5210f76300b0,Q4 (wide)
334,2021-06-13 12:50:00,2021-06-13 12:55:00,SHORT,35977.03,35851.110395,TP,1,5e-05,0.0008,0.0008500000000000001,0.003499999999999875,0.002649999999999875,0.0,0.003950576242674767,35926.96,34757.0,3.366113300917798,10,train,2021-06,5210f76300b0,Q4 (wide)
335,2021-06-21 12:55:00,2021-06-21 13:00:00,LONG,32224.01,32175.673985,SL,1,5e-05,0.0008,0.0008500000000000001,-0.0014999999999999111,-0.002349999999999911,0.005710338347089589,0.005461455604066707,35750.0,32266.0,10.797743755036262,11,train,2021-06,5210f76300b0,Q4 (wide)
336,2021-06-28 12:15:00,2021-06-28 12:20:00,LONG,34235.9,34355.72565,TP,1,5e-05,0.0008,0.0008500000000000001,0.0034999999999999667,0.0026499999999999666,0.0,0.005394629613943114,35297.71,34254.75,3.044716426189066,3,train,2021-06,5210f76300b0,Q4 (wide)
337,2021-06-28 12:30:00,2021-06-28 12:35:00,LONG,34208.57,34157.257145,SL,1,5e-05,0.0008,0.0008500000000000001,-0.0014999999999998975,-0.0023499999999998973,0.002864194557094997,0.0,35297.71,34254.75,3.044716426189066,6,train,2021-06,5210f76300b0,Q4 (wide)
338,2021-06-29 12:05:00,2021-06-29 12:10:00,SHORT,35422.13,35475.263195,SL,1,5e-05,0.0008,0.0008500000000000001,-0.0015000000000000612,-0.0023500000000000612,0.010091149233544238,0.0,35448.0,34225.43,3.5721099778731773,1,train,2021-06,5210f76300b0,Q4 (wide)
339,2021-06-30 12:40:00,2021-06-30 12:45:00,LONG,34596.45,34717.537575,TP,1,5e-05,0.0008,0.0008500000000000001,0.0035000000000001454,0.0026500000000001453,0.0,0.003941733906224558,36100.0,34666.0,4.136618011884844,8,train,2021-06,5210f76300b0,Q4 (wide)
340,2021-06-30 12:50:00,2021-06-30 12:55:00,LONG,34670.01,34618.00498500001,SL,1,5e-05,0.0008,0.0008500000000000001,-0.001499999999999861,-0.002349999999999861,0.001596769080828087,0.0018912599102221114,36100.0,34666.0,4.136618011884844,10,train,2021-06,5210f76300b0,Q4 (wide)
341,2021-06-30 13:00:00,2021-06-30 13:05:00,LONG,34638.4,34586.4424,SL,1,5e-05,0.0008,0.0008500000000000001,-0.0015000000000000447,-0.0023500000000000448,0.005164210818051776,0.0,36100.0,34666.0,4.136618011884844,12,train,2021-06,5210f76300b0,Q4 (wide)
342,2021-07-07 12:10:00,2021-07-07 12:15:00,SHORT,34934.38,34986.78157,SL,1,5e-05,0.0008,0.0008500000000000001,-0.001500000000000052,-0.002350000000000052,0.0015348776763750387,0.0011272563016718024,34919.28,33941.0,2.8822957485047547,2,train,2021-07,5210f76300b0,Q4 (wide)
343,2021-07-07 12:20:00,2021-07-07 12:40:00,SHORT,34915.93,34968.303895000005,SL,4,5e-05,0.0008,0.0008500000000000001,-0.0015000000000001221,-0.002350000000000122,0.004100134236722213,0.004634847188661501,34919.28,33941.0,2.8822957485047547,4,train,2021-07,5210f76300b0,Q4 (wide)
344,2021-07-16 12:25:00,2021-07-16 12:30:00,LONG,31409.32,31362.20602,SL,1,5e-05,0.0008,0.0008500000000000001,-0.0014999999999999447,-0.002349999999999945,0.0020080027202116985,0.0,32049.45,31548.15,1.5889996719300474,5,train,2021-07,5210f76300b0,Q2
345,2021-08-12 12:05:00,2021-08-12 12:10:00,LONG,44750.83,44907.457905,TP,1,5e-05,0.0008,0.0008500000000000001,0.0035000000000000265,0.0026500000000000265,0.0,0.004859351212033366,46218.12,44833.4,3.0885902028398493,1,train,2021-08,5210f76300b0,Q4 (wide)
346,2021-08-12 12:15:00,2021-08-12 12:20:00,LONG,44812.77,44745.550845,SL,1,5e-05,0.0008,0.0008500000000000001,-0.0014999999999999747,-0.0023499999999999745,0.00363222358269745,0.0009724906538917757,46218.12,44833.4,3.0885902028398493,3,train,2021-08,5210f76300b0,Q4 (wide)
347,2021-08-12 12:25:00,2021-08-12 12:30:00,LONG,44700.0,44632.950000000004,SL,1,5e-05,0.0008,0.0008500000000000001,-0.0014999999999999022,-0.0023499999999999025,0.009933109619686846,0.0,46218.12,44833.4,3.0885902028398493,5,train,2021-08,5210f76300b0,Q4 (wide)
348,2021-08-13 12:25:00,2021-08-13 12:35:00,SHORT,46344.25,46413.766375,SL,2,5e-05,0.0008,0.0008500000000000001,-0.0014999999999999838,-0.002349999999999984,0.004489445832007157,0.00058928561795687,46336.0,44217.39,4.791350190501974,5,train,2021-08,5210f76300b0,Q4 (wide)
349,2021-08-13 12:40:00,2021-08-13 12:45:00,SHORT,46528.0,46597.792,SL,1,5e-05,0.0008,0.0008500000000000001,-0.0015000000000000276,-0.0023500000000000274,0.002471629986244842,0.0003827802613479555,46336.0,44217.39,4.791350190501974,8,train,2021-08,5210f76300b0,Q4 (wide)
350,2021-08-21 12:10:00,2021-08-21 12:40:00,LONG,48550.01,48719.935035,TP,6,5e-05,0.0008,0.0008500000000000001,0.003500000000000004,0.002650000000000004,0.0,0.0035013381047706883,49357.62,48555.0,1.6530120481927764,2,train,2021-08,5210f76300b0,Q2
351,2021-08-25 12:15:00,2021-08-25 12:50:00,LONG,47615.63,47782.284705,TP,7,5e-05,0.0008,0.0008500000000000001,0.003500000000000018,0.002650000000000018,0.0013659380333726735,0.004376084071553871,48603.84,47652.36,1.9967111807264026,3,train,2021-08,5210f76300b0,Q3
352,2021-08-31 12:10:00,2021-08-31 12:15:00,SHORT,47882.73,47954.55409500001,SL,1,5e-05,0.0008,0.0008500000000000001,-0.0015000000000000746,-0.0023500000000000747,0.0032834385173943484,0.0,47900.0,46700.0,2.569593147751606,2,train,2021-08,5210f76300b0,Q3
353,2021-08-31 12:20:00,2021-08-31 12:40:00,SHORT,47970.0,47802.105,TP,4,5e-05,0.0008,0.0008500000000000001,0.0034999999999999333,0.0026499999999999332,0.0003266624973941683,0.004889514279758243,47900.0,46700.0,2.569593147751606,4,train,2021-08,5210f76300b0,Q3
354,2021-09-09 12:05:00,2021-09-09 12:10:00,SHORT,46388.51,46458.092765,SL,1,5e-05,0.0008,0.0008500000000000001,-0.0014999999999999827,-0.0023499999999999827,0.001774146227158312,0.0017060259102954463,46374.23,45513.08,1.8920934377546001,1,train,2021-09,5210f76300b0,Q3
355,2021-09-09 13:00:00,2021-09-09 13:05:00,SHORT,46670.71,46740.716065,SL,1,5e-05,0.0008,0.0008500000000000001,-0.00150000000000003,-0.00235000000000003,0.009948209487278014,0.0,46374.23,45513.08,1.8920934377546001,12,train,2021-09,5210f76300b0,Q3
356,2021-09-10 12:55:00,2021-09-10 13:00:00,LONG,45922.82,45853.935770000004,SL,1,5e-05,0.0008,0.0008500000000000001,-0.0014999999999999135,-0.002349999999999914,0.0020209995814716446,0.0018676988913136606,47033.0,45900.0,2.468409586056645,11,train,2021-09,5210f76300b0,Q3
357,2021-09-11 12:10:00,2021-09-11 12:20:00,SHORT,45543.64,45611.955460000005,SL,2,5e-05,0.0008,0.0008500000000000001,-0.0015000000000001156,-0.002350000000000116,0.005561479056131677,0.0014070021631999933,45498.27,44722.22,1.7352671669697874,2,train,2021-09,5210f76300b0,Q2
358,2021-09-14 12:20:00,2021-09-14 12:30:00,SHORT,45863.22,45932.01483000001,SL,2,5e-05,0.0008,0.0008500000000000001,-0.001500000000000135,-0.002350000000000135,0.012165085661233562,0.0023343323909659564,45881.6,44594.44,2.8863687939572653,4,train,2021-09,5210f76300b0,Q4 (wide)
359,2021-09-14 12:35:00,2021-09-14 12:40:00,SHORT,46249.48,46318.85422000001,SL,1,5e-05,0.0008,0.0008500000000000001,-0.0015000000000001113,-0.0023500000000001115,0.006617587916664093,0.0,45881.6,44594.44,2.8863687939572653,7,train,2021-09,5210f76300b0,Q4 (wide)
360,2021-09-15 12:05:00,2021-09-15 12:10:00,SHORT,47543.65,47614.965475000005,SL,1,5e-05,0.0008,0.0008500000000000001,-0.0015000000000000644,-0.0023500000000000647,0.0025519706627489002,0.0,47470.0,46682.32,1.687319739036107,1,train,2021-09,5210f76300b0,Q2
361,2021-09-15 12:35:00,2021-09-15 12:40:00,SHORT,47502.66,47573.91399000001,SL,1,5e-05,0.0008,0.0008500000000000001,-0.001500000000000099,-0.002350000000000099,0.0015514920638127862,0.0006704887684185648,47470.0,46682.32,1.687319739036107,7,train,2021-09,5210f76300b0,Q2
362,2021-09-15 12:45:00,2021-09-15 12:55:00,SHORT,47547.61,47381.19336500001,TP,2,5e-05,0.0008,0.0008500000000000001,0.0034999999999998765,0.0026499999999998764,0.0,0.005569575421351351,47470.0,46682.32,1.687319739036107,9,train,2021-09,5210f76300b0,Q2
363,2021-09-17 12:20:00,2021-09-17 13:05:00,LONG,47419.54,47348.410690000004,SL,9,5e-05,0.0008,0.0008500000000000001,-0.0014999999999999287,-0.0023499999999999285,0.0019356999245458912,0.002315712046131145,48150.0,47450.44,1.4742961287608662,4,train,2021-09,5210f76300b0,Q2
364,2021-09-21 12:05:00,2021-09-21 12:10:00,SHORT,43345.84,43410.858759999996,SL,1,5e-05,0.0008,0.0008500000000000001,-0.0014999999999999775,-0.0023499999999999775,0.0047100252296414956,0.0,43340.0,40200.0,7.81094527363184,1,train,2021-09,5210f76300b0,Q4 (wide)
365,2021-09-21 12:15:00,2021-09-21 12:30:00,SHORT,43362.35,43210.581775,TP,3,5e-05,0.0008,0.0008500000000000001,0.0034999999999999957,0.0026499999999999957,0.0011687558446440355,0.003954582719801762,43340.0,40200.0,7.81094527363184,3,train,2021-09,5210f76300b0,Q4 (wide)
366,2021-09-21 12:50:00,2021-09-21 12:55:00,SHORT,43350.29,43198.563985,TP,1,5e-05,0.0008,0.0008500000000000001,0.0035000000000000044,0.0026500000000000043,0.0,0.005404577454960529,43340.0,40200.0,7.81094527363184,10,train,2021-09,5210f76300b0,Q4 (wide)
367,2021-10-05 12:05:00,2021-10-05 12:10:00,SHORT,49819.0,49893.728500000005,SL,1,5e-05,0.0008,0.0008500000000000001,-0.0015000000000000946,-0.0023500000000000946,0.001828619602962696,0.00034344326461792856,49799.0,49022.4,1.5841737654623163,1,train,2021-10,5210f76300b0,Q2
368,2021-10-05 12:15:00,2021-10-05 12:20:00,SHORT,49868.12,49942.92218000001,SL,1,5e-05,0.0008,0.0008500000000000001,-0.0015000000000001212,-0.002350000000000121,0.0026676361571280173,0.0,49799.0,49022.4,1.5841737654623163,3,train,2021-10,5210f76300b0,Q2
369,2021-10-07 12:25:00,2021-10-07 12:30:00,LONG,54069.99,53988.885015,SL,1,5e-05,0.0008,0.0008500000000000001,-0.0014999999999999653,-0.0023499999999999654,0.008137231022236104,0.0,55332.31,54112.0,2.255155972797157,5,train,2021-10,5210f76300b0,Q3
370,2021-10-07 12:50:00,2021-10-07 12:55:00,LONG,54066.72,53985.619920000005,SL,1,5e-05,0.0008,0.0008500000000000001,-0.0014999999999999356,-0.0023499999999999355,0.004281931657773988,0.0,55332.31,54112.0,2.255155972797157,10,train,2021-10,5210f76300b0,Q3
371,2021-10-08 12:15:00,2021-10-08 12:20:00,SHORT,55036.7,54844.07155,TP,1,5e-05,0.0008,0.0008500000000000001,0.0034999999999999368,0.0026499999999999367,0.0,0.0058606348127703085,54967.97,53617.61,2.518500917888732,3,train,2021-10,5210f76300b0,Q3
372,2021-10-08 12:40:00,2021-10-08 12:45:00,SHORT,55049.99,54857.315035,TP,1,5e-05,0.0008,0.0008500000000000001,0.0034999999999999697,0.0026499999999999697,0.0,0.006072117360965857,54967.97,53617.61,2.518500917888732,8,train,2021-10,5210f76300b0,Q3
373,2021-10-09 12:15:00,2021-10-09 13:35:00,SHORT,55093.91,55176.550865000005,SL,16,5e-05,0.0008,0.0008500000000000001,-0.001500000000000022,-0.002350000000000022,0.006445176971465566,0.003038811367717512,55100.0,53661.67,2.680367569626517,3,train,2021-10,5210f76300b0,Q3
374,2021-10-22 12:35:00,2021-10-22 12:45:00,SHORT,63491.7,63586.93755,SL,2,5e-05,0.0008,0.0008500000000000001,-0.0015000000000000833,-0.0023500000000000834,0.0018002353063471747,0.002270848000604808,63408.85,62000.0,2.272338709677417,7,train,2021-10,5210f76300b0,Q3
375,2021-10-22 12:50:00,2021-10-22 13:00:00,SHORT,63572.82,63668.17923,SL,2,5e-05,0.0008,0.0008500000000000001,-0.001500000000000029,-0.002350000000000029,0.0021499754140212796,0.0003370937454088129,63408.85,62000.0,2.272338709677417,10,train,2021-10,5210f76300b0,Q3
376,2021-10-24 12:25:00,2021-10-24 12:30:00,LONG,60295.33,60204.887005000004,SL,1,5e-05,0.0008,0.0008500000000000001,-0.0014999999999999603,-0.0023499999999999606,0.0019480779025506474,0.0031952723370117756,61500.0,60572.2,1.531725775190604,5,train,2021-10,5210f76300b0,Q2
377,2021-10-24 12:45:00,2021-10-24 12:50:00,LONG,60420.0,60329.37,SL,1,5e-05,0.0008,0.0008500000000000001,-0.0014999999999999567,-0.0023499999999999567,0.0027138364779874407,0.0017173121482953002,61500.0,60572.2,1.531725775190604,9,train,2021-10,5210f76300b0,Q2
378,2021-10-25 12:10:00,2021-10-25 12:30:00,SHORT,62916.66,63011.03499000001,SL,4,5e-05,0.0008,0.0008500000000000001,-0.0015000000000000618,-0.002350000000000062,0.0015889273206809433,0.002058914125447868,62900.0,60650.0,3.709810387469085,2,train,2021-10,5210f76300b0,Q4 (wide)
379,2021-10-25 12:35:00,2021-10-25 12:50:00,SHORT,62981.2,62760.7658,TP,3,5e-05,0.0008,0.0008500000000000001,0.0034999999999999376,0.0026499999999999376,0.0,0.004739033235314568,62900.0,60650.0,3.709810387469085,7,train,2021-10,5210f76300b0,Q4 (wide)
380,2021-11-06 12:25:00,2021-11-06 12:35:00,LONG,60466.56,60375.860160000004,SL,2,5e-05,0.0008,0.0008500000000000001,-0.0014999999999998983,-0.002349999999999898,0.001690190412684252,0.002480379237714254,61560.49,60511.01,1.7343620607224965,5,train,2021-11,5210f76300b0,Q2
381,2021-11-06 12:40:00,2021-11-06 12:45:00,LONG,60397.48,60306.883780000004,SL,1,5e-05,0.0008,0.0008500000000000001,-0.0014999999999999907,-0.002349999999999991,0.002441823731718661,0.0005654209414034192,61560.49,60511.01,1.7343620607224965,8,train,2021-11,5210f76300b0,Q2
382,2021-11-12 12:10:00,2021-11-12 12:15:00,LONG,63972.95,64196.855325000004,TP,1,5e-05,0.0008,0.0008500000000000001,0.0035000000000001094,0.0026500000000001093,0.0,0.003533524716305922,65450.7,64052.0,2.1836944982201913,2,train,2021-11,5210f76300b0,Q3
383,2021-11-12 12:20:00,2021-11-12 12:25:00,LONG,64080.18,63984.05973,SL,1,5e-05,0.0008,0.0008500000000000001,-0.0014999999999999911,-0.002349999999999991,0.003279797278971411,0.0,65450.7,64052.0,2.1836944982201913,4,train,2021-11,5210f76300b0,Q3
384,2021-11-12 12:35:00,2021-11-12 12:40:00,LONG,63783.98,63688.30403000001,SL,1,5e-05,0.0008,0.0008500000000000001,-0.0014999999999999465,-0.0023499999999999467,0.0017297446788363119,0.0015334571470767059,65450.7,64052.0,2.1836944982201913,7,train,2021-11,5210f76300b0,Q3
385,2021-11-13 12:25:00,2021-11-13 13:10:00,LONG,63503.72,63725.98302000001,TP,9,5e-05,0.0008,0.0008500000000000001,0.003500000000000091,0.002650000000000091,0.0011945756878494768,0.0038148946234961042,64455.0,63510.0,1.487954652810581,5,train,2021-11,5210f76300b0,Q2
386,2021-11-14 12:05:00,2021-11-14 12:15:00,LONG,64359.21,64262.671185,SL,2,5e-05,0.0008,0.0008500000000000001,-0.0014999999999999983,-0.0023499999999999984,0.0019168973640292138,0.003120765466201318,65320.0,64380.0,1.460080770425598,1,train,2021-11,5210f76300b0,Q2
387,2021-11-14 12:20:00,2021-11-14 12:40:00,LONG,64370.08,64595.37528000001,TP,4,5e-05,0.0008,0.0008500000000000001,0.003500000000000089,0.002650000000000089,0.0009210801042969167,0.004931949750567362,65320.0,64380.0,1.460080770425598,4,train,2021-11,5210f76300b0,Q2
388,2021-11-16 12:55:00,2021-11-16 13:00:00,LONG,60247.37,60156.99894500001,SL,1,5e-05,0.0008,0.0008500000000000001,-0.0014999999999999332,-0.0023499999999999333,0.0035755917644206795,0.0022120467665227013,63617.31,60293.06,5.5134869585322095,11,train,2021-11,5210f76300b0,Q4 (wide)
389,2021-11-17 12:45:00,2021-11-17 13:05:00,SHORT,60549.86,60337.93549,TP,4,5e-05,0.0008,0.0008500000000000001,0.003499999999999952,0.002649999999999952,0.0008280778849034402,0.003998688023391014,60437.68,58553.12,3.218547534273148,9,train,2021-11,5210f76300b0,Q4 (wide)
390,2021-11-18 12:15:00,2021-11-18 12:20:00,LONG,59497.93,59706.17275500001,TP,1,5e-05,0.0008,0.0008500000000000001,0.0035000000000001107,0.0026500000000001106,0.0,0.007345969851388102,60976.0,59500.0,2.480672268907563,3,train,2021-11,5210f76300b0,Q3
391,2021-11-18 12:35:00,2021-11-18 12:40:00,LONG,59493.23,59403.99015500001,SL,1,5e-05,0.0008,0.0008500000000000001,-0.0014999999999999397,-0.00234999999999994,0.004928796099993279,0.0,60976.0,59500.0,2.480672268907563,7,train,2021-11,5210f76300b0,Q3
392,2021-11-25 12:15:00,2021-11-25 12:35:00,SHORT,58313.69,58401.160535,SL,4,5e-05,0.0008,0.0008500000000000001,-0.0015000000000000065,-0.0023500000000000066,0.0023373585173566557,0.0018971531384826556,58270.0,57000.0,2.2280701754385963,3,train,2021-11,5210f76300b0,Q3
393,2021-11-25 12:40:00,2021-11-25 12:45:00,SHORT,58314.85,58402.322275,SL,1,5e-05,0.0008,0.0008500000000000001,-0.0015000000000000013,-0.0023500000000000014,0.005385420694728751,0.0002546521169135914,58270.0,57000.0,2.2280701754385963,8,train,2021-11,5210f76300b0,Q3
394,2021-11-27 12:15:00,2021-11-27 12:20:00,SHORT,54715.34,54523.83631,TP,1,5e-05,0.0008,0.0008500000000000001,0.003499999999999959,0.002649999999999959,0.0,0.003935642180054013,54641.99,53610.0,1.924995336690912,3,train,2021-11,5210f76300b0,Q3
395,2021-11-27 12:30:00,2021-11-27 12:35:00,SHORT,54620.0,54701.93,SL,1,5e-05,0.0008,0.0008500000000000001,-0.0015000000000000052,-0.0023500000000000053,0.0034780300256316583,0.0,54641.99,53610.0,1.924995336690912,6,train,2021-11,5210f76300b0,Q3
396,2021-11-27 12:40:00,2021-11-27 12:45:00,SHORT,54732.55,54814.648825000004,SL,1,5e-05,0.0008,0.0008500000000000001,-0.0015000000000000172,-0.002350000000000017,0.0017068453781159156,0.0003946463302003254,54641.99,53610.0,1.924995336690912,8,train,2021-11,5210f76300b0,Q3
397,2021-12-03 12:05:00,2021-12-03 12:10:00,SHORT,57025.84,57111.37876,SL,1,5e-05,0.0008,0.0008500000000000001,-0.0015000000000000545,-0.0023500000000000543,0.002837134884817144,0.0,57045.44,56050.81,1.7745149445654838,1,train,2021-12,5210f76300b0,Q2
398,2021-12-03 12:15:00,2021-12-03 12:30:00,SHORT,57058.77,56859.064305,TP,3,5e-05,0.0008,0.0008500000000000001,0.0034999999999999463,0.0026499999999999462,0.0,0.003636951865593962,57045.44,56050.81,1.7745149445654838,3,train,2021-12,5210f76300b0,Q2
399,2021-12-09 12:05:00,2021-12-09 12:10:00,LONG,48990.67,49162.137345,TP,1,5e-05,0.0008,0.0008500000000000001,0.0035000000000000933,0.0026500000000000933,0.0,0.007257708457549263,50797.76,49184.49,3.2800380770442152,1,train,2021-12,5210f76300b0,Q4 (wide)
400,2021-12-09 12:20:00,2021-12-09 12:25:00,LONG,49134.0,49305.969000000005,TP,1,5e-05,0.0008,0.0008500000000000001,0.0035000000000000937,0.0026500000000000937,0.0,0.0041757235315667005,50797.76,49184.49,3.2800380770442152,4,train,2021-12,5210f76300b0,Q4 (wide)
401,2021-12-20 12:05:00,2021-12-20 12:10:00,LONG,45990.01,45921.024985000004,SL,1,5e-05,0.0008,0.0008500000000000001,-0.001499999999999965,-0.002349999999999965,0.001957164175437275,0.0,47200.0,46103.0,2.379454699260352,1,train,2021-12,5210f76300b0,Q3
402,2021-12-21 12:05:00,2021-12-21 12:15:00,SHORT,48850.11,48923.38516500001,SL,2,5e-05,0.0008,0.0008500000000000001,-0.0015000000000001306,-0.0023500000000001306,0.0030478948767976044,0.0005948809531851141,48824.16,46630.0,4.705468582457653,1,train,2021-12,5210f76300b0,Q4 (wide)
403,2021-12-21 12:55:00,2021-12-21 13:05:00,SHORT,48830.0,48659.095,TP,2,5e-05,0.0008,0.0008500000000000001,0.0034999999999999762,0.002649999999999976,8.806061847231026e-06,0.0036905590825312127,48824.16,46630.0,4.705468582457653,11,train,2021-12,5210f76300b0,Q4 (wide)
404,2022-01-03 12:05:00,2022-01-03 12:10:00,SHORT,47285.57,47356.498355,SL,1,5e-05,0.0008,0.0008500000000000001,-0.0015000000000000772,-0.0023500000000000773,0.005589654518281109,0.0,47289.11,46722.39,1.2129516490915835,1,train,2022-01,5210f76300b0,Q1 (tight)
405,2022-01-03 12:35:00,2022-01-03 13:00:00,SHORT,47270.97,47341.876455000005,SL,5,5e-05,0.0008,0.0008500000000000001,-0.0015000000000000829,-0.002350000000000083,0.0047595807744160515,0.002029998538214873,47289.11,46722.39,1.2129516490915835,7,train,2022-01,5210f76300b0,Q1 (tight)
406,2022-01-04 12:15:00,2022-01-04 13:15:00,SHORT,46619.56,46456.39154,TP,12,5e-05,0.0008,0.0008500000000000001,0.003500000000000017,0.002650000000000017,0.0011055445396739238,0.004495108919946857,46600.21,45934.5,1.4492592713537735,3,train,2022-01,5210f76300b0,Q2
407,2022-01-10 12:05:00,2022-01-10 12:10:00,LONG,41455.83,41393.64625500001,SL,1,5e-05,0.0008,0.0008500000000000001,-0.001499999999999875,-0.0023499999999998748,0.002456108103492312,0.0013583131733220072,42248.5,41601.0,1.5564529698805318,1,train,2022-01,5210f76300b0,Q2
408,2022-01-12 12:05:00,2022-01-12 12:20:00,SHORT,43009.39,43073.904085,SL,3,5e-05,0.0008,0.0008500000000000001,-0.0015000000000000588,-0.0023500000000000586,0.003730348186756481,0.0025201473445682306,42965.0,42450.0,1.2131919905771495,1,train,2022-01,5210f76300b0,Q1 (tight)
409,2022-01-12 12:25:00,2022-01-12 12:30:00,SHORT,43127.29,43191.98093500001,SL,1,5e-05,0.0008,0.0008500000000000001,-0.001500000000000139,-0.0023500000000001393,0.004020192319062881,0.0,42965.0,42450.0,1.2131919905771495,5,train,2022-01,5210f76300b0,Q1 (tight)
410,2022-01-18 12:05:00,2022-01-18 12:10:00,LONG,41902.97,41840.115545,SL,1,5e-05,0.0008,0.0008500000000000001,-0.0015000000000000143,-0.0023500000000000144,0.003839345993852098,0.0,42436.66,41886.25,1.3140589095466972,1,train,2022-01,5210f76300b0,Q2
411,2022-01-23 12:55:00,2022-01-23 13:20:00,SHORT,35760.02,35813.66003,SL,5,5e-05,0.0008,0.0008500000000000001,-0.0015000000000000644,-0.0023500000000000647,0.0031222018332204924,0.0016658268088216874,35758.64,34811.0,2.722242969176408,11,train,2022-01,5210f76300b0,Q3
412,2022-01-26 12:10:00,2022-01-26 12:15:00,SHORT,37960.06,37827.19979,TP,1,5e-05,0.0008,0.0008500000000000001,0.0034999999999999714,0.0026499999999999714,0.0,0.0047918786218987585,37974.43,36550.2,3.8966407844553608,2,train,2022-01,5210f76300b0,Q4 (wide)
413,2022-01-28 12:10:00,2022-01-28 12:20:00,LONG,36510.7,36455.93395,SL,2,5e-05,0.0008,0.0008500000000000001,-0.0014999999999999551,-0.0023499999999999554,0.008130219360351802,0.0017427767750277223,37500.0,36500.0,2.73972602739726,2,train,2022-01,5210f76300b0,Q3
414,2022-01-28 12:25:00,2022-01-28 12:35:00,LONG,36306.31,36251.850535,SL,2,5e-05,0.0008,0.0008500000000000001,-0.0014999999999999976,-0.002349999999999998,0.002782711875704219,0.003180163448171933,37500.0,36500.0,2.73972602739726,5,train,2022-01,5210f76300b0,Q3
415,2022-02-03 12:05:00,2022-02-03 12:10:00,LONG,36666.77,36611.769844999995,SL,1,5e-05,0.0008,0.0008500000000000001,-0.001500000000000042,-0.002350000000000042,0.0017290860362119212,0.00090627017323869,37093.03,36720.01,1.0158493965551665,1,train,2022-02,5210f76300b0,Q1 (tight)
416,2022-02-03 12:20:00,2022-02-03 12:25:00,LONG,36699.1,36644.05135,SL,1,5e-05,0.0008,0.0008500000000000001,-0.0014999999999999183,-0.002349999999999918,0.01176214130591748,0.0,37093.03,36720.01,1.0158493965551665,4,train,2022-02,5210f76300b0,Q1 (tight)
417,2022-02-03 13:00:00,2022-02-03 13:05:00,LONG,36690.76,36635.723860000006,SL,1,5e-05,0.0008,0.0008500000000000001,-0.001499999999999905,-0.002349999999999905,0.001976519428869941,0.0008650679353602368,37093.03,36720.01,1.0158493965551665,12,train,2022-02,5210f76300b0,Q1 (tight)
418,2022-02-13 12:05:00,2022-02-13 12:20:00,SHORT,42519.39,42583.169085,SL,3,5e-05,0.0008,0.0008500000000000001,-0.0015000000000000458,-0.0023500000000000456,0.0026458516926042446,0.000595963394582954,42508.47,42057.26,1.072846875902042,1,train,2022-02,5210f76300b0,Q1 (tight)
419,2022-02-13 12:25:00,2022-02-13 12:55:00,SHORT,42612.92,42463.77478,TP,6,5e-05,0.0008,0.0008500000000000001,0.0034999999999999654,0.0026499999999999653,0.0001661467930383965,0.00365593345867875,42508.47,42057.26,1.072846875902042,5,train,2022-02,5210f76300b0,Q1 (tight)
420,2022-02-17 12:05:00,2022-02-17 12:30:00,LONG,43313.16,43248.19026,SL,5,5e-05,0.0008,0.0008500000000000001,-0.0015000000000000104,-0.0023500000000000105,0.0016763958113423397,0.0004700649871769528,44164.71,43350.0,1.8793771626297557,1,train,2022-02,5210f76300b0,Q3
421,2022-02-17 12:50:00,2022-02-17 12:55:00,LONG,43263.11,43198.215335,SL,1,5e-05,0.0008,0.0008500000000000001,-0.0014999999999999955,-0.0023499999999999953,0.0025927400965857113,0.0,44164.71,43350.0,1.8793771626297557,10,train,2022-02,5210f76300b0,Q3
422,2022-02-18 12:05:00,2022-02-18 12:10:00,LONG,40307.05,40448.12467500001,TP,1,5e-05,0.0008,0.0008500000000000001,0.003500000000000086,0.002650000000000086,0.0,0.0062259579899793475,40950.0,40300.0,1.6129032258064515,1,train,2022-02,5210f76300b0,Q2
423,2022-02-19 12:15:00,2022-02-19 12:20:00,LONG,39894.42,39834.57837,SL,1,5e-05,0.0008,0.0008500000000000001,-0.0014999999999998834,-0.0023499999999998834,0.002062945143706705,0.00018548959979870506,40444.32,39915.89,1.3238587439738918,3,train,2022-02,5210f76300b0,Q2
424,2022-02-19 12:25:00,2022-02-19 12:35:00,LONG,39812.6,39752.8811,SL,2,5e-05,0.0008,0.0008500000000000001,-0.0014999999999999963,-0.002349999999999996,0.0021495707389118457,0.0006143783626288945,40444.32,39915.89,1.3238587439738918,5,train,2022-02,5210f76300b0,Q2
425,2022-02-20 12:20:00,2022-02-20 12:25:00,LONG,38567.76,38509.90836,SL,1,5e-05,0.0008,0.0008500000000000001,-0.00150000000000002,-0.00235000000000002,0.006709230714980648,0.0,40125.44,38581.1,4.002840769184922,4,train,2022-02,5210f76300b0,Q4 (wide)
426,2022-02-22 12:15:00,2022-02-22 12:20:00,SHORT,37661.53,37718.022295,SL,1,5e-05,0.0008,0.0008500000000000001,-0.001500000000000097,-0.002350000000000097,0.002510253831960647,0.0016042895761271053,37468.35,36350.0,3.0766162310866534,3,train,2022-02,5210f76300b0,Q4 (wide)
427,2022-02-22 12:40:00,2022-02-22 12:45:00,SHORT,37572.76,37629.11914,SL,1,5e-05,0.0008,0.0008500000000000001,-0.0015000000000000126,-0.0023500000000000127,0.00207756896219489,0.0,37468.35,36350.0,3.0766162310866534,8,train,2022-02,5210f76300b0,Q4 (wide)
428,2022-02-26 12:05:00,2022-02-26 12:10:00,LONG,38829.06,38964.96171,TP,1,5e-05,0.0008,0.0008500000000000001,0.003500000000000143,0.002650000000000143,0.0,0.004145091331080494,40348.45,38910.11,3.6965714052208964,1,train,2022-02,5210f76300b0,Q4 (wide)
429,2022-02-26 12:20:00,2022-02-26 12:25:00,LONG,38918.18,38859.80273,SL,1,5e-05,0.0008,0.0008500000000000001,-0.0014999999999999287,-0.0023499999999999285,0.003036627098183941,0.0,40348.45,38910.11,3.6965714052208964,4,train,2022-02,5210f76300b0,Q4 (wide)
430,2022-02-26 12:35:00,2022-02-26 12:55:00,LONG,38850.68,38986.657380000004,TP,4,5e-05,0.0008,0.0008500000000000001,0.0035000000000001007,0.0026500000000001006,0.0,0.003973160830132203,40348.45,38910.11,3.6965714052208964,7,train,2022-02,5210f76300b0,Q4 (wide)
431,2022-02-28 12:25:00,2022-02-28 12:40:00,SHORT,38566.52,38624.36978,SL,3,5e-05,0.0008,0.0008500000000000001,-0.0015000000000001065,-0.0023500000000001063,0.0020662999928435944,0.00541428161005965,38483.53,37450.17,2.7592932154914136,5,train,2022-02,5210f76300b0,Q3
432,2022-03-05 12:20:00,2022-03-05 12:40:00,SHORT,39235.57,39294.423355,SL,4,5e-05,0.0008,0.0008500000000000001,-0.0014999999999999818,-0.002349999999999982,0.0034555379213301028,0.001978816670689362,39197.94,38407.59,2.057796388682565,4,train,2022-03,5210f76300b0,Q3
433,2022-03-05 12:50:00,2022-03-05 12:55:00,SHORT,39200.67,39063.467655,TP,1,5e-05,0.0008,0.0008500000000000001,0.003499999999999946,0.002649999999999946,0.0,0.0041922752850907016,39197.94,38407.59,2.057796388682565,10,train,2022-03,5210f76300b0,Q3
434,2022-03-08 12:05:00,2022-03-08 12:10:00,SHORT,39125.75,39184.438625,SL,1,5e-05,0.0008,0.0008500000000000001,-0.001500000000000064,-0.002350000000000064,0.00258755423218719,0.00283675073321273,38972.08,37867.65,2.916552783180367,1,train,2022-03,5210f76300b0,Q4 (wide)
435,2022-03-08 12:20:00,2022-03-08 12:25:00,SHORT,38954.33,38817.989845000004,TP,1,5e-05,0.0008,0.0008500000000000001,0.0034999999999999498,0.0026499999999999497,0.0,0.00440464513187627,38972.08,37867.65,2.916552783180367,4,train,2022-03,5210f76300b0,Q4 (wide)
436,2022-03-09 12:50:00,2022-03-09 13:05:00,SHORT,41977.88,41830.95742,TP,3,5e-05,0.0008,0.0008500000000000001,0.003499999999999966,0.0026499999999999658,5.1932112817519395e-05,0.003917062986506234,41884.0,38656.45,8.349318160358758,10,train,2022-03,5210f76300b0,Q4 (wide)
437,2022-04-07 12:55:00,2022-04-07 13:05:00,SHORT,43585.93,43433.379245000004,TP,2,5e-05,0.0008,0.0008500000000000001,0.003499999999999921,0.002649999999999921,0.0005522424323629141,0.005245270664179991,43559.09,42727.35,1.9466220114282724,11,train,2022-04,5210f76300b0,Q3
438,2022-04-10 12:55:00,2022-04-10 14:35:00,LONG,42564.64,42713.61624,TP,20,5e-05,0.0008,0.0008500000000000001,0.0035000000000000846,0.0026500000000000846,0.0009209522270127761,0.003848969473252957,42896.64,42575.4,0.7545202158993174,11,train,2022-04,5210f76300b0,Q1 (tight)
439,2022-04-12 12:30:00,2022-04-12 12:35:00,SHORT,40315.72,40376.19358000001,SL,1,5e-05,0.0008,0.0008500000000000001,-0.0015000000000001317,-0.0023500000000001315,0.008282377196785675,0.0,40196.39,39290.0,2.306922881140238,6,train,2022-04,5210f76300b0,Q3
440,2022-04-14 12:20:00,2022-04-14 12:55:00,LONG,41021.4,41164.9749,TP,7,5e-05,0.0008,0.0008500000000000001,0.0034999999999999905,0.0026499999999999905,0.0010092293290819292,0.004034479564324962,41500.0,41064.35,1.0608958865780207,4,train,2022-04,5210f76300b0,Q1 (tight)
441,2022-04-17 12:05:00,2022-04-17 13:20:00,SHORT,40460.01,40520.700015,SL,15,5e-05,0.0008,0.0008500000000000001,-0.001500000000000003,-0.002350000000000003,0.0021804245723122946,0.0022993073901859842,40430.0,40122.05,0.7675330647362163,1,train,2022-04,5210f76300b0,Q1 (tight)
442,2022-04-26 12:50:00,2022-04-26 12:55:00,LONG,40359.0,40298.461500000005,SL,1,5e-05,0.0008,0.0008500000000000001,-0.0014999999999998788,-0.002349999999999879,0.0026774697093584496,0.0,40773.65,40374.23,0.9892944088345419,10,train,2022-04,5210f76300b0,Q1 (tight)
443,2022-04-27 12:05:00,2022-04-27 12:15:00,SHORT,39099.68,38962.83112,TP,2,5e-05,0.0008,0.0008500000000000001,0.003499999999999942,0.002649999999999942,0.0003373429143154708,0.0040133320784210575,39113.72,37881.31,3.2533457792246456,1,train,2022-04,5210f76300b0,Q4 (wide)
444,2022-04-28 12:05:00,2022-04-28 12:10:00,SHORT,39696.34,39755.884509999996,SL,1,5e-05,0.0008,0.0008500000000000001,-0.001499999999999993,-0.002349999999999993,0.0016381862912300256,0.00282872426022131,39689.49,39152.96,1.370343391661828,1,train,2022-04,5210f76300b0,Q2
445,2022-04-28 12:25:00,2022-04-28 12:30:00,SHORT,39744.43,39804.046645,SL,1,5e-05,0.0008,0.0008500000000000001,-0.0015000000000000473,-0.0023500000000000474,0.0030361487131655494,0.002474308978641882,39689.49,39152.96,1.370343391661828,5,train,2022-04,5210f76300b0,Q2
446,2022-04-28 12:35:00,2022-04-28 12:45:00,SHORT,39801.67,39662.364155,TP,2,5e-05,0.0008,0.0008500000000000001,0.0034999999999998825,0.0026499999999998825,0.0,0.0037385365990923406,39689.49,39152.96,1.370343391661828,7,train,2022-04,5210f76300b0,Q2
447,2022-04-28 12:50:00,2022-04-28 12:55:00,SHORT,39672.66,39533.80569000001,TP,1,5e-05,0.0008,0.0008500000000000001,0.0034999999999998778,0.0026499999999998777,0.0,0.003923608853049014,39689.49,39152.96,1.370343391661828,10,train,2022-04,5210f76300b0,Q2
448,2022-05-05 12:10:00,2022-05-05 12:25:00,LONG,39516.77,39457.494845,SL,3,5e-05,0.0008,0.0008500000000000001,-0.0014999999999998918,-0.002349999999999892,0.0015545298869315558,0.00027962811737910034,39845.51,39516.92,0.8315172336305657,2,train,2022-05,5210f76300b0,Q1 (tight)
449,2022-05-05 12:30:00,2022-05-05 13:00:00,LONG,39512.04,39452.771940000006,SL,6,5e-05,0.0008,0.0008500000000000001,-0.0014999999999998704,-0.0023499999999998704,0.002165668996083212,0.000850879883701338,39845.51,39516.92,0.8315172336305657,6,train,2022-05,5210f76300b0,Q1 (tight)
450,2022-05-06 12:10:00,2022-05-06 12:15:00,LONG,35809.63,35755.915555,SL,1,5e-05,0.0008,0.0008500000000000001,-0.0014999999999999384,-0.0023499999999999385,0.0033798171050636056,0.0,36675.63,35833.01,2.3515188927751125,2,train,2022-05,5210f76300b0,Q3
451,2022-05-06 13:00:00,2022-05-06 13:05:00,LONG,35826.22,35772.480670000004,SL,1,5e-05,0.0008,0.0008500000000000001,-0.0014999999999999079,-0.0023499999999999077,0.002964867630467327,0.0013615726135773976,36675.63,35833.01,2.3515188927751125,12,train,2022-05,5210f76300b0,Q3
452,2022-05-14 12:30:00,2022-05-14 12:35:00,LONG,29175.6,29131.8366,SL,1,5e-05,0.0008,0.0008500000000000001,-0.001499999999999994,-0.002349999999999994,0.0016352705685572578,0.0,29824.69,29200.0,2.139349315068489,6,train,2022-05,5210f76300b0,Q3
453,2022-05-14 12:45:00,2022-05-14 12:55:00,LONG,29128.76,29085.06686,SL,2,5e-05,0.0008,0.0008500000000000001,-0.0014999999999999796,-0.0023499999999999797,0.0025988061283761165,0.0010453586077814755,29824.69,29200.0,2.139349315068489,9,train,2022-05,5210f76300b0,Q3
454,2022-05-17 12:40:00,2022-05-17 13:15:00,SHORT,30589.62,30482.55633,TP,7,5e-05,0.0008,0.0008500000000000001,0.0034999999999999853,0.0026499999999999853,0.0013932830809929191,0.004287075158174551,30578.14,29780.97,2.6767764784021413,8,train,2022-05,5210f76300b0,Q3
455,2022-05-19 12:05:00,2022-05-19 12:10:00,SHORT,29453.98,29498.16097,SL,1,5e-05,0.0008,0.0008500000000000001,-0.0015000000000000425,-0.0023500000000000426,0.002491344123952044,0.0014931768134560954,29432.8,28691.38,2.5841210844511426,1,train,2022-05,5210f76300b0,Q3
456,2022-05-19 12:15:00,2022-05-19 12:20:00,SHORT,29487.84,29532.071760000003,SL,1,5e-05,0.0008,0.0008500000000000001,-0.0015000000000000813,-0.002350000000000081,0.0015267310186165021,0.0021059528266566337,29432.8,28691.38,2.5841210844511426,3,train,2022-05,5210f76300b0,Q3
457,2022-05-19 12:25:00,2022-05-19 12:30:00,SHORT,29491.91,29536.147865000003,SL,1,5e-05,0.0008,0.0008500000000000001,-0.0015000000000000944,-0.002350000000000094,0.00340635787916073,0.0015231295633276467,29432.8,28691.38,2.5841210844511426,5,train,2022-05,5210f76300b0,Q3
458,2022-05-19 12:35:00,2022-05-19 12:50:00,SHORT,29448.6,29492.7729,SL,3,5e-05,0.0008,0.0008500000000000001,-0.0015000000000000473,-0.0023500000000000474,0.002525077592822769,0.0016228275707502984,29432.8,28691.38,2.5841210844511426,7,train,2022-05,5210f76300b0,Q3
459,2022-05-19 12:55:00,2022-05-19 13:05:00,SHORT,29495.97,29540.213955000003,SL,2,5e-05,0.0008,0.0008500000000000001,-0.0015000000000000588,-0.0023500000000000586,0.002610187086574809,0.0,29432.8,28691.38,2.5841210844511426,11,train,2022-05,5210f76300b0,Q3
460,2022-05-25 13:00:00,2022-05-25 13:25:00,LONG,29567.65,29523.298525000002,SL,5,5e-05,0.0008,0.0008500000000000001,-0.0014999999999999825,-0.0023499999999999823,0.002586948912071186,0.0010869987976724364,30223.74,29557.36,2.2545315278495814,12,train,2022-05,5210f76300b0,Q3
461,2022-06-02 12:10:00,2022-06-02 12:15:00,SHORT,30114.73,30159.902095,SL,1,5e-05,0.0008,0.0008500000000000001,-0.001500000000000057,-0.002350000000000057,0.0017446611674752147,0.0009858962706953936,30123.35,29594.55,1.7868154778498044,2,train,2022-06,5210f76300b0,Q2
462,2022-06-02 12:25:00,2022-06-02 13:00:00,SHORT,30117.02,30011.61043,TP,7,5e-05,0.0008,0.0008500000000000001,0.0034999999999999936,0.0026499999999999935,0.0009409961543339994,0.0036680255881890427,30123.35,29594.55,1.7868154778498044,5,train,2022-06,5210f76300b0,Q2
463,2022-06-06 12:05:00,2022-06-06 13:30:00,SHORT,31436.0,31483.154000000002,SL,17,5e-05,0.0008,0.0008500000000000001,-0.0015000000000000722,-0.0023500000000000725,0.002923399923654455,0.002894770327013615,31434.75,29890.23,5.1673071769605,1,train,2022-06,5210f76300b0,Q4 (wide)
464,2022-06-20 12:25:00,2022-06-20 12:30:00,SHORT,20680.14,20607.75951,TP,1,5e-05,0.0008,0.0008500000000000001,0.0034999999999999784,0.0026499999999999783,0.0,0.014706863686609443,20687.99,19637.03,5.351929492392704,5,train,2022-06,5210f76300b0,Q4 (wide)
465,2022-06-23 12:05:00,2022-06-23 12:10:00,SHORT,20668.45,20699.452675,SL,1,5e-05,0.0008,0.0008500000000000001,-0.0014999999999999868,-0.0023499999999999866,0.0017408175262295703,0.004460905389615608,20657.14,19890.07,3.8565475134074427,1,train,2022-06,5210f76300b0,Q4 (wide)
466,2022-06-23 12:15:00,2022-06-23 12:20:00,SHORT,20664.03,20695.026045,SL,1,5e-05,0.0008,0.0008500000000000001,-0.0014999999999999937,-0.0023499999999999936,0.004015189679844695,0.001271291224412684,20657.14,19890.07,3.8565475134074427,3,train,2022-06,5210f76300b0,Q4 (wide)
467,2022-06-23 12:25:00,2022-06-23 12:30:00,SHORT,20730.1,20761.19515,SL,1,5e-05,0.0008,0.0008500000000000001,-0.001500000000000049,-0.002350000000000049,0.004780970665843416,0.0013834954968861845,20657.14,19890.07,3.8565475134074427,5,train,2022-06,5210f76300b0,Q4 (wide)
468,2022-06-30 12:50:00,2022-06-30 12:55:00,LONG,19267.13,19238.229305,SL,1,5e-05,0.0008,0.0008500000000000001,-0.001500000000000014,-0.002350000000000014,0.004852824473598299,0.0,20179.08,19310.0,4.5006732263076215,10,train,2022-06,5210f76300b0,Q4 (wide)
469,2022-07-01 12:35:00,2022-07-01 12:50:00,LONG,19273.55,19341.007425,TP,3,5e-05,0.0008,0.0008500000000000001,0.0035000000000000265,0.0026500000000000265,0.0006003045624703135,0.0038067714562184437,20918.35,19315.91,8.29595913420594,7,train,2022-07,5210f76300b0,Q4 (wide)
470,2022-07-01 12:55:00,2022-07-01 13:00:00,LONG,19293.63,19264.689555,SL,1,5e-05,0.0008,0.0008500000000000001,-0.0015000000000000094,-0.002350000000000009,0.0016295533810901488,0.002699854822550248,20918.35,19315.91,8.29595913420594,11,train,2022-07,5210f76300b0,Q4 (wide)
471,2022-07-08 12:05:00,2022-07-08 12:10:00,LONG,21574.28,21649.78998,TP,1,5e-05,0.0008,0.0008500000000000001,0.003500000000000118,0.002650000000000118,0.0,0.005622435603876603,22527.37,21578.14,4.39903532000441,1,train,2022-07,5210f76300b0,Q4 (wide)
472,2022-07-08 12:35:00,2022-07-08 12:40:00,LONG,21451.4,21419.222900000004,SL,1,5e-05,0.0008,0.0008500000000000001,-0.001499999999999867,-0.002349999999999867,0.009640396431002307,0.0006903978295121843,22527.37,21578.14,4.39903532000441,7,train,2022-07,5210f76300b0,Q4 (wide)
473,2022-07-13 12:05:00,2022-07-13 12:10:00,SHORT,19870.05,19800.504825,TP,1,5e-05,0.0008,0.0008500000000000001,0.0034999999999999645,0.0026499999999999644,0.0,0.0071715974544603565,19875.0,19265.4,3.1642218692578328,1,train,2022-07,5210f76300b0,Q4 (wide)
474,2022-07-13 12:25:00,2022-07-13 12:30:00,SHORT,19869.86,19899.664790000003,SL,1,5e-05,0.0008,0.0008500000000000001,-0.0015000000000000985,-0.0023500000000000985,0.00978215246609684,0.026817501482144342,19875.0,19265.4,3.1642218692578328,5,train,2022-07,5210f76300b0,Q4 (wide)
475,2022-07-15 12:40:00,2022-07-15 12:45:00,SHORT,20942.76,20974.17414,SL,1,5e-05,0.0008,0.0008500000000000001,-0.001500000000000037,-0.002350000000000037,0.00409640372138156,0.0011942074492568506,20936.0,20382.29,2.716623107609592,8,train,2022-07,5210f76300b0,Q3
476,2022-07-15 12:50:00,2022-07-15 12:55:00,SHORT,21013.9,20940.35135,TP,1,5e-05,0.0008,0.0008500000000000001,0.00350000000000003,0.00265000000000003,0.0,0.0046583451905644856,20936.0,20382.29,2.716623107609592,10,train,2022-07,5210f76300b0,Q3
477,2022-07-15 13:00:00,2022-07-15 13:05:00,SHORT,20986.53,21018.009795,SL,1,5e-05,0.0008,0.0008500000000000001,-0.0015000000000001395,-0.0023500000000001393,0.004930305295825521,0.0005074683618491394,20936.0,20382.29,2.716623107609592,12,train,2022-07,5210f76300b0,Q3
478,2022-07-21 12:05:00,2022-07-21 12:10:00,LONG,22591.57,22670.640495,TP,1,5e-05,0.0008,0.0008500000000000001,0.0034999999999999975,0.0026499999999999974,0.0,0.0049615852284723965,23442.77,22638.53,3.552527483012376,1,train,2022-07,5210f76300b0,Q4 (wide)
479,2022-07-29 12:05:00,2022-07-29 12:15:00,LONG,23668.93,23633.426605,SL,2,5e-05,0.0008,0.0008500000000000001,-0.0014999999999999885,-0.0023499999999999884,0.002147118606544517,0.002980700859734651,24442.66,23701.0,3.129235053373275,1,train,2022-07,5210f76300b0,Q4 (wide)
480,2022-07-29 12:20:00,2022-07-29 12:25:00,LONG,23714.91,23679.337635,SL,1,5e-05,0.0008,0.0008500000000000001,-0.0014999999999999996,-0.0023499999999999997,0.0026527614905559353,0.0,24442.66,23701.0,3.129235053373275,4,train,2022-07,5210f76300b0,Q4 (wide)
481,2022-07-29 12:30:00,2022-07-29 12:35:00,LONG,23667.44,23631.93884,SL,1,5e-05,0.0008,0.0008500000000000001,-0.0014999999999999916,-0.002349999999999992,0.006990194123234228,0.0,24442.66,23701.0,3.129235053373275,6,train,2022-07,5210f76300b0,Q4 (wide)
482,2022-07-30 12:05:00,2022-07-30 12:20:00,SHORT,23977.4,24013.366100000003,SL,3,5e-05,0.0008,0.0008500000000000001,-0.0015000000000000607,-0.002350000000000061,0.004779500696489133,0.002520289939693223,23968.9,23650.0,1.3484143763213592,1,train,2022-07,5210f76300b0,Q2
483,2022-07-30 12:25:00,2022-07-30 12:30:00,SHORT,24046.24,24082.309360000003,SL,1,5e-05,0.0008,0.0008500000000000001,-0.001500000000000055,-0.002350000000000055,0.010035664619499752,0.0,23968.9,23650.0,1.3484143763213592,5,train,2022-07,5210f76300b0,Q2
484,2022-08-02 12:50:00,2022-08-02 12:55:00,LONG,22726.42,22692.33037,SL,1,5e-05,0.0008,0.0008500000000000001,-0.0014999999999999376,-0.0023499999999999376,0.002656379667365075,0.0008778329362918017,23447.62,22715.61,3.2224976568976063,10,train,2022-08,5210f76300b0,Q4 (wide)
485,2022-08-10 12:10:00,2022-08-10 12:20:00,SHORT,23165.72,23084.639980000004,TP,2,5e-05,0.0008,0.0008500000000000001,0.0034999999999998964,0.0026499999999998964,0.001479341026309583,0.006955967697097237,23151.32,22664.69,2.147084297204158,2,train,2022-08,5210f76300b0,Q3
486,2022-08-10 12:35:00,2022-08-10 12:40:00,SHORT,23550.26,23585.58539,SL,1,5e-05,0.0008,0.0008500000000000001,-0.0015000000000000761,-0.002350000000000076,0.008481435024496614,0.0,23151.32,22664.69,2.147084297204158,7,train,2022-08,5210f76300b0,Q3
487,2022-08-12 12:20:00,2022-08-12 13:00:00,LONG,23752.22,23835.35277,TP,8,5e-05,0.0008,0.0008500000000000001,0.0035000000000000066,0.0026500000000000065,0.0006252047177064789,0.003664499570987353,24097.97,23761.84,1.4145790056662322,4,train,2022-08,5210f76300b0,Q2
488,2022-08-17 12:05:00,2022-08-17 12:15:00,LONG,23730.42,23694.82437,SL,2,5e-05,0.0008,0.0008500000000000001,-0.0014999999999999918,-0.002349999999999992,0.007613013170436928,0.0012465013261460079,24446.71,23759.3,2.8932249687490788,1,train,2022-08,5210f76300b0,Q4 (wide)
489,2022-08-18 12:05:00,2022-08-18 12:20:00,SHORT,23548.34,23583.662510000002,SL,3,5e-05,0.0008,0.0008500000000000001,-0.0015000000000000757,-0.002350000000000076,0.002193785209488221,0.002687238251188782,23516.44,23285.23,0.9929470312296641,1,train,2022-08,5210f76300b0,Q1 (tight)
490,2022-08-18 12:25:00,2022-08-18 12:35:00,SHORT,23556.22,23473.773230000003,TP,2,5e-05,0.0008,0.0008500000000000001,0.0034999999999999424,0.0026499999999999423,0.0,0.0038070624234278795,23516.44,23285.23,0.9929470312296641,5,train,2022-08,5210f76300b0,Q1 (tight)
491,2022-08-18 12:45:00,2022-08-18 12:50:00,SHORT,23510.89,23546.156335,SL,1,5e-05,0.0008,0.0008500000000000001,-0.0015000000000000109,-0.002350000000000011,0.0024452498395425098,0.0,23516.44,23285.23,0.9929470312296641,9,train,2022-08,5210f76300b0,Q1 (tight)
492,2022-08-18 12:55:00,2022-08-18 13:35:00,SHORT,23541.19,23458.795835,TP,8,5e-05,0.0008,0.0008500000000000001,0.0034999999999999103,0.0026499999999999102,0.0014034974442668734,0.004451771554454098,23516.44,23285.23,0.9929470312296641,11,train,2022-08,5210f76300b0,Q1 (tight)
493,2022-08-19 12:10:00,2022-08-19 12:15:00,LONG,21439.06,21406.901410000002,SL,1,5e-05,0.0008,0.0008500000000000001,-0.0014999999999999577,-0.002349999999999958,0.004297763054910199,0.0006898623353821126,23208.67,21447.76,8.210228014487294,2,train,2022-08,5210f76300b0,Q4 (wide)
494,2022-08-19 12:20:00,2022-08-19 12:25:00,LONG,21434.82,21402.66777,SL,1,5e-05,0.0008,0.0008500000000000001,-0.0014999999999999855,-0.0023499999999999858,0.00482859198257788,0.0,23208.67,21447.76,8.210228014487294,4,train,2022-08,5210f76300b0,Q4 (wide)
495,2022-08-19 12:40:00,2022-08-19 12:45:00,LONG,21440.96,21516.00336,TP,1,5e-05,0.0008,0.0008500000000000001,0.0034999999999999845,0.0026499999999999844,0.0,0.004903698341865262,23208.67,21447.76,8.210228014487294,8,train,2022-08,5210f76300b0,Q4 (wide)
496,2022-08-23 12:05:00,2022-08-23 12:15:00,SHORT,21479.57,21404.391505,TP,2,5e-05,0.0008,0.0008500000000000001,0.0035000000000000053,0.002650000000000005,0.0,0.004312935501036539,21468.51,20890.14,2.7686267301224357,1,train,2022-08,5210f76300b0,Q3
497,2022-09-13 12:20:00,2022-09-13 12:25:00,SHORT,22633.16,22667.10974,SL,1,5e-05,0.0008,0.0008500000000000001,-0.001500000000000001,-0.002350000000000001,0.006961908986637293,0.006104317735570281,22627.0,22054.07,2.597842484403107,4,train,2022-09,5210f76300b0,Q3
498,2022-09-13 12:30:00,2022-09-13 12:35:00,SHORT,22713.69,22634.192085,TP,1,5e-05,0.0008,0.0008500000000000001,0.0034999999999999966,0.0026499999999999965,0.0,0.0441887689758907,22627.0,22054.07,2.597842484403107,6,train,2022-09,5210f76300b0,Q3
499,2022-09-18 12:35:00,2022-09-18 12:50:00,LONG,19937.61,20007.391635,TP,3,5e-05,0.0008,0.0008500000000000001,0.0034999999999999684,0.0026499999999999684,0.0,0.004624425896584431,20117.26,19949.95,0.8386487184178288,7,train,2022-09,5210f76300b0,Q1 (tight)
500,2022-09-21 12:05:00,2022-09-21 12:25:00,SHORT,19151.14,19179.866710000002,SL,4,5e-05,0.0008,0.0008500000000000001,-0.001500000000000138,-0.002350000000000138,0.001746632315360899,0.0019152906824345857,19135.57,18791.2,1.8326131380646205,1,train,2022-09,5210f76300b0,Q2
501,2022-09-21 12:30:00,2022-09-21 12:35:00,SHORT,19182.12,19210.89318,SL,1,5e-05,0.0008,0.0008500000000000001,-0.0015000000000000074,-0.0023500000000000075,0.005069825441609165,0.0,19135.57,18791.2,1.8326131380646205,6,train,2022-09,5210f76300b0,Q2
502,2022-09-25 12:15:00,2022-09-25 12:30:00,SHORT,19127.18,19060.23487,TP,3,5e-05,0.0008,0.0008500000000000001,0.003500000000000003,0.002650000000000003,0.000891401659836906,0.004087377229680501,19132.21,18913.43,1.156744175963846,3,train,2022-09,5210f76300b0,Q1 (tight)
503,2022-09-26 12:25:00,2022-09-26 12:30:00,SHORT,18942.26,18875.96209,TP,1,5e-05,0.0008,0.0008500000000000001,0.0034999999999998682,0.002649999999999868,0.0,0.004692153945727563,18948.11,18680.72,1.4313688123369945,5,train,2022-09,5210f76300b0,Q2
504,2022-09-26 12:50:00,2022-09-26 12:55:00,SHORT,19073.99,19102.600985,SL,1,5e-05,0.0008,0.0008500000000000001,-0.0014999999999999656,-0.002349999999999966,0.0028436630196407757,0.0013867051413993991,18948.11,18680.72,1.4313688123369945,10,train,2022-09,5210f76300b0,Q2
505,2022-10-01 12:25:00,2022-10-01 13:10:00,LONG,19260.67,19328.082345,TP,9,5e-05,0.0008,0.0008500000000000001,0.0035000000000000335,0.0026500000000000334,0.0010690178482885854,0.003974420412166499,19484.0,19258.53,1.1707539464330932,5,train,2022-10,5210f76300b0,Q1 (tight)
506,2022-10-02 12:05:00,2022-10-02 12:15:00,LONG,19223.76,19194.92436,SL,2,5e-05,0.0008,0.0008500000000000001,-0.0014999999999998706,-0.0023499999999998704,0.001679172024619473,0.0012089206273903546,19395.91,19227.73,0.8746742335158663,1,train,2022-10,5210f76300b0,Q1 (tight)
507,2022-10-02 12:20:00,2022-10-02 12:25:00,LONG,19199.78,19170.98033,SL,1,5e-05,0.0008,0.0008500000000000001,-0.0015000000000000174,-0.0023500000000000174,0.0033823304225360238,0.0,19395.91,19227.73,0.8746742335158663,4,train,2022-10,5210f76300b0,Q1 (tight)
508,2022-10-04 12:10:00,2022-10-04 13:00:00,SHORT,19966.8,19996.750200000002,SL,10,5e-05,0.0008,0.0008500000000000001,-0.001500000000000148,-0.002350000000000148,0.003666085702265798,0.003080112987559349,19975.43,19490.6,2.48750679814886,2,train,2022-10,5210f76300b0,Q3
509,2022-10-05 12:55:00,2022-10-05 13:00:00,LONG,20057.62,20027.53357,SL,1,5e-05,0.0008,0.0008500000000000001,-0.0014999999999999692,-0.0023499999999999693,0.002839319919312497,0.0,20365.6,20074.91,1.4480264170549142,11,train,2022-10,5210f76300b0,Q2
510,2022-10-10 12:10:00,2022-10-10 12:15:00,LONG,19350.04,19321.01494,SL,1,5e-05,0.0008,0.0008500000000000001,-0.0014999999999999968,-0.002349999999999997,0.001982424842532655,0.0,19525.0,19368.08,0.8101990491571608,2,train,2022-10,5210f76300b0,Q1 (tight)
511,2022-10-10 12:30:00,2022-10-10 13:00:00,LONG,19366.63,19434.413205,TP,6,5e-05,0.0008,0.0008500000000000001,0.0034999999999999858,0.0026499999999999857,0.00013786600972920388,0.003891229398196825,19525.0,19368.08,0.8101990491571608,6,train,2022-10,5210f76300b0,Q1 (tight)
512,2022-10-11 12:05:00,2022-10-11 12:10:00,SHORT,19151.65,19180.377475,SL,1,5e-05,0.0008,0.0008500000000000001,-0.0014999999999999836,-0.0023499999999999836,0.003829957209953113,0.0,19133.52,18950.01,0.9683899902955305,1,train,2022-10,5210f76300b0,Q1 (tight)
513,2022-10-11 13:00:00,2022-10-11 13:35:00,SHORT,19144.92,19077.91278,TP,7,5e-05,0.0008,0.0008500000000000001,0.0034999999999999745,0.0026499999999999744,0.0013026954408794777,0.004853506831054831,19133.52,18950.01,0.9683899902955305,12,train,2022-10,5210f76300b0,Q1 (tight)
514,2022-10-13 12:30:00,2022-10-13 12:35:00,LONG,18788.72,18760.536920000002,SL,1,5e-05,0.0008,0.0008500000000000001,-0.0014999999999999404,-0.0023499999999999407,0.02893863977961251,0.0,19175.13,18950.0,1.1880211081794247,6,train,2022-10,5210f76300b0,Q1 (tight)
515,2022-10-20 12:05:00,2022-10-20 12:20:00,SHORT,19233.49,19262.340235000003,SL,3,5e-05,0.0008,0.0008500000000000001,-0.0015000000000000885,-0.0023500000000000886,0.0025575181623303253,0.0012629013247206237,19210.0,18900.0,1.64021164021164,1,train,2022-10,5210f76300b0,Q2
516,2022-10-20 12:35:00,2022-10-20 12:55:00,SHORT,19201.06,19133.856290000003,TP,4,5e-05,0.0008,0.0008500000000000001,0.0034999999999998934,0.0026499999999998933,0.0,0.003514910114337521,19210.0,18900.0,1.64021164021164,7,train,2022-10,5210f76300b0,Q2
517,2022-10-27 12:10:00,2022-10-27 12:30:00,LONG,20585.45,20554.571825000003,SL,4,5e-05,0.0008,0.0008500000000000001,-0.0014999999999999033,-0.0023499999999999034,0.0041509901410948374,0.00945084999356338,20872.21,20581.49,1.4125313570591707,2,train,2022-10,5210f76300b0,Q2
518,2022-10-27 12:40:00,2022-10-27 12:45:00,LONG,20574.72,20646.73152,TP,1,5e-05,0.0008,0.0008500000000000001,0.0035000000000000005,0.0026500000000000004,0.0,0.007278835386338107,20872.21,20581.49,1.4125313570591707,8,train,2022-10,5210f76300b0,Q2
519,2022-10-30 12:20:00,2022-10-30 12:30:00,LONG,20704.2,20673.1437,SL,2,5e-05,0.0008,0.0008500000000000001,-0.0015000000000000091,-0.002350000000000009,0.0015035596642227673,0.0009727494904415248,20931.21,20701.15,1.1113392251155016,4,train,2022-10,5210f76300b0,Q1 (tight)
520,2022-10-31 12:10:00,2022-10-31 12:15:00,SHORT,20692.67,20723.709005,SL,1,5e-05,0.0008,0.0008500000000000001,-0.0015000000000001143,-0.002350000000000114,0.0016769223111372641,0.0022655365402336858,20675.0,20427.23,1.2129397867454395,2,train,2022-10,5210f76300b0,Q1 (tight)
521,2022-10-31 12:20:00,2022-10-31 12:30:00,SHORT,20712.71,20743.779065,SL,2,5e-05,0.0008,0.0008500000000000001,-0.0014999999999999846,-0.002349999999999985,0.0017868255771457254,0.00046879428138563845,20675.0,20427.23,1.2129397867454395,4,train,2022-10,5210f76300b0,Q1 (tight)
522,2022-10-31 13:00:00,2022-10-31 13:05:00,SHORT,20699.23,20730.278845,SL,1,5e-05,0.0008,0.0008500000000000001,-0.0015000000000000564,-0.0023500000000000565,0.0016672117755105885,0.0,20675.0,20427.23,1.2129397867454395,12,train,2022-10,5210f76300b0,Q1 (tight)
523,2022-11-03 12:20:00,2022-11-03 12:25:00,LONG,20120.44,20090.25934,SL,1,5e-05,0.0008,0.0008500000000000001,-0.0014999999999999092,-0.0023499999999999095,0.002009896403855914,0.0,20393.32,20120.0,1.3584493041749488,4,train,2022-11,5210f76300b0,Q2
524,2022-11-03 12:35:00,2022-11-03 12:40:00,LONG,20120.95,20090.768575000002,SL,1,5e-05,0.0008,0.0008500000000000001,-0.001499999999999943,-0.0023499999999999433,0.0026976857454544876,0.0,20393.32,20120.0,1.3584493041749488,7,train,2022-11,5210f76300b0,Q2
525,2022-11-03 12:45:00,2022-11-03 12:50:00,LONG,20100.55,20070.399175,SL,1,5e-05,0.0008,0.0008500000000000001,-0.001500000000000031,-0.002350000000000031,0.0034481643537115987,0.0009721127033837817,20393.32,20120.0,1.3584493041749488,9,train,2022-11,5210f76300b0,Q2
526,2022-11-03 12:55:00,2022-11-03 13:30:00,LONG,20101.78,20172.13623,TP,7,5e-05,0.0008,0.0008500000000000001,0.0035000000000000617,0.0026500000000000616,0.0,0.004307578731833706,20393.32,20120.0,1.3584493041749488,11,train,2022-11,5210f76300b0,Q2
527,2022-11-09 12:50:00,2022-11-09 12:55:00,LONG,17715.69,17689.116465,SL,1,5e-05,0.0008,0.0008500000000000001,-0.001499999999999974,-0.002349999999999974,0.01681560244054834,0.0,18587.76,18000.0,3.265333333333324,10,train,2022-11,5210f76300b0,Q4 (wide)
528,2022-11-24 12:15:00,2022-11-24 12:45:00,LONG,16532.07,16507.271895,SL,6,5e-05,0.0008,0.0008500000000000001,-0.001499999999999881,-0.002349999999999881,0.0023626805354684146,0.003439980595291393,16812.63,16533.65,1.6873467141254324,3,train,2022-11,5210f76300b0,Q2
529,2022-11-24 12:50:00,2022-11-24 13:35:00,LONG,16509.73,16567.514055,TP,9,5e-05,0.0008,0.0008500000000000001,0.003500000000000005,0.0026500000000000048,0.0,0.003650574539983418,16812.63,16533.65,1.6873467141254324,10,train,2022-11,5210f76300b0,Q2
530,2022-12-18 12:15:00,2022-12-18 14:20:00,LONG,16706.6,16681.5401,SL,25,5e-05,0.0008,0.0008500000000000001,-0.001500000000000012,-0.002350000000000012,0.001572432451845187,0.001879496725844963,16804.7,16702.23,0.6135108904619393,3,train,2022-12,5210f76300b0,Q1 (tight)
531,2022-12-27 12:05:00,2022-12-27 12:55:00,LONG,16829.83,16804.585255,SL,10,5e-05,0.0008,0.0008500000000000001,-0.0014999999999999979,-0.002349999999999998,0.0018912847010339228,0.000544865872085354,16972.83,16839.0,0.7947621592731263,1,train,2022-12,5210f76300b0,Q1 (tight)
532,2022-12-29 12:05:00,2022-12-29 13:25:00,SHORT,16608.14,16633.05221,SL,16,5e-05,0.0008,0.0008500000000000001,-0.0015000000000001345,-0.0023500000000001345,0.0022838198618268086,0.0010537001735293657,16594.0,16488.91,0.6373374589345211,1,train,2022-12,5210f76300b0,Q1 (tight)
533,2023-01-10 12:20:00,2023-01-10 14:00:00,SHORT,17237.78,17263.63667,SL,20,5e-05,0.0008,0.0008500000000000001,-0.0015000000000000599,-0.00235000000000006,0.00163710176136377,0.0014874305159944853,17235.0,17146.34,0.5170782802627257,4,train,2023-01,5210f76300b0,Q1 (tight)
534,2023-01-13 12:05:00,2023-01-13 12:10:00,SHORT,18900.87,18929.221305,SL,1,5e-05,0.0008,0.0008500000000000001,-0.0015000000000000074,-0.0023500000000000075,0.0015369662877951795,0.0,18887.0,18714.12,0.9237944397064944,1,train,2023-01,5210f76300b0,Q1 (tight)
535,2023-01-13 12:30:00,2023-01-13 12:50:00,SHORT,18893.61,18827.482365,TP,4,5e-05,0.0008,0.0008500000000000001,0.003500000000000039,0.002650000000000039,0.0007050002619933252,0.0035043594104037885,18887.0,18714.12,0.9237944397064944,6,train,2023-01,5210f76300b0,Q1 (tight)
536,2023-01-23 12:10:00,2023-01-23 12:15:00,SHORT,22831.38,22865.627070000002,SL,1,5e-05,0.0008,0.0008500000000000001,-0.0015000000000000551,-0.002350000000000055,0.0027865157515664396,0.0,22826.46,22600.14,1.0014097257804584,2,train,2023-01,5210f76300b0,Q1 (tight)
537,2023-02-07 12:05:00,2023-02-07 12:55:00,SHORT,22993.61,23028.100415,SL,10,5e-05,0.0008,0.0008500000000000001,-0.0015000000000000091,-0.002350000000000009,0.0018322481767761138,0.0013038405017741696,22986.71,22745.78,1.0592294482756814,1,train,2023-02,5210f76300b0,Q1 (tight)
538,2023-02-08 12:10:00,2023-02-08 12:50:00,LONG,23174.33,23139.568505000003,SL,8,5e-05,0.0008,0.0008500000000000001,-0.0014999999999999495,-0.0023499999999999494,0.00381629156053281,0.0010895676379856505,23452.0,23183.17,1.1595912034463007,2,train,2023-02,5210f76300b0,Q1 (tight)
539,2023-02-12 12:05:00,2023-02-12 12:50:00,SHORT,21890.58,21813.962970000004,TP,9,5e-05,0.0008,0.0008500000000000001,0.003499999999999891,0.0026499999999998907,0.0002987586441289922,0.003623476399437719,21890.16,21761.04,0.5933539941105709,1,train,2023-02,5210f76300b0,Q1 (tight)
540,2023-02-13 12:10:00,2023-02-13 12:15:00,LONG,21611.78,21687.42123,TP,1,5e-05,0.0008,0.0008500000000000001,0.0035000000000000504,0.0026500000000000503,0.0,0.0036739222775727617,21894.99,21622.47,1.2603555467992344,2,train,2023-02,5210f76300b0,Q2
541,2023-02-25 13:00:00,2023-02-25 14:10:00,LONG,23017.47,22982.943795000003,SL,14,5e-05,0.0008,0.0008500000000000001,-0.001499999999999926,-0.002349999999999926,0.001684372782934025,0.00297730376101278,23219.13,23023.23,0.8508797418954744,12,train,2023-02,5210f76300b0,Q1 (tight)
542,2023-03-07 12:10:00,2023-03-07 14:00:00,LONG,22380.86,22347.28871,SL,22,5e-05,0.0008,0.0008500000000000001,-0.0014999999999999937,-0.0023499999999999936,0.0019967954761346226,0.0013109415813333423,22557.91,22377.69,0.8053556913157756,2,train,2023-03,5210f76300b0,Q1 (tight)
543,2023-03-09 12:20:00,2023-03-09 13:00:00,LONG,21624.64,21592.20304,SL,8,5e-05,0.0008,0.0008500000000000001,-0.001499999999999958,-0.002349999999999958,0.0017729774923420758,0.0008763151664028039,21806.68,21629.43,0.8194853031263423,4,train,2023-03,5210f76300b0,Q1 (tight)
544,2023-03-10 12:05:00,2023-03-10 12:15:00,LONG,19757.89,19827.042615000002,TP,2,5e-05,0.0008,0.0008500000000000001,0.0035000000000001367,0.0026500000000001366,0.0010011190466187856,0.005092142936315598,20367.78,19776.22,2.9912693123357124,1,train,2023-03,5210f76300b0,Q4 (wide)
545,2023-03-16 12:20:00,2023-03-16 12:25:00,SHORT,24771.58,24808.737370000003,SL,1,5e-05,0.0008,0.0008500000000000001,-0.0015000000000000326,-0.0023500000000000326,0.005723090735431361,0.000491692495997441,24685.0,24123.0,2.3297268167309206,4,train,2023-03,5210f76300b0,Q3
546,2023-03-16 12:50:00,2023-03-16 12:55:00,SHORT,24697.31,24734.355965000002,SL,1,5e-05,0.0008,0.0008500000000000001,-0.0015000000000000469,-0.002350000000000047,0.001719215574489656,0.0020775541951735354,24685.0,24123.0,2.3297268167309206,10,train,2023-03,5210f76300b0,Q3
547,2023-03-16 13:00:00,2023-03-16 13:05:00,SHORT,24720.18,24757.260270000002,SL,1,5e-05,0.0008,0.0008500000000000001,-0.001500000000000089,-0.002350000000000089,0.0032289408895889798,0.0013802488493206352,24685.0,24123.0,2.3297268167309206,12,train,2023-03,5210f76300b0,Q3
548,2023-03-21 12:10:00,2023-03-21 12:15:00,SHORT,27984.97,28026.947455,SL,1,5e-05,0.0008,0.0008500000000000001,-0.0015000000000000068,-0.0023500000000000066,0.004573169097554851,0.0008883339878513566,27968.0,27303.1,2.4352546047884727,2,train,2023-03,5210f76300b0,Q3
549,2023-03-21 12:20:00,2023-03-21 12:25:00,SHORT,27988.99,28030.973485000002,SL,1,5e-05,0.0008,0.0008500000000000001,-0.0015000000000000232,-0.002350000000000023,0.0017510456790330196,0.0012111905431386218,27968.0,27303.1,2.4352546047884727,4,train,2023-03,5210f76300b0,Q3
550,2023-03-21 12:30:00,2023-03-21 12:35:00,SHORT,27961.8,28003.742700000003,SL,1,5e-05,0.0008,0.0008500000000000001,-0.001500000000000116,-0.002350000000000116,0.0037497585992318874,0.0,27968.0,27303.1,2.4352546047884727,6,train,2023-03,5210f76300b0,Q3
551,2023-03-24 14:20:00,2023-03-24 14:25:00,LONG,28090.24,28048.10464,SL,1,5e-05,0.0008,0.0008500000000000001,-0.0015000000000000076,-0.0023500000000000075,0.0036535821694653023,0.0018586526850606873,28374.3,28102.15,0.9684312410260347,12,train,2023-03,5210f76300b0,Q1 (tight)
552,2023-04-03 12:25:00,2023-04-03 12:45:00,SHORT,28172.68,28074.075620000003,TP,4,5e-05,0.0008,0.0008500000000000001,0.0034999999999998947,0.0026499999999998946,0.00032939713225716674,0.0038870991329189144,28182.17,27560.0,2.2575108853410675,5,train,2023-04,5210f76300b0,Q3
553,2023-04-06 12:20:00,2023-04-06 12:25:00,LONG,27886.35,27983.952225,TP,1,5e-05,0.0008,0.0008500000000000001,0.003500000000000085,0.002650000000000085,0.0,0.005036514280284108,28182.05,27878.6,1.088469291858274,4,train,2023-04,5210f76300b0,Q1 (tight)
554,2023-04-06 12:50:00,2023-04-06 13:20:00,LONG,27880.84,27978.42294,TP,6,5e-05,0.0008,0.0008500000000000001,0.0035000000000000083,0.0026500000000000083,0.0005032129591503999,0.0035210560370490364,28182.05,27878.6,1.088469291858274,10,train,2023-04,5210f76300b0,Q1 (tight)
555,2023-04-13 12:20:00,2023-04-13 12:30:00,SHORT,30203.28,30248.58492,SL,2,5e-05,0.0008,0.0008500000000000001,-0.0015000000000000766,-0.002350000000000077,0.002177578064369182,0.0022884931702781613,30200.0,29854.59,1.1569745221756516,4,train,2023-04,5210f76300b0,Q1 (tight)
556,2023-04-13 12:35:00,2023-04-13 12:45:00,SHORT,30187.79,30233.071685000003,SL,2,5e-05,0.0008,0.0008500000000000001,-0.0015000000000000577,-0.0023500000000000578,0.0021541822041295116,0.0,30200.0,29854.59,1.1569745221756516,7,train,2023-04,5210f76300b0,Q1 (tight)
557,2023-04-13 12:50:00,2023-04-13 12:55:00,SHORT,30242.04,30287.403060000004,SL,1,5e-05,0.0008,0.0008500000000000001,-0.0015000000000001095,-0.00235000000000011,0.002036899627141507,0.0,30200.0,29854.59,1.1569745221756516,10,train,2023-04,5210f76300b0,Q1 (tight)
558,2023-04-28 12:25:00,2023-04-28 12:30:00,LONG,29337.34,29293.333990000003,SL,1,5e-05,0.0008,0.0008500000000000001,-0.001499999999999909,-0.002349999999999909,0.00318263346302013,0.004431894643481667,29599.54,29330.0,0.9189907944084585,5,train,2023-04,5210f76300b0,Q1 (tight)
559,2023-04-28 12:35:00,2023-04-28 12:45:00,LONG,29282.4,29238.476400000003,SL,2,5e-05,0.0008,0.0008500000000000001,-0.0014999999999999404,-0.0023499999999999407,0.002066087479168374,0.0017187798814304192,29599.54,29330.0,0.9189907944084585,7,train,2023-04,5210f76300b0,Q1 (tight)
560,2023-04-28 12:50:00,2023-04-28 13:25:00,LONG,29229.38,29331.68283,TP,7,5e-05,0.0008,0.0008500000000000001,0.0035000000000000183,0.0026500000000000182,0.000970940882085115,0.003980926040853435,29599.54,29330.0,0.9189907944084585,10,train,2023-04,5210f76300b0,Q1 (tight)
561,2023-05-06 12:05:00,2023-05-06 12:20:00,LONG,29252.83,29208.950755,SL,3,5e-05,0.0008,0.0008500000000000001,-0.0015000000000000026,-0.0023500000000000027,0.0016487293707994474,0.0,29820.0,29250.65,1.9464524719963436,1,train,2023-05,5210f76300b0,Q3
562,2023-05-06 12:30:00,2023-05-06 12:35:00,LONG,29248.0,29204.128,SL,1,5e-05,0.0008,0.0008500000000000001,-0.001499999999999979,-0.002349999999999979,0.006520103938730878,0.0,29820.0,29250.65,1.9464524719963436,6,train,2023-05,5210f76300b0,Q3
563,2023-05-08 12:20:00,2023-05-08 12:35:00,LONG,27838.56,27796.802160000003,SL,3,5e-05,0.0008,0.0008500000000000001,-0.0014999999999999424,-0.0023499999999999424,0.0015647361070400662,0.0012845492008206746,28631.01,27830.85,2.8750828666749304,4,train,2023-05,5210f76300b0,Q4 (wide)
564,2023-05-08 12:40:00,2023-05-08 12:45:00,LONG,27829.64,27787.89554,SL,1,5e-05,0.0008,0.0008500000000000001,-0.0014999999999999306,-0.0023499999999999307,0.0023762434584134406,0.0010909232027435706,28631.01,27830.85,2.8750828666749304,8,train,2023-05,5210f76300b0,Q4 (wide)
565,2023-05-08 12:50:00,2023-05-08 12:55:00,LONG,27842.42,27800.65637,SL,1,5e-05,0.0008,0.0008500000000000001,-0.0014999999999999157,-0.0023499999999999155,0.003412418891748577,0.0,28631.01,27830.85,2.8750828666749304,10,train,2023-05,5210f76300b0,Q4 (wide)
566,2023-05-17 12:20:00,2023-05-17 12:25:00,LONG,26760.55,26720.409175,SL,1,5e-05,0.0008,0.0008500000000000001,-0.0014999999999999471,-0.002349999999999947,0.002733501366750602,0.0,27238.55,26760.0,1.7883034379671123,4,train,2023-05,5210f76300b0,Q2
567,2023-05-30 12:05:00,2023-05-30 12:25:00,SHORT,27999.85,27901.850525,TP,4,5e-05,0.0008,0.0008500000000000001,0.003499999999999889,0.002649999999999889,0.00035250188840306717,0.004552524388523421,27940.55,27584.45,1.2909447170416612,1,train,2023-05,5210f76300b0,Q2
568,2023-06-04 12:05:00,2023-06-04 13:20:00,SHORT,27177.11,27217.875665000003,SL,15,5e-05,0.0008,0.0008500000000000001,-0.0015000000000000967,-0.002350000000000097,0.001504574989761583,0.0006255264080691434,27163.94,26951.0,0.7901005528551768,1,train,2023-06,5210f76300b0,Q1 (tight)
569,2023-06-13 12:35:00,2023-06-13 12:40:00,SHORT,26303.98,26211.91607,TP,1,5e-05,0.0008,0.0008500000000000001,0.0035000000000000096,0.0026500000000000096,0.00012545629976905672,0.008461076992911388,26157.99,25818.07,1.3165972514599344,7,train,2023-06,5210f76300b0,Q2
570,2023-06-13 12:50:00,2023-06-13 12:55:00,SHORT,26154.29,26062.749985000002,TP,1,5e-05,0.0008,0.0008500000000000001,0.0034999999999999493,0.0026499999999999493,0.0,0.010057241087408637,26157.99,25818.07,1.3165972514599344,10,train,2023-06,5210f76300b0,Q2
571,2023-06-23 12:25:00,2023-06-23 13:00:00,SHORT,30097.75,30142.896625,SL,7,5e-05,0.0008,0.0008500000000000001,-0.0015000000000000406,-0.0023500000000000404,0.0016177289000007871,0.0033806513775946705,30082.25,29800.0,0.9471476510067115,5,train,2023-06,5210f76300b0,Q1 (tight)
572,2023-07-01 12:10:00,2023-07-01 12:15:00,SHORT,30552.68,30598.50902,SL,1,5e-05,0.0008,0.0008500000000000001,-0.0015000000000000339,-0.002350000000000034,0.0027110551349340912,0.0,30534.74,30320.57,0.7063521563084134,2,train,2023-07,5210f76300b0,Q1 (tight)
573,2023-07-17 12:05:00,2023-07-17 12:10:00,LONG,30145.99,30100.771015000002,SL,1,5e-05,0.0008,0.0008500000000000001,-0.001499999999999984,-0.002349999999999984,0.0027101448650384587,0.0,30336.96,30176.03,0.5333040827438211,1,train,2023-07,5210f76300b0,Q1 (tight)
574,2023-07-17 12:50:00,2023-07-17 13:50:00,LONG,30174.19,30279.799665,TP,12,5e-05,0.0008,0.0008500000000000001,0.0034999999999999983,0.0026499999999999983,0.00046993804970407797,0.00442928211163254,30336.96,30176.03,0.5333040827438211,10,train,2023-07,5210f76300b0,Q1 (tight)
575,2023-07-18 12:05:00,2023-07-18 12:15:00,LONG,29876.0,29831.186,SL,2,5e-05,0.0008,0.0008500000000000001,-0.0014999999999999493,-0.0023499999999999494,0.0018074708796358282,0.0013950997456152192,30239.78,29921.54,1.0635816204647153,1,train,2023-07,5210f76300b0,Q1 (tight)
576,2023-07-20 12:35:00,2023-07-20 14:15:00,SHORT,30260.32,30154.408880000003,TP,20,5e-05,0.0008,0.0008500000000000001,0.0034999999999999016,0.0026499999999999016,0.0007567666171409112,0.0046370957081749205,30246.98,29881.29,1.223809279987573,7,train,2023-07,5210f76300b0,Q1 (tight)
577,2023-07-27 12:05:00,2023-07-27 14:25:00,SHORT,29487.57,29384.363505,TP,28,5e-05,0.0008,0.0008500000000000001,0.0034999999999999506,0.0026499999999999506,0.000506315033758302,0.004174640365414937,29499.41,29302.01,0.6736739220278796,1,train,2023-07,5210f76300b0,Q1 (tight)
578,2023-07-29 12:20:00,2023-07-29 14:50:00,LONG,29298.6,29279.15,MAX_HOLD,30,5e-05,0.0008,0.0008500000000000001,-0.0006638542455952534,-0.0015138542455952536,0.0012468172540667075,0.0012509130129085163,29406.92,29295.0,0.3820447175285825,4,train,2023-07,5210f76300b0,Q1 (tight)
579,2023-08-02 12:15:00,2023-08-02 12:20:00,LONG,29568.64,29524.28704,SL,1,5e-05,0.0008,0.0008500000000000001,-0.0015000000000000057,-0.0023500000000000057,0.0016196213285426526,0.0,30047.5,29564.0,1.6354349884995265,3,train,2023-08,5210f76300b0,Q2
580,2023-08-21 13:00:00,2023-08-21 13:55:00,LONG,26004.0,26095.014000000003,TP,11,5e-05,0.0008,0.0008500000000000001,0.00350000000000011,0.0026500000000001097,0.0008137209660052244,0.005387248115674518,26195.12,26000.0,0.7504615384615345,12,train,2023-08,5210f76300b0,Q1 (tight)
581,2023-08-27 12:05:00,2023-08-27 14:10:00,SHORT,26053.87,26092.950805,SL,25,5e-05,0.0008,0.0008500000000000001,-0.0015000000000000545,-0.0023500000000000543,0.003399111149322589,4.106875485291471e-05,26055.54,25966.11,0.3444104642551398,1,train,2023-08,5210f76300b0,Q1 (tight)
582,2023-08-29 12:05:00,2023-08-29 13:40:00,LONG,25981.49,26072.425215000003,TP,19,5e-05,0.0008,0.0008500000000000001,0.0035000000000000512,0.002650000000000051,0.0006427652917519636,0.0035459860077307875,26206.24,25990.58,0.8297621676776733,1,train,2023-08,5210f76300b0,Q1 (tight)
583,2023-09-07 12:05:00,2023-09-07 12:30:00,LONG,25715.02,25676.447470000003,SL,5,5e-05,0.0008,0.0008500000000000001,-0.0014999999999999083,-0.0023499999999999086,0.0015174011142126444,0.00014932906915880856,25850.0,25724.78,0.4867680112327537,1,train,2023-09,5210f76300b0,Q1 (tight)
584,2023-09-07 12:35:00,2023-09-07 12:50:00,LONG,25685.27,25646.742095,SL,3,5e-05,0.0008,0.0008500000000000001,-0.0014999999999999614,-0.0023499999999999615,0.0018901884231701388,0.0,25850.0,25724.78,0.4867680112327537,7,train,2023-09,5210f76300b0,Q1 (tight)
585,2023-09-11 12:10:00,2023-09-11 12:20:00,LONG,25647.53,25609.058705,SL,2,5e-05,0.0008,0.0008500000000000001,-0.0014999999999999755,-0.0023499999999999754,0.0017436376914267194,0.00027254086455894976,25900.69,25652.78,0.9664059801705698,2,train,2023-09,5210f76300b0,Q1 (tight)
586,2023-09-11 12:30:00,2023-09-11 13:00:00,LONG,25636.01,25725.736034999998,TP,6,5e-05,0.0008,0.0008500000000000001,0.003499999999999988,0.002649999999999988,0.0,0.003627319539975277,25900.69,25652.78,0.9664059801705698,6,train,2023-09,5210f76300b0,Q1 (tight)
587,2023-09-13 12:40:00,2023-09-13 12:45:00,SHORT,26135.76,26174.963639999998,SL,1,5e-05,0.0008,0.0008500000000000001,-0.0014999999999999894,-0.0023499999999999893,0.0026228431849696704,0.0021395972414805712,26109.94,25764.17,1.3420575939376291,8,train,2023-09,5210f76300b0,Q2
588,2023-09-13 12:50:00,2023-09-13 12:55:00,SHORT,26166.83,26206.080245000005,SL,1,5e-05,0.0008,0.0008500000000000001,-0.001500000000000111,-0.002350000000000111,0.002040369429541118,0.0,26109.94,25764.17,1.3420575939376291,10,train,2023-09,5210f76300b0,Q2
589,2023-09-17 12:05:00,2023-09-17 14:35:00,SHORT,26583.45,26573.76,MAX_HOLD,30,5e-05,0.0008,0.0008500000000000001,0.0003645125068417503,-0.00048548749315824975,0.00021592381726216734,0.0021084546964370413,26570.0,26416.16,0.5823707912126522,1,train,2023-09,5210f76300b0,Q1 (tight)
590,2023-09-26 12:35:00,2023-09-26 13:30:00,LONG,26228.15,26188.807775,SL,11,5e-05,0.0008,0.0008500000000000001,-0.0015000000000000124,-0.0023500000000000127,0.0024077184246697326,0.0004884065403010762,26397.46,26234.37,0.6216653954335483,7,train,2023-09,5210f76300b0,Q1 (tight)
591,2023-09-30 12:10:00,2023-09-30 14:00:00,SHORT,26948.77,26989.193155,SL,22,5e-05,0.0008,0.0008500000000000001,-0.001500000000000015,-0.0023500000000000153,0.0018639069612453392,0.0016980366821937342,26958.04,26886.31,0.26679005040111325,2,train,2023-09,5210f76300b0,Q1 (tight)
592,2023-10-01 12:05:00,2023-10-01 14:20:00,SHORT,27171.17,27211.926755,SL,27,5e-05,0.0008,0.0008500000000000001,-0.0015000000000000796,-0.0023500000000000795,0.001878829656580961,0.0016521187714772466,27158.59,26954.09,0.7586974741124631,1,train,2023-10,5210f76300b0,Q1 (tight)
593,2023-10-07 12:05:00,2023-10-07 14:35:00,SHORT,27948.56,27948.11,MAX_HOLD,30,5e-05,0.0008,0.0008500000000000001,1.610100842407364e-05,-0.0008338989915759264,0.0013492645059351581,0.0019063593974073252,27955.9,27842.08,0.4088056639446468,1,train,2023-10,5210f76300b0,Q1 (tight)
594,2023-10-08 12:25:00,2023-10-08 12:50:00,LONG,27870.85,27829.043725,SL,5,5e-05,0.0008,0.0008500000000000001,-0.0014999999999999645,-0.0023499999999999645,0.002053041080555402,0.0,28095.14,27878.06,0.7786768519760633,5,train,2023-10,5210f76300b0,Q1 (tight)
595,2023-10-18 12:50:00,2023-10-18 14:30:00,LONG,28293.1,28250.66035,SL,20,5e-05,0.0008,0.0008500000000000001,-0.0015000000000000091,-0.002350000000000009,0.003997441072204832,0.0032357712657857538,28982.36,28320.29,2.3377938573369117,10,train,2023-10,5210f76300b0,Q3
596,2023-10-19 12:30:00,2023-10-19 12:45:00,SHORT,28440.01,28482.670015,SL,3,5e-05,0.0008,0.0008500000000000001,-0.0015000000000000456,-0.0023500000000000456,0.0028941621328544298,0.0001592826444153443,28418.0,28100.66,1.129297318995355,6,train,2023-10,5210f76300b0,Q1 (tight)
597,2023-10-20 12:55:00,2023-10-20 13:00:00,SHORT,29479.42,29523.63913,SL,1,5e-05,0.0008,0.0008500000000000001,-0.0015000000000000447,-0.0023500000000000448,0.0030570479337789763,0.0,29400.0,28578.29,2.875294498026296,11,train,2023-10,5210f76300b0,Q4 (wide)
598,2023-10-21 12:20:00,2023-10-21 12:40:00,SHORT,29762.03,29806.673045,SL,4,5e-05,0.0008,0.0008500000000000001,-0.0015000000000000239,-0.002350000000000024,0.0019477838037257932,0.00013607942737774514,29730.88,29464.77,0.9031463676790981,4,train,2023-10,5210f76300b0,Q1 (tight)
599,2023-10-28 12:05:00,2023-10-28 12:45:00,SHORT,34200.0,34080.3,TP,8,5e-05,0.0008,0.0008500000000000001,0.003499999999999915,0.002649999999999915,4.8830409356674085e-05,0.0085441520467836,34185.0,33860.0,0.9598346131128175,1,train,2023-10,5210f76300b0,Q1 (tight)
600,2023-10-30 12:10:00,2023-10-30 12:15:00,SHORT,34588.72,34640.60308,SL,1,5e-05,0.0008,0.0008500000000000001,-0.0014999999999999885,-0.0023499999999999884,0.0037992154667763423,0.0,34570.51,34114.74,1.3359914218897877,2,train,2023-10,5210f76300b0,Q2
601,2023-10-30 13:00:00,2023-10-30 13:20:00,SHORT,34587.49,34639.371235,SL,4,5e-05,0.0008,0.0008500000000000001,-0.0015000000000000215,-0.0023500000000000213,0.002487315500488727,0.0020244313767780434,34570.51,34114.74,1.3359914218897877,12,train,2023-10,5210f76300b0,Q2
602,2023-11-03 12:30:00,2023-11-03 12:45:00,LONG,34300.0,34420.05,TP,3,5e-05,0.0008,0.0008500000000000001,0.0035000000000000846,0.0026500000000000846,0.0,0.0035693877551020493,34946.5,34310.0,1.8551442728067618,6,train,2023-11,5210f76300b0,Q3
603,2023-11-06 12:20:00,2023-11-06 12:25:00,SHORT,35151.79,35204.517685000006,SL,1,5e-05,0.0008,0.0008500000000000001,-0.0015000000000001505,-0.0023500000000001506,0.0023623263566379085,0.0,35118.71,34725.9,1.1311729861572994,4,train,2023-11,5210f76300b0,Q1 (tight)
604,2023-11-16 12:15:00,2023-11-16 12:20:00,LONG,37254.0,37198.119,SL,1,5e-05,0.0008,0.0008500000000000001,-0.0015000000000000328,-0.0023500000000000326,0.004470660868631634,0.0,37929.54,37307.55,1.6671960501292578,3,train,2023-11,5210f76300b0,Q2
605,2023-11-21 12:30:00,2023-11-21 12:35:00,LONG,37229.96,37174.115060000004,SL,1,5e-05,0.0008,0.0008500000000000001,-0.0014999999999998766,-0.0023499999999998765,0.0019175416787984574,0.0,37649.44,37241.25,1.0960695465377837,6,train,2023-11,5210f76300b0,Q1 (tight)
606,2023-11-22 12:25:00,2023-11-22 13:00:00,SHORT,36543.94,36598.75591000001,SL,7,5e-05,0.0008,0.0008500000000000001,-0.0015000000000001314,-0.0023500000000001315,0.0020783199622152696,0.002353878645816627,36558.87,35632.01,2.601200437471814,5,train,2023-11,5210f76300b0,Q3
607,2023-11-25 12:05:00,2023-11-25 14:35:00,LONG,37662.81,37671.52,MAX_HOLD,30,5e-05,0.0008,0.0008500000000000001,0.00023126261688915744,-0.0006187373831108426,0.0004919972779513488,0.0019164794129806113,37839.44,37676.03,0.43372404151924576,1,train,2023-11,5210f76300b0,Q1 (tight)
608,2023-11-27 12:05:00,2023-11-27 12:25:00,LONG,37057.42,37001.83387,SL,4,5e-05,0.0008,0.0008500000000000001,-0.0014999999999998933,-0.0023499999999998934,0.0034384476847011546,0.0011490276441263787,37569.23,37051.0,1.3986936924779445,1,train,2023-11,5210f76300b0,Q2
609,2023-11-27 12:50:00,2023-11-27 12:55:00,LONG,37051.33,36995.753005000006,SL,1,5e-05,0.0008,0.0008500000000000001,-0.0014999999999998866,-0.002349999999999887,0.0026690000062075886,0.0001295500053573147,37569.23,37051.0,1.3986936924779445,10,train,2023-11,5210f76300b0,Q2
610,2023-11-27 13:00:00,2023-11-27 13:15:00,LONG,36971.6,36916.1426,SL,3,5e-05,0.0008,0.0008500000000000001,-0.0014999999999999818,-0.002349999999999982,0.004370922545954153,0.0013775438444644076,37569.23,37051.0,1.3986936924779445,12,train,2023-11,5210f76300b0,Q2
611,2023-11-29 12:35:00,2023-11-29 13:45:00,SHORT,38256.0,38122.104,TP,14,5e-05,0.0008,0.0008500000000000001,0.0035000000000000166,0.0026500000000000165,0.000327007528230919,0.0042262651610205015,38235.36,37677.96,1.4793794568495786,7,train,2023-11,5210f76300b0,Q2
612,2023-12-01 12:45:00,2023-12-01 13:25:00,SHORT,38375.17,38432.732755,SL,8,5e-05,0.0008,0.0008500000000000001,-0.0014999999999999744,-0.0023499999999999745,0.001523902043951941,0.0019585580988956196,38348.0,37615.86,1.9463598599101535,9,train,2023-12,5210f76300b0,Q3
613,2023-12-04 12:25:00,2023-12-04 12:30:00,SHORT,41821.36,41674.98524,TP,1,5e-05,0.0008,0.0008500000000000001,0.003499999999999971,0.002649999999999971,0.0,0.005675329544519799,41750.0,39972.26,4.447434295684052,5,train,2023-12,5210f76300b0,Q4 (wide)
614,2023-12-04 12:55:00,2023-12-04 13:00:00,SHORT,41779.91,41842.57986500001,SL,1,5e-05,0.0008,0.0008500000000000001,-0.0015000000000000833,-0.0023500000000000834,0.0015816214060775733,0.00031498392409183004,41750.0,39972.26,4.447434295684052,11,train,2023-12,5210f76300b0,Q4 (wide)
615,2023-12-06 12:45:00,2023-12-06 13:10:00,SHORT,44150.0,43995.475000000006,TP,5,5e-05,0.0008,0.0008500000000000001,0.0034999999999998682,0.002649999999999868,0.0011325028312570782,0.0038278595696489242,44146.08,43444.0,1.616057453273183,9,train,2023-12,5210f76300b0,Q2
616,2023-12-08 12:05:00,2023-12-08 12:20:00,SHORT,43605.76,43671.16864,SL,3,5e-05,0.0008,0.0008500000000000001,-0.0015000000000000336,-0.0023500000000000335,0.0021611823759062555,0.002150174655825332,43550.0,43117.38,1.0033540999012525,1,train,2023-12,5210f76300b0,Q1 (tight)
617,2023-12-14 12:15:00,2023-12-14 12:35:00,SHORT,43120.01,43184.69001500001,SL,4,5e-05,0.0008,0.0008500000000000001,-0.0015000000000001245,-0.0023500000000001246,0.0024153519444916976,0.001835806624349194,43110.0,42648.95,1.0810348203179747,3,train,2023-12,5210f76300b0,Q1 (tight)
618,2023-12-14 12:55:00,2023-12-14 13:05:00,SHORT,43151.1,43000.07115,TP,2,5e-05,0.0008,0.0008500000000000001,0.0034999999999998877,0.0026499999999998877,0.0,0.00628118402543622,43110.0,42648.95,1.0810348203179747,11,train,2023-12,5210f76300b0,Q1 (tight)
619,2023-12-29 12:15:00,2023-12-29 13:00:00,SHORT,42815.76,42879.983640000006,SL,9,5e-05,0.0008,0.0008500000000000001,-0.0015000000000000887,-0.002350000000000089,0.0016869956296465581,0.001535649489814031,42800.0,42088.92,1.6894707680786338,3,train,2023-12,5210f76300b0,Q2
620,2024-01-08 12:30:00,2024-01-08 12:35:00,SHORT,44518.15,44584.92722500001,SL,1,5e-05,0.0008,0.0008500000000000001,-0.0015000000000001184,-0.0023500000000001185,0.006880789071423671,0.0,44341.8,43175.0,2.7024898668210837,6,train,2024-01,5210f76300b0,Q3
621,2024-01-10 12:05:00,2024-01-10 12:10:00,LONG,45596.61,45528.215085,SL,1,5e-05,0.0008,0.0008500000000000001,-0.001499999999999937,-0.002349999999999937,0.004677979349780673,0.0,46249.14,45622.0,1.374643812195869,1,train,2024-01,5210f76300b0,Q2
622,2024-01-12 12:50:00,2024-01-12 12:55:00,LONG,45694.72,45854.65152000001,TP,1,5e-05,0.0008,0.0008500000000000001,0.0035000000000001215,0.0026500000000001214,0.0,0.0041781632538726195,46515.53,45742.49,1.6899823337120496,10,train,2024-01,5210f76300b0,Q2
623,2024-01-16 12:10:00,2024-01-16 12:25:00,SHORT,42952.04,43016.46806000001,SL,3,5e-05,0.0008,0.0008500000000000001,-0.0015000000000001314,-0.0023500000000001315,0.003095545636481972,0.0013638467462779823,42946.05,42466.88,1.1283381307974722,2,train,2024-01,5210f76300b0,Q1 (tight)
624,2024-01-16 12:30:00,2024-01-16 12:55:00,SHORT,43054.3,43118.88145000001,SL,5,5e-05,0.0008,0.0008500000000000001,-0.001500000000000119,-0.0023500000000001194,0.002594398236645285,0.0006570772257358934,42946.05,42466.88,1.1283381307974722,6,train,2024-01,5210f76300b0,Q1 (tight)
625,2024-01-18 12:05:00,2024-01-18 12:15:00,LONG,42491.11,42427.373335000004,SL,2,5e-05,0.0008,0.0008500000000000001,-0.0014999999999999228,-0.002349999999999923,0.0020030072172744036,0.0,42922.0,42502.19,0.9877373377701189,1,train,2024-01,5210f76300b0,Q1 (tight)
626,2024-01-18 12:35:00,2024-01-18 13:40:00,LONG,42407.83,42556.257405000004,TP,13,5e-05,0.0008,0.0008500000000000001,0.0035000000000000512,0.002650000000000051,0.0010806966543678784,0.003888197061721843,42922.0,42502.19,0.9877373377701189,7,train,2024-01,5210f76300b0,Q1 (tight)
627,2024-01-21 12:05:00,2024-01-21 12:10:00,SHORT,41727.91,41790.501865000006,SL,1,5e-05,0.0008,0.0008500000000000001,-0.0015000000000000512,-0.0023500000000000513,0.0022332774394882237,0.0,41730.0,41564.29,0.39868358150710415,1,train,2024-01,5210f76300b0,Q1 (tight)
628,2024-01-21 12:25:00,2024-01-21 13:10:00,SHORT,41741.97,41804.582955000005,SL,9,5e-05,0.0008,0.0008500000000000001,-0.0015000000000000993,-0.0023500000000000994,0.0016297745410673917,0.0002937091852637055,41730.0,41564.29,0.39868358150710415,5,train,2024-01,5210f76300b0,Q1 (tight)
629,2024-01-24 12:05:00,2024-01-24 12:50:00,SHORT,40248.18,40107.31137,TP,9,5e-05,0.0008,0.0008500000000000001,0.0034999999999999307,0.0026499999999999306,0.0005418878567924729,0.004923700897779683,40250.0,39557.01,1.75187659532406,1,train,2024-01,5210f76300b0,Q2
630,2024-01-25 12:05:00,2024-01-25 12:15:00,SHORT,40230.95,40090.141675,TP,2,5e-05,0.0008,0.0008500000000000001,0.003499999999999954,0.002649999999999954,0.0,0.004249216088608326,40178.84,39792.01,0.9721298320944192,1,train,2024-01,5210f76300b0,Q1 (tight)
631,2024-01-31 12:05:00,2024-01-31 13:25:00,LONG,42600.71,42536.808935,SL,16,5e-05,0.0008,0.0008500000000000001,-0.0014999999999999577,-0.002349999999999958,0.0018638187016132232,0.003019902719931228,43107.77,42655.07,1.0613040841334855,1,train,2024-01,5210f76300b0,Q1 (tight)
632,2024-02-03 12:25:00,2024-02-03 14:55:00,LONG,43054.97,43042.27,MAX_HOLD,30,5e-05,0.0008,0.0008500000000000001,-0.00029497175355143354,-0.0011449717535514335,0.0007448617430229241,0.0008953670157009895,43380.01,43040.0,0.7899860594795586,5,train,2024-02,5210f76300b0,Q1 (tight)
633,2024-02-08 12:10:00,2024-02-08 12:35:00,SHORT,44792.41,44635.63656500001,TP,5,5e-05,0.0008,0.0008500000000000001,0.0034999999999998995,0.0026499999999998994,0.0010870145187542946,0.004161642563996969,44780.0,44331.1,1.0126074020270226,2,train,2024-02,5210f76300b0,Q1 (tight)
634,2024-02-18 12:05:00,2024-02-18 12:50:00,SHORT,51793.02,51611.74443,TP,9,5e-05,0.0008,0.0008500000000000001,0.003499999999999961,0.002649999999999961,0.0013936240829362778,0.0037267570031636853,51798.99,51163.28,1.2425122079741548,1,train,2024-02,5210f76300b0,Q2
635,2024-03-06 12:25:00,2024-03-06 12:30:00,SHORT,66792.36,66892.54854,SL,1,5e-05,0.0008,0.0008500000000000001,-0.0015000000000000423,-0.002350000000000042,0.002768580119043529,0.0012796373716994153,66761.1,62779.14,6.342807499433739,5,train,2024-03,5210f76300b0,Q4 (wide)
636,2024-03-08 12:05:00,2024-03-08 12:30:00,SHORT,67607.99,67371.36203500001,TP,5,5e-05,0.0008,0.0008500000000000001,0.0034999999999998873,0.0026499999999998873,0.0001865164161809955,0.0035757607939534953,67640.45,66757.0,1.3233818176370973,1,holdout,2024-03,5210f76300b0,Q2
637,2024-03-10 12:05:00,2024-03-10 12:20:00,SHORT,69661.1,69765.59165000002,SL,3,5e-05,0.0008,0.0008500000000000001,-0.0015000000000001557,-0.002350000000000156,0.0024723985122255595,0.0008771035771758674,69659.47,68200.0,2.1399853372434037,1,holdout,2024-03,5210f76300b0,Q3
638,2024-03-10 12:25:00,2024-03-10 12:35:00,SHORT,69759.99,69515.830035,TP,2,5e-05,0.0008,0.0008500000000000001,0.0034999999999999845,0.0026499999999999844,0.0009435207774541313,0.004846904364521983,69659.47,68200.0,2.1399853372434037,5,holdout,2024-03,5210f76300b0,Q3
639,2024-03-10 12:45:00,2024-03-10 12:50:00,SHORT,69654.11,69758.591165,SL,1,5e-05,0.0008,0.0008500000000000001,-0.0015000000000000675,-0.0023500000000000673,0.0018360725591066976,0.0,69659.47,68200.0,2.1399853372434037,9,holdout,2024-03,5210f76300b0,Q3
640,2024-03-11 12:05:00,2024-03-11 12:25:00,SHORT,71643.28,71750.74492,SL,4,5e-05,0.0008,0.0008500000000000001,-0.0014999999999999794,-0.0023499999999999797,0.00481077918263937,0.00304676167813644,71298.0,67024.96,6.375296605921127,1,holdout,2024-03,5210f76300b0,Q4 (wide)
641,2024-03-13 12:15:00,2024-03-13 12:30:00,SHORT,73175.04,72918.92736,TP,3,5e-05,0.0008,0.0008500000000000001,0.0034999999999998925,0.0026499999999998925,0.0,0.00445425106703034,73182.22,71333.31,2.5919307543698777,3,holdout,2024-03,5210f76300b0,Q3
642,2024-03-17 12:50:00,2024-03-17 12:55:00,SHORT,66673.74,66440.38191000001,TP,1,5e-05,0.0008,0.0008500000000000001,0.0034999999999999138,0.0026499999999999137,0.0,0.003551923140954849,66576.39,64533.0,3.166426479475616,10,holdout,2024-03,5210f76300b0,Q4 (wide)
643,2024-03-17 13:00:00,2024-03-17 13:05:00,SHORT,66584.19,66684.06628500001,SL,1,5e-05,0.0008,0.0008500000000000001,-0.0015000000000000861,-0.0023500000000000864,0.009320981452203662,0.0,66576.39,64533.0,3.166426479475616,12,holdout,2024-03,5210f76300b0,Q4 (wide)
644,2024-03-19 12:10:00,2024-03-19 12:15:00,LONG,63490.03,63394.794955000005,SL,1,5e-05,0.0008,0.0008500000000000001,-0.0014999999999999053,-0.002349999999999905,0.007245704561802835,0.0,68124.11,63577.0,7.152130487440428,2,holdout,2024-03,5210f76300b0,Q4 (wide)
645,2024-03-19 12:40:00,2024-03-19 12:45:00,LONG,63606.22,63510.810670000006,SL,1,5e-05,0.0008,0.0008500000000000001,-0.0014999999999999207,-0.0023499999999999207,0.002238774761336257,0.0028578966019360817,68124.11,63577.0,7.152130487440428,8,holdout,2024-03,5210f76300b0,Q4 (wide)
646,2024-03-19 12:50:00,2024-03-19 13:00:00,LONG,63549.06,63453.73641,SL,2,5e-05,0.0008,0.0008500000000000001,-0.0014999999999999996,-0.0023499999999999997,0.003032460275572906,0.0026898902989281404,68124.11,63577.0,7.152130487440428,10,holdout,2024-03,5210f76300b0,Q4 (wide)
647,2024-03-20 12:10:00,2024-03-20 12:15:00,SHORT,63661.1,63756.59165,SL,1,5e-05,0.0008,0.0008500000000000001,-0.0015000000000000562,-0.002350000000000056,0.0061871378282813945,0.0,63466.21,60775.0,4.428153023447139,2,holdout,2024-03,5210f76300b0,Q4 (wide)
648,2024-03-28 12:10:00,2024-03-28 12:25:00,SHORT,70452.08,70557.75812,SL,3,5e-05,0.0008,0.0008500000000000001,-0.0014999999999999554,-0.0023499999999999554,0.0021151965988797502,0.0010693793568620899,70469.82,68903.62,2.2730300672156436,2,holdout,2024-03,5210f76300b0,Q3
649,2024-03-28 12:30:00,2024-03-28 12:55:00,SHORT,70521.1,70626.88165000001,SL,5,5e-05,0.0008,0.0008500000000000001,-0.001500000000000063,-0.002350000000000063,0.004673778486155083,0.002443949399541496,70469.82,68903.62,2.2730300672156436,6,holdout,2024-03,5210f76300b0,Q3
650,2024-03-28 13:00:00,2024-03-28 13:15:00,SHORT,70839.15,70591.212975,TP,3,5e-05,0.0008,0.0008500000000000001,0.0034999999999998873,0.0026499999999998873,2.752715129997525e-05,0.006228053272801661,70469.82,68903.62,2.2730300672156436,12,holdout,2024-03,5210f76300b0,Q3
651,2024-04-04 12:05:00,2024-04-04 12:10:00,SHORT,66372.04,66471.59806,SL,1,5e-05,0.0008,0.0008500000000000001,-0.0015000000000001553,-0.0023500000000001554,0.0031477109939669298,0.0,66354.83,65064.52,1.983123828470578,1,holdout,2024-04,5210f76300b0,Q3
652,2024-04-11 12:20:00,2024-04-11 12:25:00,LONG,70240.85,70135.488725,SL,1,5e-05,0.0008,0.0008500000000000001,-0.0015000000000000417,-0.0023500000000000417,0.005311581508481333,0.0,71305.89,70285.13,1.452312886096952,4,holdout,2024-04,5210f76300b0,Q2
653,2024-04-18 12:45:00,2024-04-18 12:50:00,SHORT,62257.32,62039.41938,TP,1,5e-05,0.0008,0.0008500000000000001,0.0035000000000000057,0.0026500000000000056,0.0,0.0037229357126197984,62229.9,60803.35,2.3461700712214095,9,holdout,2024-04,5210f76300b0,Q3
654,2024-04-18 13:00:00,2024-04-18 13:05:00,SHORT,62232.96,62326.309440000005,SL,1,5e-05,0.0008,0.0008500000000000001,-0.001500000000000087,-0.0023500000000000873,0.0022692155410894994,0.0008203048673885291,62229.9,60803.35,2.3461700712214095,12,holdout,2024-04,5210f76300b0,Q3
655,2024-04-19 12:20:00,2024-04-19 12:35:00,SHORT,65308.15,65079.571475000004,TP,3,5e-05,0.0008,0.0008500000000000001,0.0034999999999999567,0.0026499999999999566,0.0011707574016412824,0.003503697471142571,65179.0,59600.01,9.360719905919474,4,holdout,2024-04,5210f76300b0,Q4 (wide)
656,2024-04-19 12:40:00,2024-04-19 12:45:00,SHORT,65157.75,65255.486625000005,SL,1,5e-05,0.0008,0.0008500000000000001,-0.0015000000000000768,-0.002350000000000077,0.0034818574920098167,0.0,65179.0,59600.01,9.360719905919474,8,holdout,2024-04,5210f76300b0,Q4 (wide)
657,2024-04-19 12:50:00,2024-04-19 12:55:00,SHORT,65384.61,65155.763865,TP,1,5e-05,0.0008,0.0008500000000000001,0.0034999999999999966,0.0026499999999999965,0.0,0.0085455889390485,65179.0,59600.01,9.360719905919474,10,holdout,2024-04,5210f76300b0,Q4 (wide)
658,2024-04-23 12:15:00,2024-04-23 12:40:00,LONG,66025.62,65926.58157,SL,5,5e-05,0.0008,0.0008500000000000001,-0.0015000000000000078,-0.002350000000000008,0.0018244432994342478,0.0017929403767810838,67183.01,66020.0,1.7616025446834211,3,holdout,2024-04,5210f76300b0,Q2
659,2024-04-23 12:45:00,2024-04-23 13:00:00,LONG,65905.17,66135.838095,TP,3,5e-05,0.0008,0.0008500000000000001,0.003500000000000014,0.002650000000000014,0.0,0.00431316693364109,67183.01,66020.0,1.7616025446834211,9,holdout,2024-04,5210f76300b0,Q2
660,2024-04-24 12:50:00,2024-04-24 13:00:00,LONG,66412.17,66312.551745,SL,2,5e-05,0.0008,0.0008500000000000001,-0.001499999999999909,-0.002349999999999909,0.0056034910468969685,0.0005500497875615092,67070.43,66390.0,1.0248983280614445,10,holdout,2024-04,5210f76300b0,Q1 (tight)
661,2024-04-25 12:05:00,2024-04-25 12:10:00,LONG,63736.0,63959.076,TP,1,5e-05,0.0008,0.0008500000000000001,0.003500000000000015,0.0026500000000000148,0.0,0.006789098782477707,64741.47,63824.07,1.437388746910063,1,holdout,2024-04,5210f76300b0,Q2
662,2024-04-25 12:35:00,2024-04-25 12:40:00,LONG,63819.94,63724.21009000001,SL,1,5e-05,0.0008,0.0008500000000000001,-0.0014999999999999148,-0.0023499999999999147,0.0022536843500636596,0.0011844260586894395,64741.47,63824.07,1.437388746910063,7,holdout,2024-04,5210f76300b0,Q2
663,2024-04-25 12:45:00,2024-04-25 12:50:00,LONG,63764.79,63669.14281500001,SL,1,5e-05,0.0008,0.0008500000000000001,-0.0014999999999999113,-0.002349999999999911,0.0078061889641603465,0.0,64741.47,63824.07,1.437388746910063,9,holdout,2024-04,5210f76300b0,Q2
664,2024-05-09 12:05:00,2024-05-09 12:30:00,LONG,61104.59,61318.456065,TP,5,5e-05,0.0008,0.0008500000000000001,0.0035000000000000326,0.0026500000000000325,0.0,0.008615392067928159,61806.98,61129.0,1.1090971551963933,1,holdout,2024-05,5210f76300b0,Q1 (tight)
665,2024-05-11 12:50:00,2024-05-11 13:10:00,LONG,60670.0,60882.345,TP,4,5e-05,0.0008,0.0008500000000000001,0.003500000000000019,0.002650000000000019,5.1425745838183934e-05,0.004330476347453489,61096.27,60650.0,0.7358120362736963,10,holdout,2024-05,5210f76300b0,Q1 (tight)
666,2024-05-12 12:05:00,2024-05-12 12:45:00,SHORT,61141.55,61233.262325,SL,8,5e-05,0.0008,0.0008500000000000001,-0.0015000000000000068,-0.0023500000000000066,0.0015488648881161352,0.000843125501398033,61120.0,60610.0,0.8414453060551065,1,holdout,2024-05,5210f76300b0,Q1 (tight)
667,2024-05-12 12:55:00,2024-05-12 13:45:00,SHORT,61140.6,61232.310900000004,SL,10,5e-05,0.0008,0.0008500000000000001,-0.0015000000000000898,-0.00235000000000009,0.0017229140701923728,0.0006985538251178289,61120.0,60610.0,0.8414453060551065,11,holdout,2024-05,5210f76300b0,Q1 (tight)
668,2024-05-13 12:25:00,2024-05-13 12:30:00,SHORT,62535.09,62628.892635,SL,1,5e-05,0.0008,0.0008500000000000001,-0.0015000000000000002,-0.0023500000000000005,0.004042370451533705,0.0,62450.0,60749.21,2.799690728488487,5,holdout,2024-05,5210f76300b0,Q4 (wide)
669,2024-05-18 12:35:00,2024-05-18 12:55:00,SHORT,67213.2,66977.9538,TP,4,5e-05,0.0008,0.0008500000000000001,0.003499999999999913,0.002649999999999913,0.0,0.004659798968059802,67240.69,66725.53,0.772058311114207,7,holdout,2024-05,5210f76300b0,Q1 (tight)
670,2024-05-23 12:20:00,2024-05-23 12:25:00,SHORT,69835.86,69940.61379,SL,1,5e-05,0.0008,0.0008500000000000001,-0.0015000000000000356,-0.0023500000000000357,0.003033255407751859,0.0,69862.44,69166.61,1.006020101317676,4,holdout,2024-05,5210f76300b0,Q1 (tight)
671,2024-05-23 12:30:00,2024-05-23 12:50:00,SHORT,69968.0,69723.11200000001,TP,4,5e-05,0.0008,0.0008500000000000001,0.0034999999999998817,0.0026499999999998816,0.0,0.004544934827349646,69862.44,69166.61,1.006020101317676,6,holdout,2024-05,5210f76300b0,Q1 (tight)
672,2024-05-29 12:15:00,2024-05-29 12:25:00,LONG,67944.34,67842.42349,SL,2,5e-05,0.0008,0.0008500000000000001,-0.0014999999999999335,-0.0023499999999999337,0.0024181558022346368,0.0010252509627734039,68935.68,67936.35,1.4709798215535381,3,holdout,2024-05,5210f76300b0,Q2
673,2024-05-29 12:30:00,2024-05-29 12:35:00,LONG,67833.98,67732.22903,SL,1,5e-05,0.0008,0.0008500000000000001,-0.001499999999999907,-0.002349999999999907,0.003932689781728708,0.0,68935.68,67936.35,1.4709798215535381,6,holdout,2024-05,5210f76300b0,Q2
674,2024-05-29 12:50:00,2024-05-29 13:00:00,LONG,67952.0,67850.072,SL,2,5e-05,0.0008,0.0008500000000000001,-0.0014999999999999983,-0.0023499999999999984,0.001981104308923878,0.0003637862020249759,68935.68,67936.35,1.4709798215535381,10,holdout,2024-05,5210f76300b0,Q2
675,2024-06-03 12:15:00,2024-06-03 12:20:00,SHORT,69243.85,69347.715775,SL,1,5e-05,0.0008,0.0008500000000000001,-0.0014999999999999766,-0.0023499999999999767,0.0028154124878959946,0.0,69221.0,67612.48,2.3790282504058484,3,holdout,2024-06,5210f76300b0,Q3
676,2024-06-20 12:20:00,2024-06-20 12:30:00,SHORT,66008.43,66107.442645,SL,2,5e-05,0.0008,0.0008500000000000001,-0.0015000000000001486,-0.002350000000000149,0.0022962218613593295,0.0018346141545858806,65967.39,64818.72,1.7721269411059,4,holdout,2024-06,5210f76300b0,Q2
677,2024-06-20 12:35:00,2024-06-20 12:50:00,SHORT,65995.59,66094.583385,SL,3,5e-05,0.0008,0.0008500000000000001,-0.0015000000000001343,-0.002350000000000134,0.0019505848799898672,0.0009180916482449283,65967.39,64818.72,1.7721269411059,7,holdout,2024-06,5210f76300b0,Q2
678,2024-06-20 13:00:00,2024-06-20 13:15:00,SHORT,65979.99,65749.060035,TP,3,5e-05,0.0008,0.0008500000000000001,0.003500000000000045,0.002650000000000045,0.0,0.00788708819143511,65967.39,64818.72,1.7721269411059,12,holdout,2024-06,5210f76300b0,Q2
679,2024-06-26 12:05:00,2024-06-26 12:10:00,LONG,61534.01,61441.708985000005,SL,1,5e-05,0.0008,0.0008500000000000001,-0.0014999999999999558,-0.002349999999999956,0.0027578244941294148,0.0,62487.81,61520.0,1.5731631989596842,1,holdout,2024-06,5210f76300b0,Q2
680,2024-06-26 12:15:00,2024-06-26 13:00:00,LONG,61380.0,61594.83,TP,9,5e-05,0.0008,0.0008500000000000001,0.0035000000000000283,0.002650000000000028,0.0006842619745845552,0.003689312479635013,62487.81,61520.0,1.5731631989596842,3,holdout,2024-06,5210f76300b0,Q2
681,2024-06-27 12:10:00,2024-06-27 12:25:00,SHORT,61412.39,61504.508585,SL,3,5e-05,0.0008,0.0008500000000000001,-0.001500000000000062,-0.002350000000000062,0.001701448193108882,0.0016184030616623033,61300.0,60606.63,1.1440497516525876,2,holdout,2024-06,5210f76300b0,Q1 (tight)
682,2024-06-27 12:55:00,2024-06-27 13:00:00,SHORT,61282.49,61374.413735,SL,1,5e-05,0.0008,0.0008500000000000001,-0.0015000000000000644,-0.0023500000000000647,0.004495737689509712,0.0,61300.0,60606.63,1.1440497516525876,11,holdout,2024-06,5210f76300b0,Q1 (tight)
683,2024-06-29 12:10:00,2024-06-29 14:40:00,SHORT,61140.5,60989.57,MAX_HOLD,30,5e-05,0.0008,0.0008500000000000001,0.002468576475494971,0.0016185764754949711,0.0006902135245867647,0.0031211717274147537,61146.64,60383.77,1.2633692795266056,2,holdout,2024-06,5210f76300b0,Q2
684,2024-07-17 12:20:00,2024-07-17 12:40:00,LONG,64833.99,64736.739015,SL,4,5e-05,0.0008,0.0008500000000000001,-0.001499999999999981,-0.002349999999999981,0.002177869972216689,0.0027764757344103308,66128.63,64932.31,1.8424109661276598,4,holdout,2024-07,5210f76300b0,Q2
685,2024-07-24 13:00:00,2024-07-24 13:05:00,SHORT,66215.09,66314.412635,SL,1,5e-05,0.0008,0.0008500000000000001,-0.0015000000000000618,-0.002350000000000062,0.002457747924227019,0.0,66146.01,65476.84,1.0219949527191572,12,holdout,2024-07,5210f76300b0,Q1 (tight)
686,2024-08-07 12:20:00,2024-08-07 12:25:00,SHORT,57266.12,57065.68858000001,TP,1,5e-05,0.0008,0.0008500000000000001,0.003499999999999887,0.002649999999999887,0.0,0.004783631229075801,57287.99,55557.88,3.1140677074071235,4,holdout,2024-08,5210f76300b0,Q4 (wide)
687,2024-08-07 13:00:00,2024-08-07 13:10:00,SHORT,57292.0,57091.478,TP,2,5e-05,0.0008,0.0008500000000000001,0.003499999999999951,0.002649999999999951,0.0,0.004223800879703937,57287.99,55557.88,3.1140677074071235,12,holdout,2024-08,5210f76300b0,Q4 (wide)
688,2024-08-09 12:05:00,2024-08-09 12:20:00,LONG,60589.77,60498.885345,SL,3,5e-05,0.0008,0.0008500000000000001,-0.0014999999999999074,-0.0023499999999999077,0.00181169197374403,0.00346972764544251,61744.37,60588.63,1.9075196121780693,1,holdout,2024-08,5210f76300b0,Q3
689,2024-08-09 12:25:00,2024-08-09 12:30:00,LONG,60528.62,60437.82707000001,SL,1,5e-05,0.0008,0.0008500000000000001,-0.0014999999999999335,-0.0023499999999999337,0.0037881253529322306,0.0,61744.37,60588.63,1.9075196121780693,5,holdout,2024-08,5210f76300b0,Q3
690,2024-08-09 13:00:00,2024-08-09 13:10:00,LONG,60551.99,60461.162015,SL,2,5e-05,0.0008,0.0008500000000000001,-0.0014999999999999382,-0.002349999999999938,0.003236722690699314,0.0033993928192946887,61744.37,60588.63,1.9075196121780693,12,holdout,2024-08,5210f76300b0,Q3
691,2024-08-13 12:20:00,2024-08-13 12:30:00,LONG,58854.93,58766.647605000006,SL,2,5e-05,0.0008,0.0008500000000000001,-0.0014999999999999103,-0.0023499999999999103,0.0024698015952104705,0.005579651526218779,59923.28,58830.23,1.8579733582547535,4,holdout,2024-08,5210f76300b0,Q3
692,2024-08-22 12:15:00,2024-08-22 12:30:00,SHORT,61200.0,61291.8,SL,3,5e-05,0.0008,0.0008500000000000001,-0.0015000000000000475,-0.0023500000000000474,0.0019988562091503553,0.006097875816993502,61229.0,59724.87,2.51843160144174,3,holdout,2024-08,5210f76300b0,Q3
693,2024-09-08 12:15:00,2024-09-08 12:30:00,SHORT,54561.98,54371.01307000001,TP,3,5e-05,0.0008,0.0008500000000000001,0.003499999999999909,0.002649999999999909,0.0,0.0044532841366827815,54575.0,53964.0,1.1322363056852718,3,holdout,2024-09,5210f76300b0,Q1 (tight)
694,2024-09-10 12:15:00,2024-09-10 12:45:00,SHORT,57329.99,57415.984985,SL,6,5e-05,0.0008,0.0008500000000000001,-0.0015000000000000842,-0.0023500000000000842,0.0024243855615534776,0.0015696845577680715,57290.0,56386.4,1.6025140814096992,3,holdout,2024-09,5210f76300b0,Q2
695,2024-09-10 12:50:00,2024-09-10 13:05:00,SHORT,57264.51,57064.084215,TP,3,5e-05,0.0008,0.0008500000000000001,0.00349999999999999,0.00264999999999999,0.0,0.0067265047758201775,57290.0,56386.4,1.6025140814096992,10,holdout,2024-09,5210f76300b0,Q2
696,2024-09-18 12:10:00,2024-09-18 12:15:00,LONG,59823.84,59734.10424,SL,1,5e-05,0.0008,0.0008500000000000001,-0.0014999999999999322,-0.002349999999999932,0.002244422959141319,0.0,60769.0,59854.6,1.5277021314986676,2,holdout,2024-09,5210f76300b0,Q2
697,2024-09-18 12:30:00,2024-09-18 13:00:00,LONG,59851.13,60060.608955,TP,6,5e-05,0.0008,0.0008500000000000001,0.0035000000000001,0.0026500000000000998,0.0,0.005160637735661843,60769.0,59854.6,1.5277021314986676,6,holdout,2024-09,5210f76300b0,Q2
698,2024-09-22 12:05:00,2024-09-22 13:00:00,LONG,62837.39,62743.133915000006,SL,11,5e-05,0.0008,0.0008500000000000001,-0.0014999999999998985,-0.0023499999999998986,0.001635172944006745,0.0014738040520142638,63450.0,62830.01,0.9867736771011144,1,holdout,2024-09,5210f76300b0,Q1 (tight)
699,2024-09-24 12:10:00,2024-09-24 12:20:00,SHORT,63565.0,63660.3475,SL,2,5e-05,0.0008,0.0008500000000000001,-0.001500000000000055,-0.002350000000000055,0.0015488083064579107,0.0011643199874144896,63569.99,62700.0,1.3875438596491196,2,holdout,2024-09,5210f76300b0,Q2
700,2024-09-24 12:25:00,2024-09-24 12:45:00,SHORT,63656.01,63433.213965,TP,4,5e-05,0.0008,0.0008500000000000001,0.0034999999999999905,0.0026499999999999905,8.608770797911972e-05,0.003567141578619202,63569.99,62700.0,1.3875438596491196,5,holdout,2024-09,5210f76300b0,Q2
701,2024-09-25 12:50:00,2024-09-25 13:00:00,LONG,63629.92,63534.47512,SL,2,5e-05,0.0008,0.0008500000000000001,-0.0014999999999999287,-0.0023499999999999285,0.0018904628514384565,0.0011956639266559152,64817.99,63645.49,1.8422357970690462,10,holdout,2024-09,5210f76300b0,Q2
702,2024-09-27 12:35:00,2024-09-27 12:40:00,SHORT,65631.31,65729.75696500001,SL,1,5e-05,0.0008,0.0008500000000000001,-0.0015000000000001538,-0.002350000000000154,0.0024474599089977737,0.0,65550.0,64819.9,1.1263516296692815,7,holdout,2024-09,5210f76300b0,Q1 (tight)
703,2024-09-28 12:05:00,2024-09-28 12:30:00,LONG,65722.0,65623.417,SL,5,5e-05,0.0008,0.0008500000000000001,-0.0014999999999999805,-0.0023499999999999806,0.001750859681689647,0.0,66260.0,65720.0,0.8216676810712111,1,holdout,2024-09,5210f76300b0,Q1 (tight)
704,2024-10-03 12:05:00,2024-10-03 12:20:00,LONG,60545.79,60454.971315,SL,3,5e-05,0.0008,0.0008500000000000001,-0.001499999999999973,-0.0023499999999999728,0.0021261593910989218,0.0015888800856343123,61477.19,60536.0,1.554760803488837,1,holdout,2024-10,5210f76300b0,Q2
705,2024-10-03 12:25:00,2024-10-03 12:30:00,LONG,60554.0,60463.169,SL,1,5e-05,0.0008,0.0008500000000000001,-0.001499999999999972,-0.002349999999999972,0.0017505036826634078,0.0022459292532285235,61477.19,60536.0,1.554760803488837,5,holdout,2024-10,5210f76300b0,Q2
706,2024-10-03 12:35:00,2024-10-03 13:05:00,LONG,60450.0,60359.325000000004,SL,6,5e-05,0.0008,0.0008500000000000001,-0.0014999999999999278,-0.0023499999999999277,0.002249793217535153,0.0023488833746897926,61477.19,60536.0,1.554760803488837,7,holdout,2024-10,5210f76300b0,Q2
707,2024-10-12 13:00:00,2024-10-12 13:10:00,SHORT,63056.26,63150.844390000006,SL,2,5e-05,0.0008,0.0008500000000000001,-0.0015000000000000575,-0.0023500000000000578,0.001510714400124504,0.0005131925045982838,63073.78,62487.23,0.9386717894200073,12,holdout,2024-10,5210f76300b0,Q1 (tight)
708,2024-10-13 12:10:00,2024-10-13 14:10:00,LONG,62640.27,62546.309595,SL,24,5e-05,0.0008,0.0008500000000000001,-0.001499999999999968,-0.002349999999999968,0.0015049424276108133,0.0028373121635651187,63285.72,62654.91,1.0068005843436654,2,holdout,2024-10,5210f76300b0,Q1 (tight)
709,2024-10-17 12:25:00,2024-10-17 13:30:00,LONG,67015.64,66915.11654,SL,13,5e-05,0.0008,0.0008500000000000001,-0.0014999999999999508,-0.002349999999999951,0.003234767287158622,0.0030195936351574137,67939.4,67087.35,1.2700606000982126,5,holdout,2024-10,5210f76300b0,Q2
710,2024-10-19 12:40:00,2024-10-19 13:35:00,LONG,68220.49,68118.15926500001,SL,11,5e-05,0.0008,0.0008500000000000001,-0.00149999999999994,-0.00234999999999994,0.0015023345625340015,0.0005791515129837789,68693.26,68302.31,0.5723818125624113,8,holdout,2024-10,5210f76300b0,Q1 (tight)
711,2024-10-28 12:10:00,2024-10-28 12:15:00,SHORT,68678.07,68781.08710500001,SL,1,5e-05,0.0008,0.0008500000000000001,-0.001500000000000091,-0.002350000000000091,0.0023346608313249994,0.0,68680.0,67618.0,1.5705877133307697,2,holdout,2024-10,5210f76300b0,Q2
712,2024-10-28 12:20:00,2024-10-28 12:25:00,SHORT,68759.08,68862.21862,SL,1,5e-05,0.0008,0.0008500000000000001,-0.0014999999999999695,-0.0023499999999999693,0.002747418959066984,0.0,68680.0,67618.0,1.5705877133307697,4,holdout,2024-10,5210f76300b0,Q2
713,2024-11-10 12:05:00,2024-11-10 12:10:00,SHORT,79952.59,79672.755935,TP,1,5e-05,0.0008,0.0008500000000000001,0.0035000000000000343,0.0026500000000000343,0.0,0.00816221213096407,79788.96,76492.0,4.31020237410449,1,holdout,2024-11,5210f76300b0,Q4 (wide)
714,2024-11-11 12:30:00,2024-11-11 12:35:00,SHORT,82117.99,82241.166985,SL,1,5e-05,0.0008,0.0008500000000000001,-0.0014999999999999786,-0.002349999999999979,0.002451229018148077,0.0,81846.71,80216.01,2.032885953813973,6,holdout,2024-11,5210f76300b0,Q3
715,2024-11-12 12:55:00,2024-11-12 13:00:00,LONG,86474.71,86344.997935,SL,1,5e-05,0.0008,0.0008500000000000001,-0.0014999999999999966,-0.0023499999999999966,0.007802396793235923,0.000546286885495085,89940.0,86561.35,3.903185428600633,11,holdout,2024-11,5210f76300b0,Q4 (wide)
716,2024-11-17 12:20:00,2024-11-17 12:45:00,SHORT,90957.18,91093.61577,SL,5,5e-05,0.0008,0.0008500000000000001,-0.0015000000000001206,-0.0023500000000001207,0.0022298404589940783,0.001859996099263335,90888.0,89364.0,1.7053847186786624,4,holdout,2024-11,5210f76300b0,Q2
717,2024-11-21 12:15:00,2024-11-21 12:20:00,SHORT,97886.25,98033.079375,SL,1,5e-05,0.0008,0.0008500000000000001,-0.001500000000000012,-0.002350000000000012,0.002946992044337189,0.0015607912245080267,97852.0,94040.0,4.053594215227562,3,holdout,2024-11,5210f76300b0,Q4 (wide)
718,2024-11-21 12:25:00,2024-11-21 12:30:00,SHORT,98063.99,97720.76603500001,TP,1,5e-05,0.0008,0.0008500000000000001,0.003499999999999973,0.002649999999999973,0.0,0.003711760045660035,97852.0,94040.0,4.053594215227562,5,holdout,2024-11,5210f76300b0,Q4 (wide)
719,2024-11-21 12:35:00,2024-11-21 12:40:00,SHORT,97824.0,97970.736,SL,1,5e-05,0.0008,0.0008500000000000001,-0.0015000000000000451,-0.002350000000000045,0.001717267746156416,0.0,97852.0,94040.0,4.053594215227562,7,holdout,2024-11,5210f76300b0,Q4 (wide)
720,2024-11-21 12:45:00,2024-11-21 12:50:00,SHORT,97920.01,97577.289965,TP,1,5e-05,0.0008,0.0008500000000000001,0.0034999999999999103,0.0026499999999999102,0.0,0.003645935085178145,97852.0,94040.0,4.053594215227562,9,holdout,2024-11,5210f76300b0,Q4 (wide)
721,2024-11-29 12:55:00,2024-11-29 13:50:00,SHORT,96980.01,97125.480015,SL,11,5e-05,0.0008,0.0008500000000000001,-0.0014999999999999894,-0.0023499999999999893,0.0020078364603179685,0.002186120624239931,96859.0,95364.99,1.5666231391624899,11,holdout,2024-11,5210f76300b0,Q2
722,2024-11-30 12:05:00,2024-11-30 14:30:00,LONG,96357.04,96694.28964,TP,29,5e-05,0.0008,0.0008500000000000001,0.0035000000000000946,0.0026500000000000946,0.0005089404987948322,0.003766823887491837,97463.95,96309.85,1.19831979802688,1,holdout,2024-11,5210f76300b0,Q1 (tight)
723,2024-12-09 12:15:00,2024-12-09 13:15:00,LONG,98291.19,98635.20916500001,TP,12,5e-05,0.0008,0.0008500000000000001,0.0035000000000000525,0.0026500000000000525,0.0011785389921517534,0.005978155315852736,101215.93,98328.0,2.9370372630379884,3,holdout,2024-12,5210f76300b0,Q4 (wide)
724,2024-12-13 12:05:00,2024-12-13 13:20:00,SHORT,100407.06,100055.63529,TP,15,5e-05,0.0008,0.0008500000000000001,0.0034999999999999207,0.0026499999999999206,0.0006327244319273848,0.003677629839973352,100356.85,99205.0,1.1610805906960393,1,holdout,2024-12,5210f76300b0,Q1 (tight)
725,2024-12-17 12:55:00,2024-12-17 13:20:00,SHORT,107128.86,107289.55329000001,SL,5,5e-05,0.0008,0.0008500000000000001,-0.0015000000000000948,-0.002350000000000095,0.0017810326741085727,0.0013796469037381982,107143.29,105657.34,1.4063859642879493,11,holdout,2024-12,5210f76300b0,Q2
726,2024-12-27 12:45:00,2024-12-27 13:10:00,SHORT,96669.7,96331.35605,TP,5,5e-05,0.0008,0.0008500000000000001,0.003499999999999948,0.002649999999999948,0.0004879502057004238,0.004114008836274418,96604.24,94646.03,2.0689827138021597,9,holdout,2024-12,5210f76300b0,Q3
727,2025-01-01 12:05:00,2025-01-01 12:20:00,LONG,93500.47,93827.72164500001,TP,3,5e-05,0.0008,0.0008500000000000001,0.0035000000000001198,0.0026500000000001197,0.0009989254599468236,0.0036537784248571654,94509.42,93489.03,1.0914542593927858,1,holdout,2025-01,5210f76300b0,Q1 (tight)
728,2025-01-04 12:10:00,2025-01-04 14:40:00,LONG,97847.43,98059.98,MAX_HOLD,30,5e-05,0.0008,0.0008500000000000001,0.0021722594042582716,0.0013222594042582715,0.0009957338685338288,0.002378396652829831,98350.04,97800.0,0.5624130879345538,2,holdout,2025-01,5210f76300b0,Q1 (tight)
729,2025-01-08 12:10:00,2025-01-08 12:15:00,LONG,95279.85,95136.930225,SL,1,5e-05,0.0008,0.0008500000000000001,-0.0015000000000000221,-0.002350000000000022,0.002643266126048748,0.0,97268.65,95250.76,2.1185027815001156,2,holdout,2025-01,5210f76300b0,Q3
730,2025-01-08 12:20:00,2025-01-08 12:30:00,LONG,95034.02,94891.46897000002,SL,2,5e-05,0.0008,0.0008500000000000001,-0.0014999999999998717,-0.0023499999999998717,0.0019128939299843165,0.002151860986202625,97268.65,95250.76,2.1185027815001156,4,holdout,2025-01,5210f76300b0,Q3
731,2025-01-08 12:40:00,2025-01-08 12:45:00,LONG,95223.6,95080.76460000001,SL,1,5e-05,0.0008,0.0008500000000000001,-0.001499999999999961,-0.002349999999999961,0.00336135159771319,0.0,97268.65,95250.76,2.1185027815001156,8,holdout,2025-01,5210f76300b0,Q3
732,2025-01-08 12:50:00,2025-01-08 13:00:00,LONG,94991.73,95324.201055,TP,2,5e-05,0.0008,0.0008500000000000001,0.003500000000000019,0.002650000000000019,0.0012133687848404778,0.005755553667672023,97268.65,95250.76,2.1185027815001156,10,holdout,2025-01,5210f76300b0,Q3
733,2025-01-10 12:05:00,2025-01-10 12:20:00,SHORT,95091.18,94758.36087,TP,3,5e-05,0.0008,0.0008500000000000001,0.003499999999999884,0.002649999999999884,0.0,0.00372263757795403,95000.0,92431.73,2.778558834720506,1,holdout,2025-01,5210f76300b0,Q3
734,2025-01-10 12:50:00,2025-01-10 13:30:00,SHORT,94971.34,94638.94031,TP,8,5e-05,0.0008,0.0008500000000000001,0.0034999999999999064,0.0026499999999999063,0.0009721880306206245,0.019351206374470423,95000.0,92431.73,2.778558834720506,10,holdout,2025-01,5210f76300b0,Q3
735,2025-01-12 12:05:00,2025-01-12 12:20:00,LONG,94203.18,94532.89113,TP,3,5e-05,0.0008,0.0008500000000000001,0.003500000000000113,0.0026500000000001128,0.0,0.0037346934572697757,94699.0,94274.01,0.45080293073351313,1,holdout,2025-01,5210f76300b0,Q1 (tight)
736,2025-01-16 12:05:00,2025-01-16 12:10:00,LONG,98956.37,99302.717295,TP,1,5e-05,0.0008,0.0008500000000000001,0.0034999999999999957,0.0026499999999999957,0.0,0.0035090211979279884,100866.66,99170.0,1.7108601391549898,1,holdout,2025-01,5210f76300b0,Q2
737,2025-01-16 12:30:00,2025-01-16 13:05:00,LONG,99210.12,99061.30482,SL,7,5e-05,0.0008,0.0008500000000000001,-0.0014999999999999044,-0.0023499999999999042,0.0023933042314635074,0.003102606871153847,100866.66,99170.0,1.7108601391549898,6,holdout,2025-01,5210f76300b0,Q2
738,2025-01-17 12:05:00,2025-01-17 12:10:00,SHORT,102325.3,102478.78795000001,SL,1,5e-05,0.0008,0.0008500000000000001,-0.001500000000000095,-0.002350000000000095,0.002381522458277692,0.0,102148.13,99950.77,2.1984422931409138,1,holdout,2025-01,5210f76300b0,Q3
739,2025-01-23 12:20:00,2025-01-23 12:35:00,LONG,101561.62,101917.08567,TP,3,5e-05,0.0008,0.0008500000000000001,0.00350000000000005,0.00265000000000005,0.0014338093464833993,0.0037504324960551906,103819.99,101575.5,2.2096765460174996,4,holdout,2025-01,5210f76300b0,Q3
740,2025-01-23 12:45:00,2025-01-23 13:20:00,LONG,101578.95,101426.581575,SL,7,5e-05,0.0008,0.0008500000000000001,-0.0014999999999999341,-0.002349999999999934,0.0029270828257232603,0.0020186268907091765,103819.99,101575.5,2.2096765460174996,9,holdout,2025-01,5210f76300b0,Q3
741,2025-01-24 12:20:00,2025-01-24 13:00:00,SHORT,105404.29,105562.396435,SL,8,5e-05,0.0008,0.0008500000000000001,-0.0015000000000000835,-0.002350000000000084,0.0036935878036843377,0.0009894284189001568,105355.0,102750.0,2.535279805352798,4,holdout,2025-01,5210f76300b0,Q3
742,2025-02-01 12:05:00,2025-02-01 13:50:00,LONG,102081.55,101928.42767500001,SL,21,5e-05,0.0008,0.0008500000000000001,-0.0014999999999998957,-0.0023499999999998956,0.0016511308850620206,0.002424140307430597,102783.71,102118.56,0.6513507436846042,1,holdout,2025-02,5210f76300b0,Q1 (tight)
743,2025-02-02 12:05:00,2025-02-02 12:20:00,LONG,99009.99,98861.475015,SL,3,5e-05,0.0008,0.0008500000000000001,-0.0015000000000000163,-0.002350000000000016,0.002705383567860178,0.0015776185817208655,101456.6,99031.19,2.4491374889062762,1,holdout,2025-02,5210f76300b0,Q3
744,2025-02-02 12:30:00,2025-02-02 12:35:00,LONG,98831.92,98683.67212,SL,1,5e-05,0.0008,0.0008500000000000001,-0.001499999999999953,-0.002349999999999953,0.00335842913908784,0.0,101456.6,99031.19,2.4491374889062762,6,holdout,2025-02,5210f76300b0,Q3
745,2025-02-06 12:40:00,2025-02-06 13:30:00,SHORT,98478.21,98625.92731500001,SL,10,5e-05,0.0008,0.0008500000000000001,-0.0015000000000000172,-0.002350000000000017,0.0025707209747210975,0.003163237837081008,98436.61,96430.78,2.080072358639017,8,holdout,2025-02,5210f76300b0,Q3
746,2025-02-10 12:05:00,2025-02-10 12:30:00,SHORT,97745.73,97403.619945,TP,5,5e-05,0.0008,0.0008500000000000001,0.003499999999999973,0.002649999999999973,0.0,0.0036850714604105684,97640.02,95256.0,2.5027504829092173,1,holdout,2025-02,5210f76300b0,Q3
747,2025-02-16 12:10:00,2025-02-16 12:55:00,LONG,97255.67,97109.78649500001,SL,9,5e-05,0.0008,0.0008500000000000001,-0.0014999999999999044,-0.0023499999999999042,0.0016417551799293374,0.0001752082937684574,97704.47,97212.0,0.5065938361519166,2,holdout,2025-02,5210f76300b0,Q1 (tight)
748,2025-02-21 12:05:00,2025-02-21 12:15:00,SHORT,98642.58,98790.54387000001,SL,2,5e-05,0.0008,0.0008500000000000001,-0.0015000000000000696,-0.00235000000000007,0.0015199318590409234,0.0011237540623938041,98610.17,98084.06,0.5363868502180686,1,holdout,2025-02,5210f76300b0,Q1 (tight)
749,2025-02-21 12:20:00,2025-02-21 12:25:00,SHORT,98729.1,98877.19365000002,SL,1,5e-05,0.0008,0.0008500000000000001,-0.0015000000000000991,-0.0023500000000000994,0.0017308979824590663,0.0,98610.17,98084.06,0.5363868502180686,4,holdout,2025-02,5210f76300b0,Q1 (tight)
750,2025-03-10 12:30:00,2025-03-10 12:35:00,SHORT,82825.27,82949.507905,SL,1,5e-05,0.0008,0.0008500000000000001,-0.0015000000000000213,-0.0023500000000000213,0.0016048242281612635,0.002307387588353175,82797.95,80037.62,3.448790706170426,6,holdout,2025-03,5210f76300b0,Q4 (wide)
751,2025-03-10 12:40:00,2025-03-10 12:45:00,SHORT,82906.5,83030.85975,SL,1,5e-05,0.0008,0.0008500000000000001,-0.0015000000000000393,-0.0023500000000000396,0.005168593536091799,0.0,82797.95,80037.62,3.448790706170426,8,holdout,2025-03,5210f76300b0,Q4 (wide)
752,2025-03-13 12:05:00,2025-03-13 12:20:00,LONG,82867.9,83157.93764999999,TP,3,5e-05,0.0008,0.0008500000000000001,0.003499999999999981,0.002649999999999981,0.0013428601424676967,0.004544703075617948,84336.33,82851.0,1.7927725676213948,1,holdout,2025-03,5210f76300b0,Q2
753,2025-03-13 12:40:00,2025-03-13 12:50:00,LONG,82747.84,82623.71824,SL,2,5e-05,0.0008,0.0008500000000000001,-0.0014999999999999341,-0.002349999999999934,0.0021453127960801097,0.003134583331722069,84336.33,82851.0,1.7927725676213948,8,holdout,2025-03,5210f76300b0,Q2
754,2025-03-20 12:05:00,2025-03-20 12:45:00,LONG,85359.36,85231.32096000001,SL,8,5e-05,0.0008,0.0008500000000000001,-0.0014999999999998682,-0.0023499999999998683,0.001773326322971439,0.002397393794892551,87453.67,85430.38,2.3683495262458076,1,holdout,2025-03,5210f76300b0,Q3
755,2025-03-24 12:30:00,2025-03-24 13:30:00,SHORT,87337.84,87468.84676,SL,12,5e-05,0.0008,0.0008500000000000001,-0.001500000000000044,-0.002350000000000044,0.003386962626966704,0.00228125632600933,87300.0,85519.09,2.082470709171489,6,holdout,2025-03,5210f76300b0,Q3
756,2025-03-28 12:05:00,2025-03-28 12:30:00,LONG,85164.01,85036.263985,SL,5,5e-05,0.0008,0.0008500000000000001,-0.0014999999999999647,-0.002349999999999965,0.0018281196481939705,0.005233783613524193,87515.67,85162.48,2.7631769295586537,1,holdout,2025-03,5210f76300b0,Q3
757,2025-03-28 12:35:00,2025-03-28 12:40:00,LONG,85083.39,84955.764915,SL,1,5e-05,0.0008,0.0008500000000000001,-0.0014999999999999107,-0.0023499999999999108,0.002296452926946134,0.0005499310735032255,87515.67,85162.48,2.7631769295586537,7,holdout,2025-03,5210f76300b0,Q3
758,2025-03-28 12:45:00,2025-03-28 13:00:00,LONG,85116.95,84989.274575,SL,3,5e-05,0.0008,0.0008500000000000001,-0.0014999999999999296,-0.0023499999999999294,0.001683683449653655,0.001307495158132524,87515.67,85162.48,2.7631769295586537,9,holdout,2025-03,5210f76300b0,Q3
759,2025-04-01 12:50:00,2025-04-01 12:55:00,SHORT,83634.7,83760.15205,SL,1,5e-05,0.0008,0.0008500000000000001,-0.0015000000000000855,-0.0023500000000000855,0.001505714733238806,0.0002325589737273774,83597.07,82432.74,1.4124606315403343,10,holdout,2025-04,5210f76300b0,Q2
760,2025-04-01 13:00:00,2025-04-01 13:05:00,SHORT,83615.26,83740.68289,SL,1,5e-05,0.0008,0.0008500000000000001,-0.0015000000000000198,-0.0023500000000000196,0.00156095908808995,0.00023034072967057404,83597.07,82432.74,1.4124606315403343,12,holdout,2025-04,5210f76300b0,Q2
761,2025-04-12 12:40:00,2025-04-12 13:10:00,SHORT,83923.04,84048.92456,SL,6,5e-05,0.0008,0.0008500000000000001,-0.00150000000000007,-0.00235000000000007,0.0015598815295537853,0.003126316682522408,83830.62,82792.95,1.2533313524883438,8,holdout,2025-04,5210f76300b0,Q2
762,2025-04-16 12:10:00,2025-04-16 12:25:00,SHORT,84109.61,84235.774415,SL,3,5e-05,0.0008,0.0008500000000000001,-0.0015000000000000779,-0.0023500000000000777,0.0018118024801208733,0.0011978417210589847,83960.0,83111.64,1.0207475150291832,2,holdout,2025-04,5210f76300b0,Q1 (tight)
763,2025-04-16 12:40:00,2025-04-16 13:15:00,SHORT,83946.02,83652.20893000001,TP,7,5e-05,0.0008,0.0008500000000000001,0.0034999999999999537,0.0026499999999999536,0.0,0.0038122117046168963,83960.0,83111.64,1.0207475150291832,8,holdout,2025-04,5210f76300b0,Q1 (tight)
764,2025-04-19 12:10:00,2025-04-19 13:20:00,SHORT,85293.24,85421.17986,SL,14,5e-05,0.0008,0.0008500000000000001,-0.0014999999999999833,-0.002349999999999983,0.0015096155334232203,0.001169260307147559,85300.0,84364.45,1.108938658404106,2,holdout,2025-04,5210f76300b0,Q1 (tight)
765,2025-04-25 12:30:00,2025-04-25 12:35:00,SHORT,94467.22,94608.92083,SL,1,5e-05,0.0008,0.0008500000000000001,-0.0015000000000000167,-0.002350000000000017,0.0031356908777457533,0.0,94444.0,92855.96,1.7102187086321583,6,holdout,2025-04,5210f76300b0,Q2
766,2025-04-25 12:55:00,2025-04-25 13:00:00,SHORT,94406.2,94547.80930000001,SL,1,5e-05,0.0008,0.0008500000000000001,-0.0015000000000001165,-0.0023500000000001168,0.0017502028468468801,0.0,94444.0,92855.96,1.7102187086321583,11,holdout,2025-04,5210f76300b0,Q2
767,2025-05-03 12:40:00,2025-05-03 15:00:00,LONG,96125.79,96462.230265,TP,28,5e-05,0.0008,0.0008500000000000001,0.003500000000000125,0.002650000000000125,0.0004763549927651424,0.0039911245462847045,96935.67,96132.67,0.8353039606618645,8,holdout,2025-05,5210f76300b0,Q1 (tight)
768,2025-05-04 12:20:00,2025-05-04 13:15:00,LONG,95553.21,95409.88018500002,SL,11,5e-05,0.0008,0.0008500000000000001,-0.0014999999999998957,-0.0023499999999998956,0.002126563827630821,0.00043985963422891637,96304.48,95588.0,0.7495501527388333,4,holdout,2025-05,5210f76300b0,Q1 (tight)
769,2025-05-06 12:35:00,2025-05-06 13:05:00,LONG,93920.83,93779.948755,SL,6,5e-05,0.0008,0.0008500000000000001,-0.0014999999999999664,-0.0023499999999999667,0.002101450764436338,0.0012688346131523567,94926.99,94012.78,0.9724316204669262,7,holdout,2025-05,5210f76300b0,Q1 (tight)
770,2025-05-08 12:05:00,2025-05-08 13:35:00,SHORT,99462.0,99611.193,SL,18,5e-05,0.0008,0.0008500000000000001,-0.0014999999999999929,-0.0023499999999999927,0.0017278960809153302,0.0021314672940419455,99419.0,96876.29,2.6246979524092082,1,holdout,2025-05,5210f76300b0,Q3
771,2025-05-16 13:00:00,2025-05-16 13:35:00,LONG,103506.07,103868.34124500002,TP,7,5e-05,0.0008,0.0008500000000000001,0.003500000000000104,0.002650000000000104,0.0006383200521477338,0.0037672186761606636,104466.01,103467.91,0.96464691323135,12,holdout,2025-05,5210f76300b0,Q1 (tight)
772,2025-05-24 12:20:00,2025-05-24 12:25:00,SHORT,108727.39,108890.481085,SL,1,5e-05,0.0008,0.0008500000000000001,-0.001500000000000067,-0.0023500000000000673,0.0019245380579815262,0.0,108582.33,106875.41,1.5971120017223777,4,holdout,2025-05,5210f76300b0,Q2
773,2025-05-25 12:05:00,2025-05-25 12:15:00,LONG,107215.38,107590.63383,TP,2,5e-05,0.0008,0.0008500000000000001,0.0035000000000000135,0.0026500000000000135,0.0,0.003587358455475281,108288.69,107206.0,1.0099154898046774,1,holdout,2025-05,5210f76300b0,Q1 (tight)
774,2025-05-27 12:10:00,2025-05-27 13:05:00,SHORT,109776.21,109940.87431500001,SL,11,5e-05,0.0008,0.0008500000000000001,-0.0015000000000000163,-0.002350000000000016,0.004055068033410829,0.002912379649470558,109666.0,107516.57,1.9991616175999598,2,holdout,2025-05,5210f76300b0,Q3
775,2025-05-29 12:10:00,2025-05-29 13:15:00,SHORT,108638.81,108258.574165,TP,13,5e-05,0.0008,0.0008500000000000001,0.0034999999999999953,0.0026499999999999952,0.0014584106729446165,0.0036709717273228385,108484.61,106948.01,1.4367728768398833,2,holdout,2025-05,5210f76300b0,Q2
776,2025-06-01 12:35:00,2025-06-01 13:15:00,LONG,103891.68,104255.30088,TP,8,5e-05,0.0008,0.0008500000000000001,0.0035000000000000218,0.0026500000000000217,0.0003321728939217728,0.004476008088424445,104729.99,103924.52,0.7750528941581843,7,holdout,2025-06,5210f76300b0,Q1 (tight)
777,2025-06-06 12:45:00,2025-06-06 12:50:00,SHORT,103689.51,103845.044265,SL,1,5e-05,0.0008,0.0008500000000000001,-0.00150000000000009,-0.00235000000000009,0.0025177088791336,0.0,103468.66,101095.8,2.347140039447732,9,holdout,2025-06,5210f76300b0,Q3
778,2025-06-11 12:05:00,2025-06-11 12:15:00,LONG,109352.07,109188.04189500002,SL,2,5e-05,0.0008,0.0008500000000000001,-0.0014999999999999113,-0.002349999999999911,0.0019035762194533992,0.0010233916925394182,110274.4,109373.67,0.8235345856091288,1,holdout,2025-06,5210f76300b0,Q1 (tight)
779,2025-06-11 12:20:00,2025-06-11 12:30:00,LONG,109166.38,109548.46233000001,TP,2,5e-05,0.0008,0.0008500000000000001,0.003500000000000043,0.002650000000000043,0.0004909020524451855,0.006967896159971494,110274.4,109373.67,0.8235345856091288,4,holdout,2025-06,5210f76300b0,Q1 (tight)
780,2025-06-12 12:40:00,2025-06-12 12:50:00,LONG,107269.21,107108.30618500001,SL,2,5e-05,0.0008,0.0008500000000000001,-0.0014999999999999799,-0.0023499999999999797,0.0020245324823405784,0.001287787986878988,108813.55,107320.0,1.3916790905702598,8,holdout,2025-06,5210f76300b0,Q2
781,2025-06-12 12:55:00,2025-06-12 13:25:00,LONG,107052.04,106891.46194,SL,6,5e-05,0.0008,0.0008500000000000001,-0.0014999999999999985,-0.002349999999999999,0.0028630935010673314,0.0009772817033660442,108813.55,107320.0,1.3916790905702598,11,holdout,2025-06,5210f76300b0,Q2
782,2025-06-15 12:15:00,2025-06-15 13:10:00,LONG,105132.35,105500.313225,TP,11,5e-05,0.0008,0.0008500000000000001,0.0034999999999999953,0.0026499999999999952,0.0011304798190091424,0.003852667613726827,106128.57,105200.0,0.8826711026616036,3,holdout,2025-06,5210f76300b0,Q1 (tight)
783,2025-06-20 12:10:00,2025-06-20 12:40:00,SHORT,105943.15,106102.064725,SL,6,5e-05,0.0008,0.0008500000000000001,-0.001500000000000091,-0.002350000000000091,0.0015530971091572052,0.00034225903232058667,105825.66,104238.02,1.5230910947848004,2,holdout,2025-06,5210f76300b0,Q2
784,2025-07-01 12:10:00,2025-07-01 12:20:00,LONG,106613.01,106453.090485,SL,2,5e-05,0.0008,0.0008500000000000001,-0.0015000000000000133,-0.0023500000000000135,0.001658427991105379,0.0,107540.0,106615.97,0.8666900465286755,2,holdout,2025-07,5210f76300b0,Q1 (tight)
785,2025-07-02 12:25:00,2025-07-02 13:00:00,SHORT,107269.1,107430.00365000001,SL,7,5e-05,0.0008,0.0008500000000000001,-0.0015000000000000696,-0.00235000000000007,0.001777119412766492,0.0007737549769691364,107186.78,105100.19,1.985334184457703,5,holdout,2025-07,5210f76300b0,Q3
786,2025-07-03 12:05:00,2025-07-03 12:30:00,SHORT,109548.44,109712.76266000001,SL,5,5e-05,0.0008,0.0008500000000000001,-0.0015000000000000482,-0.0023500000000000482,0.003355228061668406,0.002450422844907717,109548.0,108530.4,0.9376174786050783,1,holdout,2025-07,5210f76300b0,Q1 (tight)
787,2025-07-23 12:45:00,2025-07-23 12:50:00,LONG,118249.32,118071.94602000002,SL,1,5e-05,0.0008,0.0008500000000000001,-0.0014999999999999103,-0.0023499999999999103,0.0026496558288877006,0.0005976355720269533,120090.0,118288.2,1.523228859683386,9,holdout,2025-07,5210f76300b0,Q2
788,2025-07-23 12:55:00,2025-07-23 13:35:00,LONG,117936.01,117759.105985,SL,8,5e-05,0.0008,0.0008500000000000001,-0.0014999999999999389,-0.002349999999999939,0.0018443052295901376,0.0022374845477645434,120090.0,118288.2,1.523228859683386,11,holdout,2025-07,5210f76300b0,Q2
789,2025-07-26 12:05:00,2025-07-26 12:25:00,SHORT,117781.84,117958.51276,SL,4,5e-05,0.0008,0.0008500000000000001,-0.001500000000000011,-0.002350000000000011,0.0017673352700212825,8.24405528050152e-05,117750.0,117138.38,0.5221345898756626,1,holdout,2025-07,5210f76300b0,Q1 (tight)
790,2025-08-03 12:10:00,2025-08-03 12:40:00,SHORT,113792.64,113963.32896,SL,6,5e-05,0.0008,0.0008500000000000001,-0.0014999999999999957,-0.0023499999999999958,0.0018222619670305617,0.0011972654821964341,113740.69,111920.0,1.626778055754112,2,holdout,2025-08,5210f76300b0,Q2
791,2025-08-09 12:45:00,2025-08-09 15:15:00,SHORT,117033.69,117063.86,MAX_HOLD,30,5e-05,0.0008,0.0008500000000000001,-0.0002577890178460429,-0.0011077890178460429,0.0010292762707899909,0.002439383052862857,116980.0,116299.13,0.5854471998199775,9,holdout,2025-08,5210f76300b0,Q1 (tight)
792,2025-08-12 12:10:00,2025-08-12 12:30:00,LONG,118400.0,118814.40000000001,TP,4,5e-05,0.0008,0.0008500000000000001,0.003500000000000074,0.0026500000000000737,0.0009712837837837838,0.006812584459459464,119275.46,118424.86,0.718261351543929,2,holdout,2025-08,5210f76300b0,Q1 (tight)
793,2025-08-13 12:55:00,2025-08-13 13:05:00,SHORT,120254.17,120434.551255,SL,2,5e-05,0.0008,0.0008500000000000001,-0.001500000000000002,-0.0023500000000000023,0.0018545718622481372,0.000348927608913619,120192.1,118920.92,1.0689288310248588,11,holdout,2025-08,5210f76300b0,Q1 (tight)
794,2025-08-17 12:10:00,2025-08-17 13:50:00,SHORT,118252.18,118429.55827,SL,20,5e-05,0.0008,0.0008500000000000001,-0.0015000000000000091,-0.002350000000000009,0.002729928530704525,0.001632612608071984,118230.82,117172.21,0.9034650793050677,2,holdout,2025-08,5210f76300b0,Q1 (tight)
795,2025-08-20 12:05:00,2025-08-20 13:00:00,SHORT,113858.59,113460.084935,TP,11,5e-05,0.0008,0.0008500000000000001,0.0034999999999999146,0.0026499999999999146,0.00039434881461301017,0.0037817963493136223,113837.93,112566.01,1.12993256134778,1,holdout,2025-08,5210f76300b0,Q1 (tight)
796,2025-08-23 12:15:00,2025-08-23 12:50:00,LONG,115415.64,115242.51654000001,SL,7,5e-05,0.0008,0.0008500000000000001,-0.0014999999999998957,-0.0023499999999998956,0.0020808271738561907,0.0005605826038827761,117030.0,115458.2,1.3613584829834546,3,holdout,2025-08,5210f76300b0,Q2
797,2025-08-24 12:15:00,2025-08-24 12:35:00,LONG,114800.0,114627.8,SL,4,5e-05,0.0008,0.0008500000000000001,-0.0014999999999999747,-0.0023499999999999745,0.001597996515679417,0.0,115666.68,114846.14,0.7144689407933028,3,holdout,2025-08,5210f76300b0,Q1 (tight)
798,2025-08-25 12:10:00,2025-08-25 12:25:00,LONG,111128.79,111517.740765,TP,3,5e-05,0.0008,0.0008500000000000001,0.003500000000000013,0.002650000000000013,0.0,0.004982507233274219,113667.28,111284.05,2.1415737475406367,2,holdout,2025-08,5210f76300b0,Q3
799,2025-08-31 12:45:00,2025-08-31 13:05:00,LONG,108381.01,108218.438485,SL,4,5e-05,0.0008,0.0008500000000000001,-0.001499999999999896,-0.002349999999999896,0.0017504911607670124,0.0002736641778850695,109480.02,108523.49,0.8814036481871333,9,holdout,2025-08,5210f76300b0,Q1 (tight)
800,2025-09-10 12:20:00,2025-09-10 12:30:00,SHORT,112656.28,112825.26442,SL,2,5e-05,0.0008,0.0008500000000000001,-0.0015000000000000707,-0.0023500000000000708,0.007915404272180843,0.0008857029541539881,112602.35,110917.45,1.5190576415162886,4,holdout,2025-09,5210f76300b0,Q2
801,2025-09-10 12:35:00,2025-09-10 12:45:00,SHORT,113333.0,112936.33450000001,TP,2,5e-05,0.0008,0.0008500000000000001,0.0034999999999998964,0.0026499999999998964,0.0,0.00360583413480631,112602.35,110917.45,1.5190576415162886,7,holdout,2025-09,5210f76300b0,Q2
802,2025-09-12 12:35:00,2025-09-12 14:00:00,LONG,114983.17,115385.611095,TP,17,5e-05,0.0008,0.0008500000000000001,0.003500000000000017,0.002650000000000017,0.0013949867619756369,0.0035507805185750127,116331.81,115045.45,1.1181320078282109,7,holdout,2025-09,5210f76300b0,Q1 (tight)
803,2025-09-27 12:05:00,2025-09-27 14:35:00,LONG,109292.98,109335.9,MAX_HOLD,30,5e-05,0.0008,0.0008500000000000001,0.0003927059176170167,-0.00045729408238298337,0.0006024174654218094,0.001689129530551739,109743.91,109324.42,0.38371115986712323,1,holdout,2025-09,5210f76300b0,Q1 (tight)
804,2025-10-13 12:15:00,2025-10-13 12:25:00,LONG,114377.04,114205.47444,SL,2,5e-05,0.0008,0.0008500000000000001,-0.0014999999999998968,-0.002349999999999897,0.0015478631025946606,0.0,115963.81,114398.24,1.3685262990059919,3,holdout,2025-10,5210f76300b0,Q2
805,2025-10-13 12:30:00,2025-10-13 13:30:00,LONG,114353.92,114754.15872,TP,12,5e-05,0.0008,0.0008500000000000001,0.0035000000000000742,0.002650000000000074,0.0011704889521932547,0.010284562173294994,115963.81,114398.24,1.3685262990059919,6,holdout,2025-10,5210f76300b0,Q2
806,2025-10-14 12:05:00,2025-10-14 12:20:00,LONG,111200.0,111033.20000000001,SL,3,5e-05,0.0008,0.0008500000000000001,-0.0014999999999998953,-0.0023499999999998956,0.0021014388489208006,0.0011962230215827705,115409.96,111355.01,3.641461663916165,1,holdout,2025-10,5210f76300b0,Q4 (wide)
807,2025-10-17 12:35:00,2025-10-17 12:50:00,LONG,105473.35,105315.13997500001,SL,3,5e-05,0.0008,0.0008500000000000001,-0.001499999999999934,-0.0023499999999999337,0.0023313946129520746,0.002272137938161575,109240.0,105542.09,3.5037301232143534,7,holdout,2025-10,5210f76300b0,Q4 (wide)
808,2025-10-17 12:55:00,2025-10-17 13:05:00,LONG,105435.64,105277.48654,SL,2,5e-05,0.0008,0.0008500000000000001,-0.0015000000000000128,-0.0023500000000000127,0.0031673350681040782,0.0009750972251887281,109240.0,105542.09,3.5037301232143534,11,holdout,2025-10,5210f76300b0,Q4 (wide)
809,2025-10-22 12:05:00,2025-10-22 12:15:00,LONG,107472.99,107849.14546500001,TP,2,5e-05,0.0008,0.0008500000000000001,0.003500000000000032,0.002650000000000032,0.0,0.0057646111827724675,108678.21,107610.0,0.992667967661004,1,holdout,2025-10,5210f76300b0,Q1 (tight)
810,2025-10-31 12:05:00,2025-10-31 12:10:00,SHORT,110571.38,110184.38017,TP,1,5e-05,0.0008,0.0008500000000000001,0.0035000000000000057,0.0026500000000000056,0.0,0.003929407410850895,110215.0,108275.28,1.7914707770785736,1,holdout,2025-10,5210f76300b0,Q2
811,2025-10-31 12:15:00,2025-10-31 12:20:00,SHORT,110174.62,110339.88193,SL,1,5e-05,0.0008,0.0008500000000000001,-0.0015000000000000714,-0.0023500000000000716,0.0029273529602371587,0.0,110215.0,108275.28,1.7914707770785736,3,holdout,2025-10,5210f76300b0,Q2
812,2025-10-31 12:30:00,2025-10-31 12:40:00,SHORT,110170.08,109784.48472000001,TP,2,5e-05,0.0008,0.0008500000000000001,0.0034999999999999463,0.0026499999999999462,0.001360714270153961,0.004769262217110195,110215.0,108275.28,1.7914707770785736,6,holdout,2025-10,5210f76300b0,Q2
813,2025-11-02 12:05:00,2025-11-02 12:35:00,SHORT,111192.01,110802.837965,TP,6,5e-05,0.0008,0.0008500000000000001,0.0034999999999999636,0.0026499999999999636,0.0,0.0035255231018847017,111045.09,109879.39,1.060890490928278,1,holdout,2025-11,5210f76300b0,Q1 (tight)
814,2025-11-04 12:20:00,2025-11-04 12:25:00,LONG,104215.19,104058.867215,SL,1,5e-05,0.0008,0.0008500000000000001,-0.001499999999999968,-0.002349999999999968,0.003177943637582989,0.0,107299.0,104200.0,2.974088291746641,4,holdout,2025-11,5210f76300b0,Q4 (wide)
815,2025-11-04 12:30:00,2025-11-04 12:35:00,LONG,104121.42,103965.23787,SL,1,5e-05,0.0008,0.0008500000000000001,-0.0015000000000000102,-0.00235000000000001,0.0026606436984820112,0.0,107299.0,104200.0,2.974088291746641,6,holdout,2025-11,5210f76300b0,Q4 (wide)
816,2025-11-22 12:10:00,2025-11-22 12:25:00,LONG,83754.4,83628.7684,SL,3,5e-05,0.0008,0.0008500000000000001,-0.0014999999999999207,-0.0023499999999999207,0.0016027814658094463,0.0015467844077445832,85620.0,83832.91,2.1317284584299845,2,holdout,2025-11,5210f76300b0,Q3
817,2025-11-22 12:35:00,2025-11-22 13:10:00,LONG,83735.11,84028.182885,TP,7,5e-05,0.0008,0.0008500000000000001,0.003500000000000017,0.002650000000000017,0.0012552679515199846,0.004740902591517417,85620.0,83832.91,2.1317284584299845,7,holdout,2025-11,5210f76300b0,Q3
818,2025-11-26 12:05:00,2025-11-26 12:10:00,LONG,86732.86,86602.76071,SL,1,5e-05,0.0008,0.0008500000000000001,-0.0014999999999999803,-0.0023499999999999806,0.0022566994792976493,0.000468219311573498,88224.0,86909.99,1.511920551365838,1,holdout,2025-11,5210f76300b0,Q2
819,2025-11-30 12:05:00,2025-11-30 12:10:00,SHORT,91044.66,91181.22699000001,SL,1,5e-05,0.0008,0.0008500000000000001,-0.0015000000000000727,-0.0023500000000000725,0.002357963663107677,0.0,91055.5,90471.0,0.6460633794254512,1,holdout,2025-11,5210f76300b0,Q1 (tight)
820,2025-12-02 12:05:00,2025-12-02 12:30:00,SHORT,87378.73,87509.798095,SL,5,5e-05,0.0008,0.0008500000000000001,-0.0015000000000001104,-0.0023500000000001107,0.002083344539340503,0.0010816133399969851,87350.0,86184.39,1.352460695028416,1,holdout,2025-12,5210f76300b0,Q2
821,2025-12-02 12:35:00,2025-12-02 12:40:00,SHORT,87307.31,87438.270965,SL,1,5e-05,0.0008,0.0008500000000000001,-0.001500000000000065,-0.002350000000000065,0.0015657337283670415,0.0,87350.0,86184.39,1.352460695028416,7,holdout,2025-12,5210f76300b0,Q2
822,2025-12-02 12:45:00,2025-12-02 13:35:00,SHORT,87338.42,87469.42763,SL,10,5e-05,0.0008,0.0008500000000000001,-0.0015000000000000842,-0.0023500000000000842,0.0024225306571838802,0.003499834322626838,87350.0,86184.39,1.352460695028416,9,holdout,2025-12,5210f76300b0,Q2
823,2025-12-07 12:05:00,2025-12-07 12:45:00,LONG,89165.02,89477.09757000001,TP,8,5e-05,0.0008,0.0008500000000000001,0.003500000000000096,0.002650000000000096,0.0,0.004711488877588894,89799.96,89176.52,0.6991077920510941,1,holdout,2025-12,5210f76300b0,Q1 (tight)
824,2025-12-08 12:05:00,2025-12-08 13:10:00,SHORT,91838.3,91976.05745000001,SL,13,5e-05,0.0008,0.0008500000000000001,-0.0015000000000000501,-0.00235000000000005,0.003089996221619943,0.0020074413398331694,91868.76,89860.0,2.235432895615396,1,holdout,2025-12,5210f76300b0,Q3
825,2025-12-13 12:10:00,2025-12-13 14:20:00,SHORT,90453.41,90136.823065,TP,26,5e-05,0.0008,0.0008500000000000001,0.0034999999999999927,0.0026499999999999926,0.0,0.0038518171951726693,90469.71,90120.0,0.3880492676431496,2,holdout,2025-12,5210f76300b0,Q1 (tight)
826,2025-12-21 13:00:00,2025-12-21 13:05:00,SHORT,88638.01,88327.776965,TP,1,5e-05,0.0008,0.0008500000000000001,0.003499999999999972,0.002649999999999972,0.0,0.003954849618126449,88433.64,87869.35,0.6421920726624171,12,holdout,2025-12,5210f76300b0,Q1 (tight)
827,2025-12-25 12:10:00,2025-12-25 14:40:00,LONG,87524.45,87626.35,MAX_HOLD,30,5e-05,0.0008,0.0008500000000000001,0.0011642461049456321,0.00031424610494563206,0.0014358273602404616,0.00235282826684438,87967.5,87508.52,0.5244975003576748,2,holdout,2025-12,5210f76300b0,Q1 (tight)
828,2025-12-31 12:40:00,2025-12-31 13:50:00,SHORT,88844.83,88978.09724500001,SL,14,5e-05,0.0008,0.0008500000000000001,-0.0015000000000001126,-0.0023500000000001124,0.0022640597094956924,0.0012823481118710853,88819.8,88172.15,0.7345289867605687,8,holdout,2025-12,5210f76300b0,Q1 (tight)
829,2026-01-12 12:05:00,2026-01-12 13:05:00,LONG,90699.99,90563.94001500001,SL,12,5e-05,0.0008,0.0008500000000000001,-0.0014999999999998957,-0.0023499999999998956,0.0015131203432327306,0.0018054026246309399,92519.95,90700.29,2.006233938171536,1,holdout,2026-01,5210f76300b0,Q3
830,2026-01-15 13:00:00,2026-01-15 13:30:00,SHORT,96981.66,96642.22419000001,TP,6,5e-05,0.0008,0.0008500000000000001,0.0034999999999999524,0.0026499999999999523,0.00010084380902532329,0.003727921341004146,97000.0,95777.0,1.2769245225889305,12,holdout,2026-01,5210f76300b0,Q2
831,2026-01-23 12:55:00,2026-01-23 14:25:00,LONG,89306.16,89618.73156000001,TP,18,5e-05,0.0008,0.0008500000000000001,0.003500000000000126,0.0026500000000001258,0.0007671363319171859,0.004441910837953421,90088.94,89400.0,0.7706263982102934,11,holdout,2026-01,5210f76300b0,Q1 (tight)
832,2026-01-25 12:15:00,2026-01-25 13:50:00,LONG,88638.88,88949.11608,TP,19,5e-05,0.0008,0.0008500000000000001,0.003500000000000027,0.002650000000000027,0.0010778565794153552,0.0037569292391780532,89319.13,88635.84,0.7708958362666932,3,holdout,2026-01,5210f76300b0,Q1 (tight)
833,2026-01-27 12:25:00,2026-01-27 12:30:00,LONG,88159.98,88027.74003,SL,1,5e-05,0.0008,0.0008500000000000001,-0.0014999999999999443,-0.002349999999999944,0.0016555130797443137,0.0,89010.0,88194.82,0.9242946467831024,5,holdout,2026-01,5210f76300b0,Q1 (tight)
834,2026-02-05 12:15:00,2026-02-05 12:20:00,LONG,69918.01,69813.132985,SL,1,5e-05,0.0008,0.0008500000000000001,-0.0014999999999998704,-0.0023499999999998704,0.01054005970707673,0.0,73341.18,70140.0,4.563986313088099,3,holdout,2026-02,5210f76300b0,Q4 (wide)
835,2026-02-10 12:05:00,2026-02-10 12:15:00,LONG,68704.83,68601.77275500001,SL,2,5e-05,0.0008,0.0008500000000000001,-0.0014999999999998407,-0.002349999999999841,0.00238149195624231,0.0008348758013083008,70527.59,68682.0,2.687152383448351,1,holdout,2026-02,5210f76300b0,Q3
836,2026-02-10 12:20:00,2026-02-10 12:30:00,LONG,68564.32,68804.29512000001,TP,2,5e-05,0.0008,0.0008500000000000001,0.0035000000000000404,0.0026500000000000403,0.0,0.0042446275263868846,70527.59,68682.0,2.687152383448351,4,holdout,2026-02,5210f76300b0,Q3
837,2026-02-10 12:35:00,2026-02-10 12:40:00,LONG,68700.0,68596.95,SL,1,5e-05,0.0008,0.0008500000000000001,-0.0015000000000000423,-0.002350000000000042,0.0020529839883550744,0.0,70527.59,68682.0,2.687152383448351,7,holdout,2026-02,5210f76300b0,Q3
838,2026-02-10 12:45:00,2026-02-10 13:05:00,LONG,68569.8,68466.9453,SL,4,5e-05,0.0008,0.0008500000000000001,-0.001499999999999945,-0.002349999999999945,0.002910464956876161,0.001732541147852304,70527.59,68682.0,2.687152383448351,9,holdout,2026-02,5210f76300b0,Q3
839,2026-02-12 12:15:00,2026-02-12 12:50:00,SHORT,68022.24,67784.16216,TP,7,5e-05,0.0008,0.0008500000000000001,0.003499999999999972,0.002649999999999972,0.0,0.003855209707883851,68047.48,66670.45,2.0654277869730877,3,holdout,2026-02,5210f76300b0,Q3
840,2026-02-17 12:05:00,2026-02-17 12:20:00,LONG,67913.04,68150.73564,TP,3,5e-05,0.0008,0.0008500000000000001,0.0035000000000000794,0.0026500000000000794,0.0,0.003598719774582448,69241.5,67892.0,1.9877157838920638,1,holdout,2026-02,5210f76300b0,Q3
841,2026-02-17 13:00:00,2026-02-17 13:05:00,LONG,67919.49,67817.610765,SL,1,5e-05,0.0008,0.0008500000000000001,-0.0015000000000000048,-0.002350000000000005,0.002725727180813705,0.0006621074451530946,69241.5,67892.0,1.9877157838920638,12,holdout,2026-02,5210f76300b0,Q3
842,2026-02-21 12:05:00,2026-02-21 13:25:00,SHORT,68117.56,68219.73634,SL,16,5e-05,0.0008,0.0008500000000000001,-0.0015000000000000798,-0.00235000000000008,0.0019442857319023515,0.002973682557038122,68099.54,67534.69,0.8363849748921499,1,holdout,2026-02,5210f76300b0,Q1 (tight)
843,2026-03-03 12:15:00,2026-03-03 12:20:00,LONG,67741.09,67639.478365,SL,1,5e-05,0.0008,0.0008500000000000001,-0.0014999999999999092,-0.0023499999999999095,0.0050524725834791675,0.0,69258.08,67800.0,2.1505604719764038,3,holdout,2026-03,5210f76300b0,Q3
844,2026-03-08 12:05:00,2026-03-08 12:10:00,SHORT,67633.25,67396.533625,TP,1,5e-05,0.0008,0.0008500000000000001,0.0035000000000000534,0.0026500000000000534,0.0,0.009362998229421179,67481.96,66547.15,1.4047333356875724,1,holdout,2026-03,5210f76300b0,Q2
845,2026-03-09 12:25:00,2026-03-09 12:35:00,SHORT,68080.21,68182.33031500001,SL,2,5e-05,0.0008,0.0008500000000000001,-0.0015000000000001085,-0.0023500000000001085,0.003937267526054757,0.0014836910755711432,68069.29,65821.97,3.4142399566588364,5,holdout,2026-03,5210f76300b0,Q4 (wide)
846,2026-03-09 12:40:00,2026-03-09 12:50:00,SHORT,68278.94,68039.96371000001,TP,2,5e-05,0.0008,0.0008500000000000001,0.0034999999999998743,0.0026499999999998742,0.0,0.0038035154031389046,68069.29,65821.97,3.4142399566588364,8,holdout,2026-03,5210f76300b0,Q4 (wide)
847,2026-03-09 12:55:00,2026-03-09 13:00:00,SHORT,68099.23,68201.378845,SL,1,5e-05,0.0008,0.0008500000000000001,-0.0015000000000000493,-0.002350000000000049,0.0023064871658608622,0.0,68069.29,65821.97,3.4142399566588364,11,holdout,2026-03,5210f76300b0,Q4 (wide)
848,2026-03-10 12:55:00,2026-03-10 13:05:00,SHORT,70568.51,70674.362765,SL,2,5e-05,0.0008,0.0008500000000000001,-0.0015000000000000464,-0.0023500000000000465,0.002391293226964832,0.0006894009806922972,70578.29,68391.41,3.1975945517134243,11,holdout,2026-03,5210f76300b0,Q4 (wide)
849,2026-03-11 12:25:00,2026-03-11 12:30:00,LONG,69403.07,69298.965395,SL,1,5e-05,0.0008,0.0008500000000000001,-0.0015000000000000063,-0.0023500000000000066,0.002476979764728037,0.005397311675117491,70281.87,69420.0,1.2415298184961039,5,holdout,2026-03,5210f76300b0,Q1 (tight)
850,2026-03-11 12:35:00,2026-03-11 12:45:00,LONG,69277.69,69173.773465,SL,2,5e-05,0.0008,0.0008500000000000001,-0.0014999999999999517,-0.002349999999999952,0.0018060648384782365,0.001586657984698945,70281.87,69420.0,1.2415298184961039,7,holdout,2026-03,5210f76300b0,Q1 (tight)
851,2026-03-11 13:00:00,2026-03-11 13:10:00,LONG,69361.13,69603.893955,TP,2,5e-05,0.0008,0.0008500000000000001,0.003500000000000031,0.002650000000000031,0.00012197033122162806,0.008907871022285832,70281.87,69420.0,1.2415298184961039,12,holdout,2026-03,5210f76300b0,Q1 (tight)
852,2026-03-12 12:05:00,2026-03-12 12:20:00,SHORT,70340.54,70446.05081,SL,3,5e-05,0.0008,0.0008500000000000001,-0.0015000000000001002,-0.0023500000000001003,0.0019480942284493892,0.0003997694643799343,70353.87,69205.91,1.6587600683236325,1,holdout,2026-03,5210f76300b0,Q2
853,2026-03-12 12:25:00,2026-03-12 12:45:00,SHORT,70382.4,70487.9736,SL,4,5e-05,0.0008,0.0008500000000000001,-0.0015000000000000477,-0.002350000000000048,0.0033425970128897185,0.0013693764350177049,70353.87,69205.91,1.6587600683236325,5,holdout,2026-03,5210f76300b0,Q2
854,2026-03-12 12:55:00,2026-03-12 13:05:00,SHORT,70362.9,70468.44435,SL,2,5e-05,0.0008,0.0008500000000000001,-0.001500000000000157,-0.002350000000000157,0.0024409170173486316,0.00031991290864922796,70353.87,69205.91,1.6587600683236325,11,holdout,2026-03,5210f76300b0,Q2
855,2026-03-15 12:05:00,2026-03-15 13:05:00,SHORT,71767.7,71516.51305,TP,12,5e-05,0.0008,0.0008500000000000001,0.0035000000000000417,0.0026500000000000416,0.0,0.005123474766503554,71800.68,70858.82,1.3292064417668625,1,holdout,2026-03,5210f76300b0,Q2
856,2026-03-17 12:30:00,2026-03-17 12:50:00,LONG,73793.89,73683.199165,SL,4,5e-05,0.0008,0.0008500000000000001,-0.001500000000000017,-0.002350000000000017,0.0016483749535361183,0.0016276415296713669,76000.0,73784.0,3.003361162311612,6,holdout,2026-03,5210f76300b0,Q4 (wide)
857,2026-03-17 12:55:00,2026-03-17 13:30:00,LONG,73769.86,74028.05451,TP,7,5e-05,0.0008,0.0008500000000000001,0.0035000000000000157,0.0026500000000000156,0.0014078920578133208,0.00468267121558862,76000.0,73784.0,3.003361162311612,11,holdout,2026-03,5210f76300b0,Q4 (wide)
858,2026-03-25 12:20:00,2026-03-25 12:25:00,SHORT,71423.65,71173.667225,TP,1,5e-05,0.0008,0.0008500000000000001,0.003499999999999955,0.002649999999999955,0.0,0.004083381344974588,71345.0,70408.0,1.330814680149983,4,holdout,2026-03,5210f76300b0,Q2
859,2026-03-25 12:30:00,2026-03-25 12:40:00,SHORT,71341.67,71448.682505,SL,2,5e-05,0.0008,0.0008500000000000001,-0.001500000000000085,-0.002350000000000085,0.001967013107486855,0.0005278822320812436,71345.0,70408.0,1.330814680149983,6,holdout,2026-03,5210f76300b0,Q2
860,2026-03-25 12:45:00,2026-03-25 12:55:00,SHORT,71369.59,71476.644385,SL,2,5e-05,0.0008,0.0008500000000000001,-0.0015000000000001453,-0.0023500000000001454,0.008204895110088229,0.0011562347492817253,71345.0,70408.0,1.330814680149983,9,holdout,2026-03,5210f76300b0,Q2
861,2026-03-30 12:05:00,2026-03-30 12:15:00,SHORT,67788.75,67890.43312500001,SL,2,5e-05,0.0008,0.0008500000000000001,-0.0015000000000001546,-0.002350000000000155,0.001936161973778835,0.0,67800.0,65800.59,3.038589775562808,1,holdout,2026-03,5210f76300b0,Q4 (wide)
862,2026-03-30 12:20:00,2026-03-30 13:20:00,SHORT,67900.11,68001.96016500001,SL,12,5e-05,0.0008,0.0008500000000000001,-0.0015000000000001583,-0.0023500000000001584,0.003969654835610629,0.0011727521501806795,67800.0,65800.59,3.038589775562808,4,holdout,2026-03,5210f76300b0,Q4 (wide)
863,2026-03-31 12:15:00,2026-03-31 12:25:00,LONG,66576.17,66809.186595,TP,2,5e-05,0.0008,0.0008500000000000001,0.0035000000000001237,0.0026500000000001236,0.0,0.003805716069278172,68408.37,66544.51,2.8009222699212915,3,holdout,2026-03,5210f76300b0,Q4 (wide)
864,2026-04-04 12:10:00,2026-04-04 13:35:00,SHORT,67095.44,67196.08316000001,SL,17,5e-05,0.0008,0.0008500000000000001,-0.0015000000000001028,-0.002350000000000103,0.0025569546902143823,0.0005198564909926018,67052.99,66775.91,0.4149400584731855,2,holdout,2026-04,5210f76300b0,Q1 (tight)
865,2026-04-06 12:05:00,2026-04-06 12:55:00,SHORT,69581.05,69337.516325,TP,10,5e-05,0.0008,0.0008500000000000001,0.0034999999999999823,0.0026499999999999822,0.0,0.0036190888180044276,69588.0,68776.61,1.179747009920959,1,holdout,2026-04,5210f76300b0,Q1 (tight)
866,2026-04-09 12:05:00,2026-04-09 12:25:00,SHORT,71201.86,71308.66279,SL,4,5e-05,0.0008,0.0008500000000000001,-0.0015000000000000217,-0.0023500000000000218,0.0017826781491381406,0.002273255221141703,71198.8,70466.0,1.0399341526409942,1,holdout,2026-04,5210f76300b0,Q1 (tight)
867,2026-04-09 12:30:00,2026-04-09 13:30:00,SHORT,71275.99,71026.52403500001,TP,12,5e-05,0.0008,0.0008500000000000001,0.0034999999999999407,0.0026499999999999406,0.0011118751209208038,0.005161906555068519,71198.8,70466.0,1.0399341526409942,6,holdout,2026-04,5210f76300b0,Q1 (tight)
868,2026-04-21 12:20:00,2026-04-21 12:30:00,SHORT,76330.39,76444.88558500001,SL,2,5e-05,0.0008,0.0008500000000000001,-0.0015000000000001505,-0.0023500000000001506,0.0024494830957892547,0.00022389509604230383,76300.0,75474.77,1.0933852464869993,4,holdout,2026-04,5210f76300b0,Q1 (tight)
869,2026-04-21 12:35:00,2026-04-21 12:40:00,SHORT,76506.01,76238.238965,TP,1,5e-05,0.0008,0.0008500000000000001,0.003499999999999973,0.002649999999999973,0.0,0.010417220817031185,76300.0,75474.77,1.0933852464869993,7,holdout,2026-04,5210f76300b0,Q1 (tight)
870,2026-04-25 12:10:00,2026-04-25 14:40:00,SHORT,77680.12,77738.22,MAX_HOLD,30,5e-05,0.0008,0.0008500000000000001,-0.000747939112349541,-0.0015979391123495412,0.0008995866638723609,0.0016672219352904549,77711.87,77309.92,0.5199203413999097,2,holdout,2026-04,5210f76300b0,Q1 (tight)
871,2026-04-28 12:50:00,2026-04-28 13:05:00,LONG,76393.86,76279.26921,SL,3,5e-05,0.0008,0.0008500000000000001,-0.0015000000000000265,-0.0023500000000000265,0.004183582293132011,0.0,77478.0,76424.9,1.3779540437736992,10,holdout,2026-04,5210f76300b0,Q2
872,2026-04-29 12:05:00,2026-04-29 12:10:00,SHORT,77478.55,77207.375075,TP,1,5e-05,0.0008,0.0008500000000000001,0.0034999999999999914,0.0026499999999999913,0.0002618789329432933,0.008112567930091656,77455.71,76187.75,1.6642570491975501,1,holdout,2026-04,5210f76300b0,Q2
873,2026-05-08 12:15:00,2026-05-08 12:30:00,SHORT,80268.0,80388.402,SL,3,5e-05,0.0008,0.0008500000000000001,-0.0015000000000000232,-0.002350000000000023,0.002890317436587432,0.0010321672397469205,80142.84,79181.48,1.2141222922329826,3,holdout,2026-05,5210f76300b0,Q1 (tight)
874,2026-05-08 12:55:00,2026-05-08 13:10:00,SHORT,80116.81,79836.401165,TP,3,5e-05,0.0008,0.0008500000000000001,0.003499999999999934,0.002649999999999934,0.0,0.005766205619020542,80142.84,79181.48,1.2141222922329826,11,holdout,2026-05,5210f76300b0,Q1 (tight)
875,2026-05-12 12:05:00,2026-05-12 12:30:00,LONG,80753.03,80631.90045500001,SL,5,5e-05,0.0008,0.0008500000000000001,-0.0014999999999998621,-0.002349999999999862,0.0016573991093584539,0.0018038951603425687,81788.0,80714.28,1.3302726605502782,1,holdout,2026-05,5210f76300b0,Q2
876,2026-05-16 12:10:00,2026-05-16 12:25:00,LONG,78074.66,77957.54801000001,SL,3,5e-05,0.0008,0.0008500000000000001,-0.001499999999999876,-0.002349999999999876,0.0019985998017795804,0.0,79227.77,78066.0,1.4881894806958267,2,holdout,2026-05,5210f76300b0,Q2
877,2026-05-16 12:35:00,2026-05-16 13:00:00,LONG,78074.0,77956.88900000001,SL,5,5e-05,0.0008,0.0008500000000000001,-0.0014999999999998704,-0.0023499999999998704,0.0016563772830904908,0.000550887619437902,79227.77,78066.0,1.4881894806958267,7,holdout,2026-05,5210f76300b0,Q2
878,2026-05-17 12:25:00,2026-05-17 12:35:00,SHORT,78428.09,78545.732135,SL,2,5e-05,0.0008,0.0008500000000000001,-0.0015000000000000239,-0.002350000000000024,0.001554417556260818,8.619360741788767e-05,78323.96,77721.19,0.7755542600415718,5,holdout,2026-05,5210f76300b0,Q1 (tight)
879,2026-05-17 13:00:00,2026-05-17 14:05:00,SHORT,78364.83,78090.55309500001,TP,13,5e-05,0.0008,0.0008500000000000001,0.0034999999999998917,0.0026499999999998916,0.0,0.0038102551871802247,78323.96,77721.19,0.7755542600415718,12,holdout,2026-05,5210f76300b0,Q1 (tight)
880,2026-05-20 12:05:00,2026-05-20 12:45:00,SHORT,77464.92,77581.11738,SL,8,5e-05,0.0008,0.0008500000000000001,-0.0014999999999999716,-0.002349999999999972,0.001704384384570446,0.0011442598791814335,77472.21,76516.74,1.2487071456520509,1,holdout,2026-05,5210f76300b0,Q2
881,2026-05-24 12:20:00,2026-05-24 13:50:00,SHORT,77099.47,76829.621855,TP,18,5e-05,0.0008,0.0008500000000000001,0.003499999999999952,0.002649999999999952,0.0003642048382433984,0.004073179750781791,77065.94,76629.02,0.5701756332000569,4,holdout,2026-05,5210f76300b0,Q1 (tight)
