trade_id,entry_time,exit_time,direction,entry_price,exit_price,exit_reason,holding_candles,spread_pct,fees_pct,cost_total_pct,pnl_gross_pct,pnl_net_pct,mae_pct,mfe_pct,asia_high,asia_low,asia_range_pct,session_candle_num,rej_efficiency,rej_wick_pct,rej_reclaim_pct,rej_candle_num,split,month,spec_hash,asia_range_bucket
0,2019-01-03 12:10:00,2019-01-03 12:15:00,LONG,3806.44,3800.73034,SL,1,5e-05,0.0008,0.0008500000000000001,-0.0014999999999999961,-0.002349999999999996,0.0019545822343186954,0.0,3862.74,3805.0,1.5174770039421757,2,0.8225108225108814,0.0004993429697766336,0.0006070959264126006,1,train,2019-01,b1325240c0f4,Q2
1,2019-01-06 13:00:00,2019-01-06 13:15:00,SHORT,3791.12,3796.80668,SL,3,5e-05,0.0008,0.0008500000000000001,-0.0015000000000000664,-0.0023500000000000664,0.0018754352275844942,0.0008651796830487417,3792.12,3740.0,1.3935828877005318,12,2.045801526717865,0.0007067286900204348,0.0003454532029576979,11,train,2019-01,b1325240c0f4,Q2
2,2019-01-07 12:20:00,2019-01-07 12:55:00,LONG,3974.02,3968.05897,SL,7,5e-05,0.0008,0.0008500000000000001,-0.0014999999999999842,-0.002349999999999984,0.0047810529388377515,0.0005485629161402903,4017.9,3970.03,1.2057843391611622,4,0.9395465994962736,0.0009395394997015181,0.0009999924433819894,3,train,2019-01,b1325240c0f4,Q2
3,2019-01-08 13:00:00,2019-01-08 13:05:00,SHORT,3989.16,3995.14374,SL,1,5e-05,0.0008,0.0008500000000000001,-0.0015000000000000315,-0.0023500000000000318,0.003241283879313011,0.0,3989.0,3922.0,1.7083120856705762,12,20.0,0.0010328403108548236,4.2617197292572764e-05,11,train,2019-01,b1325240c0f4,Q2
4,2019-01-10 12:25:00,2019-01-10 12:45:00,LONG,3735.12,3729.51732,SL,4,5e-05,0.0008,0.0008500000000000001,-0.0014999999999999903,-0.00234999999999999,0.0016358242840925252,0.00047120306710365885,3996.01,3731.01,7.10263440730526,5,0.0030674846626438665,2.680239399041621e-06,0.0008737580440684328,4,train,2019-01,b1325240c0f4,Q4 (wide)
5,2019-01-15 12:05:00,2019-01-15 12:25:00,LONG,3614.04,3608.6189400000003,SL,4,5e-05,0.0008,0.0008500000000000001,-0.0014999999999999087,-0.0023499999999999086,0.0033314517824927126,0.0010957266660026,3648.42,3610.12,1.060906562662742,1,0.024590163934403317,3.323989230271871e-05,0.0013517556203118204,0,train,2019-01,b1325240c0f4,Q1 (tight)
6,2019-02-02 12:10:00,2019-02-02 12:25:00,SHORT,3470.28,3475.4854200000004,SL,3,5e-05,0.0008,0.0008500000000000001,-0.0015000000000000666,-0.0023500000000000664,0.0027260048180549066,0.00033138536371707497,3471.0,3440.29,0.8926573050527729,2,7.150684931506397,0.0015038893690578507,0.00021031403053875487,1,train,2019-02,b1325240c0f4,Q1 (tight)
7,2019-02-03 12:05:00,2019-02-03 13:10:00,LONG,3458.56,3470.66496,TP,13,5e-05,0.0008,0.0008500000000000001,0.0035000000000000343,0.0026500000000000343,0.0007401924500369939,0.004169365284974114,3511.09,3457.38,1.5534884797158552,1,2.6794871794882407,0.0006045039885694211,0.00022560435937031664,0,train,2019-02,b1325240c0f4,Q2
8,2019-02-28 12:35:00,2019-02-28 14:00:00,SHORT,3829.0,3834.7435,SL,17,5e-05,0.0008,0.0008500000000000001,-0.0015000000000000104,-0.0023500000000000105,0.0018281535648994515,0.0016009401932619769,3833.95,3809.88,0.6317784287169073,7,0.5030303030303693,0.0006494607389246695,0.0012910966496693537,6,train,2019-02,b1325240c0f4,Q1 (tight)
9,2019-03-04 12:50:00,2019-03-04 13:05:00,LONG,3701.48,3695.9277800000004,SL,3,5e-05,0.0008,0.0008500000000000001,-0.0014999999999998862,-0.002349999999999886,0.001577747279466631,0.0005808487415844719,3830.0,3699.5,3.5275037167184755,10,1.4736842105263368,0.000454115421002794,0.00030814974996617723,9,train,2019-03,b1325240c0f4,Q4 (wide)
10,2019-03-13 13:00:00,2019-03-13 14:40:00,LONG,3877.87,3872.053195,SL,20,5e-05,0.0008,0.0008500000000000001,-0.0014999999999999823,-0.0023499999999999823,0.0015575560810444815,0.0031898954838609577,3893.56,3870.0,0.6087855297157609,12,0.6168582375478892,0.0012480620155038572,0.0020232558139534696,11,train,2019-03,b1325240c0f4,Q1 (tight)
11,2019-04-13 12:15:00,2019-04-13 13:05:00,LONG,5033.51,5025.959735,SL,10,5e-05,0.0008,0.0008500000000000001,-0.001499999999999971,-0.002349999999999971,0.0016886824502186347,0.0018496039542981915,5099.0,5030.01,1.3715678497657018,3,1.5484949832777415,0.0009204753072061704,0.0005944322178285494,2,train,2019-04,b1325240c0f4,Q2
12,2019-04-15 12:40:00,2019-04-15 14:25:00,LONG,5114.28,5132.17998,TP,21,5e-05,0.0008,0.0008500000000000001,0.003500000000000028,0.0026500000000000278,0.0014840798704803307,0.00425670866671368,5167.38,5113.0,1.0635634656757307,8,4.3969465648843205,0.0011265401916683393,0.00025620966164686097,7,train,2019-04,b1325240c0f4,Q1 (tight)
13,2019-04-28 12:20:00,2019-04-28 13:25:00,SHORT,5321.96,5329.94294,SL,13,5e-05,0.0008,0.0008500000000000001,-0.0014999999999999757,-0.002349999999999976,0.0019165871220377113,0.0008699802328465657,5321.54,5280.0,0.7867424242424235,4,1.7697841726614796,0.00046227219940093214,0.0002612025842144055,3,train,2019-04,b1325240c0f4,Q1 (tight)
14,2019-04-30 12:15:00,2019-04-30 12:20:00,SHORT,5261.02,5268.91153,SL,1,5e-05,0.0008,0.0008500000000000001,-0.0014999999999999762,-0.0023499999999999762,0.0026268670333889073,0.0,5264.01,5192.15,1.3840124033396684,3,0.8030303030301394,0.0006041021958543737,0.0007522782061584298,2,train,2019-04,b1325240c0f4,Q2
15,2019-05-08 12:50:00,2019-05-08 13:10:00,SHORT,5923.41,5932.295115,SL,4,5e-05,0.0008,0.0008500000000000001,-0.001500000000000007,-0.002350000000000007,0.0024276556915695706,0.0026015420171826456,5928.65,5772.2,2.710405044870237,10,5.575757575759247,0.0015517866630684436,0.0002783095645719744,9,train,2019-05,b1325240c0f4,Q3
16,2019-05-16 12:05:00,2019-05-16 12:10:00,LONG,7898.86,7887.01171,SL,1,5e-05,0.0008,0.0008500000000000001,-0.001499999999999988,-0.0023499999999999884,0.004919697272770966,0.0,8320.0,7870.01,5.717781807138743,1,0.2634315424610228,0.0009656912761229481,0.0036658149100191047,0,train,2019-05,b1325240c0f4,Q4 (wide)
17,2019-05-22 12:05:00,2019-05-22 12:10:00,LONG,7839.01,7827.251485000001,SL,1,5e-05,0.0008,0.0008500000000000001,-0.0014999999999999404,-0.0023499999999999407,0.003934170258744426,0.0,7988.0,7830.23,2.014883343145737,1,3.153679653679355,0.003721474337279929,0.001180041965561764,0,train,2019-05,b1325240c0f4,Q3
18,2019-05-25 12:15:00,2019-05-25 12:20:00,SHORT,8015.03,8027.0525450000005,SL,1,5e-05,0.0008,0.0008500000000000001,-0.0015000000000000898,-0.00235000000000009,0.0024653681895139778,0.0006949443732587039,8033.48,7908.34,1.5823801202274994,3,0.3533875338753659,0.0008116034396053064,0.002296638567594594,2,train,2019-05,b1325240c0f4,Q2
19,2019-05-26 12:25:00,2019-05-26 12:30:00,LONG,7927.76,7915.86836,SL,1,5e-05,0.0008,0.0008500000000000001,-0.001499999999999978,-0.002349999999999978,0.0018731646770336595,0.00022705026388288518,8047.5,7919.64,1.614467324272311,5,1.6508515815087226,0.0017134617230076894,0.0010379259663317202,4,train,2019-05,b1325240c0f4,Q2
20,2019-06-17 12:30:00,2019-06-17 12:35:00,SHORT,9206.8,9220.6102,SL,1,5e-05,0.0008,0.0008500000000000001,-0.0014999999999999888,-0.002349999999999989,0.001579267497936403,0.0014043967502279265,9212.66,8950.0,2.9347486033519536,6,7.134812286688625,0.0045383200943049555,0.0006360812186708922,5,train,2019-06,b1325240c0f4,Q4 (wide)
21,2019-06-20 12:30:00,2019-06-20 12:50:00,LONG,9239.24,9225.38114,SL,4,5e-05,0.0008,0.0008500000000000001,-0.00150000000000003,-0.00235000000000003,0.0015628991129141045,0.002088916404379699,9350.0,9217.92,1.4328612094702484,6,0.09760675739089521,0.0002256474345622361,0.00231180136082755,5,train,2019-06,b1325240c0f4,Q2
22,2019-06-21 12:05:00,2019-06-21 12:20:00,SHORT,9782.8,9797.4742,SL,3,5e-05,0.0008,0.0008500000000000001,-0.0015000000000001323,-0.0023500000000001324,0.0017581878398823167,0.0017868095023919088,9798.0,9518.06,2.941145569580361,1,1.1604774535809075,0.0017860787915901205,0.0015390896101245078,0,train,2019-06,b1325240c0f4,Q4 (wide)
23,2019-06-23 12:05:00,2019-06-23 12:10:00,LONG,10730.0,10767.555,TP,1,5e-05,0.0008,0.0008500000000000001,0.003500000000000027,0.002650000000000027,0.0,0.004544268406337392,10963.25,10670.0,2.748359887535145,1,0.2331632653061105,0.0012849109653232547,0.005510777881911834,0,train,2019-06,b1325240c0f4,Q3
24,2019-06-24 12:40:00,2019-06-24 12:45:00,SHORT,10889.98,10906.31497,SL,1,5e-05,0.0008,0.0008500000000000001,-0.0014999999999999894,-0.0023499999999999893,0.0019228685452131694,0.0005555565758614133,10905.96,10620.8,2.6849201566736958,8,1.263454317897438,0.0018512813177382376,0.0014652538611914553,7,train,2019-06,b1325240c0f4,Q3
25,2019-06-25 12:05:00,2019-06-25 12:10:00,SHORT,11407.79,11367.862735,TP,1,5e-05,0.0008,0.0008500000000000001,0.0035000000000000226,0.0026500000000000226,0.0,0.004136646975444017,11435.0,11026.0,3.709414112098676,1,0.03677822728944396,8.745080891998251e-05,0.002377787494534369,0,train,2019-06,b1325240c0f4,Q4 (wide)
26,2019-06-27 12:25:00,2019-06-27 12:30:00,LONG,12119.67,12101.490495,SL,1,5e-05,0.0008,0.0008500000000000001,-0.0015000000000000052,-0.0023500000000000053,0.0025264714303277896,0.004706398771583637,13478.04,12100.0,11.388760330578519,5,5.076142131979508,0.008264462809917356,0.0016280991735537792,4,train,2019-06,b1325240c0f4,Q4 (wide)
27,2019-06-28 12:55:00,2019-06-28 13:00:00,SHORT,11740.23,11757.840345,SL,1,5e-05,0.0008,0.0008500000000000001,-0.001500000000000082,-0.002350000000000082,0.009446152247443163,0.0,11771.98,10982.88,7.184818553967634,11,2.0713815789474315,0.0053491426251149905,0.002582403300039555,10,train,2019-06,b1325240c0f4,Q4 (wide)
28,2019-06-30 12:05:00,2019-06-30 12:10:00,LONG,11666.03,11706.861105000002,TP,1,5e-05,0.0008,0.0008500000000000001,0.0035000000000000955,0.0026500000000000954,0.0,0.005386579667633303,12180.0,11651.98,4.531590339152663,1,4.909608540924855,0.005920023892934898,0.0012058036488220107,0,train,2019-06,b1325240c0f4,Q4 (wide)
29,2019-07-07 12:50:00,2019-07-07 12:55:00,SHORT,11327.29,11287.644485,TP,1,5e-05,0.0008,0.0008500000000000001,0.003500000000000014,0.002650000000000014,0.0,0.0035207008913871736,11324.99,11094.37,2.078711995363405,10,20.0,0.0048573994325823,0.000135099457041521,9,train,2019-07,b1325240c0f4,Q3
30,2019-07-17 12:25:00,2019-07-17 12:30:00,LONG,9274.88,9307.34208,TP,1,5e-05,0.0008,0.0008500000000000001,0.0035000000000001245,0.0026500000000001245,0.0003557997515870041,0.01138774841291756,9630.0,9214.0,4.514868678098546,5,0.608773940088401,0.004036249186021327,0.006630128065986558,4,train,2019-07,b1325240c0f4,Q4 (wide)
31,2019-07-19 12:10:00,2019-07-19 12:15:00,LONG,10529.53,10513.735705000001,SL,1,5e-05,0.0008,0.0008500000000000001,-0.0014999999999999708,-0.002349999999999971,0.007092434325178834,0.006003116948239772,10706.93,10363.38,3.3150381439260275,2,0.9206999255398217,0.014317722596295728,0.015550910996219542,1,train,2019-07,b1325240c0f4,Q4 (wide)
32,2019-07-21 12:25:00,2019-07-21 12:30:00,LONG,10542.28,10526.466580000002,SL,1,5e-05,0.0008,0.0008500000000000001,-0.0014999999999998658,-0.002349999999999866,0.0019843904734080362,0.00048471488141073495,10817.9,10530.0,2.7340930674263975,5,0.3078686019862956,0.00038271604938277826,0.0012431149097815904,4,train,2019-07,b1325240c0f4,Q3
33,2019-07-22 12:50:00,2019-07-22 12:55:00,LONG,10534.85,10519.047725,SL,1,5e-05,0.0008,0.0008500000000000001,-0.0015000000000000007,-0.0023500000000000005,0.002726189741667054,0.0,10683.16,10511.0,1.6379031490819127,10,1.2386148007590452,0.002484064313576309,0.0020055180287317977,9,train,2019-07,b1325240c0f4,Q2
34,2019-07-23 12:20:00,2019-07-23 13:00:00,LONG,9982.41,9967.436385,SL,8,5e-05,0.0008,0.0008500000000000001,-0.001499999999999897,-0.0023499999999998973,0.0026095902692835973,0.0031104713190501366,10343.97,9970.0,3.7509528585757206,4,0.12318840579715346,0.00015346038114349598,0.001245737211634912,3,train,2019-07,b1325240c0f4,Q4 (wide)
35,2019-07-29 12:05:00,2019-07-29 12:30:00,LONG,9495.31,9481.067035,SL,5,5e-05,0.0008,0.0008500000000000001,-0.001499999999999943,-0.0023499999999999433,0.001991509492581059,0.002161066884598864,9729.0,9493.25,2.483343428225318,1,12.800000000005658,0.002426987596450201,0.00018960840597258814,0,train,2019-07,b1325240c0f4,Q3
36,2019-08-12 12:05:00,2019-08-12 12:25:00,LONG,11356.28,11396.02698,TP,4,5e-05,0.0008,0.0008500000000000001,0.0034999999999999905,0.0026499999999999905,0.0,0.0037617952357637662,11577.89,11340.0,2.097795414462076,1,5.2366183091546485,0.009231040564373924,0.0017627865961199103,0,train,2019-08,b1325240c0f4,Q3
37,2019-08-31 12:35:00,2019-08-31 13:00:00,LONG,9572.73,9606.234555000001,TP,5,5e-05,0.0008,0.0008500000000000001,0.003500000000000141,0.002650000000000141,0.0008075021441114043,0.003893351217468835,9655.77,9566.42,0.9339962075677252,7,1.6089743589740861,0.00052475220615449,0.0003261408133869097,6,train,2019-08,b1325240c0f4,Q1 (tight)
38,2019-09-01 12:40:00,2019-09-01 13:00:00,LONG,9578.21,9563.842685,SL,4,5e-05,0.0008,0.0008500000000000001,-0.0014999999999999486,-0.0023499999999999485,0.001690294950726565,0.0004980053684352752,9642.58,9579.34,0.6601707424519829,8,20.0,0.0013403846193996815,1.774652533473838e-05,7,train,2019-09,b1325240c0f4,Q1 (tight)
39,2019-09-07 12:10:00,2019-09-07 12:15:00,SHORT,10387.64,10403.22146,SL,1,5e-05,0.0008,0.0008500000000000001,-0.0015000000000001197,-0.00235000000000012,0.0018473878571071494,0.00011840995644819839,10394.29,10288.57,1.0275480460355635,2,1.8857142857137306,0.001206431608123215,0.0006397743376412872,1,train,2019-09,b1325240c0f4,Q1 (tight)
40,2019-09-09 12:05:00,2019-09-09 12:15:00,SHORT,10395.09,10410.682635000001,SL,2,5e-05,0.0008,0.0008500000000000001,-0.0015000000000000848,-0.0023500000000000847,0.001546884153961142,0.001984590802003736,10404.74,10090.0,3.1193260654112964,1,1.1625115420129482,0.0012100254307171679,0.0010408717565263455,0,train,2019-09,b1325240c0f4,Q4 (wide)
41,2019-09-17 12:05:00,2019-09-17 12:10:00,LONG,10213.39,10198.069915,SL,1,5e-05,0.0008,0.0008500000000000001,-0.0014999999999999395,-0.00234999999999994,0.0016821055496755036,0.0,10262.42,10165.0,0.9583866207575019,1,0.27278363298203945,0.0012985735366454233,0.004760452533202107,0,train,2019-09,b1325240c0f4,Q1 (tight)
42,2019-09-18 12:25:00,2019-09-18 13:40:00,LONG,10188.0,10172.718,SL,15,5e-05,0.0008,0.0008500000000000001,-0.0014999999999999257,-0.002349999999999926,0.0016323125245385943,0.0021594032194738907,10258.02,10182.28,0.7438412614856376,5,2.3532710280380504,0.0012364617747695158,0.0005254225969034975,4,train,2019-09,b1325240c0f4,Q1 (tight)
43,2019-09-25 12:30:00,2019-09-25 12:35:00,LONG,8311.4,8340.4899,TP,1,5e-05,0.0008,0.0008500000000000001,0.003500000000000103,0.002650000000000103,0.0,0.006776235050653285,8730.0,8310.0,5.054151624548736,6,20.0,0.0036101083032490976,0.00016847172081824744,5,train,2019-09,b1325240c0f4,Q4 (wide)
44,2019-10-03 12:30:00,2019-10-03 12:50:00,LONG,8242.71,8230.345935,SL,4,5e-05,0.0008,0.0008500000000000001,-0.0014999999999999703,-0.00234999999999997,0.0021048902606058623,3.518260377968813e-05,8393.0,8241.0,1.8444363548113092,6,0.3923705722072155,0.00017473607571902796,0.00044533430408931837,5,train,2019-10,b1325240c0f4,Q3
45,2019-10-08 12:30:00,2019-10-08 12:55:00,LONG,8188.34,8216.99919,TP,5,5e-05,0.0008,0.0008500000000000001,0.0035000000000000374,0.0026500000000000373,0.0,0.004880110010087408,8325.0,8186.45,1.6924307850167069,6,4.662251655628442,0.0017199152257694028,0.0003689022714363902,5,train,2019-10,b1325240c0f4,Q2
46,2019-10-20 12:20:00,2019-10-20 12:30:00,SHORT,7953.82,7965.75073,SL,2,5e-05,0.0008,0.0008500000000000001,-0.001500000000000005,-0.002350000000000005,0.001674667015346163,0.0013176058799419103,7953.21,7870.0,1.0573062261753499,4,20.0,0.0011026994131928525,1.257353948936125e-06,3,train,2019-10,b1325240c0f4,Q1 (tight)
47,2019-10-21 12:25:00,2019-10-21 12:35:00,SHORT,8242.59,8254.953885,SL,2,5e-05,0.0008,0.0008500000000000001,-0.0015000000000000805,-0.0023500000000000803,0.0015007418784628353,0.00015043815111509632,8251.41,8183.0,0.8360014664548436,5,0.7358276643990924,0.0007865322411563335,0.0010689082229582228,4,train,2019-10,b1325240c0f4,Q1 (tight)
48,2019-10-28 12:15:00,2019-10-28 12:20:00,LONG,9330.0,9362.655,TP,1,5e-05,0.0008,0.0008500000000000001,0.0035000000000000703,0.0026500000000000703,0.0,0.005812433011789878,9902.1,9322.52,6.216988539579426,3,1.3419593345656957,0.0015575187824751716,0.0011606303874917628,2,train,2019-10,b1325240c0f4,Q4 (wide)
49,2019-11-01 12:30:00,2019-11-01 12:35:00,SHORT,9141.83,9155.542745,SL,1,5e-05,0.0008,0.0008500000000000001,-0.0015000000000000792,-0.0023500000000000795,0.002676706961297612,0.0,9144.7,9030.0,1.2702104097453015,6,20.0,0.001918050892866803,5.795706802854711e-05,5,train,2019-11,b1325240c0f4,Q2
50,2019-11-15 12:25:00,2019-11-15 12:50:00,SHORT,8653.12,8666.099680000001,SL,5,5e-05,0.0008,0.0008500000000000001,-0.0015000000000000427,-0.002350000000000043,0.002120622388225119,0.0011695203579750193,8659.41,8517.0,1.6720676294469865,5,0.5232744783307298,0.0003764690665992508,0.0007194485536542979,4,train,2019-11,b1325240c0f4,Q2
51,2019-11-19 12:05:00,2019-11-19 12:25:00,LONG,8097.42,8085.273870000001,SL,4,5e-05,0.0008,0.0008500000000000001,-0.0014999999999998981,-0.002349999999999898,0.005498047526249155,0.0024180541456414423,8218.63,8092.5,1.5586036453506233,1,4.781704781704383,0.002842137781896818,0.0005943775100402101,0,train,2019-11,b1325240c0f4,Q2
52,2019-11-20 12:40:00,2019-11-20 14:15:00,LONG,8080.71,8108.992485000001,TP,19,5e-05,0.0008,0.0008500000000000001,0.0035000000000000786,0.0026500000000000785,0.0013253785867826016,0.003878372073741063,8158.36,8078.9,0.9835497406825192,8,5.1680000000000295,0.00159922761762122,0.0003094480684251569,7,train,2019-11,b1325240c0f4,Q1 (tight)
53,2019-11-23 12:05:00,2019-11-23 12:15:00,LONG,7159.69,7184.748915,TP,2,5e-05,0.0008,0.0008500000000000001,0.0035000000000000734,0.0026500000000000733,0.0,0.004128670375393404,7300.69,7143.0,2.2076158476830408,1,0.19461077844311592,0.0004549909001819964,0.0023379532409351558,0,train,2019-11,b1325240c0f4,Q3
54,2019-11-24 13:00:00,2019-11-24 13:05:00,LONG,7155.0,7144.267500000001,SL,1,5e-05,0.0008,0.0008500000000000001,-0.0014999999999998832,-0.0023499999999998834,0.0034381551362683946,0.0,7330.39,7150.0,2.5229370629370673,12,4.190170940170609,0.002742657342657297,0.0006545454545454953,11,train,2019-11,b1325240c0f4,Q3
55,2019-12-08 12:20:00,2019-12-08 12:25:00,SHORT,7495.78,7507.0236700000005,SL,1,5e-05,0.0008,0.0008500000000000001,-0.0015000000000000998,-0.0023500000000001,0.0029643345989343677,0.0,7499.75,7374.86,1.6934558757725617,4,3.506361323154892,0.0018373945798192933,0.0005240174672489471,3,train,2019-12,b1325240c0f4,Q2
56,2019-12-17 12:25:00,2019-12-17 12:55:00,SHORT,6907.52,6883.343680000001,TP,6,5e-05,0.0008,0.0008500000000000001,0.0034999999999999385,0.0026499999999999384,0.0005617066617250764,0.0056402297785601825,6910.78,6856.0,0.7990081680280009,5,2.21779141104356,0.0010461916021057643,0.00047172678047909336,4,train,2019-12,b1325240c0f4,Q1 (tight)
57,2019-12-27 12:55:00,2019-12-27 13:00:00,LONG,7200.04,7225.240140000001,TP,1,5e-05,0.0008,0.0008500000000000001,0.003500000000000115,0.002650000000000115,0.0,0.009979111227159899,7249.0,7175.0,1.0313588850174216,11,1.255392912172577,0.0045421602787456645,0.0036181184668989596,10,train,2019-12,b1325240c0f4,Q1 (tight)
58,2019-12-30 12:10:00,2019-12-30 12:55:00,LONG,7315.23,7304.257155,SL,9,5e-05,0.0008,0.0008500000000000001,-0.0014999999999999077,-0.0023499999999999077,0.0018769061259864097,0.0032343480656111655,7408.24,7312.0,1.3161925601750517,2,0.9753086419753294,0.0004321663019693455,0.0004431072210065347,1,train,2019-12,b1325240c0f4,Q2
59,2020-01-09 12:35:00,2020-01-09 12:55:00,LONG,7900.23,7888.379655,SL,4,5e-05,0.0008,0.0008500000000000001,-0.001499999999999979,-0.002349999999999979,0.0019265261897437602,0.002208796452761594,8055.96,7896.0,2.0258358662613984,7,4.250000000000056,0.002174518743667689,0.000511651469098273,6,train,2020-01,b1325240c0f4,Q3
60,2020-01-11 12:20:00,2020-01-11 12:25:00,LONG,8057.1,8045.01435,SL,1,5e-05,0.0008,0.0008500000000000001,-0.0014999999999999983,-0.0023499999999999984,0.0022501892740564356,0.0,8253.26,8044.65,2.5931519705642954,4,0.8553054662378603,0.0013226181375198944,0.0015463693261982198,3,train,2020-01,b1325240c0f4,Q3
61,2020-01-20 12:15:00,2020-01-20 12:20:00,LONG,8633.3,8620.35005,SL,1,5e-05,0.0008,0.0008500000000000001,-0.00150000000000002,-0.00235000000000002,0.007332074641214747,0.0,8735.84,8627.94,1.2505882052958137,3,1.2039007092201373,0.000786978119922122,0.0006536902203769866,2,train,2020-01,b1325240c0f4,Q2
62,2020-02-01 12:10:00,2020-02-01 12:30:00,LONG,9342.14,9328.12679,SL,4,5e-05,0.0008,0.0008500000000000001,-0.0014999999999999105,-0.0023499999999999103,0.003226241524961028,0.0010361651613014034,9464.53,9341.17,1.3206054487821182,2,4.166666666659929,0.00016057945632078207,3.853906951705001e-05,1,train,2020-02,b1325240c0f4,Q2
63,2020-02-29 12:35:00,2020-02-29 12:55:00,LONG,8664.89,8651.892665,SL,4,5e-05,0.0008,0.0008500000000000001,-0.0015000000000000024,-0.0023500000000000023,0.0017161210355814075,0.0014449115914916908,8790.0,8656.0,1.5480591497227356,7,0.7447973713033809,0.0007855822550830952,0.001054759704251294,6,train,2020-02,b1325240c0f4,Q2
64,2020-03-04 12:15:00,2020-03-04 13:55:00,LONG,8729.96,8760.51486,TP,20,5e-05,0.0008,0.0008500000000000001,0.003500000000000022,0.002650000000000022,0.0014387236596730675,0.003643773854634078,8848.29,8728.0,1.3782080659945104,3,8.010000000000218,0.0018354720439963837,0.00022914757103574703,2,train,2020-03,b1325240c0f4,Q2
65,2020-03-08 12:45:00,2020-03-08 12:50:00,LONG,8707.06,8693.99941,SL,1,5e-05,0.0008,0.0008500000000000001,-0.0014999999999999012,-0.002349999999999901,0.0027242260877953462,0.0,8886.76,8695.73,2.196825338413229,9,0.06073211314472022,8.394924865417435e-05,0.0013822876285257749,8,train,2020-03,b1325240c0f4,Q3
66,2020-03-11 12:10:00,2020-03-11 12:20:00,LONG,7816.62,7843.97817,TP,2,5e-05,0.0008,0.0008500000000000001,0.0035000000000000547,0.0026500000000000547,0.0,0.0040810478186224415,7965.49,7813.0,1.9517470881863532,2,2.0773480662985255,0.0009624984001024493,0.00046333034685778715,1,train,2020-03,b1325240c0f4,Q3
67,2020-03-13 12:20:00,2020-03-13 12:25:00,SHORT,5500.63,5508.880945000001,SL,1,5e-05,0.0008,0.0008500000000000001,-0.0015000000000001243,-0.0023500000000001246,0.014791033027125923,0.0009362563924496913,5523.23,3782.13,46.03490625652739,4,1.4382073336351984,0.005752068988617247,0.003999471323844786,3,train,2020-03,b1325240c0f4,Q4 (wide)
68,2020-03-14 12:25:00,2020-03-14 12:30:00,LONG,5355.82,5374.56537,TP,1,5e-05,0.0008,0.0008500000000000001,0.0035000000000001024,0.0026500000000001024,0.0013443319603720473,0.007582405682043195,5640.52,5322.02,5.9845697686216885,5,1.011194029850782,0.00661966696855714,0.00654638652241052,4,train,2020-03,b1325240c0f4,Q4 (wide)
69,2020-03-15 12:35:00,2020-03-15 12:40:00,SHORT,5323.31,5331.294965000001,SL,1,5e-05,0.0008,0.0008500000000000001,-0.0015000000000001045,-0.0023500000000001046,0.005733274973653521,0.00023105924697236735,5332.04,5093.1,4.691445288723951,7,7.89232531500608,0.012921883556762447,0.001637272038469247,6,train,2020-03,b1325240c0f4,Q4 (wide)
70,2020-03-16 12:10:00,2020-03-16 12:15:00,LONG,4791.14,4783.95329,SL,1,5e-05,0.0008,0.0008500000000000001,-0.0014999999999999892,-0.0023499999999999893,0.00649949698819077,0.013959099504502082,5365.42,4778.0,12.294265383005442,2,18.608006672227166,0.046695269987442375,0.0025094181665968568,1,train,2020-03,b1325240c0f4,Q4 (wide)
71,2020-03-18 12:15:00,2020-03-18 12:20:00,LONG,5107.97,5100.308045000001,SL,1,5e-05,0.0008,0.0008500000000000001,-0.0014999999999999176,-0.0023499999999999177,0.008770607501610263,0.0,5436.17,5104.92,6.488838218816357,3,2.774509803921959,0.0016631014785735685,0.0005994217343267849,2,train,2020-03,b1325240c0f4,Q4 (wide)
72,2020-03-24 12:05:00,2020-03-24 12:10:00,SHORT,6663.6,6673.595400000001,SL,1,5e-05,0.0008,0.0008500000000000001,-0.001500000000000105,-0.002350000000000105,0.003271504892250326,0.0,6666.0,6371.33,4.624937022568288,1,20.0,0.0111011101110111,0.0002280228022802935,0,train,2020-03,b1325240c0f4,Q4 (wide)
73,2020-03-29 12:45:00,2020-03-29 12:50:00,LONG,6136.57,6127.365145,SL,1,5e-05,0.0008,0.0008500000000000001,-0.0014999999999999922,-0.0023499999999999923,0.0034546986345792225,0.0,6266.0,6116.0,2.4525833878351864,9,0.6174948240165875,0.0019506213211249659,0.0031589274035316727,8,train,2020-03,b1325240c0f4,Q3
74,2020-03-30 12:15:00,2020-03-30 12:20:00,SHORT,6322.93,6332.414395000001,SL,1,5e-05,0.0008,0.0008500000000000001,-0.0015000000000000638,-0.002350000000000064,0.0034667472200388223,0.0,6330.01,5857.76,8.061955423233453,3,2.662429378531024,0.0029778783919771775,0.0011184816453686372,2,train,2020-03,b1325240c0f4,Q4 (wide)
75,2020-03-31 12:50:00,2020-03-31 13:10:00,LONG,6434.99,6457.512465,TP,4,5e-05,0.0008,0.0008500000000000001,0.003500000000000002,0.0026500000000000017,0.0014514397069770343,0.004317023025676909,6523.23,6378.0,2.277046095954838,10,0.35053319573443403,0.003195359046723128,0.00911571025399817,9,train,2020-03,b1325240c0f4,Q3
76,2020-04-03 12:40:00,2020-04-03 12:45:00,SHORT,6952.01,6927.677965000001,TP,1,5e-05,0.0008,0.0008500000000000001,0.0034999999999999207,0.0026499999999999206,0.0,0.0168843255403833,6955.0,6723.12,3.4489939194897623,8,9.03010033444882,0.003882099209202013,0.00042990654205604336,7,train,2020-04,b1325240c0f4,Q4 (wide)
77,2020-04-06 12:20:00,2020-04-06 12:25:00,SHORT,7099.01,7109.658515000001,SL,1,5e-05,0.0008,0.0008500000000000001,-0.0015000000000001085,-0.0023500000000001085,0.002169316566676147,0.0,7100.39,6765.0,4.957723577235777,4,8.679687499995303,0.0015647027839315406,0.00018027178788779978,3,train,2020-04,b1325240c0f4,Q4 (wide)
78,2020-04-09 12:30:00,2020-04-09 12:35:00,LONG,7246.09,7235.220865,SL,1,5e-05,0.0008,0.0008500000000000001,-0.001499999999999988,-0.0023499999999999884,0.0025034190853274424,0.0,7371.92,7234.96,1.893030507425059,6,1.3453237410072107,0.002067737762199105,0.0015369815451640218,5,train,2020-04,b1325240c0f4,Q3
79,2020-04-14 12:15:00,2020-04-14 12:25:00,LONG,6815.79,6839.645265,TP,2,5e-05,0.0008,0.0008500000000000001,0.0035000000000000213,0.0026500000000000213,7.922779310981759e-05,0.003706100099915082,6921.35,6802.1,1.7531350612310905,3,0.3521021021021481,0.0006894929507064744,0.0019582187853750617,2,train,2020-04,b1325240c0f4,Q3
80,2020-04-16 12:05:00,2020-04-16 12:10:00,SHORT,6972.88,6983.339320000001,SL,1,5e-05,0.0008,0.0008500000000000001,-0.001500000000000121,-0.002350000000000121,0.0035824508667866885,0.0006998542926308941,6980.0,6468.27,7.911388980361048,1,9.001228501228194,0.01049713467048717,0.0011661891117478978,0,train,2020-04,b1325240c0f4,Q4 (wide)
81,2020-04-21 12:05:00,2020-04-21 12:25:00,LONG,6813.18,6837.026130000001,TP,4,5e-05,0.0008,0.0008500000000000001,0.003500000000000119,0.002650000000000119,0.0006223232029684656,0.003936487807455507,6917.0,6811.05,1.5555604495635742,1,11.130268199235182,0.004265127990544803,0.0003832008280661091,0,train,2020-04,b1325240c0f4,Q2
82,2020-04-30 13:00:00,2020-04-30 13:05:00,LONG,8759.68,8746.540480000001,SL,1,5e-05,0.0008,0.0008500000000000001,-0.0014999999999998643,-0.0023499999999998644,0.005214802367209794,0.005890626141594255,9460.0,8707.11,8.646841489311601,12,0.20091324200915925,0.001212801951508745,0.0060364460768268105,11,train,2020-04,b1325240c0f4,Q4 (wide)
83,2020-05-12 12:10:00,2020-05-12 12:20:00,SHORT,8775.82,8745.10463,TP,2,5e-05,0.0008,0.0008500000000000001,0.003499999999999988,0.002649999999999988,0.0,0.0036691727952486387,8785.0,8528.78,3.004181137278712,2,0.8112359550561394,0.0008218554354011776,0.0010130904951621668,1,train,2020-05,b1325240c0f4,Q4 (wide)
84,2020-05-19 12:05:00,2020-05-19 12:10:00,SHORT,9731.29,9697.230485000002,TP,1,5e-05,0.0008,0.0008500000000000001,0.0034999999999998977,0.0026499999999998977,0.0,0.010922498456011573,9742.95,9474.0,2.8388220392653656,1,1.6351931330469434,0.0019552599571997465,0.0011957364042719562,0,train,2020-05,b1325240c0f4,Q4 (wide)
85,2020-06-12 12:15:00,2020-06-12 12:20:00,SHORT,9452.97,9467.149455,SL,1,5e-05,0.0008,0.0008500000000000001,-0.0015000000000001403,-0.00235000000000014,0.0015116942082753753,0.0007331029295553114,9463.0,9232.51,2.496504200916108,3,0.7942973523421084,0.0008242629187360534,0.0010377258797421229,2,train,2020-06,b1325240c0f4,Q3
86,2020-06-19 12:45:00,2020-06-19 13:20:00,SHORT,9378.11,9392.177165000001,SL,7,5e-05,0.0008,0.0008500000000000001,-0.001500000000000041,-0.0023500000000000413,0.0016570503011799876,0.0013979362579454263,9388.71,9215.79,1.8763448385867976,9,1.0905660377361224,0.001231266063176018,0.0011290155942614635,8,train,2020-06,b1325240c0f4,Q3
87,2020-06-28 12:30:00,2020-06-28 12:40:00,SHORT,9028.92,9042.463380000001,SL,2,5e-05,0.0008,0.0008500000000000001,-0.0015000000000001085,-0.0023500000000001085,0.0017809439002671335,9.74645915568196e-05,9034.65,8948.06,0.9676957910429763,6,2.4710743801657067,0.0016547403607224107,0.0006696440924661468,5,train,2020-06,b1325240c0f4,Q1 (tight)
88,2020-07-05 12:35:00,2020-07-05 12:55:00,LONG,9043.83,9030.264255,SL,4,5e-05,0.0008,0.0008500000000000001,-0.0014999999999999866,-0.0023499999999999866,0.0015977743942556116,0.0,9145.24,9040.0,1.1641592920353958,7,3.408854166666575,0.0014480088495575382,0.000424778761061963,6,train,2020-07,b1325240c0f4,Q2
89,2020-07-15 12:05:00,2020-07-15 14:35:00,LONG,9223.47,9235.32,MAX_HOLD,30,5e-05,0.0008,0.0008500000000000001,0.0012847659286581259,0.0004347659286581258,0.0005420953285477158,0.002616152055571387,9276.49,9218.67,0.6272054428675689,1,1.3916666666669382,0.0007246164576886135,0.0005206824845665668,0,train,2020-07,b1325240c0f4,Q1 (tight)
90,2020-07-16 12:05:00,2020-07-16 13:35:00,LONG,9086.01,9072.380985000002,SL,18,5e-05,0.0008,0.0008500000000000001,-0.0014999999999998478,-0.002349999999999848,0.001837990493076799,0.0021483577499915186,9226.15,9084.0,1.5648392778511626,1,2.532338308457509,0.0005603258476442256,0.00022126816380451544,0,train,2020-07,b1325240c0f4,Q2
91,2020-07-18 12:25:00,2020-07-18 14:55:00,SHORT,9167.83,9163.66,MAX_HOLD,30,5e-05,0.0008,0.0008500000000000001,0.00045485136613572383,-0.00039514863386427623,0.0007820825647945122,0.0015718005242243644,9168.88,9121.1,0.5238403262764232,5,0.40206185567164965,4.2535184232014916e-05,0.00010579263770486093,4,train,2020-07,b1325240c0f4,Q1 (tight)
92,2020-07-29 12:30:00,2020-07-29 12:35:00,SHORT,11072.27,11088.878405000001,SL,1,5e-05,0.0008,0.0008500000000000001,-0.0015000000000000774,-0.0023500000000000777,0.0038591905724841935,0.0,11079.97,10812.0,2.4784498705142375,6,2.734720416125388,0.001898019579475455,0.0006940452004832767,5,train,2020-07,b1325240c0f4,Q3
93,2020-08-11 12:10:00,2020-08-11 12:15:00,LONG,11712.04,11694.471940000001,SL,1,5e-05,0.0008,0.0008500000000000001,-0.0014999999999999662,-0.0023499999999999663,0.0022233530623188506,0.0,11935.0,11705.0,1.9649722340879965,2,1.4204545454543693,0.0008543357539513029,0.0006014523707817918,1,train,2020-08,b1325240c0f4,Q3
94,2020-08-12 12:05:00,2020-08-12 12:25:00,SHORT,11450.47,11467.645705,SL,4,5e-05,0.0008,0.0008500000000000001,-0.0015000000000001286,-0.002350000000000129,0.0032444083081307105,0.0023204287684260743,11476.41,11150.0,2.9274439461883395,1,0.040478026214311943,9.149202581637223e-05,0.002260288713979416,0,train,2020-08,b1325240c0f4,Q4 (wide)
95,2020-08-13 12:15:00,2020-08-13 12:20:00,LONG,11500.95,11483.698575000002,SL,1,5e-05,0.0008,0.0008500000000000001,-0.001499999999999875,-0.0023499999999998748,0.0029797538464214203,0.0,11656.99,11490.52,1.4487594991349333,3,3.9378036929061384,0.003526385228866965,0.0008955208293444555,2,train,2020-08,b1325240c0f4,Q2
96,2020-08-16 12:50:00,2020-08-16 13:10:00,LONG,11768.94,11810.131290000001,TP,4,5e-05,0.0008,0.0008500000000000001,0.003500000000000056,0.002650000000000056,0.0010374766121673614,0.004593446818489982,11931.72,11768.78,1.384510543998602,10,20.0,0.00073924399980293,1.4444997697303607e-05,9,train,2020-08,b1325240c0f4,Q2
97,2020-08-18 12:05:00,2020-08-18 12:10:00,LONG,12219.56,12201.23066,SL,1,5e-05,0.0008,0.0008500000000000001,-0.001500000000000019,-0.0023500000000000187,0.0038921205018838233,0.0,12387.77,12192.0,1.6057250656168014,1,1.2322206095790913,0.0027854330708660703,0.002260498687664,0,train,2020-08,b1325240c0f4,Q2
98,2020-08-22 12:15:00,2020-08-22 12:40:00,SHORT,11587.8,11605.1817,SL,5,5e-05,0.0008,0.0008500000000000001,-0.0014999999999999922,-0.0023499999999999923,0.0020202281710074263,0.0015524948652893373,11589.56,11376.81,1.870032109176474,3,1.039772727272557,0.00015790073134786198,0.00015186081266244951,2,train,2020-08,b1325240c0f4,Q3
99,2020-08-23 12:20:00,2020-08-23 12:30:00,LONG,11558.19,11540.852715,SL,2,5e-05,0.0008,0.0008500000000000001,-0.0014999999999999662,-0.0023499999999999663,0.0015954055089940993,0.0,11688.81,11555.26,1.1557507143932657,4,3.8191126279861427,0.0009683901530558818,0.00025356417769918557,3,train,2020-08,b1325240c0f4,Q1 (tight)
100,2020-08-25 12:10:00,2020-08-25 12:15:00,LONG,11555.12,11537.787320000001,SL,1,5e-05,0.0008,0.0008500000000000001,-0.001499999999999959,-0.002349999999999959,0.00753951495094822,0.0,11767.85,11550.0,1.8861471861471892,2,0.002024291498019686,8.658008658197644e-07,0.0004277056277056718,1,train,2020-08,b1325240c0f4,Q3
101,2020-08-26 12:25:00,2020-08-26 12:35:00,SHORT,11367.29,11327.504485000001,TP,2,5e-05,0.0008,0.0008500000000000001,0.0034999999999999623,0.0026499999999999623,0.0,0.004012389936387703,11400.0,11250.0,1.3333333333333335,5,0.437480892693362,0.001255263157894692,0.0028692982456139586,4,train,2020-08,b1325240c0f4,Q2
102,2020-08-27 12:15:00,2020-08-27 12:20:00,LONG,11337.0,11319.9945,SL,1,5e-05,0.0008,0.0008500000000000001,-0.0014999999999999384,-0.0023499999999999385,0.00308811854988094,0.0,11480.59,11332.48,1.30695134692495,3,4.024336283185162,0.0016051208561584658,0.00039885356073872944,2,train,2020-08,b1325240c0f4,Q2
103,2020-08-28 12:55:00,2020-08-28 13:00:00,SHORT,11428.31,11445.452465,SL,1,5e-05,0.0008,0.0008500000000000001,-0.0015000000000000712,-0.002350000000000071,0.001615286949689057,0.0,11444.96,11276.89,1.4903931846457643,11,0.17707082833137774,0.0002577553787868833,0.0014556625798604675,10,train,2020-08,b1325240c0f4,Q2
104,2020-08-29 12:05:00,2020-08-29 12:25:00,LONG,11478.82,11461.601770000001,SL,4,5e-05,0.0008,0.0008500000000000001,-0.0014999999999998766,-0.0023499999999998765,0.001566363093070504,8.79881381535923e-05,11580.02,11462.51,1.0251681350768742,1,1.527812895069565,0.0021086132094977517,0.0013801514676977126,0,train,2020-08,b1325240c0f4,Q1 (tight)
105,2020-09-06 12:50:00,2020-09-06 12:55:00,SHORT,10232.22,10247.56833,SL,1,5e-05,0.0008,0.0008500000000000001,-0.0015000000000000699,-0.00235000000000007,0.003235856930363165,0.0,10250.0,9994.86,2.5527120940163184,10,1.0516953863257532,0.0018458536585365924,0.0017551219512194909,9,train,2020-09,b1325240c0f4,Q3
106,2020-09-09 12:25:00,2020-09-09 13:05:00,SHORT,10188.63,10203.912945,SL,8,5e-05,0.0008,0.0008500000000000001,-0.0015000000000000822,-0.002350000000000082,0.001960027991987261,0.002222084814150619,10197.57,9981.01,2.1697202988475066,5,3.354586129753699,0.002940896703822556,0.0008766794442205849,4,train,2020-09,b1325240c0f4,Q3
107,2020-09-17 12:45:00,2020-09-17 12:50:00,LONG,10846.15,10829.880775,SL,1,5e-05,0.0008,0.0008500000000000001,-0.0015000000000000007,-0.0023500000000000005,0.0030711358408282655,0.0,11045.46,10842.77,1.8693562622835187,9,2.3281733746134528,0.0006935497110056228,0.00029789435725368734,8,train,2020-09,b1325240c0f4,Q3
108,2020-09-18 12:05:00,2020-09-18 13:05:00,SHORT,10984.47,11000.946705,SL,12,5e-05,0.0008,0.0008500000000000001,-0.0015000000000000863,-0.0023500000000000864,0.0016951204746338058,0.0029450669900321588,10985.0,10870.01,1.0578647121759757,1,1.3396226415061314,6.463359126073071e-05,4.82476103778475e-05,0,train,2020-09,b1325240c0f4,Q1 (tight)
109,2020-09-25 12:50:00,2020-09-25 13:35:00,LONG,10617.19,10601.264215000001,SL,9,5e-05,0.0008,0.0008500000000000001,-0.0014999999999999482,-0.0023499999999999485,0.001796143800760814,0.0022887411829306315,10760.53,10614.58,1.3749955250231354,10,1.819923371647104,0.00044749768714353276,0.00024588820283050124,9,train,2020-09,b1325240c0f4,Q2
110,2020-10-06 12:15:00,2020-10-06 13:00:00,LONG,10712.1,10696.031850000001,SL,9,5e-05,0.0008,0.0008500000000000001,-0.0014999999999999207,-0.0023499999999999207,0.0021573734375146406,0.0009970033886913202,10800.0,10705.27,0.8848912731766649,3,1.625183016105488,0.0010368724936410164,0.0006380035253664715,2,train,2020-10,b1325240c0f4,Q1 (tight)
111,2020-10-15 12:25:00,2020-10-15 12:30:00,LONG,11381.33,11364.258005,SL,1,5e-05,0.0008,0.0008500000000000001,-0.0015000000000000213,-0.0023500000000000213,0.0020498483041964275,0.0,11427.98,11354.46,0.6474988682861224,5,1.4190547078525517,0.0033581517747210527,0.002366470972639897,4,train,2020-10,b1325240c0f4,Q1 (tight)
112,2020-10-20 12:25:00,2020-10-20 12:30:00,SHORT,11834.75,11852.502125,SL,1,5e-05,0.0008,0.0008500000000000001,-0.001500000000000075,-0.002350000000000075,0.002556032024335115,0.0,11849.0,11677.59,1.467854240472562,5,0.03789473684216653,4.5573466115357675e-05,0.001202633133597772,4,train,2020-10,b1325240c0f4,Q2
113,2020-10-21 12:20:00,2020-10-21 12:25:00,SHORT,12280.44,12298.860660000002,SL,1,5e-05,0.0008,0.0008500000000000001,-0.0015000000000001295,-0.0023500000000001298,0.008025771063577485,0.0,12295.0,11886.95,3.432756089661345,4,1.080988332189452,0.0012810085400569338,0.001185034566897089,3,train,2020-10,b1325240c0f4,Q4 (wide)
114,2020-10-22 12:05:00,2020-10-22 12:15:00,SHORT,12937.0,12891.720500000001,TP,2,5e-05,0.0008,0.0008500000000000001,0.003499999999999902,0.002649999999999902,0.0,0.004412924170982465,12940.0,12678.08,2.0659279638557266,1,10.040133779265092,0.00231993817619787,0.00023106646058730925,0,train,2020-10,b1325240c0f4,Q3
115,2020-10-26 12:10:00,2020-10-26 12:50:00,SHORT,13132.44,13152.13866,SL,8,5e-05,0.0008,0.0008500000000000001,-0.0015000000000000013,-0.0023500000000000014,0.0021884737337463395,0.003155544590342732,13151.51,12971.0,1.391642895690388,2,0.46673877771764744,0.0006561984137182118,0.001405922209693015,1,train,2020-10,b1325240c0f4,Q2
116,2020-10-29 12:55:00,2020-10-29 13:05:00,LONG,13134.29,13114.588565000002,SL,2,5e-05,0.0008,0.0008500000000000001,-0.0014999999999999265,-0.002349999999999927,0.0015874478178874048,0.0017503801119055373,13326.39,13120.88,1.5662821396125886,11,1.1469052945560985,0.0011721774759009458,0.0010220351074014605,10,train,2020-10,b1325240c0f4,Q2
117,2020-11-06 12:25:00,2020-11-06 12:30:00,LONG,15404.11,15458.024385,TP,1,5e-05,0.0008,0.0008500000000000001,0.0035000000000000022,0.002650000000000002,0.0,0.007555775698823198,15960.0,15388.0,3.71718221991162,5,0.17628801986344153,0.00018455939693268428,0.0010469196776709503,4,train,2020-11,b1325240c0f4,Q4 (wide)
118,2020-11-16 12:05:00,2020-11-16 12:10:00,SHORT,16253.76,16278.140640000001,SL,1,5e-05,0.0008,0.0008500000000000001,-0.001500000000000075,-0.002350000000000075,0.003274319295965939,0.0,16291.99,15864.0,2.697869389813413,1,0.20946652719665962,0.0004916526464845742,0.0023471656930798375,0,train,2020-11,b1325240c0f4,Q3
119,2020-11-23 12:05:00,2020-11-23 12:30:00,SHORT,18539.22,18567.028830000003,SL,5,5e-05,0.0008,0.0008500000000000001,-0.001500000000000095,-0.002350000000000095,0.003487741123952348,0.003190533366560268,18556.83,18000.0,3.09350000000001,1,3.611655773420238,0.0035733473874577535,0.0009893931237178214,0,train,2020-11,b1325240c0f4,Q4 (wide)
120,2020-11-25 12:10:00,2020-11-25 12:30:00,SHORT,19215.28,19244.10292,SL,4,5e-05,0.0008,0.0008500000000000001,-0.001500000000000122,-0.002350000000000122,0.002119146845635409,0.0028191106244612753,19218.12,18625.0,3.1845369127516725,2,20.0,0.0028030837563717275,7.753099678834156e-05,1,train,2020-11,b1325240c0f4,Q4 (wide)
121,2020-11-26 12:15:00,2020-11-26 12:20:00,LONG,17206.8,17267.0238,TP,1,5e-05,0.0008,0.0008500000000000001,0.0034999999999999858,0.0026499999999999857,0.0,0.008680289187995478,18915.03,17200.0,9.971104651162783,3,7.820588235294997,0.003091860465116296,0.00039534883720926004,2,train,2020-11,b1325240c0f4,Q4 (wide)
122,2020-11-27 12:50:00,2020-11-27 12:55:00,LONG,17041.51,17015.947734999998,SL,1,5e-05,0.0008,0.0008500000000000001,-0.0015000000000000282,-0.0023500000000000283,0.002105447228561165,0.0019112156141095097,17457.62,17012.56,2.6160671880069644,10,1.4701208981003657,0.002501681110896967,0.001701683932341581,9,train,2020-11,b1325240c0f4,Q3
123,2020-11-28 12:05:00,2020-11-28 12:10:00,SHORT,17179.54,17205.30931,SL,1,5e-05,0.0008,0.0008500000000000001,-0.0014999999999999812,-0.0023499999999999814,0.0025611861551589855,4.24924066651123e-05,17190.0,16872.0,1.8847795163584635,1,0.4598470363290355,0.00027981384525894765,0.0006084933100639399,0,train,2020-11,b1325240c0f4,Q3
124,2020-12-03 12:15:00,2020-12-03 12:30:00,SHORT,19294.34,19323.28151,SL,3,5e-05,0.0008,0.0008500000000000001,-0.001500000000000029,-0.002350000000000029,0.0022965284119592227,0.0038643457096745114,19299.0,18867.2,2.288627883310715,3,9.656652360515324,0.00233172703248873,0.00024146328825326983,2,train,2020-12,b1325240c0f4,Q3
125,2020-12-07 12:15:00,2020-12-07 12:40:00,LONG,19159.99,19227.049965000002,TP,5,5e-05,0.0008,0.0008500000000000001,0.003500000000000019,0.002650000000000019,0.0010929024493229029,0.004123697350572646,19420.91,19157.55,1.3747060558369968,3,1.7591836734679147,0.00022497657581463558,0.00012788691664647765,2,train,2020-12,b1325240c0f4,Q2
126,2020-12-11 12:05:00,2020-12-11 12:10:00,LONG,17753.6,17726.9696,SL,1,5e-05,0.0008,0.0008500000000000001,-0.0014999999999998981,-0.002349999999999898,0.006906768204758415,0.0,18292.73,17700.51,3.3457793024042877,1,1.572989263514752,0.004717943155310125,0.0029993486063396,0,train,2020-12,b1325240c0f4,Q4 (wide)
127,2020-12-13 12:15:00,2020-12-13 12:25:00,SHORT,19293.77,19322.710655000003,SL,2,5e-05,0.0008,0.0008500000000000001,-0.0015000000000001115,-0.0023500000000001115,0.0022722360637656685,0.000939163263581922,19306.27,18711.12,3.1807288927653796,3,5.098399999999965,0.0033010001414048164,0.0006474580537825276,2,train,2020-12,b1325240c0f4,Q4 (wide)
128,2020-12-23 12:35:00,2020-12-23 12:40:00,LONG,23373.12,23454.92592,TP,1,5e-05,0.0008,0.0008500000000000001,0.0035000000000001076,0.0026500000000001076,0.0,0.014840979723716861,24050.0,23319.11,3.1342962917538424,7,1.1888539159415112,0.002753535619498305,0.00231612613002805,6,train,2020-12,b1325240c0f4,Q4 (wide)
129,2020-12-24 12:10:00,2020-12-24 12:20:00,SHORT,23188.07,23106.911755,TP,2,5e-05,0.0008,0.0008500000000000001,0.0034999999999999446,0.0026499999999999445,0.0,0.0044044200315076255,23242.04,22703.42,2.372417900034456,2,0.49851742031130936,0.0011573854962816437,0.0023216550698647418,1,train,2020-12,b1325240c0f4,Q3
130,2021-01-16 12:20:00,2021-01-16 12:25:00,SHORT,37505.7,37374.43005,TP,1,5e-05,0.0008,0.0008500000000000001,0.0034999999999998518,0.0026499999999998517,0.0,0.021162116691596136,37669.0,35520.0,6.050112612612613,4,0.5756276791181771,0.002495420637659614,0.004335129682232151,3,train,2021-01,b1325240c0f4,Q4 (wide)
131,2021-01-19 12:10:00,2021-01-19 12:15:00,SHORT,37273.95,37329.860925,SL,1,5e-05,0.0008,0.0008500000000000001,-0.0015000000000001013,-0.002350000000000101,0.0033817183314353034,0.0015922648391168241,37280.0,36002.01,3.5497740265057365,2,13.536423841057982,0.002193133047210355,0.00016201716738199767,1,train,2021-01,b1325240c0f4,Q4 (wide)
132,2021-01-31 12:05:00,2021-01-31 12:15:00,LONG,33453.93,33403.749105,SL,2,5e-05,0.0008,0.0008500000000000001,-0.0014999999999999309,-0.002349999999999931,0.002619722107387665,0.0006788440102552713,34342.69,33450.0,2.668729446935732,1,5.852417302798549,0.000687593423019432,0.00011748878923767686,0,train,2021-01,b1325240c0f4,Q3
133,2021-02-01 12:05:00,2021-02-01 12:20:00,SHORT,34289.69,34169.67608500001,TP,3,5e-05,0.0008,0.0008500000000000001,0.0034999999999998804,0.0026499999999998803,0.0011297856586046115,0.010090204956650388,34427.0,32296.16,6.597812247648018,1,0.24033209525890728,0.0009585499753100764,0.003988439306358314,0,train,2021-02,b1325240c0f4,Q4 (wide)
134,2021-02-13 12:20:00,2021-02-13 12:25:00,LONG,47027.62,46957.078570000005,SL,1,5e-05,0.0008,0.0008500000000000001,-0.0014999999999999465,-0.0023499999999999467,0.0024179407760800808,0.0038621984272220744,48150.0,46990.0,2.4686103426260906,4,6.14274322169007,0.004917854862736678,0.0008005958714620689,3,train,2021-02,b1325240c0f4,Q3
135,2021-02-17 12:10:00,2021-02-17 12:15:00,SHORT,51204.55,51281.356825,SL,1,5e-05,0.0008,0.0008500000000000001,-0.0014999999999999933,-0.0023499999999999936,0.0023779136814989048,0.0005380381235652478,51266.09,48947.0,4.737961468527176,2,2.4818291944278825,0.0031970450642910637,0.001288180939876507,1,train,2021-02,b1325240c0f4,Q4 (wide)
136,2021-02-21 12:50:00,2021-02-21 12:55:00,SHORT,56682.14,56767.163210000006,SL,1,5e-05,0.0008,0.0008500000000000001,-0.0015000000000001176,-0.0023500000000001176,0.004500888639702076,0.0,56959.71,55477.59,2.6715652212001326,10,0.4822567280325709,0.0023500821896740797,0.004873093630567988,9,train,2021-02,b1325240c0f4,Q3
137,2021-02-23 12:55:00,2021-02-23 13:00:00,LONG,48801.42,48728.21787,SL,1,5e-05,0.0008,0.0008500000000000001,-0.001499999999999956,-0.0023499999999999563,0.009475748861406088,0.006922544466943826,54183.59,48615.0,11.454468785354308,11,2.48945539952043,0.010465288491206351,0.004203846549418957,10,train,2021-02,b1325240c0f4,Q4 (wide)
138,2021-03-12 12:10:00,2021-03-12 12:15:00,LONG,56732.51,56647.41123500001,SL,1,5e-05,0.0008,0.0008500000000000001,-0.001499999999999915,-0.002349999999999915,0.00714211304946674,0.0,58081.51,56350.0,3.072777284826978,2,0.061152350653944615,0.00042981366459629393,0.0070285714285713875,1,train,2021-03,b1325240c0f4,Q4 (wide)
139,2021-03-17 12:40:00,2021-03-17 12:45:00,LONG,55232.8,55149.950800000006,SL,1,5e-05,0.0008,0.0008500000000000001,-0.0014999999999999443,-0.002349999999999944,0.0018802233455484027,0.0,57189.43,55185.42,3.6314120649983317,8,2.085268045588559,0.0017903279525642033,0.0008585601051872879,7,train,2021-03,b1325240c0f4,Q4 (wide)
140,2021-03-20 12:30:00,2021-03-20 12:35:00,SHORT,58859.83,58948.119745,SL,1,5e-05,0.0008,0.0008500000000000001,-0.0015000000000000315,-0.0023500000000000318,0.0032043925373213033,0.0,58913.98,57820.17,1.8917446973953984,6,1.3117266851338305,0.0012056561108246095,0.0009191366802922065,5,train,2021-03,b1325240c0f4,Q3
141,2021-03-27 12:05:00,2021-03-27 12:10:00,LONG,54585.54,54503.66169,SL,1,5e-05,0.0008,0.0008500000000000001,-0.001500000000000001,-0.002350000000000001,0.009114868150063201,0.0,55555.0,54495.12,1.9449080945229542,1,1.64760068551841,0.002822638063738546,0.0017131809233560836,0,train,2021-03,b1325240c0f4,Q3
142,2021-04-01 12:05:00,2021-04-01 12:40:00,LONG,58591.9,58504.01215,SL,7,5e-05,0.0008,0.0008500000000000001,-0.0014999999999999857,-0.0023499999999999858,0.0023443513523200405,0.0018453062624696475,59314.53,58500.2,1.392012335000567,1,1.365172827390561,0.002140163623372178,0.0015676869480789196,0,train,2021-04,b1325240c0f4,Q2
143,2021-04-20 12:25:00,2021-04-20 12:30:00,SHORT,55698.28,55781.82742,SL,1,5e-05,0.0008,0.0008500000000000001,-0.0015000000000000469,-0.002350000000000047,0.0038904253416802517,0.0,55792.15,53329.96,4.616898268815508,5,1.1857888569297386,0.001995083537737794,0.0016824947595674771,4,train,2021-04,b1325240c0f4,Q4 (wide)
144,2021-04-21 12:25:00,2021-04-21 12:30:00,LONG,55105.01,55297.87753500001,TP,1,5e-05,0.0008,0.0008500000000000001,0.003500000000000088,0.002650000000000088,0.0,0.006018146081454252,56757.91,54968.69,3.254980244208114,5,1.5907423708920647,0.0039449730382879016,0.002479957226559332,4,train,2021-04,b1325240c0f4,Q4 (wide)
145,2021-04-22 12:15:00,2021-04-22 12:20:00,SHORT,54784.06,54866.23609,SL,1,5e-05,0.0008,0.0008500000000000001,-0.0015000000000000154,-0.0023500000000000153,0.0048543317161963235,0.0,54850.0,52561.0,4.354939974505812,3,2.0476262702866586,0.002461257976298997,0.0012020054694621748,2,train,2021-04,b1325240c0f4,Q4 (wide)
146,2021-04-24 12:30:00,2021-04-24 12:40:00,LONG,49430.0,49603.005000000005,TP,2,5e-05,0.0008,0.0008500000000000001,0.003500000000000094,0.002650000000000094,0.00010256928990491015,0.005863443253085206,51166.22,49304.06,3.7768897733776967,6,1.0120692393202855,0.002585182640131444,0.0025543535359968802,5,train,2021-04,b1325240c0f4,Q4 (wide)
147,2021-04-25 12:10:00,2021-04-25 12:15:00,LONG,49632.15,49805.862525000004,TP,1,5e-05,0.0008,0.0008500000000000001,0.003500000000000053,0.002650000000000053,0.0,0.0043888890567908454,50452.85,49600.0,1.7194556451612875,2,2.7906036092098305,0.001808266129032305,0.0006479838709677302,1,train,2021-04,b1325240c0f4,Q2
148,2021-04-27 12:30:00,2021-04-27 12:40:00,SHORT,54929.81,54737.555665,TP,2,5e-05,0.0008,0.0008500000000000001,0.00349999999999996,0.00264999999999996,0.0012053564357859445,0.0035141210209902207,54933.74,53222.0,3.2162263725526996,6,16.86005089058451,0.0012061803911403454,7.154073252613587e-05,5,train,2021-04,b1325240c0f4,Q4 (wide)
149,2021-04-30 12:45:00,2021-04-30 12:50:00,SHORT,54528.2,54609.9923,SL,1,5e-05,0.0008,0.0008500000000000001,-0.001500000000000018,-0.002350000000000018,0.002370699931411711,0.0,54558.8,53013.01,2.91586914231054,9,1.7731284733570203,0.0009941567629786206,0.0005606794870855624,8,train,2021-04,b1325240c0f4,Q4 (wide)
150,2021-05-05 12:35:00,2021-05-05 12:50:00,SHORT,55404.86,55487.96729,SL,3,5e-05,0.0008,0.0008500000000000001,-0.0014999999999999985,-0.002349999999999999,0.0029806049505404293,0.0019074138983475508,55415.83,52900.0,4.755822306238189,7,10.399270738376448,0.002058617546646901,0.00019795787593547123,6,train,2021-05,b1325240c0f4,Q4 (wide)
151,2021-05-08 12:05:00,2021-05-08 12:10:00,SHORT,58390.11,58477.695165000005,SL,1,5e-05,0.0008,0.0008500000000000001,-0.0015000000000000694,-0.0023500000000000695,0.0018277067811655289,0.0012250362261691035,58599.99,56900.0,2.987680140597536,1,0.02001143510579578,7.167236717965935e-05,0.0035815705770597807,0,train,2021-05,b1325240c0f4,Q4 (wide)
152,2021-05-10 12:10:00,2021-05-10 12:15:00,LONG,58121.23,58034.048155000004,SL,1,5e-05,0.0008,0.0008500000000000001,-0.0014999999999999855,-0.0023499999999999858,0.0028156664957021977,0.0,59500.0,58009.96,2.5685933932724674,2,0.9868078614376635,0.001895536559583891,0.0019208770355987194,1,train,2021-05,b1325240c0f4,Q3
153,2021-05-12 12:20:00,2021-05-12 12:25:00,LONG,56593.83,56508.939255000005,SL,1,5e-05,0.0008,0.0008500000000000001,-0.0014999999999999465,-0.0023499999999999467,0.0016579545862155246,0.00038202044286444906,58000.01,56555.12,2.5548349999080533,4,5.220873159390607,0.003573504927582256,0.0006844649962726474,3,train,2021-05,b1325240c0f4,Q3
154,2021-05-14 12:20:00,2021-05-14 12:25:00,SHORT,50288.29,50363.722435,SL,1,5e-05,0.0008,0.0008500000000000001,-0.0015000000000000486,-0.0023500000000000487,0.002870051855014393,0.0008453260192383164,50390.7,48799.75,3.260160144263028,4,0.8169432984745734,0.0016897959345673202,0.002068437231473187,3,train,2021-05,b1325240c0f4,Q4 (wide)
155,2021-05-19 12:05:00,2021-05-19 12:10:00,LONG,39063.2,39004.6052,SL,1,5e-05,0.0008,0.0008500000000000001,-0.001499999999999973,-0.0023499999999999728,0.014854389809334484,0.0,43584.9,38550.0,13.060700389105062,1,0.5136106831022086,0.00648508430609598,0.012626459143968871,0,train,2021-05,b1325240c0f4,Q4 (wide)
156,2021-05-22 12:15:00,2021-05-22 12:20:00,SHORT,37940.37,37997.280555000005,SL,1,5e-05,0.0008,0.0008500000000000001,-0.001500000000000058,-0.0023500000000000578,0.017385966452093043,0.0,38100.0,35200.62,8.236729921234334,3,1.1179429849077556,0.004724409448818898,0.0042259842519685575,2,train,2021-05,b1325240c0f4,Q4 (wide)
157,2021-05-23 12:20:00,2021-05-23 12:25:00,LONG,35617.33,35563.904005000004,SL,1,5e-05,0.0008,0.0008500000000000001,-0.0014999999999999378,-0.002349999999999938,0.018157453127452313,0.0,38270.64,35530.0,7.713594145792286,4,2.2098935073857104,0.005431747818744666,0.002457922882071538,3,train,2021-05,b1325240c0f4,Q4 (wide)
158,2021-05-28 12:15:00,2021-05-28 12:20:00,LONG,36513.52,36458.74972,SL,1,5e-05,0.0008,0.0008500000000000001,-0.001499999999999918,-0.002349999999999918,0.007865031911467323,0.009317644532764882,38877.83,36442.0,6.684128203720986,3,10.664382603831337,0.020926678008890857,0.0019622962515779057,2,train,2021-05,b1325240c0f4,Q4 (wide)
159,2021-05-30 12:05:00,2021-05-30 12:10:00,SHORT,36143.1,36016.59915,TP,1,5e-05,0.0008,0.0008500000000000001,0.0034999999999999094,0.0026499999999999094,0.0,0.004580404005190358,36232.09,33379.0,8.54755984301506,1,2.875716372626243,0.007063075853476946,0.0024561100394704795,0,train,2021-05,b1325240c0f4,Q4 (wide)
160,2021-06-01 12:05:00,2021-06-01 12:10:00,LONG,36507.97,36453.20804500001,SL,1,5e-05,0.0008,0.0008500000000000001,-0.001499999999999849,-0.0023499999999998487,0.00950395215072219,0.0,37894.81,36478.0,3.884012281375069,1,0.6695594125500086,0.00054992050002735,0.0008213169581665422,0,train,2021-06,b1325240c0f4,Q4 (wide)
161,2021-06-03 12:50:00,2021-06-03 13:00:00,SHORT,39025.0,39083.537500000006,SL,2,5e-05,0.0008,0.0008500000000000001,-0.0015000000000001492,-0.0023500000000001493,0.00542344650864834,0.0019218449711723255,39039.19,37170.0,5.028759752488572,10,0.48555320648331834,0.0001764893175293703,0.00036348090213967883,9,train,2021-06,b1325240c0f4,Q4 (wide)
162,2021-06-11 12:05:00,2021-06-11 12:10:00,SHORT,37258.23,37127.82619500001,TP,1,5e-05,0.0008,0.0008500000000000001,0.003499999999999851,0.002649999999999851,0.0,0.004381045476395502,37435.0,35936.77,4.169072512638179,1,0.3372720558995797,0.0015859489782290002,0.0047022839588619966,0,train,2021-06,b1325240c0f4,Q4 (wide)
163,2021-06-13 12:30:00,2021-06-13 12:35:00,SHORT,35849.29,35903.063935000006,SL,1,5e-05,0.0008,0.0008500000000000001,-0.0015000000000001314,-0.0023500000000001315,0.0031230744039839873,0.0,35926.96,34757.0,3.366113300917798,6,0.8669064748202239,0.0018782552155819253,0.002166618049509241,5,train,2021-06,b1325240c0f4,Q4 (wide)
164,2021-06-15 12:05:00,2021-06-15 12:30:00,LONG,40075.0,40014.887500000004,SL,5,5e-05,0.0008,0.0008500000000000001,-0.001499999999999891,-0.0023499999999998912,0.0018714909544603868,0.0024289457267622334,40900.0,39856.6,2.6178851181485663,1,0.4820749965660876,0.002641720568237152,0.005479895425099067,0,train,2021-06,b1325240c0f4,Q3
165,2021-06-21 12:10:00,2021-06-21 12:15:00,LONG,32581.48,32532.607780000002,SL,1,5e-05,0.0008,0.0008500000000000001,-0.0014999999999999224,-0.0023499999999999225,0.010276083222738848,0.0,35750.0,32266.0,10.797743755036262,2,0.01199898689292999,0.00011746110456830327,0.009789251844046382,1,train,2021-06,b1325240c0f4,Q4 (wide)
166,2021-06-28 12:20:00,2021-06-28 12:25:00,LONG,34402.0,34350.397000000004,SL,1,5e-05,0.0008,0.0008500000000000001,-0.0014999999999998697,-0.0023499999999998696,0.0063060287192605756,0.0,35297.71,34254.75,3.044716426189066,4,0.46159592529712157,0.0019842503594392357,0.0042986739065385094,3,train,2021-06,b1325240c0f4,Q4 (wide)
167,2021-06-29 12:05:00,2021-06-29 12:10:00,SHORT,35422.13,35475.263195,SL,1,5e-05,0.0008,0.0008500000000000001,-0.0015000000000000612,-0.0023500000000000612,0.010091149233544238,0.0,35448.0,34225.43,3.5721099778731773,1,20.0,0.006762299706612478,0.0003340103814036478,0,train,2021-06,b1325240c0f4,Q4 (wide)
168,2021-06-30 12:45:00,2021-06-30 12:50:00,LONG,34721.86,34669.77721,SL,1,5e-05,0.0008,0.0008500000000000001,-0.001500000000000011,-0.002350000000000011,0.0032699861124951507,0.0,36100.0,34666.0,4.136618011884844,9,1.2454789615040194,0.002006577049558578,0.0016110886747821654,8,train,2021-06,b1325240c0f4,Q4 (wide)
169,2021-07-07 12:05:00,2021-07-07 12:10:00,SHORT,34877.3,34929.61595000001,SL,1,5e-05,0.0008,0.0008500000000000001,-0.0015000000000001087,-0.002350000000000109,0.002957797765308559,0.0,34919.28,33941.0,2.8822957485047547,1,0.640555058191639,0.0008196045279284859,0.001279522372740798,0,train,2021-07,b1325240c0f4,Q4 (wide)
170,2021-07-16 13:00:00,2021-07-16 13:05:00,LONG,31714.06,31825.059210000003,TP,1,5e-05,0.0008,0.0008500000000000001,0.0035000000000000556,0.0026500000000000555,0.0,0.004538680950972492,32049.45,31548.15,1.5889996719300474,12,0.4078114640467718,0.0021446582446197275,0.005258945453219915,11,train,2021-07,b1325240c0f4,Q2
171,2021-07-28 12:45:00,2021-07-28 12:50:00,SHORT,39983.06,39843.11929,TP,1,5e-05,0.0008,0.0008500000000000001,0.003499999999999883,0.002649999999999883,0.0,0.009580057154204829,40350.0,38904.11,3.7165482001773062,9,0.3227318562123516,0.002934820322180874,0.009093680297397776,8,train,2021-07,b1325240c0f4,Q4 (wide)
172,2021-08-13 12:20:00,2021-08-13 12:25:00,SHORT,46292.99,46362.429485,SL,1,5e-05,0.0008,0.0008500000000000001,-0.0015000000000000564,-0.0023500000000000565,0.00231158108387473,0.0,46336.0,44217.39,4.791350190501974,4,0.301395348837189,0.00027969613259666625,0.0009280041436464089,3,train,2021-08,b1325240c0f4,Q4 (wide)
173,2021-08-21 12:05:00,2021-08-21 12:10:00,LONG,48600.0,48527.100000000006,SL,1,5e-05,0.0008,0.0008500000000000001,-0.0014999999999998803,-0.0023499999999998804,0.0017549382716049561,0.0,49357.62,48555.0,1.6530120481927764,1,2.687930651255963,0.0024905776953969786,0.0009265781073009569,0,train,2021-08,b1325240c0f4,Q2
174,2021-08-25 12:20:00,2021-08-25 12:25:00,LONG,47733.87,47662.26919500001,SL,1,5e-05,0.0008,0.0008500000000000001,-0.0014999999999998864,-0.0023499999999998865,0.0017570333182707083,0.0,48603.84,47652.36,1.9967111807264026,4,0.45056427870466936,0.0007707907855980942,0.0017107232464456492,3,train,2021-08,b1325240c0f4,Q3
175,2021-08-31 12:10:00,2021-08-31 12:15:00,SHORT,47882.73,47954.55409500001,SL,1,5e-05,0.0008,0.0008500000000000001,-0.0015000000000000746,-0.0023500000000000747,0.0032834385173943484,0.0,47900.0,46700.0,2.569593147751606,2,5.876013904981824,0.0021173277661795044,0.00036033402922759996,1,train,2021-08,b1325240c0f4,Q3
176,2021-09-09 12:15:00,2021-09-09 12:20:00,SHORT,46318.5,46156.38525,TP,1,5e-05,0.0008,0.0008500000000000001,0.003500000000000014,0.002650000000000014,0.0,0.005343437287476926,46374.23,45513.08,1.8920934377546001,3,1.7329983850706787,0.002082622180465195,0.0012017450208877472,2,train,2021-09,b1325240c0f4,Q3
177,2021-09-10 12:50:00,2021-09-10 12:55:00,LONG,45950.0,45881.075000000004,SL,1,5e-05,0.0008,0.0008500000000000001,-0.001499999999999905,-0.002349999999999905,0.0023869423286180694,0.00010576713819370146,47033.0,45900.0,2.468409586056645,10,0.4558000000000174,0.0004965141612200626,0.0010893246187363835,9,train,2021-09,b1325240c0f4,Q3
178,2021-09-11 12:15:00,2021-09-11 12:20:00,SHORT,45485.91,45554.13886500001,SL,1,5e-05,0.0008,0.0008500000000000001,-0.0015000000000001009,-0.002350000000000101,0.006837721835179219,0.0,45498.27,44722.22,1.7352671669697874,3,3.7936893203909454,0.001030588635568049,0.00027165868064858966,2,train,2021-09,b1325240c0f4,Q2
179,2021-09-14 12:20:00,2021-09-14 12:30:00,SHORT,45863.22,45932.01483000001,SL,2,5e-05,0.0008,0.0008500000000000001,-0.001500000000000135,-0.002350000000000135,0.012165085661233562,0.0023343323909659564,45881.6,44594.44,2.8863687939572653,4,8.704570184984808,0.003487018761333475,0.00040059631747797335,3,train,2021-09,b1325240c0f4,Q4 (wide)
180,2021-09-15 12:50:00,2021-09-15 12:55:00,SHORT,47468.35,47302.210775,TP,1,5e-05,0.0008,0.0008500000000000001,0.003499999999999979,0.0026499999999999788,0.0,0.003909131031518847,47470.0,46682.32,1.687319739036107,10,20.0,0.0016349273225194983,3.475879502846967e-05,9,train,2021-09,b1325240c0f4,Q2
181,2021-09-17 12:30:00,2021-09-17 12:35:00,LONG,47484.75,47413.522875,SL,1,5e-05,0.0008,0.0008500000000000001,-0.0014999999999999497,-0.00234999999999995,0.0021865967494827656,0.0,48150.0,47450.44,1.4742961287608662,6,0.8168635875404724,0.0006410899456360263,0.0007848188552097296,5,train,2021-09,b1325240c0f4,Q2
182,2021-09-21 12:25:00,2021-09-21 12:30:00,SHORT,43265.63,43330.528444999996,SL,1,5e-05,0.0008,0.0008500000000000001,-0.0014999999999999747,-0.0023499999999999745,0.0019495844623089002,0.0017279304611996812,43340.0,40200.0,7.81094527363184,5,0.9821140398063243,0.0016850484540839603,0.0017157360406091504,4,train,2021-09,b1325240c0f4,Q4 (wide)
183,2021-10-07 12:20:00,2021-10-07 12:25:00,LONG,54151.85,54070.622225,SL,1,5e-05,0.0008,0.0008500000000000001,-0.0014999999999999885,-0.0023499999999999884,0.008539505113860382,0.0,55332.31,54112.0,2.255155972797157,4,0.050188205771645504,3.696037847427558e-05,0.0007364355410999139,3,train,2021-10,b1325240c0f4,Q3
184,2021-10-08 12:20:00,2021-10-08 12:25:00,SHORT,54749.0,54831.1235,SL,1,5e-05,0.0008,0.0008500000000000001,-0.0015000000000000276,-0.0023500000000000274,0.004359349029205981,0.0,54967.97,53617.61,2.518500917888732,4,0.7031100150705498,0.002800903871836619,0.00398359262676066,3,train,2021-10,b1325240c0f4,Q3
185,2021-10-09 12:15:00,2021-10-09 13:35:00,SHORT,55093.91,55176.550865000005,SL,16,5e-05,0.0008,0.0008500000000000001,-0.001500000000000022,-0.002350000000000022,0.006445176971465566,0.003038811367717512,55100.0,53661.67,2.680367569626517,3,2.2081967213121927,0.0002444646098003841,0.00011070780399271406,2,train,2021-10,b1325240c0f4,Q3
186,2021-10-22 12:05:00,2021-10-22 12:25:00,SHORT,63299.45,63394.399175,SL,4,5e-05,0.0008,0.0008500000000000001,-0.0015000000000000248,-0.002350000000000025,0.002039670170909867,0.0026581589571472546,63408.85,62000.0,2.272338709677417,1,0.21537617698148892,0.0003715569672057599,0.0017251535077516692,0,train,2021-10,b1325240c0f4,Q3
187,2021-10-25 12:20:00,2021-10-25 12:25:00,SHORT,62821.35,62915.582025,SL,1,5e-05,0.0008,0.0008500000000000001,-0.0015000000000000764,-0.0023500000000000764,0.001864652701669089,0.0,62900.0,60650.0,3.709810387469085,4,0.23865225683402988,0.0002984101748807122,0.0012503974562798324,3,train,2021-10,b1325240c0f4,Q4 (wide)
188,2021-11-04 13:00:00,2021-11-04 13:15:00,LONG,61865.06,61772.26241,SL,3,5e-05,0.0008,0.0008500000000000001,-0.001499999999999914,-0.002349999999999914,0.0022392284109964307,0.0019608806651121805,63086.31,61819.51,2.0491912666405727,12,2.6234906695941045,0.0019330467032171558,0.0007368224044479749,11,train,2021-11,b1325240c0f4,Q3
189,2021-11-12 12:20:00,2021-11-12 12:25:00,LONG,64080.18,63984.05973,SL,1,5e-05,0.0008,0.0008500000000000001,-0.0014999999999999911,-0.002349999999999991,0.003279797278971411,0.0,65450.7,64052.0,2.1836944982201913,4,2.5567778566359887,0.001124867295322596,0.00043995503653282165,3,train,2021-11,b1325240c0f4,Q3
190,2021-11-13 12:05:00,2021-11-13 12:20:00,LONG,63601.79,63506.38731500001,SL,3,5e-05,0.0008,0.0008500000000000001,-0.0014999999999999003,-0.0023499999999999003,0.0016004266546586325,0.0026445796572706066,64455.0,63510.0,1.487954652810581,1,0.06361655773416472,9.195402298845075e-05,0.0014454416627303246,0,train,2021-11,b1325240c0f4,Q2
191,2021-11-14 12:10:00,2021-11-14 12:15:00,LONG,64518.64,64421.86204,SL,1,5e-05,0.0008,0.0008500000000000001,-0.0014999999999999914,-0.0023499999999999914,0.004383229404711614,0.0,65320.0,64380.0,1.460080770425598,2,0.505626081938826,0.0010888474681577903,0.0021534638086362135,1,train,2021-11,b1325240c0f4,Q2
192,2021-11-18 12:20:00,2021-11-18 12:25:00,LONG,59747.56,59657.93866,SL,1,5e-05,0.0008,0.0008500000000000001,-0.0014999999999999645,-0.0023499999999999645,0.0044924010285942425,0.0,60976.0,59500.0,2.480672268907563,4,0.8718074656188615,0.003579831932773109,0.004106218487394953,3,train,2021-11,b1325240c0f4,Q3
193,2021-11-25 12:25:00,2021-11-25 12:30:00,SHORT,58235.0,58322.3525,SL,1,5e-05,0.0008,0.0008500000000000001,-0.001500000000000015,-0.0023500000000000153,0.002093758049283082,0.0,58270.0,57000.0,2.2280701754385963,5,1.3075164332667237,0.0007851381499914192,0.0006004805217092494,4,train,2021-11,b1325240c0f4,Q3
194,2021-11-27 12:05:00,2021-11-27 12:10:00,SHORT,54605.29,54687.197935000004,SL,1,5e-05,0.0008,0.0008500000000000001,-0.0015000000000000532,-0.0023500000000000534,0.002100712220372772,0.0019109870124304539,54641.99,53610.0,1.924995336690912,1,0.5828337874659705,0.000391457192536352,0.0006716446454456928,0,train,2021-11,b1325240c0f4,Q3
195,2021-12-03 12:05:00,2021-12-03 12:10:00,SHORT,57025.84,57111.37876,SL,1,5e-05,0.0008,0.0008500000000000001,-0.0015000000000000545,-0.0023500000000000543,0.002837134884817144,0.0,57045.44,56050.81,1.7745149445654838,1,2.7822539520650715,0.0009564305227551522,0.0003437610438275273,0,train,2021-12,b1325240c0f4,Q3
196,2021-12-09 12:10:00,2021-12-09 12:15:00,LONG,49229.08,49155.23638,SL,1,5e-05,0.0008,0.0008500000000000001,-0.0014999999999999927,-0.0023499999999999927,0.0028251594382832615,0.008966651418226753,50797.76,49184.49,3.2800380770442152,2,4.5848845032513506,0.004156594894040684,0.0009065866089086983,1,train,2021-12,b1325240c0f4,Q4 (wide)
197,2021-12-21 13:00:00,2021-12-21 13:05:00,SHORT,48735.49,48808.593235,SL,1,5e-05,0.0008,0.0008500000000000001,-0.0015000000000000475,-0.0023500000000000474,0.0019474514363147573,0.001758472111391454,48824.16,46630.0,4.705468582457653,12,0.7988045562195789,0.0014507162027978457,0.0018161090738684602,11,train,2021-12,b1325240c0f4,Q4 (wide)
198,2022-01-03 12:05:00,2022-01-03 12:10:00,SHORT,47285.57,47356.498355,SL,1,5e-05,0.0008,0.0008500000000000001,-0.0015000000000000772,-0.0023500000000000773,0.005589654518281109,0.0,47289.11,46722.39,1.2129516490915835,1,20.0,0.0034022632271996536,7.549306806577051e-05,0,train,2022-01,b1325240c0f4,Q2
199,2022-01-04 12:25:00,2022-01-04 12:55:00,SHORT,46532.95,46602.749425,SL,6,5e-05,0.0008,0.0008500000000000001,-0.001500000000000101,-0.002350000000000101,0.0027494495835747,0.0011540209679377106,46600.21,45934.5,1.4492592713537735,5,0.3244680851063687,0.0004712425115680622,0.0014523539700786819,4,train,2022-01,b1325240c0f4,Q2
200,2022-01-12 12:10:00,2022-01-12 12:15:00,SHORT,42934.88,42999.28232,SL,1,5e-05,0.0008,0.0008500000000000001,-0.0015000000000000248,-0.002350000000000025,0.0016094140707975852,0.0007891020075052588,42965.0,42450.0,1.2131919905771495,2,2.7496679946876665,0.0019276155009891704,0.0007010357267543958,1,train,2022-01,b1325240c0f4,Q2
201,2022-01-18 12:05:00,2022-01-18 12:10:00,LONG,41902.97,41840.115545,SL,1,5e-05,0.0008,0.0008500000000000001,-0.0015000000000000143,-0.0023500000000000144,0.003839345993852098,0.0,42436.66,41886.25,1.3140589095466972,1,2.532894736841842,0.00101107165239186,0.00039917634068462,0,train,2022-01,b1325240c0f4,Q2
202,2022-01-23 12:25:00,2022-01-23 12:50:00,SHORT,35725.95,35779.538925,SL,5,5e-05,0.0008,0.0008500000000000001,-0.0015000000000001024,-0.0023500000000001024,0.0029785072195421957,0.003175003044005836,35758.64,34811.0,2.722242969176408,5,0.8311410217190676,0.0007598163688551426,0.0009141846557923436,4,train,2022-01,b1325240c0f4,Q3
203,2022-01-26 12:05:00,2022-01-26 12:40:00,SHORT,37910.74,37778.05241,TP,7,5e-05,0.0008,0.0008500000000000001,0.003500000000000036,0.002650000000000036,0.0013012143788277873,0.004262116751084111,37974.43,36550.2,3.8966407844553608,1,1.823861852433369,0.0030594270934415683,0.001677444533071256,0,train,2022-01,b1325240c0f4,Q4 (wide)
204,2022-01-28 12:05:00,2022-01-28 12:10:00,LONG,36569.99,36515.135015,SL,1,5e-05,0.0008,0.0008500000000000001,-0.0014999999999999489,-0.002349999999999949,0.002555100507273725,0.0,37500.0,36500.0,2.73972602739726,1,1.8828571428571843,0.0036109589041096687,0.0019178082191780822,0,train,2022-01,b1325240c0f4,Q3
205,2022-02-13 12:55:00,2022-02-13 13:30:00,SHORT,42496.01,42559.754015000006,SL,7,5e-05,0.0008,0.0008500000000000001,-0.0015000000000000907,-0.0023500000000000907,0.0017088663147433215,0.002245151956619068,42508.47,42057.26,1.072846875902042,11,4.775280898876739,0.001399721043829618,0.00029311805388429946,10,train,2022-02,b1325240c0f4,Q1 (tight)
206,2022-02-18 12:05:00,2022-02-18 12:10:00,LONG,40307.05,40448.12467500001,TP,1,5e-05,0.0008,0.0008500000000000001,0.003500000000000086,0.002650000000000086,0.0,0.0062259579899793475,40950.0,40300.0,1.6129032258064515,1,20.0,0.005407196029776761,0.00017493796526061814,0,train,2022-02,b1325240c0f4,Q2
207,2022-02-22 12:05:00,2022-02-22 12:10:00,SHORT,37385.93,37442.008895,SL,1,5e-05,0.0008,0.0008500000000000001,-0.0014999999999999662,-0.0023499999999999663,0.00737202471625022,0.0,37468.35,36350.0,3.0766162310866534,1,0.6202838772292185,0.0013646184046002736,0.00219999012499884,0,train,2022-02,b1325240c0f4,Q4 (wide)
208,2022-02-26 12:15:00,2022-02-26 12:20:00,LONG,38954.82,38896.38777,SL,1,5e-05,0.0008,0.0008500000000000001,-0.001499999999999962,-0.0023499999999999624,0.002845090800060217,0.0,40348.45,38910.11,3.6965714052208964,3,1.6519794229479317,0.0018982213106054078,0.0011490586893740246,2,train,2022-02,b1325240c0f4,Q4 (wide)
209,2022-02-28 12:45:00,2022-02-28 12:55:00,SHORT,38414.71,38280.258515,TP,2,5e-05,0.0008,0.0008500000000000001,0.003499999999999942,0.002649999999999942,0.00030326924243347027,0.0054804526703442205,38483.53,37450.17,2.7592932154914136,9,2.364191251271702,0.004227262935598691,0.0017880376358405186,8,train,2022-02,b1325240c0f4,Q3
210,2022-03-05 12:10:00,2022-03-05 12:15:00,SHORT,39128.81,39187.503215,SL,1,5e-05,0.0008,0.0008500000000000001,-0.001499999999999983,-0.002349999999999983,0.002728424401355473,0.0,39197.94,38407.59,2.057796388682565,2,0.585648148148067,0.0010327073310484154,0.0017633579723833094,1,train,2022-03,b1325240c0f4,Q3
211,2022-03-08 12:20:00,2022-03-08 12:25:00,SHORT,38954.33,38817.989845000004,TP,1,5e-05,0.0008,0.0008500000000000001,0.0034999999999999498,0.0026499999999999497,0.0,0.00440464513187627,38972.08,37867.65,2.916552783180367,4,5.882187147687019,0.002677557882463511,0.00045519766971650574,3,train,2022-03,b1325240c0f4,Q4 (wide)
212,2022-03-09 12:45:00,2022-03-09 12:50:00,SHORT,41810.43,41873.145645000004,SL,1,5e-05,0.0008,0.0008500000000000001,-0.0015000000000000924,-0.0023500000000000925,0.004921499252698353,0.0,41884.0,38656.45,8.349318160358758,9,3.0400978659780398,0.005339986629739364,0.001756518002101034,8,train,2022-03,b1325240c0f4,Q4 (wide)
213,2022-04-07 13:00:00,2022-04-07 13:05:00,SHORT,43554.97,43402.527605,TP,1,5e-05,0.0008,0.0008500000000000001,0.003499999999999959,0.002649999999999959,0.0,0.004538173255543592,43559.09,42727.35,1.9466220114282724,12,11.980582524285527,0.0011331733514175935,9.45841614229164e-05,11,train,2022-04,b1325240c0f4,Q3
214,2022-04-10 12:35:00,2022-04-10 12:50:00,LONG,42649.26,42585.28611,SL,3,5e-05,0.0008,0.0008500000000000001,-0.0015000000000000263,-0.0023500000000000265,0.0023273557384114528,0.0003932072912870422,42896.64,42575.4,0.7545202158993174,7,0.11005821036963813,0.0001909553404079505,0.0017350394828937682,6,train,2022-04,b1325240c0f4,Q1 (tight)
215,2022-04-14 12:50:00,2022-04-14 13:20:00,LONG,41146.36,41084.64046,SL,6,5e-05,0.0008,0.0008500000000000001,-0.001499999999999957,-0.002349999999999957,0.0016127793564242518,0.0033750251541084706,41500.0,41064.35,1.0608958865780207,10,0.7334796391123289,0.0014650177100087112,0.0019973529350885643,9,train,2022-04,b1325240c0f4,Q1 (tight)
216,2022-04-17 12:10:00,2022-04-17 13:15:00,SHORT,40419.6,40480.229400000004,SL,13,5e-05,0.0008,0.0008500000000000001,-0.0015000000000001301,-0.00235000000000013,0.002236538708943222,0.0013018436600064163,40430.0,40122.05,0.7675330647362163,2,2.8855769230767154,0.0007422705911452396,0.0002572347266881389,1,train,2022-04,b1325240c0f4,Q1 (tight)
217,2022-04-27 12:05:00,2022-04-27 12:15:00,SHORT,39099.68,38962.83112,TP,2,5e-05,0.0008,0.0008500000000000001,0.003499999999999942,0.002649999999999942,0.0003373429143154708,0.0040133320784210575,39113.72,37881.31,3.2533457792246456,1,0.4476122594440026,0.00016055747190496929,0.00035869766414441877,0,train,2022-04,b1325240c0f4,Q4 (wide)
218,2022-04-28 12:15:00,2022-04-28 12:20:00,SHORT,39594.79,39654.182185000005,SL,1,5e-05,0.0008,0.0008500000000000001,-0.0015000000000001072,-0.002350000000000107,0.003919960176578765,0.0,39689.49,39152.96,1.370343391661828,3,0.7590285110877176,0.0018110587966739975,0.0023860220930023816,2,train,2022-04,b1325240c0f4,Q2
219,2022-05-05 12:15:00,2022-05-05 12:25:00,LONG,39526.04,39466.750940000005,SL,2,5e-05,0.0008,0.0008500000000000001,-0.0014999999999998864,-0.0023499999999998865,0.001788694238026485,0.0,39845.51,39516.92,0.8315172336305657,3,0.017563117452931536,4.04889854766557e-06,0.00023053416106317453,2,train,2022-05,b1325240c0f4,Q1 (tight)
220,2022-05-06 12:05:00,2022-05-06 12:10:00,LONG,35888.53,35834.697205000004,SL,1,5e-05,0.0008,0.0008500000000000001,-0.0014999999999998552,-0.0023499999999998552,0.005084075608557919,0.0,36675.63,35833.01,2.3515188927751125,1,1.0163904899136085,0.0015748049075419645,0.001549409329553861,0,train,2022-05,b1325240c0f4,Q3
221,2022-05-17 12:25:00,2022-05-17 12:35:00,SHORT,30551.19,30597.016785,SL,2,5e-05,0.0008,0.0008500000000000001,-0.0015000000000000365,-0.0023500000000000365,0.0032342439034290095,0.003218532567798443,30578.14,29780.97,2.6767764784021413,5,0.43620178041552,0.00038458846744772695,0.0008816756022439274,4,train,2022-05,b1325240c0f4,Q3
222,2022-05-19 12:10:00,2022-05-19 12:15:00,SHORT,29427.08,29471.220620000004,SL,1,5e-05,0.0008,0.0008500000000000001,-0.001500000000000066,-0.002350000000000066,0.002216325914769577,0.0015696426556764153,29432.8,28691.38,2.5841210844511426,2,4.331588132635532,0.0008432768883694283,0.0001946807643173454,1,train,2022-05,b1325240c0f4,Q3
223,2022-05-25 12:50:00,2022-05-25 13:10:00,LONG,29583.21,29538.835185,SL,4,5e-05,0.0008,0.0008500000000000001,-0.0014999999999999736,-0.0023499999999999736,0.0015870488699502431,0.0007855807398859556,30223.74,29557.36,2.2545315278495814,10,2.764410058027201,0.002417671943637697,0.0008745706653097078,9,train,2022-05,b1325240c0f4,Q3
224,2022-06-02 12:10:00,2022-06-02 12:15:00,SHORT,30114.73,30159.902095,SL,1,5e-05,0.0008,0.0008500000000000001,-0.001500000000000057,-0.002350000000000057,0.0017446611674752147,0.0009858962706953936,30123.35,29594.55,1.7868154778498044,2,2.9790940766562786,0.00085149892027286,0.00028582478376398856,1,train,2022-06,b1325240c0f4,Q3
225,2022-06-06 12:15:00,2022-06-06 12:40:00,SHORT,31415.0,31462.1225,SL,5,5e-05,0.0008,0.0008500000000000001,-0.0015000000000000417,-0.0023500000000000417,0.0020553875537163684,0.0021661626611491095,31434.75,29890.23,5.1673071769605,3,0.7717611336033013,0.0004851319002059822,0.0006286036949553726,2,train,2022-06,b1325240c0f4,Q4 (wide)
226,2022-06-20 12:05:00,2022-06-20 12:10:00,SHORT,20642.36,20673.32354,SL,1,5e-05,0.0008,0.0008500000000000001,-0.0015000000000000315,-0.0023500000000000318,0.0016064054691420871,0.0007586341871762654,20687.99,19637.03,5.351929492392704,1,2.89305281612964,0.006380996897233535,0.0022056275162546488,0,train,2022-06,b1325240c0f4,Q4 (wide)
227,2022-06-23 12:10:00,2022-06-23 12:15:00,SHORT,20580.79,20611.661185,SL,1,5e-05,0.0008,0.0008500000000000001,-0.0014999999999999985,-0.002349999999999999,0.008031275767353968,0.0,20657.14,19890.07,3.8565475134074427,2,0.8314341846758451,0.0030730294706817866,0.0036960586024976615,1,train,2022-06,b1325240c0f4,Q4 (wide)
228,2022-06-26 13:00:00,2022-06-26 13:05:00,SHORT,21456.37,21381.272705,TP,1,5e-05,0.0008,0.0008500000000000001,0.0034999999999999806,0.0026499999999999805,0.0,0.006957374430064304,21544.49,21282.13,1.232771343845755,12,0.6956768410302616,0.002845739212206818,0.004090605068859881,11,train,2022-06,b1325240c0f4,Q2
229,2022-07-01 12:45:00,2022-07-01 12:50:00,LONG,19318.95,19289.971575000003,SL,1,5e-05,0.0008,0.0008500000000000001,-0.0014999999999998712,-0.0023499999999998713,0.0025037592622786944,0.0014478012521383162,20918.35,19315.91,8.29595913420594,9,17.74013157894237,0.002791998927309161,0.00015738321414838198,8,train,2022-07,b1325240c0f4,Q4 (wide)
230,2022-07-08 12:10:00,2022-07-08 12:15:00,LONG,21606.22,21681.841770000003,TP,1,5e-05,0.0008,0.0008500000000000001,0.003500000000000072,0.002650000000000072,0.0,0.005034198485436158,22527.37,21578.14,4.39903532000441,2,1.623931623931471,0.002113249798175308,0.0013013169809817596,1,train,2022-07,b1325240c0f4,Q4 (wide)
231,2022-07-13 12:25:00,2022-07-13 12:30:00,SHORT,19869.86,19899.664790000003,SL,1,5e-05,0.0008,0.0008500000000000001,-0.0015000000000000985,-0.0023500000000000985,0.00978215246609684,0.026817501482144342,19875.0,19265.4,3.1642218692578328,5,3.8326848249033,0.0009911949685534958,0.00025861635220122855,4,train,2022-07,b1325240c0f4,Q4 (wide)
232,2022-07-15 12:45:00,2022-07-15 12:50:00,SHORT,20933.18,20964.57977,SL,1,5e-05,0.0008,0.0008500000000000001,-0.0014999999999999994,-0.0023499999999999997,0.005150674670546936,0.0,20936.0,20382.29,2.716623107609592,9,5.578014184397585,0.0007513374092472089,0.00013469621704240107,8,train,2022-07,b1325240c0f4,Q3
233,2022-07-21 12:10:00,2022-07-21 12:15:00,LONG,22644.4,22610.4334,SL,1,5e-05,0.0008,0.0008500000000000001,-0.0014999999999999885,-0.0023499999999999884,0.0026077087491831494,0.0034772394057691067,23442.77,22638.53,3.552527483012376,2,16.420783645648452,0.004257785289062471,0.0002592924540596328,1,train,2022-07,b1325240c0f4,Q4 (wide)
234,2022-07-29 12:10:00,2022-07-29 12:15:00,LONG,23732.21,23696.611685,SL,1,5e-05,0.0008,0.0008500000000000001,-0.0014999999999999695,-0.0023499999999999693,0.00480781183041944,0.0,24442.66,23701.0,3.129235053373275,2,1.1736608665984278,0.0014514155520864713,0.0012366566811527493,1,train,2022-07,b1325240c0f4,Q4 (wide)
235,2022-08-02 12:50:00,2022-08-02 12:55:00,LONG,22726.42,22692.33037,SL,1,5e-05,0.0008,0.0008500000000000001,-0.0014999999999999376,-0.0023499999999999376,0.002656379667365075,0.0008778329362918017,23447.62,22715.61,3.2224976568976063,10,2.844324324324466,0.0011582343595440013,0.00040720896335163354,9,train,2022-08,b1325240c0f4,Q4 (wide)
236,2022-08-10 12:20:00,2022-08-10 12:25:00,SHORT,23134.93,23053.957745,TP,1,5e-05,0.0008,0.0008500000000000001,0.0035000000000000252,0.002650000000000025,0.000879190038612615,0.003983154476802024,23151.32,22664.69,2.147084297204158,4,3.166558230319136,0.002102255940482093,0.0006638930307213144,3,train,2022-08,b1325240c0f4,Q3
237,2022-08-12 12:35:00,2022-08-12 13:35:00,LONG,23773.54,23737.87969,SL,12,5e-05,0.0008,0.0008500000000000001,-0.0014999999999999705,-0.0023499999999999706,0.00220160733319481,0.003453839857253088,24097.97,23761.84,1.4145790056662322,7,2.091452991452961,0.0010298024058743415,0.0004923861115132804,6,train,2022-08,b1325240c0f4,Q2
238,2022-08-18 12:15:00,2022-08-18 12:20:00,SHORT,23507.1,23542.36065,SL,1,5e-05,0.0008,0.0008500000000000001,-0.0015000000000000072,-0.0023500000000000075,0.003951997481612001,0.0003309638364578717,23516.44,23285.23,0.9929470312296641,3,1.2998102466797268,0.0005825711714868716,0.0004481970910561818,2,train,2022-08,b1325240c0f4,Q1 (tight)
239,2022-08-19 12:05:00,2022-08-19 12:10:00,LONG,21467.48,21435.27878,SL,1,5e-05,0.0008,0.0008500000000000001,-0.001499999999999954,-0.002349999999999954,0.0037647641921641343,0.0,23208.67,21447.76,8.210228014487294,1,1.4680180180179765,0.0015195059996941475,0.001035073126517675,0,train,2022-08,b1325240c0f4,Q4 (wide)
240,2022-08-23 12:10:00,2022-08-23 12:20:00,SHORT,21452.23,21377.147195,TP,2,5e-05,0.0008,0.0008500000000000001,0.0034999999999999155,0.0026499999999999154,0.0,0.0038098603268750877,21468.51,20890.14,2.7686267301224357,2,3.060810810811137,0.002321073982311849,0.0007583199765609647,1,train,2022-08,b1325240c0f4,Q3
241,2022-08-26 12:35:00,2022-08-26 12:40:00,LONG,21561.5,21529.157750000002,SL,1,5e-05,0.0008,0.0008500000000000001,-0.0014999999999999014,-0.0023499999999999016,0.004300721192866896,0.0,21614.89,21326.66,1.3515008913725806,7,0.3051439277806158,0.003360113585530967,0.011011569556601932,6,train,2022-08,b1325240c0f4,Q2
242,2022-09-13 12:05:00,2022-09-13 12:15:00,SHORT,22601.12,22635.02168,SL,2,5e-05,0.0008,0.0008500000000000001,-0.0015000000000001182,-0.0023500000000001185,0.0022507734129991177,0.0009419887156033522,22627.0,22054.07,2.597842484403107,1,0.06105100463685023,6.982808149563558e-05,0.0011437662969019764,0,train,2022-09,b1325240c0f4,Q3
243,2022-09-18 12:45:00,2022-09-18 13:30:00,LONG,19975.89,19945.926165,SL,9,5e-05,0.0008,0.0008500000000000001,-0.0014999999999999326,-0.002349999999999933,0.0018582401084506865,0.002699253950637588,20117.26,19949.95,0.8386487184178288,9,0.35969490164589235,0.0004491239326413914,0.0012486246832698756,8,train,2022-09,b1325240c0f4,Q1 (tight)
244,2022-09-25 12:15:00,2022-09-25 12:30:00,SHORT,19127.18,19060.23487,TP,3,5e-05,0.0008,0.0008500000000000001,0.003500000000000003,0.002650000000000003,0.000891401659836906,0.004087377229680501,19132.21,18913.43,1.156744175963846,3,1.7475149105373573,0.00045943463928113236,0.00026290742156806956,2,train,2022-09,b1325240c0f4,Q1 (tight)
245,2022-09-26 12:30:00,2022-09-26 12:45:00,SHORT,18926.52,18954.90978,SL,3,5e-05,0.0008,0.0008500000000000001,-0.0015000000000000707,-0.0023500000000000708,0.009165974516181504,0.0027590914758762394,18948.11,18680.72,1.4313688123369945,6,0.03215434083604564,3.69429985365679e-05,0.0011489272544860905,5,train,2022-09,b1325240c0f4,Q2
246,2022-10-01 12:25:00,2022-10-01 13:10:00,LONG,19260.67,19328.082345,TP,9,5e-05,0.0008,0.0008500000000000001,0.0035000000000000335,0.0026500000000000334,0.0010690178482885854,0.003974420412166499,19484.0,19258.53,1.1707539464330932,5,3.107476635513844,0.0003453015365138366,0.00011111959220145142,4,train,2022-10,b1325240c0f4,Q2
247,2022-10-02 12:10:00,2022-10-02 12:15:00,LONG,19243.95,19215.084075000002,SL,1,5e-05,0.0008,0.0008500000000000001,-0.0014999999999999085,-0.0023499999999999086,0.0027265712080940326,0.0,19395.91,19227.73,0.8746742335158663,2,0.9185282522995069,0.0007270749069182667,0.0007915650989482984,1,train,2022-10,b1325240c0f4,Q1 (tight)
248,2022-10-04 12:10:00,2022-10-04 13:00:00,SHORT,19966.8,19996.750200000002,SL,10,5e-05,0.0008,0.0008500000000000001,-0.001500000000000148,-0.002350000000000148,0.003666085702265798,0.003080112987559349,19975.43,19490.6,2.48750679814886,2,1.4515011547344019,0.0006292730619565991,0.00043353259479269555,1,train,2022-10,b1325240c0f4,Q3
249,2022-10-10 12:35:00,2022-10-10 13:30:00,LONG,19387.76,19358.678359999998,SL,11,5e-05,0.0008,0.0008500000000000001,-0.0015000000000000174,-0.0023500000000000174,0.002772883510008294,0.00279712560914738,19525.0,19368.08,0.8101990491571608,7,0.5691056910570443,0.000578271052164217,0.0010161048488025995,6,train,2022-10,b1325240c0f4,Q1 (tight)
250,2022-10-20 12:35:00,2022-10-20 12:55:00,SHORT,19201.06,19133.856290000003,TP,4,5e-05,0.0008,0.0008500000000000001,0.0034999999999998934,0.0026499999999998933,0.0,0.003514910114337521,19210.0,18900.0,1.64021164021164,7,9.148880105401497,0.0036147839666839507,0.00039510671525248023,6,train,2022-10,b1325240c0f4,Q2
251,2022-10-27 12:10:00,2022-10-27 12:30:00,LONG,20585.45,20554.571825000003,SL,4,5e-05,0.0008,0.0008500000000000001,-0.0014999999999999033,-0.0023499999999999034,0.0041509901410948374,0.00945084999356338,20872.21,20581.49,1.4125313570591707,2,1.1641414141418178,0.00022398767047480925,0.00019240589481126617,1,train,2022-10,b1325240c0f4,Q2
252,2022-10-30 12:20:00,2022-10-30 12:30:00,LONG,20704.2,20673.1437,SL,2,5e-05,0.0008,0.0008500000000000001,-0.0015000000000000091,-0.002350000000000009,0.0015035596642227673,0.0009727494904415248,20931.21,20701.15,1.1113392251155016,4,5.114754098362591,0.0007535813227768593,0.0001473348099018302,3,train,2022-10,b1325240c0f4,Q1 (tight)
253,2022-10-31 12:15:00,2022-10-31 12:20:00,SHORT,20669.47,20700.474205000002,SL,1,5e-05,0.0008,0.0008500000000000001,-0.0015000000000000527,-0.0023500000000000526,0.003061520203469118,0.0,20675.0,20427.23,1.2129397867454395,3,5.303797468355863,0.0014186215235792864,0.00026747279322848056,2,train,2022-10,b1325240c0f4,Q2
254,2022-11-03 12:05:00,2022-11-03 12:10:00,LONG,20152.16,20121.93176,SL,1,5e-05,0.0008,0.0008500000000000001,-0.0015000000000000182,-0.0023500000000000183,0.0017129677414232736,0.0006520392851187872,20393.32,20120.0,1.3584493041749488,1,0.42203874245792944,0.000660536779324099,0.0015651093439364612,0,train,2022-11,b1325240c0f4,Q2
255,2022-11-24 12:20:00,2022-11-24 12:40:00,LONG,16542.8,16517.9858,SL,4,5e-05,0.0008,0.0008500000000000001,-0.001500000000000043,-0.002350000000000043,0.0019041516551007085,0.002789128805280812,16812.63,16533.65,1.6873467141254324,4,0.250273224043871,0.0001385054116907563,0.000553416819637395,3,train,2022-11,b1325240c0f4,Q2
256,2022-12-18 12:35:00,2022-12-18 14:20:00,LONG,16709.2,16684.1362,SL,21,5e-05,0.0008,0.0008500000000000001,-0.001499999999999994,-0.002349999999999994,0.0017277906781892,0.0017236013693054887,16804.7,16702.23,0.6135108904619393,7,0.1362984218078291,5.687863237428341e-05,0.0004173095448931768,6,train,2022-12,b1325240c0f4,Q1 (tight)
257,2023-01-10 12:25:00,2023-01-10 14:00:00,SHORT,17234.11,17259.961165,SL,19,5e-05,0.0008,0.0008500000000000001,-0.0015000000000000022,-0.0023500000000000023,0.001850400165717836,0.001274797480113633,17235.0,17146.34,0.5170782802627257,5,4.239726027398898,0.0003591528865679542,8.471134319693223e-05,4,train,2023-01,b1325240c0f4,Q1 (tight)
258,2023-01-13 12:45:00,2023-01-13 14:10:00,SHORT,18873.79,18902.100685,SL,17,5e-05,0.0008,0.0008500000000000001,-0.0015000000000000198,-0.0023500000000000196,0.0034534664208937522,0.0032992843514736804,18887.0,18714.12,0.9237944397064944,9,0.8122634367903311,0.000568115635092898,0.0006994228834647708,8,train,2023-01,b1325240c0f4,Q1 (tight)
259,2023-02-07 12:15:00,2023-02-07 12:35:00,SHORT,22975.71,23010.173565,SL,4,5e-05,0.0008,0.0008500000000000001,-0.00150000000000008,-0.0023500000000000803,0.0017453214721112943,0.0,22986.71,22745.78,1.0592294482756814,3,1.7572727272728859,0.0008409206885196597,0.00047853738094751275,2,train,2023-02,b1325240c0f4,Q1 (tight)
260,2023-02-08 12:15:00,2023-02-08 12:50:00,LONG,23191.72,23156.93242,SL,7,5e-05,0.0008,0.0008500000000000001,-0.001500000000000007,-0.002350000000000007,0.004563266545129113,4.311883723328537e-07,23452.0,23183.17,1.1595912034463007,3,1.5673076923074083,0.0006327866292658965,0.00040374116223107465,2,train,2023-02,b1325240c0f4,Q1 (tight)
261,2023-02-12 12:10:00,2023-02-12 13:00:00,SHORT,21881.97,21805.383105,TP,10,5e-05,0.0008,0.0008500000000000001,0.0035000000000000166,0.0026500000000000165,0.0006923508258167714,0.003613934211590718,21890.16,21761.04,0.5933539941105709,2,0.6313912009514151,0.00024257474591329208,0.0003841908875951503,1,train,2023-02,b1325240c0f4,Q1 (tight)
262,2023-02-13 12:15:00,2023-02-13 13:15:00,LONG,21650.49,21618.014265,SL,12,5e-05,0.0008,0.0008500000000000001,-0.0014999999999999992,-0.0023499999999999992,0.0016697081682678523,0.0023486766350322113,21894.99,21622.47,1.2603555467992344,3,0.5164168451106688,0.0006692112418239527,0.0012958741531379364,2,train,2023-02,b1325240c0f4,Q2
263,2023-03-07 12:10:00,2023-03-07 14:00:00,LONG,22380.86,22347.28871,SL,22,5e-05,0.0008,0.0008500000000000001,-0.0014999999999999937,-0.0023499999999999936,0.0019967954761346226,0.0013109415813333423,22557.91,22377.69,0.8053556913157756,2,9.392452830183302,0.0011122685138635587,0.00011842151714504292,1,train,2023-03,b1325240c0f4,Q1 (tight)
264,2023-03-09 12:30:00,2023-03-09 13:00:00,LONG,21632.34,21599.89149,SL,6,5e-05,0.0008,0.0008500000000000001,-0.0014999999999999237,-0.0023499999999999238,0.0021282949509854633,0.0003540994640431805,21806.68,21629.43,0.8194853031263423,6,3.261589403972556,0.000455398038690735,0.00013962457632958597,5,train,2023-03,b1325240c0f4,Q1 (tight)
265,2023-03-10 12:20:00,2023-03-10 12:25:00,LONG,19832.4,19802.651400000002,SL,1,5e-05,0.0008,0.0008500000000000001,-0.0014999999999999489,-0.002349999999999949,0.003650591960630153,0.0034075553135272637,20367.78,19776.22,2.9912693123357124,4,0.6271155923659252,0.0017612061354496332,0.002808423449981707,3,train,2023-03,b1325240c0f4,Q4 (wide)
266,2023-03-21 12:25:00,2023-03-21 12:30:00,SHORT,27962.57,28004.513855,SL,1,5e-05,0.0008,0.0008500000000000001,-0.0015000000000000482,-0.0023500000000000482,0.002411437861398301,0.0010199348629257052,27968.0,27303.1,2.4352546047884727,5,4.60220994475143,0.0008935211670481122,0.00019415045766591428,4,train,2023-03,b1325240c0f4,Q3
267,2023-03-24 14:15:00,2023-03-24 14:20:00,LONG,28160.01,28117.769985,SL,1,5e-05,0.0008,0.0008500000000000001,-0.0014999999999999788,-0.002349999999999979,0.006209514840371042,0.0,28374.3,28102.15,0.9684312410260347,11,3.286899412374876,0.0067674537357462075,0.0020589172002852788,10,train,2023-03,b1325240c0f4,Q1 (tight)
268,2023-03-25 12:35:00,2023-03-25 13:05:00,LONG,27408.86,27367.746710000003,SL,6,5e-05,0.0008,0.0008500000000000001,-0.001499999999999909,-0.002349999999999909,0.0016731815916459342,0.0016917887135765217,27658.2,27375.9,1.031198974280295,7,0.0937500000000069,0.00011287300143557455,0.0012039786819793732,6,train,2023-03,b1325240c0f4,Q1 (tight)
269,2023-04-03 12:25:00,2023-04-03 12:45:00,SHORT,28172.68,28074.075620000003,TP,4,5e-05,0.0008,0.0008500000000000001,0.0034999999999998947,0.0026499999999998946,0.00032939713225716674,0.0038870991329189144,28182.17,27560.0,2.2575108853410675,5,4.522151898734662,0.0015211745582402853,0.000336382897413491,4,train,2023-04,b1325240c0f4,Q3
270,2023-04-06 12:20:00,2023-04-06 12:25:00,LONG,27886.35,27983.952225,TP,1,5e-05,0.0008,0.0008500000000000001,0.003500000000000085,0.002650000000000085,0.0,0.005036514280284108,28182.05,27878.6,1.088469291858274,4,0.5870967741934544,0.00016320762161655436,0.0002779910038524173,3,train,2023-04,b1325240c0f4,Q1 (tight)
271,2023-04-13 12:25:00,2023-04-13 12:30:00,SHORT,30177.92,30223.18688,SL,1,5e-05,0.0008,0.0008500000000000001,-0.0015000000000000948,-0.002350000000000095,0.0030197574915700296,0.0014500668038088245,30200.0,29854.59,1.1569745221756516,5,2.218198279764585,0.0016225165562913908,0.0007314569536423889,4,train,2023-04,b1325240c0f4,Q1 (tight)
272,2023-04-28 12:25:00,2023-04-28 12:30:00,LONG,29337.34,29293.333990000003,SL,1,5e-05,0.0008,0.0008500000000000001,-0.001499999999999909,-0.002349999999999909,0.00318263346302013,0.004431894643481667,29599.54,29330.0,0.9189907944084585,5,8.508867667119253,0.002126491646778008,0.0002499147630413142,4,train,2023-04,b1325240c0f4,Q1 (tight)
273,2023-05-06 12:05:00,2023-05-06 12:20:00,LONG,29252.83,29208.950755,SL,3,5e-05,0.0008,0.0008500000000000001,-0.0015000000000000026,-0.0023500000000000027,0.0016487293707994474,0.0,29820.0,29250.65,1.9464524719963436,1,0.10502283105175295,7.863073128398904e-06,7.487013109105918e-05,0,train,2023-05,b1325240c0f4,Q3
274,2023-05-08 12:20:00,2023-05-08 12:35:00,LONG,27838.56,27796.802160000003,SL,3,5e-05,0.0008,0.0008500000000000001,-0.0014999999999999424,-0.0023499999999999424,0.0015647361070400662,0.0012845492008206746,28631.01,27830.85,2.8750828666749304,4,1.0557717250319711,0.0002924811854470639,0.0002770307051348689,3,train,2023-05,b1325240c0f4,Q4 (wide)
275,2023-05-17 12:20:00,2023-05-17 12:25:00,LONG,26760.55,26720.409175,SL,1,5e-05,0.0008,0.0008500000000000001,-0.0014999999999999471,-0.002349999999999947,0.002733501366750602,0.0,27238.55,26760.0,1.7883034379671123,4,20.0,0.001964499252615834,2.0553064275010178e-05,3,train,2023-05,b1325240c0f4,Q3
276,2023-05-30 12:25:00,2023-05-30 12:30:00,SHORT,27927.37,27829.624205,TP,1,5e-05,0.0008,0.0008500000000000001,0.003499999999999961,0.002649999999999961,0.0,0.004749462623942012,27940.55,27584.45,1.2909447170416612,5,4.194381169324899,0.001977054853966783,0.0004713579367620986,4,train,2023-05,b1325240c0f4,Q2
277,2023-06-13 12:45:00,2023-06-13 12:50:00,SHORT,26093.07,26132.209605,SL,1,5e-05,0.0008,0.0008500000000000001,-0.0015000000000000115,-0.002350000000000012,0.0031671244510515406,0.000408154349028361,26157.99,25818.07,1.3165972514599344,9,2.299245341136556,0.005707242796560333,0.002482224360510891,8,train,2023-06,b1325240c0f4,Q2
278,2023-06-23 12:35:00,2023-06-23 12:50:00,SHORT,30054.94,30100.02241,SL,3,5e-05,0.0008,0.0008500000000000001,-0.0015000000000000902,-0.0023500000000000903,0.0026009035453074237,0.0019610752841296205,30082.25,29800.0,0.9471476510067115,7,1.2003663003663483,0.0010893467077761948,0.0009075119048608157,6,train,2023-06,b1325240c0f4,Q1 (tight)
279,2023-07-06 12:05:00,2023-07-06 12:10:00,SHORT,30812.42,30704.57653,TP,1,5e-05,0.0008,0.0008500000000000001,0.0034999999999999936,0.0026499999999999935,0.0,0.004243743269759351,30857.89,30327.0,1.75055231312032,1,0.6425428948526108,0.0009465974504413337,0.0014732050700809137,0,train,2023-07,b1325240c0f4,Q3
280,2023-07-17 12:55:00,2023-07-17 13:50:00,LONG,30177.97,30283.592895,TP,11,5e-05,0.0008,0.0008500000000000001,0.003500000000000014,0.002650000000000014,0.0005951361208193515,0.004303470379220305,30336.96,30176.03,0.5333040827438211,11,8.108808290153087,0.0005186235565115033,6.395804882220396e-05,10,train,2023-07,b1325240c0f4,Q1 (tight)
281,2023-07-20 12:40:00,2023-07-20 14:15:00,SHORT,30246.19,30140.328335000002,TP,19,5e-05,0.0008,0.0008500000000000001,0.0034999999999998917,0.0026499999999998916,0.0012242864307869016,0.004172095725114426,30246.98,29881.29,1.223809279987573,8,20.0,0.000761067716512539,2.5787698474321596e-05,7,train,2023-07,b1325240c0f4,Q2
282,2023-07-27 12:05:00,2023-07-27 14:25:00,SHORT,29487.57,29384.363505,TP,28,5e-05,0.0008,0.0008500000000000001,0.0034999999999999506,0.0026499999999999506,0.000506315033758302,0.004174640365414937,29499.41,29302.01,0.6736739220278796,1,0.6430379746835373,0.0002583102509507472,0.0004017029493131742,0,train,2023-07,b1325240c0f4,Q1 (tight)
283,2023-07-29 12:20:00,2023-07-29 14:50:00,LONG,29298.6,29279.15,MAX_HOLD,30,5e-05,0.0008,0.0008500000000000001,-0.0006638542455952534,-0.0015138542455952536,0.0012468172540667075,0.0012509130129085163,29406.92,29295.0,0.3820447175285825,4,6.81388888889132,0.0008373442566990556,0.000122887864823299,3,train,2023-07,b1325240c0f4,Q1 (tight)
284,2023-08-02 12:05:00,2023-08-02 12:15:00,LONG,29596.05,29551.655925,SL,2,5e-05,0.0008,0.0008500000000000001,-0.0015000000000000055,-0.0023500000000000057,0.0025658829472175746,0.0001932690342123751,30047.5,29564.0,1.6354349884995265,1,0.12008733624449118,0.00013022595048026468,0.001084427005817931,0,train,2023-08,b1325240c0f4,Q2
285,2023-08-21 13:00:00,2023-08-21 13:55:00,LONG,26004.0,26095.014000000003,TP,11,5e-05,0.0008,0.0008500000000000001,0.00350000000000011,0.0026500000000001097,0.0008137209660052244,0.005387248115674518,26195.12,26000.0,0.7504615384615345,12,1.5,0.00023076923076923076,0.00015384615384615385,11,train,2023-08,b1325240c0f4,Q1 (tight)
286,2023-08-27 12:05:00,2023-08-27 14:10:00,SHORT,26053.87,26092.950805,SL,25,5e-05,0.0008,0.0008500000000000001,-0.0015000000000000545,-0.0023500000000000543,0.003399111149322589,4.106875485291471e-05,26055.54,25966.11,0.3444104642551398,1,2.9341317365223154,0.00018805981376696923,6.409385489619066e-05,0,train,2023-08,b1325240c0f4,Q1 (tight)
287,2023-08-29 12:35:00,2023-08-29 13:45:00,LONG,26008.29,26099.319015,TP,14,5e-05,0.0008,0.0008500000000000001,0.0035000000000000027,0.0026500000000000026,0.00013265001274596398,0.003658064409463268,26206.24,25990.58,0.8297621676776733,7,0.09593679458244722,6.540831331969996e-05,0.0006817854776614268,6,train,2023-08,b1325240c0f4,Q1 (tight)
288,2023-08-31 12:05:00,2023-08-31 12:10:00,SHORT,27191.85,27232.637775,SL,1,5e-05,0.0008,0.0008500000000000001,-0.0015000000000000256,-0.0023500000000000257,0.002726920014636792,0.0,27303.36,27178.88,0.45800268443732617,1,0.10860012554928133,0.00044353515464765444,0.004084112724587818,0,train,2023-08,b1325240c0f4,Q1 (tight)
289,2023-09-11 12:35:00,2023-09-11 13:45:00,LONG,25665.48,25626.981780000002,SL,14,5e-05,0.0008,0.0008500000000000001,-0.0014999999999999094,-0.0023499999999999095,0.0019668441813673293,0.0034914601246499415,25900.69,25652.78,0.9664059801705698,7,1.3204724409448403,0.0006537303169481217,0.0004950730486130832,6,train,2023-09,b1325240c0f4,Q1 (tight)
290,2023-09-13 12:35:00,2023-09-13 12:40:00,SHORT,26091.07,26130.206605,SL,1,5e-05,0.0008,0.0008500000000000001,-0.001499999999999988,-0.0023499999999999884,0.0023644105052034545,0.0,26109.94,25764.17,1.3420575939376291,7,5.739577693557998,0.004060139548386631,0.0007073934294754231,6,train,2023-09,b1325240c0f4,Q2
291,2023-09-17 12:25:00,2023-09-17 14:55:00,SHORT,26561.48,26538.87,MAX_HOLD,30,5e-05,0.0008,0.0008500000000000001,0.0008512326873352156,1.2326873352155356e-06,0.0010432400604182873,0.0013628758638449638,26570.0,26416.16,0.5823707912126522,5,0.4600938967133865,0.00014753481369959555,0.00032066240120438226,4,train,2023-09,b1325240c0f4,Q1 (tight)
292,2023-10-01 12:10:00,2023-10-01 12:35:00,SHORT,27149.0,27189.7235,SL,5,5e-05,0.0008,0.0008500000000000001,-0.0015000000000000022,-0.0023500000000000023,0.00151018453718369,0.0008368632362150048,27158.59,26954.09,0.7586974741124631,2,1.5770833333335115,0.000557466348584349,0.00035347932274829236,1,train,2023-10,b1325240c0f4,Q1 (tight)
293,2023-10-06 12:35:00,2023-10-06 12:40:00,SHORT,27500.66,27541.91099,SL,1,5e-05,0.0008,0.0008500000000000001,-0.0015000000000000165,-0.0023500000000000166,0.0017665030584721147,0.0,27651.0,27389.99,0.9529393767577073,7,0.25049886922974474,0.0013619760587320479,0.005437054717731733,6,train,2023-10,b1325240c0f4,Q1 (tight)
294,2023-10-07 12:10:00,2023-10-07 14:40:00,SHORT,27951.4,27949.75,MAX_HOLD,30,5e-05,0.0008,0.0008500000000000001,5.9031032434921154e-05,-0.0007909689675650789,0.0012475224854568638,0.00200777063045152,27955.9,27842.08,0.4088056639446468,2,0.5498891352546438,8.871114863050603e-05,0.0001613255162596102,1,train,2023-10,b1325240c0f4,Q1 (tight)
295,2023-10-18 13:00:00,2023-10-18 13:50:00,LONG,28330.01,28287.514985,SL,10,5e-05,0.0008,0.0008500000000000001,-0.0014999999999998866,-0.002349999999999887,0.0024355797968302873,0.0019286968130262947,28982.36,28320.29,2.3377938573369117,12,3.705761316873416,0.0012718796311761086,0.00034321682440390005,11,train,2023-10,b1325240c0f4,Q3
296,2023-10-28 12:15:00,2023-10-28 12:45:00,SHORT,34140.0,34020.51,TP,6,5e-05,0.0008,0.0008500000000000001,0.0034999999999999402,0.00264999999999994,0.0011051552431166727,0.006801698886936119,34185.0,33860.0,0.9598346131128175,3,0.370362141746223,0.00048764077811900696,0.0013166593535176843,2,train,2023-10,b1325240c0f4,Q1 (tight)
297,2023-10-30 12:55:00,2023-10-30 13:15:00,SHORT,34550.01,34601.835015000004,SL,4,5e-05,0.0008,0.0008500000000000001,-0.0015000000000000627,-0.002350000000000063,0.002475541975241073,0.0023157735699642933,34570.51,34114.74,1.3359914218897877,11,5.458800585079864,0.003238598447057886,0.0005932802264126863,10,train,2023-10,b1325240c0f4,Q2
298,2023-11-03 12:35:00,2023-11-03 13:50:00,LONG,34358.71,34478.965485,TP,15,5e-05,0.0008,0.0008500000000000001,0.003500000000000044,0.002650000000000044,0.000697348649003386,0.006016814950270345,34946.5,34310.0,1.8551442728067618,7,0.39765961814828504,0.0005645584377733203,0.0014197027105799804,6,train,2023-11,b1325240c0f4,Q3
299,2023-11-22 12:30:00,2023-11-22 12:40:00,SHORT,36472.0,36526.708,SL,2,5e-05,0.0008,0.0008500000000000001,-0.001499999999999965,-0.002349999999999965,0.0020632265847773633,0.00021934634788330776,36558.87,35632.01,2.601200437471814,6,0.01300944047890137,3.0909051619959275e-05,0.0023758940032884107,5,train,2023-11,b1325240c0f4,Q3
300,2023-11-25 12:20:00,2023-11-25 14:50:00,LONG,37677.99,37695.62,MAX_HOLD,30,5e-05,0.0008,0.0008500000000000001,0.0004679124337578692,-0.00038208756624213085,0.000894686791944027,0.0015128195532723482,37839.44,37676.03,0.43372404151924576,4,10.624365482227372,0.0005555256219936201,5.228788701997435e-05,3,train,2023-11,b1325240c0f4,Q1 (tight)
301,2023-11-27 12:05:00,2023-11-27 12:25:00,LONG,37057.42,37001.83387,SL,4,5e-05,0.0008,0.0008500000000000001,-0.0014999999999998933,-0.0023499999999998934,0.0034384476847011546,0.0011490276441263787,37569.23,37051.0,1.3986936924779445,1,8.853582554518999,0.0015341016436802382,0.0001732746754473092,0,train,2023-11,b1325240c0f4,Q2
302,2023-11-29 12:45:00,2023-11-29 14:00:00,SHORT,38200.0,38066.3,TP,15,5e-05,0.0008,0.0008500000000000001,0.0034999999999999237,0.0026499999999999237,0.0011965968586387205,0.0035078534031413615,38235.36,37677.96,1.4793794568495786,9,0.9377652050920176,0.0008669985060949199,0.0009245368684902809,8,train,2023-11,b1325240c0f4,Q2
303,2023-12-04 12:35:00,2023-12-04 12:40:00,SHORT,41610.0,41672.415,SL,1,5e-05,0.0008,0.0008500000000000001,-0.001500000000000021,-0.0023500000000000213,0.0017012737322759162,0.0012218216774812908,41750.0,39972.26,4.447434295684052,7,0.19671428571429195,0.0006596407185628951,0.0033532934131736527,6,train,2023-12,b1325240c0f4,Q4 (wide)
304,2023-12-06 12:50:00,2023-12-06 13:20:00,SHORT,44132.0,43977.538,TP,6,5e-05,0.0008,0.0008500000000000001,0.0034999999999999897,0.0026499999999999896,0.0008143750566482899,0.003577676062720915,44146.08,43444.0,1.616057453273183,10,4.394606103618284,0.0014026160420132037,0.00031916763617525687,9,train,2023-12,b1325240c0f4,Q2
305,2023-12-08 12:15:00,2023-12-08 12:20:00,SHORT,43539.43,43604.739145,SL,1,5e-05,0.0008,0.0008500000000000001,-0.0014999999999999831,-0.002349999999999983,0.0036879215001206886,0.0,43550.0,43117.38,1.0033540999012525,3,3.298676748581824,0.0008013777267508945,0.00024293915040187706,2,train,2023-12,b1325240c0f4,Q1 (tight)
306,2023-12-14 12:20:00,2023-12-14 12:35:00,SHORT,43109.22,43173.883830000006,SL,3,5e-05,0.0008,0.0008500000000000001,-0.0015000000000001152,-0.002350000000000115,0.0026662509783290517,0.0007719926270992339,43110.0,42648.95,1.0810348203179747,4,20.0,0.0009510554395731848,1.809324982599944e-05,3,train,2023-12,b1325240c0f4,Q1 (tight)
307,2023-12-29 12:35:00,2023-12-29 13:00:00,SHORT,42781.45,42845.622175,SL,5,5e-05,0.0008,0.0008500000000000001,-0.001499999999999993,-0.002349999999999993,0.002490331674125138,0.00060072765182099,42800.0,42088.92,1.6894707680786338,7,2.1309973045818134,0.0009235981308410943,0.000433411214953339,6,train,2023-12,b1325240c0f4,Q2
308,2024-01-12 12:55:00,2024-01-12 13:25:00,LONG,45817.16,45748.43426000001,SL,6,5e-05,0.0008,0.0008500000000000001,-0.0014999999999998777,-0.002349999999999878,0.0018438506446057153,0.002771014178966988,46515.53,45742.49,1.6899823337120496,11,0.6399678542726573,0.0010445430495803537,0.0016321804956399072,10,train,2024-01,b1325240c0f4,Q2
309,2024-01-16 12:20:00,2024-01-16 12:25:00,SHORT,42927.16,42991.550740000006,SL,1,5e-05,0.0008,0.0008500000000000001,-0.0015000000000000592,-0.0023500000000000595,0.0036769262164092964,0.0,42946.05,42466.88,1.1283381307974722,4,0.7966101694909898,0.00035020682926587183,0.0004396213388659645,3,train,2024-01,b1325240c0f4,Q1 (tight)
310,2024-01-24 12:05:00,2024-01-24 12:50:00,SHORT,40248.18,40107.31137,TP,9,5e-05,0.0008,0.0008500000000000001,0.0034999999999999307,0.0026499999999999306,0.0005418878567924729,0.004923700897779683,40250.0,39557.01,1.75187659532406,1,4.945054945055736,0.00022360248447204968,4.52173913043406e-05,0,train,2024-01,b1325240c0f4,Q3
311,2024-01-25 12:15:00,2024-01-25 12:25:00,SHORT,40132.72,39992.25548,TP,2,5e-05,0.0008,0.0008500000000000001,0.003500000000000034,0.002650000000000034,0.0,0.0037483130971436842,40178.84,39792.01,0.9721298320944192,3,0.8959236773636419,0.0010284020145929298,0.0011478678826963482,2,train,2024-01,b1325240c0f4,Q1 (tight)
312,2024-01-31 12:20:00,2024-01-31 13:00:00,LONG,42655.58,42591.59663000001,SL,8,5e-05,0.0008,0.0008500000000000001,-0.0014999999999998701,-0.0023499999999998704,0.0015259433818507163,0.0017296681934696194,43107.77,42655.07,1.0613040841334855,4,20.0,0.0021209670972290318,1.1956374705328986e-05,3,train,2024-01,b1325240c0f4,Q1 (tight)
313,2024-02-03 12:20:00,2024-02-03 14:50:00,LONG,43070.01,43042.32,MAX_HOLD,30,5e-05,0.0008,0.0008500000000000001,-0.000642906746480958,-0.0014929067464809582,0.0010938005354538013,0.0005458554571961966,43380.01,43040.0,0.7899860594795586,4,0.7287570809730468,0.0005081319702602839,0.000697258364312315,3,train,2024-02,b1325240c0f4,Q1 (tight)
314,2024-02-08 12:25:00,2024-02-08 12:35:00,SHORT,44774.76,44618.04834,TP,2,5e-05,0.0008,0.0008500000000000001,0.0035000000000000187,0.0026500000000000187,0.0,0.0037690877628378584,44780.0,44331.1,1.0126074020270226,5,10.931166347985325,0.001276686020544847,0.00011679321125509606,4,train,2024-02,b1325240c0f4,Q1 (tight)
315,2024-02-18 12:05:00,2024-02-18 12:50:00,SHORT,51793.02,51611.74443,TP,9,5e-05,0.0008,0.0008500000000000001,0.003499999999999961,0.002649999999999961,0.0013936240829362778,0.0037267570031636853,51798.99,51163.28,1.2425122079741548,1,5.540268456377334,0.0006374641667724423,0.00011506015850886527,0,train,2024-02,b1325240c0f4,Q2
316,2024-03-06 12:35:00,2024-03-06 12:40:00,SHORT,66711.51,66478.019715,TP,1,5e-05,0.0008,0.0008500000000000001,0.003499999999999889,0.002649999999999889,0.0,0.01109478709146284,66761.1,62779.14,6.342807499433739,7,4.360225897539037,0.003238113212634199,0.000742648039052708,6,train,2024-03,b1325240c0f4,Q4 (wide)
317,2024-03-08 12:05:00,2024-03-08 12:30:00,SHORT,67607.99,67371.36203500001,TP,5,5e-05,0.0008,0.0008500000000000001,0.0034999999999998873,0.0026499999999998873,0.0001865164161809955,0.0035757607939534953,67640.45,66757.0,1.3233818176370973,1,4.147611710323838,0.0019897856977592033,0.0004797425209323281,0,holdout,2024-03,b1325240c0f4,Q2
318,2024-03-10 12:15:00,2024-03-10 12:20:00,SHORT,69648.01,69752.482015,SL,1,5e-05,0.0008,0.0008500000000000001,-0.0015000000000000957,-0.002350000000000096,0.002660808255684649,0.0,69659.47,68200.0,2.1399853372434037,3,8.341186736469728,0.0013722470182445617,0.0001645146022501521,2,holdout,2024-03,b1325240c0f4,Q3
319,2024-03-17 12:55:00,2024-03-17 13:00:00,SHORT,66516.44,66616.21466000001,SL,1,5e-05,0.0008,0.0008500000000000001,-0.001500000000000151,-0.002350000000000151,0.01089444955262193,0.0,66576.39,64533.0,3.166426479475616,11,1.8346680013346164,0.0016517867670506191,0.0009003191672002992,10,holdout,2024-03,b1325240c0f4,Q4 (wide)
320,2024-03-19 12:40:00,2024-03-19 12:45:00,LONG,63606.22,63510.810670000006,SL,1,5e-05,0.0008,0.0008500000000000001,-0.0014999999999999207,-0.0023499999999999207,0.002238774761336257,0.0028578966019360817,68124.11,63577.0,7.152130487440428,8,7.152635181382331,0.0032873523444012774,0.000459600169872771,7,holdout,2024-03,b1325240c0f4,Q4 (wide)
321,2024-03-28 12:10:00,2024-03-28 12:25:00,SHORT,70452.08,70557.75812,SL,3,5e-05,0.0008,0.0008500000000000001,-0.0014999999999999554,-0.0023499999999999554,0.0021151965988797502,0.0010693793568620899,70469.82,68903.62,2.2730300672156436,2,17.315670800445453,0.004359029156027261,0.0002517389713781763,1,holdout,2024-03,b1325240c0f4,Q3
322,2024-04-11 12:35:00,2024-04-11 12:40:00,LONG,70710.0,70957.485,TP,1,5e-05,0.0008,0.0008500000000000001,0.0035000000000000083,0.0026500000000000083,0.0,0.005515485787017395,71305.89,70285.13,1.452312886096952,7,0.8029561287893321,0.004853942789890315,0.006045090903296189,6,holdout,2024-04,b1325240c0f4,Q2
323,2024-04-18 12:30:00,2024-04-18 12:35:00,SHORT,62120.2,61902.7793,TP,1,5e-05,0.0008,0.0008500000000000001,0.0034999999999999216,0.0026499999999999215,0.0,0.006233560098003483,62229.9,60803.35,2.3461700712214095,6,1.292498404885578,0.0022786474026150715,0.001762978889569148,5,holdout,2024-04,b1325240c0f4,Q3
324,2024-04-19 12:40:00,2024-04-19 12:45:00,SHORT,65157.75,65255.486625000005,SL,1,5e-05,0.0008,0.0008500000000000001,-0.0015000000000000768,-0.002350000000000077,0.0034818574920098167,0.0,65179.0,59600.01,9.360719905919474,8,4.798964218456218,0.0015638472514153377,0.00032587182988382706,7,holdout,2024-04,b1325240c0f4,Q4 (wide)
325,2024-04-23 12:05:00,2024-04-23 12:10:00,LONG,66113.17,66014.000245,SL,1,5e-05,0.0008,0.0008500000000000001,-0.0014999999999999298,-0.00234999999999993,0.0024166138153714923,0.00020631290255783256,67183.01,66020.0,1.7616025446834211,1,0.060648346929948124,8.55801272340833e-05,0.0014110875492275598,0,holdout,2024-04,b1325240c0f4,Q3
326,2024-04-24 12:50:00,2024-04-24 13:00:00,LONG,66412.17,66312.551745,SL,2,5e-05,0.0008,0.0008500000000000001,-0.001499999999999909,-0.002349999999999909,0.0056034910468969685,0.0005500497875615092,67070.43,66390.0,1.0248983280614445,10,1.7538322813348257,0.0005859316162071725,0.0003340864588039315,9,holdout,2024-04,b1325240c0f4,Q1 (tight)
327,2024-04-25 12:10:00,2024-04-25 12:30:00,LONG,64007.5,63911.488750000004,SL,4,5e-05,0.0008,0.0008500000000000001,-0.0014999999999999363,-0.0023499999999999363,0.0035544272155607084,0.004616490255048205,64741.47,63824.07,1.437388746910063,2,0.5072779807011,0.0014579139186830753,0.002873994090317341,1,holdout,2024-04,b1325240c0f4,Q2
328,2024-05-09 12:10:00,2024-05-09 12:30:00,LONG,61166.01,61380.091035000005,TP,4,5e-05,0.0008,0.0008500000000000001,0.003500000000000047,0.002650000000000047,0.0,0.007602588431058308,61806.98,61129.0,1.1090971551963933,2,0.6595514725750378,0.0003993194719364539,0.0006054409527393224,1,holdout,2024-05,b1325240c0f4,Q1 (tight)
329,2024-05-11 12:50:00,2024-05-11 13:10:00,LONG,60670.0,60882.345,TP,4,5e-05,0.0008,0.0008500000000000001,0.003500000000000019,0.002650000000000019,5.1425745838183934e-05,0.004330476347453489,61096.27,60650.0,0.7358120362736963,10,0.3029999999998836,9.991755976912897e-05,0.00032976092333058534,9,holdout,2024-05,b1325240c0f4,Q1 (tight)
330,2024-05-12 12:10:00,2024-05-12 12:45:00,SHORT,61104.95,61196.607425,SL,7,5e-05,0.0008,0.0008500000000000001,-0.0015000000000000798,-0.00235000000000008,0.002148762088832458,0.00024466102991651395,61120.0,60610.0,0.8414453060551065,2,1.4328457446809613,0.000352585078534079,0.0002460732984293337,1,holdout,2024-05,b1325240c0f4,Q1 (tight)
331,2024-05-19 12:05:00,2024-05-19 12:20:00,SHORT,67232.09,66996.777685,TP,3,5e-05,0.0008,0.0008500000000000001,0.0035000000000000426,0.0026500000000000425,0.00035935220814946393,0.005639717581291884,67329.45,66837.39,0.736204690219049,1,0.00575125808768305,8.317311369655801e-06,0.0014461725144048459,0,holdout,2024-05,b1325240c0f4,Q1 (tight)
332,2024-05-23 12:20:00,2024-05-23 12:25:00,SHORT,69835.86,69940.61379,SL,1,5e-05,0.0008,0.0008500000000000001,-0.0015000000000000356,-0.0023500000000000357,0.003033255407751859,0.0,69862.44,69166.61,1.006020101317676,4,4.324680210684332,0.001645376256540669,0.0003804619477934316,3,holdout,2024-05,b1325240c0f4,Q1 (tight)
333,2024-05-29 12:15:00,2024-05-29 12:25:00,LONG,67944.34,67842.42349,SL,2,5e-05,0.0008,0.0008500000000000001,-0.0014999999999999335,-0.0023499999999999337,0.0024181558022346368,0.0010252509627734039,68935.68,67936.35,1.4709798215535381,3,11.922403003769755,0.001402194848560591,0.00011761008649994717,2,holdout,2024-05,b1325240c0f4,Q2
334,2024-06-07 12:35:00,2024-06-07 12:40:00,SHORT,70937.98,71044.38697,SL,1,5e-05,0.0008,0.0008500000000000001,-0.001500000000000154,-0.002350000000000154,0.0027818666389994623,0.004296288109697929,71449.98,70663.59,1.112864489336021,7,1.068437500000016,0.0076562652641751355,0.007165852250763402,6,holdout,2024-06,b1325240c0f4,Q1 (tight)
335,2024-06-20 12:25:00,2024-06-20 12:30:00,SHORT,65936.0,66034.90400000001,SL,1,5e-05,0.0008,0.0008500000000000001,-0.0015000000000001449,-0.002350000000000145,0.003397233681145353,0.0007146323707837197,65967.39,64818.72,1.7721269411059,5,2.4608030592730943,0.0011705783721320665,0.0004756895793513228,4,holdout,2024-06,b1325240c0f4,Q3
336,2024-06-26 12:05:00,2024-06-26 12:10:00,LONG,61534.01,61441.708985000005,SL,1,5e-05,0.0008,0.0008500000000000001,-0.0014999999999999558,-0.002349999999999956,0.0027578244941294148,0.0,62487.81,61520.0,1.5731631989596842,1,7.681655960027621,0.001749349804941525,0.00022773081924580684,0,holdout,2024-06,b1325240c0f4,Q2
337,2024-06-27 12:05:00,2024-06-27 12:10:00,SHORT,61254.19,61346.071285000005,SL,1,5e-05,0.0008,0.0008500000000000001,-0.0015000000000000508,-0.002350000000000051,0.004008052347112822,0.0,61300.0,60606.63,1.1440497516525876,1,0.5786026200872995,0.000432300163132137,0.0007471451876020051,0,holdout,2024-06,b1325240c0f4,Q1 (tight)
338,2024-06-29 12:10:00,2024-06-29 14:40:00,SHORT,61140.5,60989.57,MAX_HOLD,30,5e-05,0.0008,0.0008500000000000001,0.002468576475494971,0.0016185764754949711,0.0006902135245867647,0.0031211717274147537,61146.64,60383.77,1.2633692795266056,2,2.4690553745936366,0.000247928586100618,0.00010041434819639178,1,holdout,2024-06,b1325240c0f4,Q2
339,2024-07-17 12:35:00,2024-07-17 12:40:00,LONG,64959.32,64861.88102,SL,1,5e-05,0.0008,0.0008500000000000001,-0.0014999999999999844,-0.0023499999999999845,0.004103029403632902,0.0,66128.63,64932.31,1.8424109661276598,7,5.192820133233772,0.002160865676887172,0.0004161256545470826,6,holdout,2024-07,b1325240c0f4,Q3
340,2024-08-07 12:20:00,2024-08-07 12:25:00,SHORT,57266.12,57065.68858000001,TP,1,5e-05,0.0008,0.0008500000000000001,0.003499999999999887,0.002649999999999887,0.0,0.004783631229075801,57287.99,55557.88,3.1140677074071235,4,1.8500914076786128,0.0007066053460769562,0.0003819299647272907,3,holdout,2024-08,b1325240c0f4,Q4 (wide)
341,2024-08-09 12:10:00,2024-08-09 12:20:00,LONG,60646.0,60555.031,SL,2,5e-05,0.0008,0.0008500000000000001,-0.0014999999999999558,-0.002349999999999956,0.0027371961877122974,0.0025393265837812882,61744.37,60588.63,1.9075196121780693,2,0.8617744465747393,0.0008159946841510536,0.0009468773266535754,1,holdout,2024-08,b1325240c0f4,Q3
342,2024-08-13 12:05:00,2024-08-13 12:20:00,LONG,58912.02,58823.65197,SL,3,5e-05,0.0008,0.0008500000000000001,-0.001499999999999963,-0.0023499999999999632,0.0031100614102180487,0.0014934133984881729,59923.28,58830.23,1.8579733582547535,1,0.2839325018342076,0.00039469504028798055,0.0013901016535206275,0,holdout,2024-08,b1325240c0f4,Q3
343,2024-08-22 12:15:00,2024-08-22 12:30:00,SHORT,61200.0,61291.8,SL,3,5e-05,0.0008,0.0008500000000000001,-0.0015000000000000475,-0.0023500000000000474,0.0019988562091503553,0.006097875816993502,61229.0,59724.87,2.51843160144174,3,3.195449844880751,0.0015139884695160315,0.0004737950970945473,2,holdout,2024-08,b1325240c0f4,Q3
344,2024-09-10 12:05:00,2024-09-10 12:10:00,SHORT,57254.73,57340.612095000004,SL,1,5e-05,0.0008,0.0008500000000000001,-0.0015000000000000148,-0.002350000000000015,0.0015149840021950669,0.0006764506618056395,57290.0,56386.4,1.6025140814096992,1,0.14431528210935554,8.884622098091303e-05,0.0006156397277011136,0,holdout,2024-09,b1325240c0f4,Q2
345,2024-09-18 12:05:00,2024-09-18 12:10:00,LONG,59890.01,59800.174985000005,SL,1,5e-05,0.0008,0.0008500000000000001,-0.0014999999999999486,-0.0023499999999999485,0.0024207710100566555,0.0,60769.0,59854.6,1.5277021314986676,1,0.9209039548021808,0.000544653209611267,0.0005914332398846781,0,holdout,2024-09,b1325240c0f4,Q2
346,2024-09-22 12:05:00,2024-09-22 13:00:00,LONG,62837.39,62743.133915000006,SL,11,5e-05,0.0008,0.0008500000000000001,-0.0014999999999998985,-0.0023499999999998986,0.001635172944006745,0.0014738040520142638,63450.0,62830.01,0.9867736771011144,1,8.119079837619044,0.0009549576707054479,0.00011761895310854506,0,holdout,2024-09,b1325240c0f4,Q1 (tight)
347,2024-09-24 12:10:00,2024-09-24 12:20:00,SHORT,63565.0,63660.3475,SL,2,5e-05,0.0008,0.0008500000000000001,-0.001500000000000055,-0.002350000000000055,0.0015488083064579107,0.0011643199874144896,63569.99,62700.0,1.3875438596491196,2,6.014028056115087,0.0004720780984864405,7.84961583287643e-05,1,holdout,2024-09,b1325240c0f4,Q2
348,2024-09-25 12:55:00,2024-09-25 13:00:00,LONG,63646.95,63551.479575,SL,1,5e-05,0.0008,0.0008500000000000001,-0.0014999999999999927,-0.0023499999999999927,0.0021575267942925734,0.00017361397521802554,64817.99,63645.49,1.8422357970690462,11,20.0,0.0005425364782327678,2.2939567281187196e-05,10,holdout,2024-09,b1325240c0f4,Q3
349,2024-10-03 12:15:00,2024-10-03 12:20:00,LONG,60574.51,60483.64823500001,SL,1,5e-05,0.0008,0.0008500000000000001,-0.0014999999999999042,-0.0023499999999999042,0.002599278145213298,2.459780524841163e-05,61477.19,60536.0,1.554760803488837,3,1.8202597402597855,0.001157658252940428,0.0006359851988899167,2,holdout,2024-10,b1325240c0f4,Q2
350,2024-10-10 12:35:00,2024-10-10 12:40:00,SHORT,60982.0,60768.563,TP,1,5e-05,0.0008,0.0008500000000000001,0.0034999999999999684,0.0026499999999999684,0.0,0.0037709488045652674,61149.58,60355.0,1.3165106453483586,7,1.0168874567370476,0.0027867730244426243,0.0027404930663465187,6,holdout,2024-10,b1325240c0f4,Q2
351,2024-10-13 12:20:00,2024-10-13 14:10:00,LONG,62658.49,62564.502265,SL,22,5e-05,0.0008,0.0008500000000000001,-0.0014999999999999226,-0.0023499999999999225,0.0017952874383024226,0.0025457045006989803,63285.72,62654.91,1.0068005843436654,4,12.837988826837261,0.0007335418724567062,5.7138379099011874e-05,3,holdout,2024-10,b1325240c0f4,Q1 (tight)
352,2024-10-17 12:35:00,2024-10-17 12:50:00,LONG,67140.0,67039.29000000001,SL,3,5e-05,0.0008,0.0008500000000000001,-0.0014999999999998786,-0.0023499999999998787,0.0019362526064938934,0.000655347036044087,67939.4,67087.35,1.2700606000982126,7,1.8499525166195536,0.0014518385358790998,0.0007847977301234015,6,holdout,2024-10,b1325240c0f4,Q2
353,2024-10-28 12:10:00,2024-10-28 12:15:00,SHORT,68678.07,68781.08710500001,SL,1,5e-05,0.0008,0.0008500000000000001,-0.001500000000000091,-0.002350000000000091,0.0023346608313249994,0.0,68680.0,67618.0,1.5705877133307697,2,20.0,0.0026128421665695557,2.8101339545617576e-05,1,holdout,2024-10,b1325240c0f4,Q2
354,2024-11-10 12:10:00,2024-11-10 12:50:00,SHORT,79528.01,79647.302015,SL,8,5e-05,0.0008,0.0008500000000000001,-0.0014999999999999885,-0.0023499999999999884,0.0018357054325891626,0.0032675280067991216,79788.96,76492.0,4.31020237410449,2,0.9458900172445915,0.00309353574730122,0.0032705025858215425,1,holdout,2024-11,b1325240c0f4,Q4 (wide)
355,2024-11-11 12:25:00,2024-11-11 12:30:00,SHORT,81776.0,81898.664,SL,1,5e-05,0.0008,0.0008500000000000001,-0.0015000000000000527,-0.0023500000000000526,0.005920074349442322,0.0,81846.71,80216.01,2.032885953813973,5,3.9497949370664447,0.0034123546322142157,0.0008639320994088388,4,holdout,2024-11,b1325240c0f4,Q3
356,2024-11-12 12:50:00,2024-11-12 12:55:00,LONG,86697.73,86567.683405,SL,1,5e-05,0.0008,0.0008500000000000001,-0.0014999999999999137,-0.002349999999999914,0.004547408565368436,0.00025675412724196256,89940.0,86561.35,3.903185428600633,10,0.1651147444827639,0.0002601623010732165,0.0015756454814995309,9,holdout,2024-11,b1325240c0f4,Q4 (wide)
357,2024-11-17 12:10:00,2024-11-17 12:15:00,SHORT,90824.01,90960.246015,SL,1,5e-05,0.0008,0.0008500000000000001,-0.0015000000000000245,-0.002350000000000025,0.0017174973886311038,0.0009128643406076096,90888.0,89364.0,1.7053847186786624,2,0.6261331666145705,0.0004407622568435621,0.0007039433148490001,1,holdout,2024-11,b1325240c0f4,Q2
358,2024-11-21 12:20:00,2024-11-21 12:25:00,SHORT,97778.59,97925.257885,SL,1,5e-05,0.0008,0.0008500000000000001,-0.0015000000000000263,-0.0023500000000000265,0.0037947980227573635,0.0,97852.0,94040.0,4.053594215227562,4,0.5447486718431186,0.0004086784122961742,0.0007502146098189459,3,holdout,2024-11,b1325240c0f4,Q4 (wide)
359,2024-11-30 12:05:00,2024-11-30 14:30:00,LONG,96357.04,96694.28964,TP,29,5e-05,0.0008,0.0008500000000000001,0.0035000000000000946,0.0026500000000000946,0.0005089404987948322,0.003766823887491837,97463.95,96309.85,1.19831979802688,1,1.4345338983053086,0.0007030433543402507,0.0004900848667088267,0,holdout,2024-11,b1325240c0f4,Q2
360,2024-12-09 12:10:00,2024-12-09 12:15:00,LONG,98396.0,98248.406,SL,1,5e-05,0.0008,0.0008500000000000001,-0.0014999999999999727,-0.0023499999999999728,0.003048904427009228,0.00031749258099928086,101215.93,98328.0,2.9370372630379884,2,2.038817820908898,0.001410178179155515,0.0006916646326579892,1,holdout,2024-12,b1325240c0f4,Q4 (wide)
361,2024-12-13 12:15:00,2024-12-13 13:35:00,SHORT,100331.99,99980.82803500001,TP,16,5e-05,0.0008,0.0008500000000000001,0.0034999999999999207,0.0026499999999999206,0.001381413844178624,0.003944305300831821,100356.85,99205.0,1.1610805906960393,3,3.2582461786000847,0.000807119793018613,0.00024771602536349617,2,holdout,2024-12,b1325240c0f4,Q2
362,2024-12-17 12:55:00,2024-12-17 13:20:00,SHORT,107128.86,107289.55329000001,SL,5,5e-05,0.0008,0.0008500000000000001,-0.0015000000000000948,-0.002350000000000095,0.0017810326741085727,0.0013796469037381982,107143.29,105657.34,1.4063859642879493,11,2.3742203742221686,0.00031975870817490593,0.000134679455894933,10,holdout,2024-12,b1325240c0f4,Q2
363,2025-01-01 12:05:00,2025-01-01 12:20:00,LONG,93500.47,93827.72164500001,TP,3,5e-05,0.0008,0.0008500000000000001,0.0035000000000001198,0.0026500000000001197,0.0009989254599468236,0.0036537784248571654,94509.42,93489.03,1.0914542593927858,1,6.529720279718697,0.0007990242277623064,0.00012236729806697457,0,holdout,2025-01,b1325240c0f4,Q1 (tight)
364,2025-01-08 12:10:00,2025-01-08 12:15:00,LONG,95279.85,95136.930225,SL,1,5e-05,0.0008,0.0008500000000000001,-0.0015000000000000221,-0.002350000000000022,0.002643266126048748,0.0,97268.65,95250.76,2.1185027815001156,2,2.251289102783286,0.0006875535691262799,0.0003054043873246897,1,holdout,2025-01,b1325240c0f4,Q3
365,2025-01-09 12:50:00,2025-01-09 13:10:00,LONG,93346.55,93206.530175,SL,4,5e-05,0.0008,0.0008500000000000001,-0.0014999999999999545,-0.0023499999999999546,0.0028003177407200236,0.0014959310226248257,95382.32,93186.38,2.356503171386207,10,0.19434386315398935,0.0003340616944236342,0.0017189207263979243,9,holdout,2025-01,b1325240c0f4,Q3
366,2025-01-10 12:10:00,2025-01-10 13:30:00,SHORT,94971.79,94639.388735,TP,16,5e-05,0.0008,0.0008500000000000001,0.003499999999999928,0.002649999999999928,0.0009674451750357097,0.019355852932749766,95000.0,92431.73,2.778558834720506,2,4.15668202764864,0.001234315789473629,0.00029694736842112004,1,holdout,2025-01,b1325240c0f4,Q3
367,2025-01-12 12:15:00,2025-01-12 14:05:00,LONG,94433.8,94764.31830000001,TP,22,5e-05,0.0008,0.0008500000000000001,0.0035000000000001124,0.0026500000000001123,0.0013847796022187402,0.004653524479582492,94699.0,94274.01,0.45080293073351313,3,0.19764676430092615,0.0003349809772598169,0.001694846755749531,2,holdout,2025-01,b1325240c0f4,Q1 (tight)
368,2025-01-16 12:15:00,2025-01-16 13:05:00,LONG,99261.22,99112.32817000001,SL,10,5e-05,0.0008,0.0008500000000000001,-0.0014999999999999315,-0.0023499999999999316,0.0029068754141849972,0.002586206375460546,100866.66,99170.0,1.7108601391549898,3,2.1546809910107476,0.0019819501865483806,0.0009198346274074938,2,holdout,2025-01,b1325240c0f4,Q2
369,2025-01-23 12:30:00,2025-01-23 12:40:00,LONG,101706.58,101554.02013,SL,2,5e-05,0.0008,0.0008500000000000001,-0.0014999999999999736,-0.0023499999999999736,0.0020311370218131586,0.002319810576660845,103819.99,101575.5,2.2096765460174996,6,1.2167213364864158,0.001570260545111764,0.0012905671151015403,5,holdout,2025-01,b1325240c0f4,Q3
370,2025-01-24 12:10:00,2025-01-24 12:15:00,SHORT,105220.01,105377.840015,SL,1,5e-05,0.0008,0.0008500000000000001,-0.0014999999999999957,-0.0023499999999999958,0.0018626685171385675,0.0,105355.0,102750.0,2.535279805352798,2,0.8323579524408936,0.0010664894879217938,0.0012812870770253452,1,holdout,2025-01,b1325240c0f4,Q3
371,2025-02-01 12:10:00,2025-02-01 13:50:00,LONG,102123.0,101969.81550000001,SL,20,5e-05,0.0008,0.0008500000000000001,-0.001499999999999887,-0.002349999999999887,0.002056343820686819,0.002017273288093718,102783.71,102118.56,0.6513507436846042,2,8.316853932588533,0.0003624218751223555,4.35767993594611e-05,1,holdout,2025-02,b1325240c0f4,Q1 (tight)
372,2025-02-02 12:10:00,2025-02-02 12:15:00,LONG,99122.0,98973.31700000001,SL,1,5e-05,0.0008,0.0008500000000000001,-0.001499999999999899,-0.002349999999999899,0.0023607271846815036,0.0001538508101127903,101456.6,99031.19,2.4491374889062762,2,0.9842545694781641,0.0009026449141931892,0.0009170848093413038,1,holdout,2025-02,b1325240c0f4,Q3
373,2025-02-06 12:35:00,2025-02-06 12:40:00,SHORT,98356.31,98503.844465,SL,1,5e-05,0.0008,0.0008500000000000001,-0.0015000000000000434,-0.0023500000000000435,0.0021775928763493424,0.0,98436.61,96430.78,2.080072358639017,7,2.588967749968924,0.002112222271774681,0.0008158549954127602,6,holdout,2025-02,b1325240c0f4,Q3
374,2025-02-10 12:15:00,2025-02-10 12:40:00,SHORT,97603.77,97262.156805,TP,5,5e-05,0.0008,0.0008500000000000001,0.00349999999999998,0.00264999999999998,0.00038666539212563905,0.003560313295275377,97640.02,95256.0,2.5027504829092173,3,1.710540838851593,0.0006348831145260999,0.00037115928489163803,2,holdout,2025-02,b1325240c0f4,Q3
375,2025-02-16 12:20:00,2025-02-16 13:05:00,LONG,97220.47,97074.639295,SL,9,5e-05,0.0008,0.0008500000000000001,-0.001500000000000003,-0.002350000000000003,0.002194908129944233,0.0004455851735749933,97704.47,97212.0,0.5065938361519166,4,0.7674144037779346,6.686417314734806e-05,8.712916100894092e-05,3,holdout,2025-02,b1325240c0f4,Q1 (tight)
376,2025-02-21 12:10:00,2025-02-21 12:15:00,SHORT,98561.03,98708.871545,SL,1,5e-05,0.0008,0.0008500000000000001,-0.00150000000000003,-0.00235000000000003,0.0023485955859024192,0.0,98610.17,98084.06,0.5363868502180686,2,0.7462352462352195,0.00037186833771808985,0.000498325882614333,1,holdout,2025-02,b1325240c0f4,Q1 (tight)
377,2025-02-27 12:05:00,2025-02-27 12:10:00,SHORT,86690.0,86386.585,TP,1,5e-05,0.0008,0.0008500000000000001,0.0034999999999999263,0.0026499999999999263,0.0,0.005046372130580241,86737.0,84026.96,3.2252029586694477,1,1.2531914893615783,0.0006790642978197791,0.0005418679456287397,0,holdout,2025-02,b1325240c0f4,Q4 (wide)
378,2025-03-10 12:35:00,2025-03-10 12:40:00,SHORT,82659.54,82783.52931,SL,1,5e-05,0.0008,0.0008500000000000001,-0.0015000000000000542,-0.0023500000000000543,0.006979472665829169,0.0,82797.95,80037.62,3.448790706170426,7,1.010403872552578,0.0016890514801393734,0.0016716597451990477,6,holdout,2025-03,b1325240c0f4,Q4 (wide)
379,2025-03-13 12:05:00,2025-03-13 12:20:00,LONG,82867.9,83157.93764999999,TP,3,5e-05,0.0008,0.0008500000000000001,0.003499999999999981,0.002649999999999981,0.0013428601424676967,0.004544703075617948,84336.33,82851.0,1.7927725676213948,1,1.9905381431103808,0.00040627149943879364,0.00020410133854755516,0,holdout,2025-03,b1325240c0f4,Q3
380,2025-03-20 12:20:00,2025-03-20 12:25:00,LONG,85502.48,85374.22628,SL,1,5e-05,0.0008,0.0008500000000000001,-0.0014999999999999222,-0.0023499999999999225,0.0016817056066677084,0.0,87453.67,85430.38,2.3683495262458076,4,0.8752947704259797,0.0007386131256820562,0.0008438450115754666,3,holdout,2025-03,b1325240c0f4,Q3
381,2025-03-28 12:10:00,2025-03-28 12:30:00,LONG,85191.24,85063.45314000001,SL,4,5e-05,0.0008,0.0008500000000000001,-0.0014999999999999163,-0.0023499999999999164,0.0021471691220834237,0.004912476916640725,87515.67,85162.48,2.7631769295586537,2,0.7054937413069202,0.00023825045959198932,0.0003377074035421387,1,holdout,2025-03,b1325240c0f4,Q3
382,2025-04-12 12:50:00,2025-04-12 13:05:00,SHORT,83770.24,83895.89536000001,SL,3,5e-05,0.0008,0.0008500000000000001,-0.0015000000000000512,-0.0023500000000000513,0.0029454374250329316,0.0006359060210404563,83830.62,82792.95,1.2533313524883438,10,0.3210203743582268,0.00023118044456792348,0.000720142592289015,9,holdout,2025-04,b1325240c0f4,Q2
383,2025-04-16 12:40:00,2025-04-16 13:15:00,SHORT,83946.02,83652.20893000001,TP,7,5e-05,0.0008,0.0008500000000000001,0.0034999999999999537,0.0026499999999999536,0.0,0.0038122117046168963,83960.0,83111.64,1.0207475150291832,8,11.090128755367582,0.0018465936160075465,0.00016650786088608771,7,holdout,2025-04,b1325240c0f4,Q1 (tight)
384,2025-04-19 12:50:00,2025-04-19 13:20:00,SHORT,85233.13,85360.97969500002,SL,6,5e-05,0.0008,0.0008500000000000001,-0.0015000000000001373,-0.0023500000000001376,0.002215922376662635,0.00036957460086236416,85300.0,84364.45,1.108938658404106,10,0.2888755980862087,0.00022649472450184037,0.0007840562719812973,9,holdout,2025-04,b1325240c0f4,Q1 (tight)
385,2025-04-25 12:55:00,2025-04-25 13:00:00,SHORT,94406.2,94547.80930000001,SL,1,5e-05,0.0008,0.0008500000000000001,-0.0015000000000001165,-0.0023500000000001168,0.0017502028468468801,0.0,94444.0,92855.96,1.7102187086321583,11,6.124636147129831,0.0024506585913345166,0.0004001312947354368,10,holdout,2025-04,b1325240c0f4,Q2
386,2025-05-03 12:45:00,2025-05-03 15:00:00,LONG,96140.01,96476.500035,TP,27,5e-05,0.0008,0.0008500000000000001,0.0035000000000001024,0.0026500000000001024,0.0004161638843182434,0.003842624938358209,96935.67,96132.67,0.8353039606618645,9,4.0136054421736915,0.0003068675820613325,7.645683824246035e-05,8,holdout,2025-05,b1325240c0f4,Q1 (tight)
387,2025-05-04 12:50:00,2025-05-04 13:15:00,LONG,95589.13,95445.74630500001,SL,5,5e-05,0.0008,0.0008500000000000001,-0.0014999999999999664,-0.0023499999999999667,0.002501539662511939,6.391940171440604e-05,96304.48,95588.0,0.7495501527388333,10,20.0,0.0006216261455412631,1.1821567560830403e-05,9,holdout,2025-05,b1325240c0f4,Q1 (tight)
388,2025-05-08 12:15:00,2025-05-08 12:20:00,SHORT,99383.83,99532.90574500001,SL,1,5e-05,0.0008,0.0008500000000000001,-0.0015000000000000924,-0.0023500000000000925,0.0015562893883240185,0.0,99419.0,96876.29,2.6246979524092082,3,1.6810687890850244,0.0005948561140224647,0.0003538559027951701,2,holdout,2025-05,b1325240c0f4,Q3
389,2025-05-25 12:05:00,2025-05-25 12:15:00,LONG,107215.38,107590.63383,TP,2,5e-05,0.0008,0.0008500000000000001,0.0035000000000000135,0.0026500000000000135,0.0,0.003587358455475281,108288.69,107206.0,1.0099154898046774,1,2.5816435432245837,0.00022564035595024838,8.740182452470331e-05,0,holdout,2025-05,b1325240c0f4,Q1 (tight)
390,2025-05-27 12:20:00,2025-05-27 13:05:00,SHORT,109641.77,109806.23265500001,SL,9,5e-05,0.0008,0.0008500000000000001,-0.0015000000000000937,-0.0023500000000000938,0.005286215280909789,0.0016897757123038426,109666.0,107516.57,1.9991616175999598,4,3.7483498349827125,0.0008285156748673297,0.00022103477832696768,3,holdout,2025-05,b1325240c0f4,Q3
391,2025-05-29 12:45:00,2025-05-29 13:30:00,SHORT,108429.17,108049.66790500001,TP,9,5e-05,0.0008,0.0008500000000000001,0.0034999999999998977,0.0026499999999998977,0.0014916650196621928,0.004392637147365359,108484.61,106948.01,1.4367728768398833,9,2.3315295815293893,0.0011915054126110125,0.0005110402295772859,8,holdout,2025-05,b1325240c0f4,Q2
392,2025-06-01 12:45:00,2025-06-01 13:15:00,LONG,103942.1,104305.89735000001,TP,6,5e-05,0.0008,0.0008500000000000001,0.003500000000000077,0.0026500000000000768,0.0008170895142584916,0.0039887591264751365,104729.99,103924.52,0.7750528941581843,9,1.1240045506261291,0.00019013799630740956,0.00016916123355683284,8,holdout,2025-06,b1325240c0f4,Q1 (tight)
393,2025-06-11 12:35:00,2025-06-11 12:40:00,LONG,109765.25,109600.602125,SL,1,5e-05,0.0008,0.0008500000000000001,-0.0014999999999999554,-0.0023499999999999554,0.0022359535463181016,0.0006776279378036733,110274.4,109373.67,0.8235345856091288,7,0.24881250319217676,0.0008907994035492547,0.003580203535275005,6,holdout,2025-06,b1325240c0f4,Q1 (tight)
394,2025-06-12 12:45:00,2025-06-12 12:50:00,LONG,107407.35,107246.23897500001,SL,1,5e-05,0.0008,0.0008500000000000001,-0.0014999999999999168,-0.002349999999999917,0.003308060388791011,0.0,108813.55,107320.0,1.3916790905702598,9,0.5814539210073293,0.0004732575475213716,0.0008139209839732186,8,holdout,2025-06,b1325240c0f4,Q2
395,2025-06-15 12:55:00,2025-06-15 13:45:00,LONG,105267.15,105635.58502500001,TP,10,5e-05,0.0008,0.0008500000000000001,0.0035000000000001276,0.0026500000000001275,0.0004417332472665974,0.00373487835473843,106128.57,105200.0,0.8826711026616036,11,1.1602621388143408,0.0007404942965778914,0.0006382129277566485,10,holdout,2025-06,b1325240c0f4,Q1 (tight)
396,2025-07-01 12:05:00,2025-07-01 12:15:00,LONG,106699.02,106538.97147,SL,2,5e-05,0.0008,0.0008500000000000001,-0.0015000000000000002,-0.0023500000000000005,0.0017531557459477853,0.0,107540.0,106615.97,0.8666900465286755,1,0.26962909441234517,0.00021000606194362267,0.0007788701823938158,0,holdout,2025-07,b1325240c0f4,Q1 (tight)
397,2025-07-03 12:35:00,2025-07-03 12:40:00,SHORT,109297.0,108914.4605,TP,1,5e-05,0.0008,0.0008500000000000001,0.0034999999999999905,0.0026499999999999905,0.0,0.00454724283374658,109548.0,108530.4,0.9376174786050783,7,1.4661354581673307,0.00335925804213678,0.0022912330667835103,6,holdout,2025-07,b1325240c0f4,Q1 (tight)
398,2025-07-23 12:50:00,2025-07-23 12:55:00,LONG,118311.87,118134.402195,SL,1,5e-05,0.0008,0.0008500000000000001,-0.0014999999999999404,-0.0023499999999999407,0.004327545494801156,0.0,120090.0,118288.2,1.523228859683386,10,1.8060016906166365,0.0003612363701535396,0.00020001995127158492,9,holdout,2025-07,b1325240c0f4,Q2
399,2025-08-03 12:20:00,2025-08-03 12:30:00,SHORT,113688.15,113858.682225,SL,2,5e-05,0.0008,0.0008500000000000001,-0.0015000000000000234,-0.0023500000000000235,0.0015100078592185098,0.0,113740.69,111920.0,1.626778055754112,4,0.4989533777354845,0.00023052436203790537,0.0004620158361972563,3,holdout,2025-08,b1325240c0f4,Q2
400,2025-08-12 12:30:00,2025-08-12 12:35:00,LONG,118490.93,118905.648255,TP,1,5e-05,0.0008,0.0008500000000000001,0.0034999999999999983,0.0026499999999999983,0.0,0.00426024169107292,119275.46,118424.86,0.718261351543929,6,0.7938861985472915,0.0004429813132141883,0.0005579909488599078,5,holdout,2025-08,b1325240c0f4,Q1 (tight)
401,2025-08-17 12:40:00,2025-08-17 13:50:00,SHORT,118227.67,118405.011505,SL,14,5e-05,0.0008,0.0008500000000000001,-0.0015000000000000336,-0.0023500000000000335,0.0029378063527768223,0.0014256391925849753,118230.82,117172.21,0.9034650793050677,8,11.860317460280152,0.0003159920568933382,2.664279922958101e-05,7,holdout,2025-08,b1325240c0f4,Q1 (tight)
402,2025-08-20 12:15:00,2025-08-20 13:10:00,SHORT,113819.64,113421.27126000001,TP,11,5e-05,0.0008,0.0008500000000000001,0.003499999999999919,0.002649999999999919,0.00044245439539257535,0.004389664209094359,113837.93,112566.01,1.12993256134778,3,3.584472389285685,0.0005759064663246444,0.00016066701142574885,2,holdout,2025-08,b1325240c0f4,Q1 (tight)
403,2025-08-23 12:40:00,2025-08-23 12:50:00,LONG,115465.04,115291.84244,SL,2,5e-05,0.0008,0.0008500000000000001,-0.0015000000000000046,-0.002350000000000005,0.0025077720494445566,0.0,117030.0,115458.2,1.3613584829834546,8,14.147660818721272,0.0008381388242671727,5.924221926200571e-05,7,holdout,2025-08,b1325240c0f4,Q2
404,2025-08-25 12:05:00,2025-08-25 12:10:00,LONG,111348.18,111181.15773,SL,1,5e-05,0.0008,0.0008500000000000001,-0.001499999999999881,-0.002349999999999881,0.0024803279227374265,0.0,113667.28,111284.05,2.1415737475406367,1,1.2312490254174113,0.0007095356432481241,0.0005762730597959915,0,holdout,2025-08,b1325240c0f4,Q3
405,2025-09-10 12:30:00,2025-09-10 12:35:00,SHORT,112580.0,112748.87000000001,SL,1,5e-05,0.0008,0.0008500000000000001,-0.0015000000000000879,-0.002350000000000088,0.008617338781311063,0.0,112602.35,110917.45,1.5190576415162886,6,3.1758389261734874,0.0006303598459534452,0.00019848608843426287,5,holdout,2025-09,b1325240c0f4,Q2
406,2025-09-12 12:30:00,2025-09-12 12:35:00,LONG,115126.66,114953.97001,SL,1,5e-05,0.0008,0.0008500000000000001,-0.0014999999999999907,-0.002349999999999991,0.001709855910003867,0.0,116331.81,115045.45,1.1181320078282109,6,1.8655338012558558,0.0013168708540841902,0.0007058949310903335,5,holdout,2025-09,b1325240c0f4,Q1 (tight)
407,2025-09-27 12:40:00,2025-09-27 15:10:00,LONG,109342.08,109224.64,MAX_HOLD,30,5e-05,0.0008,0.0008500000000000001,-0.0010740604166301056,-0.0019240604166301056,0.0013634275111649764,0.0012393215859803908,109743.91,109324.42,0.38371115986712323,8,5.508493771233273,0.0008898286402982869,0.0001615375594949737,7,holdout,2025-09,b1325240c0f4,Q1 (tight)
408,2025-10-13 12:35:00,2025-10-13 12:40:00,LONG,114600.0,114428.1,SL,1,5e-05,0.0008,0.0008500000000000001,-0.0014999999999999493,-0.0023499999999999494,0.0017782722513088446,0.0,115963.81,114398.24,1.3685262990059919,7,0.7105119690737375,0.0012531661326258216,0.0017637509108530823,6,holdout,2025-10,b1325240c0f4,Q2
409,2025-10-17 12:30:00,2025-10-17 12:50:00,LONG,105600.74,105442.33889000001,SL,4,5e-05,0.0008,0.0008500000000000001,-0.0014999999999999205,-0.0023499999999999207,0.0035349184106096996,0.0018869185954567625,109240.0,105542.09,3.5037301232143534,6,0.7012787723782434,0.000389702345291723,0.0005557024690340009,5,holdout,2025-10,b1325240c0f4,Q4 (wide)
410,2025-10-22 12:10:00,2025-10-22 12:25:00,LONG,107723.53,108100.562355,TP,3,5e-05,0.0008,0.0008500000000000001,0.003500000000000028,0.0026500000000000278,0.00023142576185530695,0.0036744061394943794,108678.21,107610.0,0.992667967661004,2,1.4708887518718132,0.0015518074528390042,0.0010550134745841357,1,holdout,2025-10,b1325240c0f4,Q1 (tight)
411,2025-10-31 12:15:00,2025-10-31 12:20:00,SHORT,110174.62,110339.88193,SL,1,5e-05,0.0008,0.0008500000000000001,-0.0015000000000000714,-0.0023500000000000716,0.0029273529602371587,0.0,110215.0,108275.28,1.7914707770785736,3,2.2173805397375332,0.0008125935671187922,0.00036646554461733355,2,holdout,2025-10,b1325240c0f4,Q3
412,2025-11-02 12:25:00,2025-11-02 13:05:00,SHORT,111032.0,110643.388,TP,8,5e-05,0.0008,0.0008500000000000001,0.0034999999999999433,0.002649999999999943,0.0,0.004139797535845469,111045.09,109879.39,1.060890490928278,5,4.194805194806581,0.0004944838173394564,0.0001178800431428036,4,holdout,2025-11,b1325240c0f4,Q1 (tight)
413,2025-11-04 12:20:00,2025-11-04 12:25:00,LONG,104215.19,104058.867215,SL,1,5e-05,0.0008,0.0008500000000000001,-0.001499999999999968,-0.002349999999999968,0.003177943637582989,0.0,107299.0,104200.0,2.974088291746641,4,4.493412384719222,0.0006546065259117697,0.00014568138195770647,3,holdout,2025-11,b1325240c0f4,Q4 (wide)
414,2025-11-22 12:20:00,2025-11-22 12:25:00,LONG,83844.04,83718.27394,SL,1,5e-05,0.0008,0.0008500000000000001,-0.0014999999999999341,-0.002349999999999934,0.0026701957586966244,0.0,85620.0,83832.91,2.1317284584299845,4,12.471223021588637,0.001654242945878982,0.00013264480500552043,3,holdout,2025-11,b1325240c0f4,Q3
415,2025-11-30 12:05:00,2025-11-30 12:10:00,SHORT,91044.66,91181.22699000001,SL,1,5e-05,0.0008,0.0008500000000000001,-0.0015000000000000727,-0.0023500000000000725,0.002357963663107677,0.0,91055.5,90471.0,0.6460633794254512,1,3.647004608293618,0.00043457012481406377,0.0001191580958866386,0,holdout,2025-11,b1325240c0f4,Q1 (tight)
416,2025-12-02 12:35:00,2025-12-02 12:40:00,SHORT,87307.31,87438.270965,SL,1,5e-05,0.0008,0.0008500000000000001,-0.001500000000000065,-0.002350000000000065,0.0015657337283670415,0.0,87350.0,86184.39,1.352460695028416,7,4.937221831810555,0.002412936462507202,0.0004887235260446747,6,holdout,2025-12,b1325240c0f4,Q2
417,2025-12-07 12:10:00,2025-12-07 12:45:00,LONG,89210.73,89522.967555,TP,7,5e-05,0.0008,0.0008500000000000001,0.0034999999999999966,0.0026499999999999965,2.197045131221156e-05,0.004196692483067894,89799.96,89176.52,0.6991077920510941,2,1.0698830409360869,0.00041030979903691083,0.0003835090223300605,1,holdout,2025-12,b1325240c0f4,Q1 (tight)
418,2025-12-08 12:05:00,2025-12-08 13:10:00,SHORT,91838.3,91976.05745000001,SL,13,5e-05,0.0008,0.0008500000000000001,-0.0015000000000000501,-0.00235000000000005,0.003089996221619943,0.0020074413398331694,91868.76,89860.0,2.235432895615396,1,4.057142857143512,0.0013447443940683226,0.00033145108304495554,0,holdout,2025-12,b1325240c0f4,Q3
419,2025-12-13 12:15:00,2025-12-13 14:20:00,SHORT,90427.89,90111.392385,TP,25,5e-05,0.0008,0.0008500000000000001,0.0035000000000000027,0.0026500000000000026,0.00024450421214075195,0.0035706904142073803,90469.71,90120.0,0.3880492676431496,3,0.014104709538524574,6.521519743972955e-06,0.00046236469642714387,2,holdout,2025-12,b1325240c0f4,Q1 (tight)
420,2025-12-25 12:05:00,2025-12-25 13:15:00,LONG,87565.72,87434.37142000001,SL,14,5e-05,0.0008,0.0008500000000000001,-0.0014999999999998944,-0.0023499999999998947,0.0019064538040685594,0.00024210387352490323,87967.5,87508.52,0.5244975003576748,1,0.008215346967334928,5.370905598691009e-06,0.0006537649134049101,0,holdout,2025-12,b1325240c0f4,Q1 (tight)
421,2025-12-31 12:55:00,2025-12-31 13:15:00,SHORT,88730.9,88863.99635,SL,4,5e-05,0.0008,0.0008500000000000001,-0.0015000000000000798,-0.00235000000000008,0.0015450085595887235,0.0,88819.8,88172.15,0.7345289867605687,11,0.08606142423213219,8.61294441103693e-05,0.0010007903643106538,10,holdout,2025-12,b1325240c0f4,Q1 (tight)
422,2026-01-12 12:10:00,2026-01-12 13:05:00,LONG,90715.65,90579.576525,SL,11,5e-05,0.0008,0.0008500000000000001,-0.0014999999999999716,-0.002349999999999972,0.0016854864623688877,0.0016324636377517117,92519.95,90700.29,2.006233938171536,2,0.01953124999924135,3.3075969215573456e-06,0.0001693489623903141,1,holdout,2026-01,b1325240c0f4,Q3
423,2026-01-25 12:15:00,2026-01-25 13:50:00,LONG,88638.88,88949.11608,TP,19,5e-05,0.0008,0.0008500000000000001,0.003500000000000027,0.002650000000000027,0.0010778565794153552,0.0037569292391780532,89319.13,88635.84,0.7708958362666932,3,20.0,0.0011951147526778447,3.429763851742308e-05,2,holdout,2026-01,b1325240c0f4,Q1 (tight)
424,2026-02-05 12:10:00,2026-02-05 12:15:00,LONG,70215.36,70110.03696,SL,1,5e-05,0.0008,0.0008500000000000001,-0.0015000000000000419,-0.002350000000000042,0.011164508734271222,0.0,73341.18,70140.0,4.563986313088099,2,0.0395487723954306,4.2486455660050266e-05,0.0010742800114058428,1,holdout,2026-02,b1325240c0f4,Q4 (wide)
425,2026-02-10 12:05:00,2026-02-10 12:15:00,LONG,68704.83,68601.77275500001,SL,2,5e-05,0.0008,0.0008500000000000001,-0.0014999999999998407,-0.002349999999999841,0.00238149195624231,0.0008348758013083008,70527.59,68682.0,2.687152383448351,1,6.441279579314647,0.002140153169680633,0.0003322559040215338,0,holdout,2026-02,b1325240c0f4,Q3
426,2026-02-12 12:05:00,2026-02-12 12:10:00,SHORT,67940.14,68042.05021,SL,1,5e-05,0.0008,0.0008500000000000001,-0.001500000000000027,-0.002350000000000027,0.0016917833846088973,9.0373673059835e-05,68047.48,66670.45,2.0654277869730877,1,1.0836329233681294,0.0016832364695945853,0.0015533271768476526,0,holdout,2026-02,b1325240c0f4,Q3
427,2026-02-17 12:05:00,2026-02-17 12:20:00,LONG,67913.04,68150.73564,TP,3,5e-05,0.0008,0.0008500000000000001,0.0035000000000000794,0.0026500000000000794,0.0,0.003598719774582448,69241.5,67892.0,1.9877157838920638,1,3.063182897861616,0.0009497437105991269,0.00031005125788020546,0,holdout,2026-02,b1325240c0f4,Q3
428,2026-02-21 12:10:00,2026-02-21 12:45:00,SHORT,68010.37,68112.385555,SL,7,5e-05,0.0008,0.0008500000000000001,-0.0015000000000000796,-0.0023500000000000795,0.0018450127532023497,0.001402286151361849,68099.54,67534.69,0.8363849748921499,2,0.20206324287963093,0.00026461265377128944,0.001309553632814451,1,holdout,2026-02,b1325240c0f4,Q1 (tight)
429,2026-03-08 12:10:00,2026-03-08 12:15:00,SHORT,67301.98,67066.42307,TP,1,5e-05,0.0008,0.0008500000000000001,0.0034999999999998747,0.0026499999999998747,0.0,0.006151082033544867,67481.96,66547.15,1.4047333356875724,2,0.8406489609955525,0.002242080698307938,0.002667083173043736,1,holdout,2026-03,b1325240c0f4,Q2
430,2026-03-09 12:35:00,2026-03-09 12:40:00,SHORT,68005.4,68107.4081,SL,1,5e-05,0.0008,0.0008500000000000001,-0.001500000000000094,-0.002350000000000094,0.004950930367294396,0.0,68069.29,65821.97,3.4142399566588364,7,1.3681327281265343,0.001284132683035235,0.0009386024152741923,6,holdout,2026-03,b1325240c0f4,Q4 (wide)
431,2026-03-10 12:05:00,2026-03-10 13:00:00,SHORT,70480.52,70586.24078000001,SL,11,5e-05,0.0008,0.0008500000000000001,-0.0015000000000000467,-0.0023500000000000465,0.0021542122560957513,0.002690672543278617,70578.29,68391.41,3.1975945517134243,1,0.5103815076200684,0.0007070162793687512,0.0013852701730233126,0,holdout,2026-03,b1325240c0f4,Q4 (wide)
432,2026-03-11 12:30:00,2026-03-11 12:35:00,LONG,69427.3,69323.15905,SL,1,5e-05,0.0008,0.0008500000000000001,-0.0015000000000000126,-0.0023500000000000127,0.00269764199385556,0.0,70281.87,69420.0,1.2415298184961039,6,8.219178082188504,0.000864304235090752,0.00010515701526941675,5,holdout,2026-03,b1325240c0f4,Q2
433,2026-03-12 12:05:00,2026-03-12 12:20:00,SHORT,70340.54,70446.05081,SL,3,5e-05,0.0008,0.0008500000000000001,-0.0015000000000001002,-0.0023500000000001003,0.0019480942284493892,0.0003997694643799343,70353.87,69205.91,1.6587600683236325,1,8.815453863465411,0.0016702705906584715,0.00018947074268980152,0,holdout,2026-03,b1325240c0f4,Q2
434,2026-03-15 12:05:00,2026-03-15 13:05:00,SHORT,71767.7,71516.51305,TP,12,5e-05,0.0008,0.0008500000000000001,0.0035000000000000417,0.0026500000000000416,0.0,0.005123474766503554,71800.68,70858.82,1.3292064417668625,1,1.175007582651531,0.0005395492076120344,0.00045918785170261084,0,holdout,2026-03,b1325240c0f4,Q2
435,2026-03-17 12:30:00,2026-03-17 12:50:00,LONG,73793.89,73683.199165,SL,4,5e-05,0.0008,0.0008500000000000001,-0.001500000000000017,-0.002350000000000017,0.0016483749535361183,0.0016276415296713669,76000.0,73784.0,3.003361162311612,6,0.4040404040406416,5.421229534858506e-05,0.00013417543098766913,5,holdout,2026-03,b1325240c0f4,Q4 (wide)
436,2026-03-25 12:25:00,2026-03-25 12:30:00,SHORT,71225.61,71332.448415,SL,1,5e-05,0.0008,0.0008500000000000001,-0.001500000000000079,-0.002350000000000079,0.0020800102659702625,0.0005003818149117911,71345.0,70408.0,1.330814680149983,5,0.726694027975502,0.0012160627934682845,0.0016734178989417537,4,holdout,2026-03,b1325240c0f4,Q2
437,2026-03-30 12:10:00,2026-03-30 12:15:00,SHORT,67797.45,67899.146175,SL,1,5e-05,0.0008,0.0008500000000000001,-0.0015000000000000677,-0.0023500000000000677,0.0018075901084775743,0.0,67800.0,65800.59,3.038589775562808,2,16.46274509801883,0.000619174041297875,3.761061946906947e-05,1,holdout,2026-03,b1325240c0f4,Q4 (wide)
438,2026-03-31 12:20:00,2026-03-31 12:25:00,LONG,66749.9,66649.77515,SL,1,5e-05,0.0008,0.0008500000000000001,-0.0014999999999998933,-0.0023499999999998934,0.0017363321892616198,0.0011931104016635146,68408.37,66544.51,2.8009222699212915,4,0.11583763262916195,0.00035765534977999475,0.0030875574859594943,3,holdout,2026-03,b1325240c0f4,Q4 (wide)
439,2026-04-06 12:05:00,2026-04-06 12:55:00,SHORT,69581.05,69337.516325,TP,10,5e-05,0.0008,0.0008500000000000001,0.0034999999999999823,0.0026499999999999822,0.0,0.0036190888180044276,69588.0,68776.61,1.179747009920959,1,6.877873563211395,0.0006879059607977718,0.00010001724435256657,0,holdout,2026-04,b1325240c0f4,Q2
440,2026-04-09 12:20:00,2026-04-09 12:25:00,SHORT,71166.62,71273.36993,SL,1,5e-05,0.0008,0.0008500000000000001,-0.0015000000000000761,-0.002350000000000076,0.0022787368572513107,0.0008328342697740813,71198.8,70466.0,1.0399341526409942,4,1.3803604723426912,0.0006238869194424379,0.0004519739096727412,3,holdout,2026-04,b1325240c0f4,Q1 (tight)
441,2026-04-21 12:15:00,2026-04-21 12:25:00,SHORT,76258.76,76373.14814,SL,2,5e-05,0.0008,0.0008500000000000001,-0.0015000000000001317,-0.0023500000000001315,0.0016762664381115265,0.0,76300.0,75474.77,1.0933852464869993,3,3.3819107662459618,0.0018279161205766864,0.0005404980340760843,2,holdout,2026-04,b1325240c0f4,Q1 (tight)
442,2026-04-25 12:10:00,2026-04-25 14:40:00,SHORT,77680.12,77738.22,MAX_HOLD,30,5e-05,0.0008,0.0008500000000000001,-0.000747939112349541,-0.0015979391123495412,0.0008995866638723609,0.0016672219352904549,77711.87,77309.92,0.5199203413999097,2,0.19149606299218097,7.823772610286879e-05,0.00040856049404035705,1,holdout,2026-04,b1325240c0f4,Q1 (tight)
443,2026-04-29 12:15:00,2026-04-29 12:20:00,SHORT,77310.12,77039.53457999999,TP,1,5e-05,0.0008,0.0008500000000000001,0.00350000000000004,0.00265000000000004,0.0,0.005195309488589517,77455.71,76187.75,1.6642570491975501,3,0.29624287382366116,0.0005568343508824604,0.0018796548375840986,2,holdout,2026-04,b1325240c0f4,Q2
444,2026-05-08 12:50:00,2026-05-08 13:10:00,SHORT,80086.85,79806.546025,TP,4,5e-05,0.0008,0.0008500000000000001,0.0035000000000000313,0.0026500000000000312,0.0007885189640995267,0.005394268846883219,80142.84,79181.48,1.2141222922329826,10,1.4727629933920365,0.0010289128760598751,0.0006986276004193349,9,holdout,2026-05,b1325240c0f4,Q2
445,2026-05-12 12:10:00,2026-05-12 12:30:00,LONG,80790.0,80668.815,SL,4,5e-05,0.0008,0.0008500000000000001,-0.0014999999999999712,-0.002349999999999971,0.002114246812724318,0.0013454635474687102,81788.0,80714.28,1.3302726605502782,2,0.18861444987448986,0.00017692036650762214,0.0009380000664071637,1,holdout,2026-05,b1325240c0f4,Q2
446,2026-05-16 12:05:00,2026-05-16 12:15:00,LONG,78105.37,77988.211945,SL,2,5e-05,0.0008,0.0008500000000000001,-0.0014999999999999053,-0.002349999999999905,0.0015532862849249986,0.0,79227.77,78066.0,1.4881894806958267,1,0.6599796851194049,0.00033292342376969793,0.0005044449568314587,0,holdout,2026-05,b1325240c0f4,Q2
447,2026-05-20 12:05:00,2026-05-20 12:45:00,SHORT,77464.92,77581.11738,SL,8,5e-05,0.0008,0.0008500000000000001,-0.0014999999999999716,-0.002349999999999972,0.001704384384570446,0.0011442598791814335,77472.21,76516.74,1.2487071456520509,1,0.48010973936846196,4.517749009612608e-05,9.409825794317922e-05,0,holdout,2026-05,b1325240c0f4,Q2
448,2026-05-24 12:35:00,2026-05-24 13:50:00,SHORT,77058.12,76788.41658,TP,15,5e-05,0.0008,0.0008500000000000001,0.00349999999999988,0.00264999999999988,0.0009010082259988638,0.0035387574988852873,77065.94,76629.02,0.5701756332000569,7,6.927109974418142,0.0007029045516086387,0.00010147154501725385,6,holdout,2026-05,b1325240c0f4,Q1 (tight)
